
=== Estado antes de esta corrida (run.sh) ===
[OK]    00b   config/models_seed_cmip6.csv (lista de modelos)
[OK]    01    data/interim/models_catalog_status.csv (catalogo ESGF)
[FALTA] 02    Descarga CMIP6: 1/160 combinaciones (ssp245: 40, ssp370: 40, ssp585: 40, historical: 39 pendientes)
          Estimado para completar lo pendiente: ~17h 56min
[FALTA] 04/05 Grilla comun + mascara: 0/160 archivos -- sin corridas previas en esta maquina, no se puede estimar
[FALTA] 03    data/raw/ersstv5/ersstv5_region.nc (observado) -- sin corridas previas en esta maquina, no se puede estimar
[OK]    06    data/processed/qc_report.csv (control de calidad)
[OK]    07    data/processed/models_inventory_final.csv (inventario final)
==============================================

== Paso 00: bash scripts/00_setup_env.sh ==
Entorno verificado: cdo=Climate Data Operators version 2.1.1 (https://mpimet.mpg.de/cdo), python3=Python 3.11.8
Estructura de carpetas lista bajo /p1-swell/japq/loca/smn_toe/data y /p1-swell/japq/loca/smn_toe/logs
== Paso 00b: python3 scripts/00b_build_model_list.py config/models_seed_cmip6.csv ==
Modelos CMIP6 con tos/Omon publicado (nodo principal): 102
config/models_seed_cmip6.csv ya existe y el universo de modelos con tos/Omon sigue en 102 -- no se vuelve a inspeccionar. Para forzar un refresco de todas formas (ej. cambio en config/periods.yaml): borra config/models_seed_cmip6.csv y /p1-swell/japq/loca/smn_toe/informe/model_availability_priority.csv y volve a correr esto.
== Paso 01: python3 scripts/01_query_esgf_catalog.py config/models_seed_cmip6.csv data/interim/models_catalog_status.csv data/interim/esgf_file_urls.json ==
data/interim/models_catalog_status.csv ya existe, no se vuelve a consultar ESGF.
Para forzar un refresco (por si algun modelo se completo en ESGF desde la ultima vez): borra data/interim/models_catalog_status.csv Y data/interim/esgf_file_urls.json juntos (no uno solo, para que no queden inconsistentes entre si) y volve a correr esto. OJO: si habias resuelto algun modelo a mano por fuera de la semilla (00c + 02b), se pierde del catalogo y hay que correr 02b de nuevo para el.
== Paso 02: bash scripts/run_download_if_idle.sh ==
Modelos que ya agotaron 3 intentos de busqueda en corridas anteriores -- no se vuelven a intentar (borrar data/interim/models_catalog_status.csv para reintentar de cero):
  - MIROC-ES2H (3 intentos)
== 02a: descarga CMIP6 via ESGF (nodo principal) ==
Procesando ACCESS-CM2 historical (1) ...
Procesando ACCESS-CM2 ssp245 (1) ...
  descargando archivo 1/1: tos_Omon_ACCESS-CM2_ssp245_r1i1p1f1_gn_201501-210012.nc
Procesando ACCESS-CM2 ssp370 (1) ...
  descargando archivo 1/1: tos_Omon_ACCESS-CM2_ssp370_r1i1p1f1_gn_201501-210012.nc
Procesando ACCESS-CM2 ssp585 (1) ...
  descargando archivo 1/1: tos_Omon_ACCESS-CM2_ssp585_r1i1p1f1_gn_201501-210012.nc
Procesando ACCESS-ESM1-5 historical (2) ...
  descargando archivo 1/1: tos_Omon_ACCESS-ESM1-5_historical_r1i1p1f1_gn_185001-201412.nc
Procesando ACCESS-ESM1-5 ssp245 (2) ...
  descargando archivo 1/1: tos_Omon_ACCESS-ESM1-5_ssp245_r1i1p1f1_gn_201501-210012.nc
Procesando ACCESS-ESM1-5 ssp370 (2) ...
  descargando archivo 1/1: tos_Omon_ACCESS-ESM1-5_ssp370_r1i1p1f1_gn_201501-210012.nc
Procesando ACCESS-ESM1-5 ssp585 (2) ...
  descargando archivo 1/1: tos_Omon_ACCESS-ESM1-5_ssp585_r1i1p1f1_gn_201501-210012.nc
Procesando AWI-CM-1-1-MR historical (3) ...
  descargando archivo 1/18: tos_Omon_AWI-CM-1-1-MR_historical_r1i1p1f1_gn_185001-185012.nc
  descargando archivo 2/18: tos_Omon_AWI-CM-1-1-MR_historical_r1i1p1f1_gn_185101-186012.nc
  descargando archivo 3/18: tos_Omon_AWI-CM-1-1-MR_historical_r1i1p1f1_gn_186101-187012.nc
  descargando archivo 4/18: tos_Omon_AWI-CM-1-1-MR_historical_r1i1p1f1_gn_187101-188012.nc
  descargando archivo 5/18: tos_Omon_AWI-CM-1-1-MR_historical_r1i1p1f1_gn_188101-189012.nc
  descargando archivo 6/18: tos_Omon_AWI-CM-1-1-MR_historical_r1i1p1f1_gn_189101-190012.nc
  descargando archivo 7/18: tos_Omon_AWI-CM-1-1-MR_historical_r1i1p1f1_gn_190101-191012.nc
  descargando archivo 8/18: tos_Omon_AWI-CM-1-1-MR_historical_r1i1p1f1_gn_191101-192012.nc
  descargando archivo 9/18: tos_Omon_AWI-CM-1-1-MR_historical_r1i1p1f1_gn_192101-193012.nc
  descargando archivo 10/18: tos_Omon_AWI-CM-1-1-MR_historical_r1i1p1f1_gn_193101-194012.nc
  descargando archivo 11/18: tos_Omon_AWI-CM-1-1-MR_historical_r1i1p1f1_gn_194101-195012.nc
  descargando archivo 12/18: tos_Omon_AWI-CM-1-1-MR_historical_r1i1p1f1_gn_195101-196012.nc
  descargando archivo 13/18: tos_Omon_AWI-CM-1-1-MR_historical_r1i1p1f1_gn_196101-197012.nc
  descargando archivo 14/18: tos_Omon_AWI-CM-1-1-MR_historical_r1i1p1f1_gn_197101-198012.nc
  descargando archivo 15/18: tos_Omon_AWI-CM-1-1-MR_historical_r1i1p1f1_gn_198101-199012.nc
  descargando archivo 16/18: tos_Omon_AWI-CM-1-1-MR_historical_r1i1p1f1_gn_199101-200012.nc
  descargando archivo 17/18: tos_Omon_AWI-CM-1-1-MR_historical_r1i1p1f1_gn_200101-201012.nc
  descargando archivo 18/18: tos_Omon_AWI-CM-1-1-MR_historical_r1i1p1f1_gn_201101-201412.nc
Procesando AWI-CM-1-1-MR ssp245 (3) ...
  descargando archivo 1/9: tos_Omon_AWI-CM-1-1-MR_ssp245_r1i1p1f1_gn_201501-202012.nc
  descargando archivo 2/9: tos_Omon_AWI-CM-1-1-MR_ssp245_r1i1p1f1_gn_202101-203012.nc
  descargando archivo 3/9: tos_Omon_AWI-CM-1-1-MR_ssp245_r1i1p1f1_gn_203101-204012.nc
  descargando archivo 4/9: tos_Omon_AWI-CM-1-1-MR_ssp245_r1i1p1f1_gn_204101-205012.nc
  descargando archivo 5/9: tos_Omon_AWI-CM-1-1-MR_ssp245_r1i1p1f1_gn_205101-206012.nc
  descargando archivo 6/9: tos_Omon_AWI-CM-1-1-MR_ssp245_r1i1p1f1_gn_206101-207012.nc
  descargando archivo 7/9: tos_Omon_AWI-CM-1-1-MR_ssp245_r1i1p1f1_gn_207101-208012.nc
  descargando archivo 8/9: tos_Omon_AWI-CM-1-1-MR_ssp245_r1i1p1f1_gn_208101-209012.nc
  descargando archivo 9/9: tos_Omon_AWI-CM-1-1-MR_ssp245_r1i1p1f1_gn_209101-210012.nc
Procesando AWI-CM-1-1-MR ssp370 (3) ...
  descargando archivo 1/9: tos_Omon_AWI-CM-1-1-MR_ssp370_r1i1p1f1_gn_201501-202012.nc
  descargando archivo 2/9: tos_Omon_AWI-CM-1-1-MR_ssp370_r1i1p1f1_gn_202101-203012.nc
  descargando archivo 3/9: tos_Omon_AWI-CM-1-1-MR_ssp370_r1i1p1f1_gn_203101-204012.nc
  descargando archivo 4/9: tos_Omon_AWI-CM-1-1-MR_ssp370_r1i1p1f1_gn_204101-205012.nc
  descargando archivo 5/9: tos_Omon_AWI-CM-1-1-MR_ssp370_r1i1p1f1_gn_205101-206012.nc
  descargando archivo 6/9: tos_Omon_AWI-CM-1-1-MR_ssp370_r1i1p1f1_gn_206101-207012.nc
  descargando archivo 7/9: tos_Omon_AWI-CM-1-1-MR_ssp370_r1i1p1f1_gn_207101-208012.nc
  descargando archivo 8/9: tos_Omon_AWI-CM-1-1-MR_ssp370_r1i1p1f1_gn_208101-209012.nc
  descargando archivo 9/9: tos_Omon_AWI-CM-1-1-MR_ssp370_r1i1p1f1_gn_209101-210012.nc
Procesando AWI-CM-1-1-MR ssp585 (3) ...
  descargando archivo 1/9: tos_Omon_AWI-CM-1-1-MR_ssp585_r1i1p1f1_gn_201501-202012.nc
  descargando archivo 2/9: tos_Omon_AWI-CM-1-1-MR_ssp585_r1i1p1f1_gn_202101-203012.nc
  descargando archivo 3/9: tos_Omon_AWI-CM-1-1-MR_ssp585_r1i1p1f1_gn_203101-204012.nc
  descargando archivo 4/9: tos_Omon_AWI-CM-1-1-MR_ssp585_r1i1p1f1_gn_204101-205012.nc
  descargando archivo 5/9: tos_Omon_AWI-CM-1-1-MR_ssp585_r1i1p1f1_gn_205101-206012.nc
  descargando archivo 6/9: tos_Omon_AWI-CM-1-1-MR_ssp585_r1i1p1f1_gn_206101-207012.nc
  descargando archivo 7/9: tos_Omon_AWI-CM-1-1-MR_ssp585_r1i1p1f1_gn_207101-208012.nc
  descargando archivo 8/9: tos_Omon_AWI-CM-1-1-MR_ssp585_r1i1p1f1_gn_208101-209012.nc
  descargando archivo 9/9: tos_Omon_AWI-CM-1-1-MR_ssp585_r1i1p1f1_gn_209101-210012.nc
Procesando BCC-CSM2-MR historical (4) ...
  descargando archivo 1/1: tos_Omon_BCC-CSM2-MR_historical_r1i1p1f1_gn_185001-201412.nc
Procesando BCC-CSM2-MR ssp245 (4) ...
  descargando archivo 1/1: tos_Omon_BCC-CSM2-MR_ssp245_r1i1p1f1_gn_201501-210012.nc
Procesando BCC-CSM2-MR ssp370 (4) ...
  descargando archivo 1/1: tos_Omon_BCC-CSM2-MR_ssp370_r1i1p1f1_gn_201501-210012.nc
Procesando BCC-CSM2-MR ssp585 (4) ...
  descargando archivo 1/1: tos_Omon_BCC-CSM2-MR_ssp585_r1i1p1f1_gn_201501-210012.nc
Procesando CAMS-CSM1-0 historical (5) ...
  descargando archivo 1/1: tos_Omon_CAMS-CSM1-0_historical_r1i1p1f1_gn_185001-201412.nc
Procesando CAMS-CSM1-0 ssp245 (5) ...
  descargando archivo 1/1: tos_Omon_CAMS-CSM1-0_ssp245_r1i1p1f1_gn_201501-209912.nc
Procesando CAMS-CSM1-0 ssp370 (5) ...
  descargando archivo 1/1: tos_Omon_CAMS-CSM1-0_ssp370_r1i1p1f1_gn_201501-209912.nc
Procesando CAMS-CSM1-0 ssp585 (5) ...
  descargando archivo 1/1: tos_Omon_CAMS-CSM1-0_ssp585_r1i1p1f1_gn_201501-209912.nc
Procesando CAS-ESM2-0 historical (6) ...
  descargando archivo 1/1: tos_Omon_CAS-ESM2-0_historical_r1i1p1f1_gn_185001-201412.nc
Procesando CAS-ESM2-0 ssp245 (6) ...
  descargando archivo 1/1: tos_Omon_CAS-ESM2-0_ssp245_r1i1p1f1_gn_201501-210012.nc
Procesando CAS-ESM2-0 ssp370 (6) ...
  descargando archivo 1/1: tos_Omon_CAS-ESM2-0_ssp370_r1i1p1f1_gn_201501-210012.nc
Procesando CAS-ESM2-0 ssp585 (6) ...
  descargando archivo 1/1: tos_Omon_CAS-ESM2-0_ssp585_r1i1p1f1_gn_201501-210012.nc
Procesando CESM2 historical (7) ...
  descargando archivo 1/1: tos_Omon_CESM2_historical_r1i1p1f1_gr_185001-201412.nc
Procesando CESM2 ssp245 (7) ...
  descargando archivo 1/2: tos_Omon_CESM2_ssp245_r1i1p1f1_gr_201501-206412.nc
  descargando archivo 2/2: tos_Omon_CESM2_ssp245_r1i1p1f1_gr_206501-210012.nc
Procesando CESM2 ssp370 (7) ...
  descargando archivo 1/2: tos_Omon_CESM2_ssp370_r1i1p1f1_gr_201501-206412.nc
  descargando archivo 2/2: tos_Omon_CESM2_ssp370_r1i1p1f1_gr_206501-210012.nc
Procesando CESM2 ssp585 (7) ...
  descargando archivo 1/2: tos_Omon_CESM2_ssp585_r1i1p1f1_gr_201501-206412.nc
  descargando archivo 2/2: tos_Omon_CESM2_ssp585_r1i1p1f1_gr_206501-210012.nc
Procesando CESM2-WACCM historical (8) ...
  descargando archivo 1/1: tos_Omon_CESM2-WACCM_historical_r1i1p1f1_gr_185001-201412.nc
Procesando CESM2-WACCM ssp245 (8) ...
  descargando archivo 1/2: tos_Omon_CESM2-WACCM_ssp245_r1i1p1f1_gr_201501-206412.nc
  descargando archivo 2/2: tos_Omon_CESM2-WACCM_ssp245_r1i1p1f1_gr_206501-210012.nc
Procesando CESM2-WACCM ssp370 (8) ...
  descargando archivo 1/2: tos_Omon_CESM2-WACCM_ssp370_r1i1p1f1_gr_201501-206412.nc
  descargando archivo 2/2: tos_Omon_CESM2-WACCM_ssp370_r1i1p1f1_gr_206501-210012.nc
Procesando CESM2-WACCM ssp585 (8) ...
  descargando archivo 1/1: tos_Omon_CESM2-WACCM_ssp585_r1i1p1f1_gr_201501-210012.nc
Procesando CMCC-CM2-SR5 historical (9) ...
  descargando archivo 1/1: tos_Omon_CMCC-CM2-SR5_historical_r1i1p1f1_gn_185001-201412.nc
Procesando CMCC-CM2-SR5 ssp245 (9) ...
  descargando archivo 1/1: tos_Omon_CMCC-CM2-SR5_ssp245_r1i1p1f1_gn_201501-210012.nc
Procesando CMCC-CM2-SR5 ssp370 (9) ...
  descargando archivo 1/1: tos_Omon_CMCC-CM2-SR5_ssp370_r1i1p1f1_gn_201501-210012.nc
Procesando CMCC-CM2-SR5 ssp585 (9) ...
  descargando archivo 1/1: tos_Omon_CMCC-CM2-SR5_ssp585_r1i1p1f1_gn_201501-210012.nc
Procesando CMCC-ESM2 historical (10) ...
  descargando archivo 1/1: tos_Omon_CMCC-ESM2_historical_r1i1p1f1_gn_185001-201412.nc
Procesando CMCC-ESM2 ssp245 (10) ...
  descargando archivo 1/1: tos_Omon_CMCC-ESM2_ssp245_r1i1p1f1_gn_201501-210012.nc
Procesando CMCC-ESM2 ssp370 (10) ...
  descargando archivo 1/1: tos_Omon_CMCC-ESM2_ssp370_r1i1p1f1_gn_201501-210012.nc
Procesando CMCC-ESM2 ssp585 (10) ...
  descargando archivo 1/1: tos_Omon_CMCC-ESM2_ssp585_r1i1p1f1_gn_201501-210012.nc
Procesando CNRM-CM6-1 historical (11) ...
  descargando archivo 1/1: tos_Omon_CNRM-CM6-1_historical_r1i1p1f2_gn_185001-201412.nc
Procesando CNRM-CM6-1 ssp245 (11) ...
  descargando archivo 1/1: tos_Omon_CNRM-CM6-1_ssp245_r1i1p1f2_gn_201501-210012.nc
Procesando CNRM-CM6-1 ssp370 (11) ...
  descargando archivo 1/1: tos_Omon_CNRM-CM6-1_ssp370_r1i1p1f2_gn_201501-210012.nc
Procesando CNRM-CM6-1 ssp585 (11) ...
  descargando archivo 1/1: tos_Omon_CNRM-CM6-1_ssp585_r1i1p1f2_gn_201501-210012.nc
Procesando CNRM-CM6-1-HR historical (12) ...
  descargando archivo 1/1: tos_Omon_CNRM-CM6-1-HR_historical_r1i1p1f2_gn_185001-201412.nc
Procesando CNRM-CM6-1-HR ssp245 (12) ...
  descargando archivo 1/1: tos_Omon_CNRM-CM6-1-HR_ssp245_r1i1p1f2_gn_201501-210012.nc
Procesando CNRM-CM6-1-HR ssp370 (12) ...
  descargando archivo 1/1: tos_Omon_CNRM-CM6-1-HR_ssp370_r1i1p1f2_gn_201501-210012.nc
Procesando CNRM-CM6-1-HR ssp585 (12) ...
  descargando archivo 1/1: tos_Omon_CNRM-CM6-1-HR_ssp585_r1i1p1f2_gn_201501-210012.nc
Procesando CNRM-ESM2-1 historical (13) ...
  descargando archivo 1/1: tos_Omon_CNRM-ESM2-1_historical_r1i1p1f2_gn_185001-201412.nc
Procesando CNRM-ESM2-1 ssp245 (13) ...
  descargando archivo 1/1: tos_Omon_CNRM-ESM2-1_ssp245_r1i1p1f2_gn_201501-210012.nc
Procesando CNRM-ESM2-1 ssp370 (13) ...
  descargando archivo 1/1: tos_Omon_CNRM-ESM2-1_ssp370_r1i1p1f2_gn_201501-210012.nc
Procesando CNRM-ESM2-1 ssp585 (13) ...
  descargando archivo 1/1: tos_Omon_CNRM-ESM2-1_ssp585_r1i1p1f2_gn_201501-210012.nc
Procesando CanESM5 historical (14) ...
  descargando archivo 1/1: tos_Omon_CanESM5_historical_r1i1p1f1_gn_185001-201412.nc
Procesando CanESM5 ssp245 (14) ...
  descargando archivo 1/1: tos_Omon_CanESM5_ssp245_r1i1p1f1_gn_201501-210012.nc
Procesando CanESM5 ssp370 (14) ...
  descargando archivo 1/1: tos_Omon_CanESM5_ssp370_r1i1p1f1_gn_201501-210012.nc
Procesando CanESM5 ssp585 (14) ...
  descargando archivo 1/1: tos_Omon_CanESM5_ssp585_r1i1p1f1_gn_201501-210012.nc
Procesando CanESM5-1 historical (15) ...
  descargando archivo 1/1: tos_Omon_CanESM5-1_historical_r1i1p1f1_gn_185001-201412.nc
Procesando CanESM5-1 ssp245 (15) ...
  descargando archivo 1/1: tos_Omon_CanESM5-1_ssp245_r1i1p1f1_gn_201501-210012.nc
Procesando CanESM5-1 ssp370 (15) ...
  descargando archivo 1/1: tos_Omon_CanESM5-1_ssp370_r1i1p1f1_gn_201501-210012.nc
Procesando CanESM5-1 ssp585 (15) ...
  descargando archivo 1/1: tos_Omon_CanESM5-1_ssp585_r1i1p1f1_gn_201501-210012.nc
Procesando CanESM5-CanOE historical (16) ...
  descargando archivo 1/1: tos_Omon_CanESM5-CanOE_historical_r1i1p2f1_gn_185001-201412.nc
Procesando CanESM5-CanOE ssp245 (16) ...
  descargando archivo 1/1: tos_Omon_CanESM5-CanOE_ssp245_r1i1p2f1_gn_201501-210012.nc
Procesando CanESM5-CanOE ssp370 (16) ...
  descargando archivo 1/1: tos_Omon_CanESM5-CanOE_ssp370_r1i1p2f1_gn_201501-210012.nc
Procesando CanESM5-CanOE ssp585 (16) ...
  descargando archivo 1/1: tos_Omon_CanESM5-CanOE_ssp585_r1i1p2f1_gn_201501-210012.nc
Procesando EC-Earth3 historical (17) ...
  descargando archivo 1/165: tos_Omon_EC-Earth3_historical_r1i1p1f1_gn_185001-185012.nc
  descargando archivo 2/165: tos_Omon_EC-Earth3_historical_r1i1p1f1_gn_185101-185112.nc
  descargando archivo 3/165: tos_Omon_EC-Earth3_historical_r1i1p1f1_gn_185201-185212.nc
  descargando archivo 4/165: tos_Omon_EC-Earth3_historical_r1i1p1f1_gn_185301-185312.nc
  descargando archivo 5/165: tos_Omon_EC-Earth3_historical_r1i1p1f1_gn_185401-185412.nc
  descargando archivo 6/165: tos_Omon_EC-Earth3_historical_r1i1p1f1_gn_185501-185512.nc
  descargando archivo 7/165: tos_Omon_EC-Earth3_historical_r1i1p1f1_gn_185601-185612.nc
  descargando archivo 8/165: tos_Omon_EC-Earth3_historical_r1i1p1f1_gn_185701-185712.nc
  descargando archivo 9/165: tos_Omon_EC-Earth3_historical_r1i1p1f1_gn_185801-185812.nc
  descargando archivo 10/165: tos_Omon_EC-Earth3_historical_r1i1p1f1_gn_185901-185912.nc
  descargando archivo 11/165: tos_Omon_EC-Earth3_historical_r1i1p1f1_gn_186001-186012.nc
  descargando archivo 12/165: tos_Omon_EC-Earth3_historical_r1i1p1f1_gn_186101-186112.nc
  descargando archivo 13/165: tos_Omon_EC-Earth3_historical_r1i1p1f1_gn_186201-186212.nc
  descargando archivo 14/165: tos_Omon_EC-Earth3_historical_r1i1p1f1_gn_186301-186312.nc
  descargando archivo 15/165: tos_Omon_EC-Earth3_historical_r1i1p1f1_gn_186401-186412.nc
  descargando archivo 16/165: tos_Omon_EC-Earth3_historical_r1i1p1f1_gn_186501-186512.nc
  descargando archivo 17/165: tos_Omon_EC-Earth3_historical_r1i1p1f1_gn_186601-186612.nc
  descargando archivo 18/165: tos_Omon_EC-Earth3_historical_r1i1p1f1_gn_186701-186712.nc
  descargando archivo 19/165: tos_Omon_EC-Earth3_historical_r1i1p1f1_gn_186801-186812.nc
  descargando archivo 20/165: tos_Omon_EC-Earth3_historical_r1i1p1f1_gn_186901-186912.nc
  descargando archivo 21/165: tos_Omon_EC-Earth3_historical_r1i1p1f1_gn_187001-187012.nc
  descargando archivo 22/165: tos_Omon_EC-Earth3_historical_r1i1p1f1_gn_187101-187112.nc
  descargando archivo 23/165: tos_Omon_EC-Earth3_historical_r1i1p1f1_gn_187201-187212.nc
  descargando archivo 24/165: tos_Omon_EC-Earth3_historical_r1i1p1f1_gn_187301-187312.nc
  descargando archivo 25/165: tos_Omon_EC-Earth3_historical_r1i1p1f1_gn_187401-187412.nc
  descargando archivo 26/165: tos_Omon_EC-Earth3_historical_r1i1p1f1_gn_187501-187512.nc
  descargando archivo 27/165: tos_Omon_EC-Earth3_historical_r1i1p1f1_gn_187601-187612.nc
  descargando archivo 28/165: tos_Omon_EC-Earth3_historical_r1i1p1f1_gn_187701-187712.nc
  descargando archivo 29/165: tos_Omon_EC-Earth3_historical_r1i1p1f1_gn_187801-187812.nc
  descargando archivo 30/165: tos_Omon_EC-Earth3_historical_r1i1p1f1_gn_187901-187912.nc
  descargando archivo 31/165: tos_Omon_EC-Earth3_historical_r1i1p1f1_gn_188001-188012.nc
  descargando archivo 32/165: tos_Omon_EC-Earth3_historical_r1i1p1f1_gn_188101-188112.nc
  descargando archivo 33/165: tos_Omon_EC-Earth3_historical_r1i1p1f1_gn_188201-188212.nc
  descargando archivo 34/165: tos_Omon_EC-Earth3_historical_r1i1p1f1_gn_188301-188312.nc
  descargando archivo 35/165: tos_Omon_EC-Earth3_historical_r1i1p1f1_gn_188401-188412.nc
  descargando archivo 36/165: tos_Omon_EC-Earth3_historical_r1i1p1f1_gn_188501-188512.nc
  descargando archivo 37/165: tos_Omon_EC-Earth3_historical_r1i1p1f1_gn_188601-188612.nc
  descargando archivo 38/165: tos_Omon_EC-Earth3_historical_r1i1p1f1_gn_188701-188712.nc
  descargando archivo 39/165: tos_Omon_EC-Earth3_historical_r1i1p1f1_gn_188801-188812.nc
  descargando archivo 40/165: tos_Omon_EC-Earth3_historical_r1i1p1f1_gn_188901-188912.nc
  descargando archivo 41/165: tos_Omon_EC-Earth3_historical_r1i1p1f1_gn_189001-189012.nc
  descargando archivo 42/165: tos_Omon_EC-Earth3_historical_r1i1p1f1_gn_189101-189112.nc
  descargando archivo 43/165: tos_Omon_EC-Earth3_historical_r1i1p1f1_gn_189201-189212.nc
  descargando archivo 44/165: tos_Omon_EC-Earth3_historical_r1i1p1f1_gn_189301-189312.nc
  descargando archivo 45/165: tos_Omon_EC-Earth3_historical_r1i1p1f1_gn_189401-189412.nc
  descargando archivo 46/165: tos_Omon_EC-Earth3_historical_r1i1p1f1_gn_189501-189512.nc
  descargando archivo 47/165: tos_Omon_EC-Earth3_historical_r1i1p1f1_gn_189601-189612.nc
  descargando archivo 48/165: tos_Omon_EC-Earth3_historical_r1i1p1f1_gn_189701-189712.nc
  descargando archivo 49/165: tos_Omon_EC-Earth3_historical_r1i1p1f1_gn_189801-189812.nc
  descargando archivo 50/165: tos_Omon_EC-Earth3_historical_r1i1p1f1_gn_189901-189912.nc
  descargando archivo 51/165: tos_Omon_EC-Earth3_historical_r1i1p1f1_gn_190001-190012.nc
  descargando archivo 52/165: tos_Omon_EC-Earth3_historical_r1i1p1f1_gn_190101-190112.nc
  descargando archivo 53/165: tos_Omon_EC-Earth3_historical_r1i1p1f1_gn_190201-190212.nc
  descargando archivo 54/165: tos_Omon_EC-Earth3_historical_r1i1p1f1_gn_190301-190312.nc
  descargando archivo 55/165: tos_Omon_EC-Earth3_historical_r1i1p1f1_gn_190401-190412.nc
  descargando archivo 56/165: tos_Omon_EC-Earth3_historical_r1i1p1f1_gn_190501-190512.nc
  descargando archivo 57/165: tos_Omon_EC-Earth3_historical_r1i1p1f1_gn_190601-190612.nc
  descargando archivo 58/165: tos_Omon_EC-Earth3_historical_r1i1p1f1_gn_190701-190712.nc
  descargando archivo 59/165: tos_Omon_EC-Earth3_historical_r1i1p1f1_gn_190801-190812.nc
  descargando archivo 60/165: tos_Omon_EC-Earth3_historical_r1i1p1f1_gn_190901-190912.nc
  descargando archivo 61/165: tos_Omon_EC-Earth3_historical_r1i1p1f1_gn_191001-191012.nc
  descargando archivo 62/165: tos_Omon_EC-Earth3_historical_r1i1p1f1_gn_191101-191112.nc
  descargando archivo 63/165: tos_Omon_EC-Earth3_historical_r1i1p1f1_gn_191201-191212.nc
  descargando archivo 64/165: tos_Omon_EC-Earth3_historical_r1i1p1f1_gn_191301-191312.nc
  descargando archivo 65/165: tos_Omon_EC-Earth3_historical_r1i1p1f1_gn_191401-191412.nc
  descargando archivo 66/165: tos_Omon_EC-Earth3_historical_r1i1p1f1_gn_191501-191512.nc
  descargando archivo 67/165: tos_Omon_EC-Earth3_historical_r1i1p1f1_gn_191601-191612.nc
  descargando archivo 68/165: tos_Omon_EC-Earth3_historical_r1i1p1f1_gn_191701-191712.nc
  descargando archivo 69/165: tos_Omon_EC-Earth3_historical_r1i1p1f1_gn_191801-191812.nc
  descargando archivo 70/165: tos_Omon_EC-Earth3_historical_r1i1p1f1_gn_191901-191912.nc
  descargando archivo 71/165: tos_Omon_EC-Earth3_historical_r1i1p1f1_gn_192001-192012.nc
  descargando archivo 72/165: tos_Omon_EC-Earth3_historical_r1i1p1f1_gn_192101-192112.nc
  descargando archivo 73/165: tos_Omon_EC-Earth3_historical_r1i1p1f1_gn_192201-192212.nc
  descargando archivo 74/165: tos_Omon_EC-Earth3_historical_r1i1p1f1_gn_192301-192312.nc
  descargando archivo 75/165: tos_Omon_EC-Earth3_historical_r1i1p1f1_gn_192401-192412.nc
  descargando archivo 76/165: tos_Omon_EC-Earth3_historical_r1i1p1f1_gn_192501-192512.nc
  descargando archivo 77/165: tos_Omon_EC-Earth3_historical_r1i1p1f1_gn_192601-192612.nc
  descargando archivo 78/165: tos_Omon_EC-Earth3_historical_r1i1p1f1_gn_192701-192712.nc
  descargando archivo 79/165: tos_Omon_EC-Earth3_historical_r1i1p1f1_gn_192801-192812.nc
  descargando archivo 80/165: tos_Omon_EC-Earth3_historical_r1i1p1f1_gn_192901-192912.nc
  descargando archivo 81/165: tos_Omon_EC-Earth3_historical_r1i1p1f1_gn_193001-193012.nc
  descargando archivo 82/165: tos_Omon_EC-Earth3_historical_r1i1p1f1_gn_193101-193112.nc
  descargando archivo 83/165: tos_Omon_EC-Earth3_historical_r1i1p1f1_gn_193201-193212.nc
  descargando archivo 84/165: tos_Omon_EC-Earth3_historical_r1i1p1f1_gn_193301-193312.nc
  descargando archivo 85/165: tos_Omon_EC-Earth3_historical_r1i1p1f1_gn_193401-193412.nc
  descargando archivo 86/165: tos_Omon_EC-Earth3_historical_r1i1p1f1_gn_193501-193512.nc
  descargando archivo 87/165: tos_Omon_EC-Earth3_historical_r1i1p1f1_gn_193601-193612.nc
  descargando archivo 88/165: tos_Omon_EC-Earth3_historical_r1i1p1f1_gn_193701-193712.nc
  descargando archivo 89/165: tos_Omon_EC-Earth3_historical_r1i1p1f1_gn_193801-193812.nc
  descargando archivo 90/165: tos_Omon_EC-Earth3_historical_r1i1p1f1_gn_193901-193912.nc
  descargando archivo 91/165: tos_Omon_EC-Earth3_historical_r1i1p1f1_gn_194001-194012.nc
  descargando archivo 92/165: tos_Omon_EC-Earth3_historical_r1i1p1f1_gn_194101-194112.nc
  descargando archivo 93/165: tos_Omon_EC-Earth3_historical_r1i1p1f1_gn_194201-194212.nc
  descargando archivo 94/165: tos_Omon_EC-Earth3_historical_r1i1p1f1_gn_194301-194312.nc
  descargando archivo 95/165: tos_Omon_EC-Earth3_historical_r1i1p1f1_gn_194401-194412.nc
  descargando archivo 96/165: tos_Omon_EC-Earth3_historical_r1i1p1f1_gn_194501-194512.nc
  descargando archivo 97/165: tos_Omon_EC-Earth3_historical_r1i1p1f1_gn_194601-194612.nc
  descargando archivo 98/165: tos_Omon_EC-Earth3_historical_r1i1p1f1_gn_194701-194712.nc
  descargando archivo 99/165: tos_Omon_EC-Earth3_historical_r1i1p1f1_gn_194801-194812.nc
  descargando archivo 100/165: tos_Omon_EC-Earth3_historical_r1i1p1f1_gn_194901-194912.nc
  descargando archivo 101/165: tos_Omon_EC-Earth3_historical_r1i1p1f1_gn_195001-195012.nc
  descargando archivo 102/165: tos_Omon_EC-Earth3_historical_r1i1p1f1_gn_195101-195112.nc
  descargando archivo 103/165: tos_Omon_EC-Earth3_historical_r1i1p1f1_gn_195201-195212.nc
  descargando archivo 104/165: tos_Omon_EC-Earth3_historical_r1i1p1f1_gn_195301-195312.nc
  descargando archivo 105/165: tos_Omon_EC-Earth3_historical_r1i1p1f1_gn_195401-195412.nc
  descargando archivo 106/165: tos_Omon_EC-Earth3_historical_r1i1p1f1_gn_195501-195512.nc
  descargando archivo 107/165: tos_Omon_EC-Earth3_historical_r1i1p1f1_gn_195601-195612.nc
  descargando archivo 108/165: tos_Omon_EC-Earth3_historical_r1i1p1f1_gn_195701-195712.nc
  descargando archivo 109/165: tos_Omon_EC-Earth3_historical_r1i1p1f1_gn_195801-195812.nc
  descargando archivo 110/165: tos_Omon_EC-Earth3_historical_r1i1p1f1_gn_195901-195912.nc
  descargando archivo 111/165: tos_Omon_EC-Earth3_historical_r1i1p1f1_gn_196001-196012.nc
  descargando archivo 112/165: tos_Omon_EC-Earth3_historical_r1i1p1f1_gn_196101-196112.nc
  descargando archivo 113/165: tos_Omon_EC-Earth3_historical_r1i1p1f1_gn_196201-196212.nc
  descargando archivo 114/165: tos_Omon_EC-Earth3_historical_r1i1p1f1_gn_196301-196312.nc
  descargando archivo 115/165: tos_Omon_EC-Earth3_historical_r1i1p1f1_gn_196401-196412.nc
  descargando archivo 116/165: tos_Omon_EC-Earth3_historical_r1i1p1f1_gn_196501-196512.nc
  descargando archivo 117/165: tos_Omon_EC-Earth3_historical_r1i1p1f1_gn_196601-196612.nc
  descargando archivo 118/165: tos_Omon_EC-Earth3_historical_r1i1p1f1_gn_196701-196712.nc
  descargando archivo 119/165: tos_Omon_EC-Earth3_historical_r1i1p1f1_gn_196801-196812.nc
  descargando archivo 120/165: tos_Omon_EC-Earth3_historical_r1i1p1f1_gn_196901-196912.nc
  descargando archivo 121/165: tos_Omon_EC-Earth3_historical_r1i1p1f1_gn_197001-197012.nc
  descargando archivo 122/165: tos_Omon_EC-Earth3_historical_r1i1p1f1_gn_197101-197112.nc
  descargando archivo 123/165: tos_Omon_EC-Earth3_historical_r1i1p1f1_gn_197201-197212.nc
  descargando archivo 124/165: tos_Omon_EC-Earth3_historical_r1i1p1f1_gn_197301-197312.nc
  descargando archivo 125/165: tos_Omon_EC-Earth3_historical_r1i1p1f1_gn_197401-197412.nc
  descargando archivo 126/165: tos_Omon_EC-Earth3_historical_r1i1p1f1_gn_197501-197512.nc
  descargando archivo 127/165: tos_Omon_EC-Earth3_historical_r1i1p1f1_gn_197601-197612.nc
  descargando archivo 128/165: tos_Omon_EC-Earth3_historical_r1i1p1f1_gn_197701-197712.nc
  descargando archivo 129/165: tos_Omon_EC-Earth3_historical_r1i1p1f1_gn_197801-197812.nc
  descargando archivo 130/165: tos_Omon_EC-Earth3_historical_r1i1p1f1_gn_197901-197912.nc
  descargando archivo 131/165: tos_Omon_EC-Earth3_historical_r1i1p1f1_gn_198001-198012.nc
  descargando archivo 132/165: tos_Omon_EC-Earth3_historical_r1i1p1f1_gn_198101-198112.nc
  descargando archivo 133/165: tos_Omon_EC-Earth3_historical_r1i1p1f1_gn_198201-198212.nc
  descargando archivo 134/165: tos_Omon_EC-Earth3_historical_r1i1p1f1_gn_198301-198312.nc
  descargando archivo 135/165: tos_Omon_EC-Earth3_historical_r1i1p1f1_gn_198401-198412.nc
  descargando archivo 136/165: tos_Omon_EC-Earth3_historical_r1i1p1f1_gn_198501-198512.nc
  descargando archivo 137/165: tos_Omon_EC-Earth3_historical_r1i1p1f1_gn_198601-198612.nc
  descargando archivo 138/165: tos_Omon_EC-Earth3_historical_r1i1p1f1_gn_198701-198712.nc
  descargando archivo 139/165: tos_Omon_EC-Earth3_historical_r1i1p1f1_gn_198801-198812.nc
  descargando archivo 140/165: tos_Omon_EC-Earth3_historical_r1i1p1f1_gn_198901-198912.nc
  descargando archivo 141/165: tos_Omon_EC-Earth3_historical_r1i1p1f1_gn_199001-199012.nc
  descargando archivo 142/165: tos_Omon_EC-Earth3_historical_r1i1p1f1_gn_199101-199112.nc
  descargando archivo 143/165: tos_Omon_EC-Earth3_historical_r1i1p1f1_gn_199201-199212.nc
  descargando archivo 144/165: tos_Omon_EC-Earth3_historical_r1i1p1f1_gn_199301-199312.nc
  descargando archivo 145/165: tos_Omon_EC-Earth3_historical_r1i1p1f1_gn_199401-199412.nc
  descargando archivo 146/165: tos_Omon_EC-Earth3_historical_r1i1p1f1_gn_199501-199512.nc
  descargando archivo 147/165: tos_Omon_EC-Earth3_historical_r1i1p1f1_gn_199601-199612.nc
  descargando archivo 148/165: tos_Omon_EC-Earth3_historical_r1i1p1f1_gn_199701-199712.nc
  descargando archivo 149/165: tos_Omon_EC-Earth3_historical_r1i1p1f1_gn_199801-199812.nc
  descargando archivo 150/165: tos_Omon_EC-Earth3_historical_r1i1p1f1_gn_199901-199912.nc
  descargando archivo 151/165: tos_Omon_EC-Earth3_historical_r1i1p1f1_gn_200001-200012.nc
  descargando archivo 152/165: tos_Omon_EC-Earth3_historical_r1i1p1f1_gn_200101-200112.nc
  descargando archivo 153/165: tos_Omon_EC-Earth3_historical_r1i1p1f1_gn_200201-200212.nc
  descargando archivo 154/165: tos_Omon_EC-Earth3_historical_r1i1p1f1_gn_200301-200312.nc
  descargando archivo 155/165: tos_Omon_EC-Earth3_historical_r1i1p1f1_gn_200401-200412.nc
  descargando archivo 156/165: tos_Omon_EC-Earth3_historical_r1i1p1f1_gn_200501-200512.nc
  descargando archivo 157/165: tos_Omon_EC-Earth3_historical_r1i1p1f1_gn_200601-200612.nc
  descargando archivo 158/165: tos_Omon_EC-Earth3_historical_r1i1p1f1_gn_200701-200712.nc
  descargando archivo 159/165: tos_Omon_EC-Earth3_historical_r1i1p1f1_gn_200801-200812.nc
  descargando archivo 160/165: tos_Omon_EC-Earth3_historical_r1i1p1f1_gn_200901-200912.nc
  descargando archivo 161/165: tos_Omon_EC-Earth3_historical_r1i1p1f1_gn_201001-201012.nc
  descargando archivo 162/165: tos_Omon_EC-Earth3_historical_r1i1p1f1_gn_201101-201112.nc
  descargando archivo 163/165: tos_Omon_EC-Earth3_historical_r1i1p1f1_gn_201201-201212.nc
  descargando archivo 164/165: tos_Omon_EC-Earth3_historical_r1i1p1f1_gn_201301-201312.nc
  descargando archivo 165/165: tos_Omon_EC-Earth3_historical_r1i1p1f1_gn_201401-201412.nc
Procesando EC-Earth3 ssp245 (17) ...
  descargando archivo 1/86: tos_Omon_EC-Earth3_ssp245_r1i1p1f1_gn_201501-201512.nc
  descargando archivo 2/86: tos_Omon_EC-Earth3_ssp245_r1i1p1f1_gn_201601-201612.nc
  descargando archivo 3/86: tos_Omon_EC-Earth3_ssp245_r1i1p1f1_gn_201701-201712.nc
  descargando archivo 4/86: tos_Omon_EC-Earth3_ssp245_r1i1p1f1_gn_201801-201812.nc
  descargando archivo 5/86: tos_Omon_EC-Earth3_ssp245_r1i1p1f1_gn_201901-201912.nc
  descargando archivo 6/86: tos_Omon_EC-Earth3_ssp245_r1i1p1f1_gn_202001-202012.nc
  descargando archivo 7/86: tos_Omon_EC-Earth3_ssp245_r1i1p1f1_gn_202101-202112.nc
  descargando archivo 8/86: tos_Omon_EC-Earth3_ssp245_r1i1p1f1_gn_202201-202212.nc
  descargando archivo 9/86: tos_Omon_EC-Earth3_ssp245_r1i1p1f1_gn_202301-202312.nc
  descargando archivo 10/86: tos_Omon_EC-Earth3_ssp245_r1i1p1f1_gn_202401-202412.nc
  descargando archivo 11/86: tos_Omon_EC-Earth3_ssp245_r1i1p1f1_gn_202501-202512.nc
  descargando archivo 12/86: tos_Omon_EC-Earth3_ssp245_r1i1p1f1_gn_202601-202612.nc
  descargando archivo 13/86: tos_Omon_EC-Earth3_ssp245_r1i1p1f1_gn_202701-202712.nc
  descargando archivo 14/86: tos_Omon_EC-Earth3_ssp245_r1i1p1f1_gn_202801-202812.nc
  descargando archivo 15/86: tos_Omon_EC-Earth3_ssp245_r1i1p1f1_gn_202901-202912.nc
  descargando archivo 16/86: tos_Omon_EC-Earth3_ssp245_r1i1p1f1_gn_203001-203012.nc
  descargando archivo 17/86: tos_Omon_EC-Earth3_ssp245_r1i1p1f1_gn_203101-203112.nc
  descargando archivo 18/86: tos_Omon_EC-Earth3_ssp245_r1i1p1f1_gn_203201-203212.nc
  descargando archivo 19/86: tos_Omon_EC-Earth3_ssp245_r1i1p1f1_gn_203301-203312.nc
  descargando archivo 20/86: tos_Omon_EC-Earth3_ssp245_r1i1p1f1_gn_203401-203412.nc
  descargando archivo 21/86: tos_Omon_EC-Earth3_ssp245_r1i1p1f1_gn_203501-203512.nc
  descargando archivo 22/86: tos_Omon_EC-Earth3_ssp245_r1i1p1f1_gn_203601-203612.nc
  descargando archivo 23/86: tos_Omon_EC-Earth3_ssp245_r1i1p1f1_gn_203701-203712.nc
  descargando archivo 24/86: tos_Omon_EC-Earth3_ssp245_r1i1p1f1_gn_203801-203812.nc
  descargando archivo 25/86: tos_Omon_EC-Earth3_ssp245_r1i1p1f1_gn_203901-203912.nc
  descargando archivo 26/86: tos_Omon_EC-Earth3_ssp245_r1i1p1f1_gn_204001-204012.nc
  descargando archivo 27/86: tos_Omon_EC-Earth3_ssp245_r1i1p1f1_gn_204101-204112.nc
  descargando archivo 28/86: tos_Omon_EC-Earth3_ssp245_r1i1p1f1_gn_204201-204212.nc
  descargando archivo 29/86: tos_Omon_EC-Earth3_ssp245_r1i1p1f1_gn_204301-204312.nc
  descargando archivo 30/86: tos_Omon_EC-Earth3_ssp245_r1i1p1f1_gn_204401-204412.nc
  descargando archivo 31/86: tos_Omon_EC-Earth3_ssp245_r1i1p1f1_gn_204501-204512.nc
  descargando archivo 32/86: tos_Omon_EC-Earth3_ssp245_r1i1p1f1_gn_204601-204612.nc
  descargando archivo 33/86: tos_Omon_EC-Earth3_ssp245_r1i1p1f1_gn_204701-204712.nc
  descargando archivo 34/86: tos_Omon_EC-Earth3_ssp245_r1i1p1f1_gn_204801-204812.nc
  descargando archivo 35/86: tos_Omon_EC-Earth3_ssp245_r1i1p1f1_gn_204901-204912.nc
  descargando archivo 36/86: tos_Omon_EC-Earth3_ssp245_r1i1p1f1_gn_205001-205012.nc
  descargando archivo 37/86: tos_Omon_EC-Earth3_ssp245_r1i1p1f1_gn_205101-205112.nc
  descargando archivo 38/86: tos_Omon_EC-Earth3_ssp245_r1i1p1f1_gn_205201-205212.nc
  descargando archivo 39/86: tos_Omon_EC-Earth3_ssp245_r1i1p1f1_gn_205301-205312.nc
  descargando archivo 40/86: tos_Omon_EC-Earth3_ssp245_r1i1p1f1_gn_205401-205412.nc
  descargando archivo 41/86: tos_Omon_EC-Earth3_ssp245_r1i1p1f1_gn_205501-205512.nc
  descargando archivo 42/86: tos_Omon_EC-Earth3_ssp245_r1i1p1f1_gn_205601-205612.nc
  descargando archivo 43/86: tos_Omon_EC-Earth3_ssp245_r1i1p1f1_gn_205701-205712.nc
  descargando archivo 44/86: tos_Omon_EC-Earth3_ssp245_r1i1p1f1_gn_205801-205812.nc
  descargando archivo 45/86: tos_Omon_EC-Earth3_ssp245_r1i1p1f1_gn_205901-205912.nc
  descargando archivo 46/86: tos_Omon_EC-Earth3_ssp245_r1i1p1f1_gn_206001-206012.nc
  descargando archivo 47/86: tos_Omon_EC-Earth3_ssp245_r1i1p1f1_gn_206101-206112.nc
  descargando archivo 48/86: tos_Omon_EC-Earth3_ssp245_r1i1p1f1_gn_206201-206212.nc
  descargando archivo 49/86: tos_Omon_EC-Earth3_ssp245_r1i1p1f1_gn_206301-206312.nc
  descargando archivo 50/86: tos_Omon_EC-Earth3_ssp245_r1i1p1f1_gn_206401-206412.nc
  descargando archivo 51/86: tos_Omon_EC-Earth3_ssp245_r1i1p1f1_gn_206501-206512.nc
  descargando archivo 52/86: tos_Omon_EC-Earth3_ssp245_r1i1p1f1_gn_206601-206612.nc
  descargando archivo 53/86: tos_Omon_EC-Earth3_ssp245_r1i1p1f1_gn_206701-206712.nc
  descargando archivo 54/86: tos_Omon_EC-Earth3_ssp245_r1i1p1f1_gn_206801-206812.nc
  descargando archivo 55/86: tos_Omon_EC-Earth3_ssp245_r1i1p1f1_gn_206901-206912.nc
  descargando archivo 56/86: tos_Omon_EC-Earth3_ssp245_r1i1p1f1_gn_207001-207012.nc
  descargando archivo 57/86: tos_Omon_EC-Earth3_ssp245_r1i1p1f1_gn_207101-207112.nc
  descargando archivo 58/86: tos_Omon_EC-Earth3_ssp245_r1i1p1f1_gn_207201-207212.nc
  descargando archivo 59/86: tos_Omon_EC-Earth3_ssp245_r1i1p1f1_gn_207301-207312.nc
  descargando archivo 60/86: tos_Omon_EC-Earth3_ssp245_r1i1p1f1_gn_207401-207412.nc
  descargando archivo 61/86: tos_Omon_EC-Earth3_ssp245_r1i1p1f1_gn_207501-207512.nc
  descargando archivo 62/86: tos_Omon_EC-Earth3_ssp245_r1i1p1f1_gn_207601-207612.nc
  descargando archivo 63/86: tos_Omon_EC-Earth3_ssp245_r1i1p1f1_gn_207701-207712.nc
  descargando archivo 64/86: tos_Omon_EC-Earth3_ssp245_r1i1p1f1_gn_207801-207812.nc
  descargando archivo 65/86: tos_Omon_EC-Earth3_ssp245_r1i1p1f1_gn_207901-207912.nc
  descargando archivo 66/86: tos_Omon_EC-Earth3_ssp245_r1i1p1f1_gn_208001-208012.nc
  descargando archivo 67/86: tos_Omon_EC-Earth3_ssp245_r1i1p1f1_gn_208101-208112.nc
  descargando archivo 68/86: tos_Omon_EC-Earth3_ssp245_r1i1p1f1_gn_208201-208212.nc
  descargando archivo 69/86: tos_Omon_EC-Earth3_ssp245_r1i1p1f1_gn_208301-208312.nc
  descargando archivo 70/86: tos_Omon_EC-Earth3_ssp245_r1i1p1f1_gn_208401-208412.nc
  descargando archivo 71/86: tos_Omon_EC-Earth3_ssp245_r1i1p1f1_gn_208501-208512.nc
  descargando archivo 72/86: tos_Omon_EC-Earth3_ssp245_r1i1p1f1_gn_208601-208612.nc
  descargando archivo 73/86: tos_Omon_EC-Earth3_ssp245_r1i1p1f1_gn_208701-208712.nc
  descargando archivo 74/86: tos_Omon_EC-Earth3_ssp245_r1i1p1f1_gn_208801-208812.nc
  descargando archivo 75/86: tos_Omon_EC-Earth3_ssp245_r1i1p1f1_gn_208901-208912.nc
  descargando archivo 76/86: tos_Omon_EC-Earth3_ssp245_r1i1p1f1_gn_209001-209012.nc
  descargando archivo 77/86: tos_Omon_EC-Earth3_ssp245_r1i1p1f1_gn_209101-209112.nc
  descargando archivo 78/86: tos_Omon_EC-Earth3_ssp245_r1i1p1f1_gn_209201-209212.nc
  descargando archivo 79/86: tos_Omon_EC-Earth3_ssp245_r1i1p1f1_gn_209301-209312.nc
  descargando archivo 80/86: tos_Omon_EC-Earth3_ssp245_r1i1p1f1_gn_209401-209412.nc
  descargando archivo 81/86: tos_Omon_EC-Earth3_ssp245_r1i1p1f1_gn_209501-209512.nc
  descargando archivo 82/86: tos_Omon_EC-Earth3_ssp245_r1i1p1f1_gn_209601-209612.nc
  descargando archivo 83/86: tos_Omon_EC-Earth3_ssp245_r1i1p1f1_gn_209701-209712.nc
  descargando archivo 84/86: tos_Omon_EC-Earth3_ssp245_r1i1p1f1_gn_209801-209812.nc
  descargando archivo 85/86: tos_Omon_EC-Earth3_ssp245_r1i1p1f1_gn_209901-209912.nc
  descargando archivo 86/86: tos_Omon_EC-Earth3_ssp245_r1i1p1f1_gn_210001-210012.nc
Procesando EC-Earth3 ssp370 (17) ...
  descargando archivo 1/86: tos_Omon_EC-Earth3_ssp370_r1i1p1f1_gn_201501-201512.nc
  descargando archivo 2/86: tos_Omon_EC-Earth3_ssp370_r1i1p1f1_gn_201601-201612.nc
  descargando archivo 3/86: tos_Omon_EC-Earth3_ssp370_r1i1p1f1_gn_201701-201712.nc
  descargando archivo 4/86: tos_Omon_EC-Earth3_ssp370_r1i1p1f1_gn_201801-201812.nc
  descargando archivo 5/86: tos_Omon_EC-Earth3_ssp370_r1i1p1f1_gn_201901-201912.nc
  descargando archivo 6/86: tos_Omon_EC-Earth3_ssp370_r1i1p1f1_gn_202001-202012.nc
  descargando archivo 7/86: tos_Omon_EC-Earth3_ssp370_r1i1p1f1_gn_202101-202112.nc
  descargando archivo 8/86: tos_Omon_EC-Earth3_ssp370_r1i1p1f1_gn_202201-202212.nc
  descargando archivo 9/86: tos_Omon_EC-Earth3_ssp370_r1i1p1f1_gn_202301-202312.nc
  descargando archivo 10/86: tos_Omon_EC-Earth3_ssp370_r1i1p1f1_gn_202401-202412.nc
  descargando archivo 11/86: tos_Omon_EC-Earth3_ssp370_r1i1p1f1_gn_202501-202512.nc
  descargando archivo 12/86: tos_Omon_EC-Earth3_ssp370_r1i1p1f1_gn_202601-202612.nc
  descargando archivo 13/86: tos_Omon_EC-Earth3_ssp370_r1i1p1f1_gn_202701-202712.nc
  descargando archivo 14/86: tos_Omon_EC-Earth3_ssp370_r1i1p1f1_gn_202801-202812.nc
  descargando archivo 15/86: tos_Omon_EC-Earth3_ssp370_r1i1p1f1_gn_202901-202912.nc
  descargando archivo 16/86: tos_Omon_EC-Earth3_ssp370_r1i1p1f1_gn_203001-203012.nc
  descargando archivo 17/86: tos_Omon_EC-Earth3_ssp370_r1i1p1f1_gn_203101-203112.nc
  descargando archivo 18/86: tos_Omon_EC-Earth3_ssp370_r1i1p1f1_gn_203201-203212.nc
  descargando archivo 19/86: tos_Omon_EC-Earth3_ssp370_r1i1p1f1_gn_203301-203312.nc
  descargando archivo 20/86: tos_Omon_EC-Earth3_ssp370_r1i1p1f1_gn_203401-203412.nc
  descargando archivo 21/86: tos_Omon_EC-Earth3_ssp370_r1i1p1f1_gn_203501-203512.nc
  descargando archivo 22/86: tos_Omon_EC-Earth3_ssp370_r1i1p1f1_gn_203601-203612.nc
  descargando archivo 23/86: tos_Omon_EC-Earth3_ssp370_r1i1p1f1_gn_203701-203712.nc
  descargando archivo 24/86: tos_Omon_EC-Earth3_ssp370_r1i1p1f1_gn_203801-203812.nc
  descargando archivo 25/86: tos_Omon_EC-Earth3_ssp370_r1i1p1f1_gn_203901-203912.nc
  descargando archivo 26/86: tos_Omon_EC-Earth3_ssp370_r1i1p1f1_gn_204001-204012.nc
  descargando archivo 27/86: tos_Omon_EC-Earth3_ssp370_r1i1p1f1_gn_204101-204112.nc
  descargando archivo 28/86: tos_Omon_EC-Earth3_ssp370_r1i1p1f1_gn_204201-204212.nc
  descargando archivo 29/86: tos_Omon_EC-Earth3_ssp370_r1i1p1f1_gn_204301-204312.nc
  descargando archivo 30/86: tos_Omon_EC-Earth3_ssp370_r1i1p1f1_gn_204401-204412.nc
  descargando archivo 31/86: tos_Omon_EC-Earth3_ssp370_r1i1p1f1_gn_204501-204512.nc
  descargando archivo 32/86: tos_Omon_EC-Earth3_ssp370_r1i1p1f1_gn_204601-204612.nc
  descargando archivo 33/86: tos_Omon_EC-Earth3_ssp370_r1i1p1f1_gn_204701-204712.nc
  descargando archivo 34/86: tos_Omon_EC-Earth3_ssp370_r1i1p1f1_gn_204801-204812.nc
  descargando archivo 35/86: tos_Omon_EC-Earth3_ssp370_r1i1p1f1_gn_204901-204912.nc
  descargando archivo 36/86: tos_Omon_EC-Earth3_ssp370_r1i1p1f1_gn_205001-205012.nc
  descargando archivo 37/86: tos_Omon_EC-Earth3_ssp370_r1i1p1f1_gn_205101-205112.nc
  descargando archivo 38/86: tos_Omon_EC-Earth3_ssp370_r1i1p1f1_gn_205201-205212.nc
  descargando archivo 39/86: tos_Omon_EC-Earth3_ssp370_r1i1p1f1_gn_205301-205312.nc
  descargando archivo 40/86: tos_Omon_EC-Earth3_ssp370_r1i1p1f1_gn_205401-205412.nc
  descargando archivo 41/86: tos_Omon_EC-Earth3_ssp370_r1i1p1f1_gn_205501-205512.nc
  descargando archivo 42/86: tos_Omon_EC-Earth3_ssp370_r1i1p1f1_gn_205601-205612.nc
  descargando archivo 43/86: tos_Omon_EC-Earth3_ssp370_r1i1p1f1_gn_205701-205712.nc
  descargando archivo 44/86: tos_Omon_EC-Earth3_ssp370_r1i1p1f1_gn_205801-205812.nc
  descargando archivo 45/86: tos_Omon_EC-Earth3_ssp370_r1i1p1f1_gn_205901-205912.nc
  descargando archivo 46/86: tos_Omon_EC-Earth3_ssp370_r1i1p1f1_gn_206001-206012.nc
  descargando archivo 47/86: tos_Omon_EC-Earth3_ssp370_r1i1p1f1_gn_206101-206112.nc
  descargando archivo 48/86: tos_Omon_EC-Earth3_ssp370_r1i1p1f1_gn_206201-206212.nc
  descargando archivo 49/86: tos_Omon_EC-Earth3_ssp370_r1i1p1f1_gn_206301-206312.nc
  descargando archivo 50/86: tos_Omon_EC-Earth3_ssp370_r1i1p1f1_gn_206401-206412.nc
  descargando archivo 51/86: tos_Omon_EC-Earth3_ssp370_r1i1p1f1_gn_206501-206512.nc
  descargando archivo 52/86: tos_Omon_EC-Earth3_ssp370_r1i1p1f1_gn_206601-206612.nc
  descargando archivo 53/86: tos_Omon_EC-Earth3_ssp370_r1i1p1f1_gn_206701-206712.nc
  descargando archivo 54/86: tos_Omon_EC-Earth3_ssp370_r1i1p1f1_gn_206801-206812.nc
  descargando archivo 55/86: tos_Omon_EC-Earth3_ssp370_r1i1p1f1_gn_206901-206912.nc
  descargando archivo 56/86: tos_Omon_EC-Earth3_ssp370_r1i1p1f1_gn_207001-207012.nc
  descargando archivo 57/86: tos_Omon_EC-Earth3_ssp370_r1i1p1f1_gn_207101-207112.nc
  descargando archivo 58/86: tos_Omon_EC-Earth3_ssp370_r1i1p1f1_gn_207201-207212.nc
  descargando archivo 59/86: tos_Omon_EC-Earth3_ssp370_r1i1p1f1_gn_207301-207312.nc
  descargando archivo 60/86: tos_Omon_EC-Earth3_ssp370_r1i1p1f1_gn_207401-207412.nc
  descargando archivo 61/86: tos_Omon_EC-Earth3_ssp370_r1i1p1f1_gn_207501-207512.nc
  descargando archivo 62/86: tos_Omon_EC-Earth3_ssp370_r1i1p1f1_gn_207601-207612.nc
  descargando archivo 63/86: tos_Omon_EC-Earth3_ssp370_r1i1p1f1_gn_207701-207712.nc
  descargando archivo 64/86: tos_Omon_EC-Earth3_ssp370_r1i1p1f1_gn_207801-207812.nc
  descargando archivo 65/86: tos_Omon_EC-Earth3_ssp370_r1i1p1f1_gn_207901-207912.nc
  descargando archivo 66/86: tos_Omon_EC-Earth3_ssp370_r1i1p1f1_gn_208001-208012.nc
  descargando archivo 67/86: tos_Omon_EC-Earth3_ssp370_r1i1p1f1_gn_208101-208112.nc
  descargando archivo 68/86: tos_Omon_EC-Earth3_ssp370_r1i1p1f1_gn_208201-208212.nc
  descargando archivo 69/86: tos_Omon_EC-Earth3_ssp370_r1i1p1f1_gn_208301-208312.nc
  descargando archivo 70/86: tos_Omon_EC-Earth3_ssp370_r1i1p1f1_gn_208401-208412.nc
  descargando archivo 71/86: tos_Omon_EC-Earth3_ssp370_r1i1p1f1_gn_208501-208512.nc
  descargando archivo 72/86: tos_Omon_EC-Earth3_ssp370_r1i1p1f1_gn_208601-208612.nc
  descargando archivo 73/86: tos_Omon_EC-Earth3_ssp370_r1i1p1f1_gn_208701-208712.nc
  descargando archivo 74/86: tos_Omon_EC-Earth3_ssp370_r1i1p1f1_gn_208801-208812.nc
  descargando archivo 75/86: tos_Omon_EC-Earth3_ssp370_r1i1p1f1_gn_208901-208912.nc
  descargando archivo 76/86: tos_Omon_EC-Earth3_ssp370_r1i1p1f1_gn_209001-209012.nc
  descargando archivo 77/86: tos_Omon_EC-Earth3_ssp370_r1i1p1f1_gn_209101-209112.nc
  descargando archivo 78/86: tos_Omon_EC-Earth3_ssp370_r1i1p1f1_gn_209201-209212.nc
  descargando archivo 79/86: tos_Omon_EC-Earth3_ssp370_r1i1p1f1_gn_209301-209312.nc
  descargando archivo 80/86: tos_Omon_EC-Earth3_ssp370_r1i1p1f1_gn_209401-209412.nc
  descargando archivo 81/86: tos_Omon_EC-Earth3_ssp370_r1i1p1f1_gn_209501-209512.nc
  descargando archivo 82/86: tos_Omon_EC-Earth3_ssp370_r1i1p1f1_gn_209601-209612.nc
  descargando archivo 83/86: tos_Omon_EC-Earth3_ssp370_r1i1p1f1_gn_209701-209712.nc
  descargando archivo 84/86: tos_Omon_EC-Earth3_ssp370_r1i1p1f1_gn_209801-209812.nc
  descargando archivo 85/86: tos_Omon_EC-Earth3_ssp370_r1i1p1f1_gn_209901-209912.nc
  descargando archivo 86/86: tos_Omon_EC-Earth3_ssp370_r1i1p1f1_gn_210001-210012.nc
Procesando EC-Earth3 ssp585 (17) ...
  descargando archivo 1/86: tos_Omon_EC-Earth3_ssp585_r1i1p1f1_gn_201501-201512.nc
  descargando archivo 2/86: tos_Omon_EC-Earth3_ssp585_r1i1p1f1_gn_201601-201612.nc
  descargando archivo 3/86: tos_Omon_EC-Earth3_ssp585_r1i1p1f1_gn_201701-201712.nc
  descargando archivo 4/86: tos_Omon_EC-Earth3_ssp585_r1i1p1f1_gn_201801-201812.nc
  descargando archivo 5/86: tos_Omon_EC-Earth3_ssp585_r1i1p1f1_gn_201901-201912.nc
  descargando archivo 6/86: tos_Omon_EC-Earth3_ssp585_r1i1p1f1_gn_202001-202012.nc
  descargando archivo 7/86: tos_Omon_EC-Earth3_ssp585_r1i1p1f1_gn_202101-202112.nc
  descargando archivo 8/86: tos_Omon_EC-Earth3_ssp585_r1i1p1f1_gn_202201-202212.nc
  descargando archivo 9/86: tos_Omon_EC-Earth3_ssp585_r1i1p1f1_gn_202301-202312.nc
  descargando archivo 10/86: tos_Omon_EC-Earth3_ssp585_r1i1p1f1_gn_202401-202412.nc
  descargando archivo 11/86: tos_Omon_EC-Earth3_ssp585_r1i1p1f1_gn_202501-202512.nc
  descargando archivo 12/86: tos_Omon_EC-Earth3_ssp585_r1i1p1f1_gn_202601-202612.nc
  descargando archivo 13/86: tos_Omon_EC-Earth3_ssp585_r1i1p1f1_gn_202701-202712.nc
  descargando archivo 14/86: tos_Omon_EC-Earth3_ssp585_r1i1p1f1_gn_202801-202812.nc
  descargando archivo 15/86: tos_Omon_EC-Earth3_ssp585_r1i1p1f1_gn_202901-202912.nc
  descargando archivo 16/86: tos_Omon_EC-Earth3_ssp585_r1i1p1f1_gn_203001-203012.nc
  descargando archivo 17/86: tos_Omon_EC-Earth3_ssp585_r1i1p1f1_gn_203101-203112.nc
  descargando archivo 18/86: tos_Omon_EC-Earth3_ssp585_r1i1p1f1_gn_203201-203212.nc
  descargando archivo 19/86: tos_Omon_EC-Earth3_ssp585_r1i1p1f1_gn_203301-203312.nc
  descargando archivo 20/86: tos_Omon_EC-Earth3_ssp585_r1i1p1f1_gn_203401-203412.nc
  descargando archivo 21/86: tos_Omon_EC-Earth3_ssp585_r1i1p1f1_gn_203501-203512.nc
  descargando archivo 22/86: tos_Omon_EC-Earth3_ssp585_r1i1p1f1_gn_203601-203612.nc
  descargando archivo 23/86: tos_Omon_EC-Earth3_ssp585_r1i1p1f1_gn_203701-203712.nc
  descargando archivo 24/86: tos_Omon_EC-Earth3_ssp585_r1i1p1f1_gn_203801-203812.nc
  descargando archivo 25/86: tos_Omon_EC-Earth3_ssp585_r1i1p1f1_gn_203901-203912.nc
  descargando archivo 26/86: tos_Omon_EC-Earth3_ssp585_r1i1p1f1_gn_204001-204012.nc
  descargando archivo 27/86: tos_Omon_EC-Earth3_ssp585_r1i1p1f1_gn_204101-204112.nc
  descargando archivo 28/86: tos_Omon_EC-Earth3_ssp585_r1i1p1f1_gn_204201-204212.nc
  descargando archivo 29/86: tos_Omon_EC-Earth3_ssp585_r1i1p1f1_gn_204301-204312.nc
  descargando archivo 30/86: tos_Omon_EC-Earth3_ssp585_r1i1p1f1_gn_204401-204412.nc
  descargando archivo 31/86: tos_Omon_EC-Earth3_ssp585_r1i1p1f1_gn_204501-204512.nc
  descargando archivo 32/86: tos_Omon_EC-Earth3_ssp585_r1i1p1f1_gn_204601-204612.nc
  descargando archivo 33/86: tos_Omon_EC-Earth3_ssp585_r1i1p1f1_gn_204701-204712.nc
  descargando archivo 34/86: tos_Omon_EC-Earth3_ssp585_r1i1p1f1_gn_204801-204812.nc
  descargando archivo 35/86: tos_Omon_EC-Earth3_ssp585_r1i1p1f1_gn_204901-204912.nc
  descargando archivo 36/86: tos_Omon_EC-Earth3_ssp585_r1i1p1f1_gn_205001-205012.nc
  descargando archivo 37/86: tos_Omon_EC-Earth3_ssp585_r1i1p1f1_gn_205101-205112.nc
  descargando archivo 38/86: tos_Omon_EC-Earth3_ssp585_r1i1p1f1_gn_205201-205212.nc
  descargando archivo 39/86: tos_Omon_EC-Earth3_ssp585_r1i1p1f1_gn_205301-205312.nc
  descargando archivo 40/86: tos_Omon_EC-Earth3_ssp585_r1i1p1f1_gn_205401-205412.nc
  descargando archivo 41/86: tos_Omon_EC-Earth3_ssp585_r1i1p1f1_gn_205501-205512.nc
  descargando archivo 42/86: tos_Omon_EC-Earth3_ssp585_r1i1p1f1_gn_205601-205612.nc
  descargando archivo 43/86: tos_Omon_EC-Earth3_ssp585_r1i1p1f1_gn_205701-205712.nc
  descargando archivo 44/86: tos_Omon_EC-Earth3_ssp585_r1i1p1f1_gn_205801-205812.nc
  descargando archivo 45/86: tos_Omon_EC-Earth3_ssp585_r1i1p1f1_gn_205901-205912.nc
  descargando archivo 46/86: tos_Omon_EC-Earth3_ssp585_r1i1p1f1_gn_206001-206012.nc
  descargando archivo 47/86: tos_Omon_EC-Earth3_ssp585_r1i1p1f1_gn_206101-206112.nc
  descargando archivo 48/86: tos_Omon_EC-Earth3_ssp585_r1i1p1f1_gn_206201-206212.nc
  descargando archivo 49/86: tos_Omon_EC-Earth3_ssp585_r1i1p1f1_gn_206301-206312.nc
  descargando archivo 50/86: tos_Omon_EC-Earth3_ssp585_r1i1p1f1_gn_206401-206412.nc
  descargando archivo 51/86: tos_Omon_EC-Earth3_ssp585_r1i1p1f1_gn_206501-206512.nc
  descargando archivo 52/86: tos_Omon_EC-Earth3_ssp585_r1i1p1f1_gn_206601-206612.nc
  descargando archivo 53/86: tos_Omon_EC-Earth3_ssp585_r1i1p1f1_gn_206701-206712.nc
  descargando archivo 54/86: tos_Omon_EC-Earth3_ssp585_r1i1p1f1_gn_206801-206812.nc
  descargando archivo 55/86: tos_Omon_EC-Earth3_ssp585_r1i1p1f1_gn_206901-206912.nc
  descargando archivo 56/86: tos_Omon_EC-Earth3_ssp585_r1i1p1f1_gn_207001-207012.nc
  descargando archivo 57/86: tos_Omon_EC-Earth3_ssp585_r1i1p1f1_gn_207101-207112.nc
  descargando archivo 58/86: tos_Omon_EC-Earth3_ssp585_r1i1p1f1_gn_207201-207212.nc
  descargando archivo 59/86: tos_Omon_EC-Earth3_ssp585_r1i1p1f1_gn_207301-207312.nc
  descargando archivo 60/86: tos_Omon_EC-Earth3_ssp585_r1i1p1f1_gn_207401-207412.nc
  descargando archivo 61/86: tos_Omon_EC-Earth3_ssp585_r1i1p1f1_gn_207501-207512.nc
  descargando archivo 62/86: tos_Omon_EC-Earth3_ssp585_r1i1p1f1_gn_207601-207612.nc
  descargando archivo 63/86: tos_Omon_EC-Earth3_ssp585_r1i1p1f1_gn_207701-207712.nc
  descargando archivo 64/86: tos_Omon_EC-Earth3_ssp585_r1i1p1f1_gn_207801-207812.nc
  descargando archivo 65/86: tos_Omon_EC-Earth3_ssp585_r1i1p1f1_gn_207901-207912.nc
  descargando archivo 66/86: tos_Omon_EC-Earth3_ssp585_r1i1p1f1_gn_208001-208012.nc
  descargando archivo 67/86: tos_Omon_EC-Earth3_ssp585_r1i1p1f1_gn_208101-208112.nc
  descargando archivo 68/86: tos_Omon_EC-Earth3_ssp585_r1i1p1f1_gn_208201-208212.nc
  descargando archivo 69/86: tos_Omon_EC-Earth3_ssp585_r1i1p1f1_gn_208301-208312.nc
  descargando archivo 70/86: tos_Omon_EC-Earth3_ssp585_r1i1p1f1_gn_208401-208412.nc
  descargando archivo 71/86: tos_Omon_EC-Earth3_ssp585_r1i1p1f1_gn_208501-208512.nc
  descargando archivo 72/86: tos_Omon_EC-Earth3_ssp585_r1i1p1f1_gn_208601-208612.nc
  descargando archivo 73/86: tos_Omon_EC-Earth3_ssp585_r1i1p1f1_gn_208701-208712.nc
  descargando archivo 74/86: tos_Omon_EC-Earth3_ssp585_r1i1p1f1_gn_208801-208812.nc
  descargando archivo 75/86: tos_Omon_EC-Earth3_ssp585_r1i1p1f1_gn_208901-208912.nc
  descargando archivo 76/86: tos_Omon_EC-Earth3_ssp585_r1i1p1f1_gn_209001-209012.nc
  descargando archivo 77/86: tos_Omon_EC-Earth3_ssp585_r1i1p1f1_gn_209101-209112.nc
  descargando archivo 78/86: tos_Omon_EC-Earth3_ssp585_r1i1p1f1_gn_209201-209212.nc
  descargando archivo 79/86: tos_Omon_EC-Earth3_ssp585_r1i1p1f1_gn_209301-209312.nc
  descargando archivo 80/86: tos_Omon_EC-Earth3_ssp585_r1i1p1f1_gn_209401-209412.nc
  descargando archivo 81/86: tos_Omon_EC-Earth3_ssp585_r1i1p1f1_gn_209501-209512.nc
  descargando archivo 82/86: tos_Omon_EC-Earth3_ssp585_r1i1p1f1_gn_209601-209612.nc
  descargando archivo 83/86: tos_Omon_EC-Earth3_ssp585_r1i1p1f1_gn_209701-209712.nc
  descargando archivo 84/86: tos_Omon_EC-Earth3_ssp585_r1i1p1f1_gn_209801-209812.nc
  descargando archivo 85/86: tos_Omon_EC-Earth3_ssp585_r1i1p1f1_gn_209901-209912.nc
  descargando archivo 86/86: tos_Omon_EC-Earth3_ssp585_r1i1p1f1_gn_210001-210012.nc
Procesando EC-Earth3-Veg historical (18) ...
  descargando archivo 1/165: tos_Omon_EC-Earth3-Veg_historical_r1i1p1f1_gn_185001-185012.nc
  descargando archivo 2/165: tos_Omon_EC-Earth3-Veg_historical_r1i1p1f1_gn_185101-185112.nc
  descargando archivo 3/165: tos_Omon_EC-Earth3-Veg_historical_r1i1p1f1_gn_185201-185212.nc
  descargando archivo 4/165: tos_Omon_EC-Earth3-Veg_historical_r1i1p1f1_gn_185301-185312.nc
  descargando archivo 5/165: tos_Omon_EC-Earth3-Veg_historical_r1i1p1f1_gn_185401-185412.nc
  descargando archivo 6/165: tos_Omon_EC-Earth3-Veg_historical_r1i1p1f1_gn_185501-185512.nc
  descargando archivo 7/165: tos_Omon_EC-Earth3-Veg_historical_r1i1p1f1_gn_185601-185612.nc
  descargando archivo 8/165: tos_Omon_EC-Earth3-Veg_historical_r1i1p1f1_gn_185701-185712.nc
  descargando archivo 9/165: tos_Omon_EC-Earth3-Veg_historical_r1i1p1f1_gn_185801-185812.nc
  descargando archivo 10/165: tos_Omon_EC-Earth3-Veg_historical_r1i1p1f1_gn_185901-185912.nc
  descargando archivo 11/165: tos_Omon_EC-Earth3-Veg_historical_r1i1p1f1_gn_186001-186012.nc
  descargando archivo 12/165: tos_Omon_EC-Earth3-Veg_historical_r1i1p1f1_gn_186101-186112.nc
  descargando archivo 13/165: tos_Omon_EC-Earth3-Veg_historical_r1i1p1f1_gn_186201-186212.nc
  descargando archivo 14/165: tos_Omon_EC-Earth3-Veg_historical_r1i1p1f1_gn_186301-186312.nc
  descargando archivo 15/165: tos_Omon_EC-Earth3-Veg_historical_r1i1p1f1_gn_186401-186412.nc
  descargando archivo 16/165: tos_Omon_EC-Earth3-Veg_historical_r1i1p1f1_gn_186501-186512.nc
  descargando archivo 17/165: tos_Omon_EC-Earth3-Veg_historical_r1i1p1f1_gn_186601-186612.nc
  descargando archivo 18/165: tos_Omon_EC-Earth3-Veg_historical_r1i1p1f1_gn_186701-186712.nc
  descargando archivo 19/165: tos_Omon_EC-Earth3-Veg_historical_r1i1p1f1_gn_186801-186812.nc
  descargando archivo 20/165: tos_Omon_EC-Earth3-Veg_historical_r1i1p1f1_gn_186901-186912.nc
  descargando archivo 21/165: tos_Omon_EC-Earth3-Veg_historical_r1i1p1f1_gn_187001-187012.nc
  descargando archivo 22/165: tos_Omon_EC-Earth3-Veg_historical_r1i1p1f1_gn_187101-187112.nc
  descargando archivo 23/165: tos_Omon_EC-Earth3-Veg_historical_r1i1p1f1_gn_187201-187212.nc
  descargando archivo 24/165: tos_Omon_EC-Earth3-Veg_historical_r1i1p1f1_gn_187301-187312.nc
  descargando archivo 25/165: tos_Omon_EC-Earth3-Veg_historical_r1i1p1f1_gn_187401-187412.nc
  descargando archivo 26/165: tos_Omon_EC-Earth3-Veg_historical_r1i1p1f1_gn_187501-187512.nc
  descargando archivo 27/165: tos_Omon_EC-Earth3-Veg_historical_r1i1p1f1_gn_187601-187612.nc
  descargando archivo 28/165: tos_Omon_EC-Earth3-Veg_historical_r1i1p1f1_gn_187701-187712.nc
  descargando archivo 29/165: tos_Omon_EC-Earth3-Veg_historical_r1i1p1f1_gn_187801-187812.nc
  descargando archivo 30/165: tos_Omon_EC-Earth3-Veg_historical_r1i1p1f1_gn_187901-187912.nc
  descargando archivo 31/165: tos_Omon_EC-Earth3-Veg_historical_r1i1p1f1_gn_188001-188012.nc
  descargando archivo 32/165: tos_Omon_EC-Earth3-Veg_historical_r1i1p1f1_gn_188101-188112.nc
  descargando archivo 33/165: tos_Omon_EC-Earth3-Veg_historical_r1i1p1f1_gn_188201-188212.nc
  descargando archivo 34/165: tos_Omon_EC-Earth3-Veg_historical_r1i1p1f1_gn_188301-188312.nc
  descargando archivo 35/165: tos_Omon_EC-Earth3-Veg_historical_r1i1p1f1_gn_188401-188412.nc
  descargando archivo 36/165: tos_Omon_EC-Earth3-Veg_historical_r1i1p1f1_gn_188501-188512.nc
  descargando archivo 37/165: tos_Omon_EC-Earth3-Veg_historical_r1i1p1f1_gn_188601-188612.nc
  descargando archivo 38/165: tos_Omon_EC-Earth3-Veg_historical_r1i1p1f1_gn_188701-188712.nc
  descargando archivo 39/165: tos_Omon_EC-Earth3-Veg_historical_r1i1p1f1_gn_188801-188812.nc
  descargando archivo 40/165: tos_Omon_EC-Earth3-Veg_historical_r1i1p1f1_gn_188901-188912.nc
  descargando archivo 41/165: tos_Omon_EC-Earth3-Veg_historical_r1i1p1f1_gn_189001-189012.nc
  descargando archivo 42/165: tos_Omon_EC-Earth3-Veg_historical_r1i1p1f1_gn_189101-189112.nc
  descargando archivo 43/165: tos_Omon_EC-Earth3-Veg_historical_r1i1p1f1_gn_189201-189212.nc
  descargando archivo 44/165: tos_Omon_EC-Earth3-Veg_historical_r1i1p1f1_gn_189301-189312.nc
  descargando archivo 45/165: tos_Omon_EC-Earth3-Veg_historical_r1i1p1f1_gn_189401-189412.nc
  descargando archivo 46/165: tos_Omon_EC-Earth3-Veg_historical_r1i1p1f1_gn_189501-189512.nc
  descargando archivo 47/165: tos_Omon_EC-Earth3-Veg_historical_r1i1p1f1_gn_189601-189612.nc
  descargando archivo 48/165: tos_Omon_EC-Earth3-Veg_historical_r1i1p1f1_gn_189701-189712.nc
  descargando archivo 49/165: tos_Omon_EC-Earth3-Veg_historical_r1i1p1f1_gn_189801-189812.nc
  descargando archivo 50/165: tos_Omon_EC-Earth3-Veg_historical_r1i1p1f1_gn_189901-189912.nc
  descargando archivo 51/165: tos_Omon_EC-Earth3-Veg_historical_r1i1p1f1_gn_190001-190012.nc
  descargando archivo 52/165: tos_Omon_EC-Earth3-Veg_historical_r1i1p1f1_gn_190101-190112.nc
  descargando archivo 53/165: tos_Omon_EC-Earth3-Veg_historical_r1i1p1f1_gn_190201-190212.nc
  descargando archivo 54/165: tos_Omon_EC-Earth3-Veg_historical_r1i1p1f1_gn_190301-190312.nc
  descargando archivo 55/165: tos_Omon_EC-Earth3-Veg_historical_r1i1p1f1_gn_190401-190412.nc
  descargando archivo 56/165: tos_Omon_EC-Earth3-Veg_historical_r1i1p1f1_gn_190501-190512.nc
  descargando archivo 57/165: tos_Omon_EC-Earth3-Veg_historical_r1i1p1f1_gn_190601-190612.nc
  descargando archivo 58/165: tos_Omon_EC-Earth3-Veg_historical_r1i1p1f1_gn_190701-190712.nc
  descargando archivo 59/165: tos_Omon_EC-Earth3-Veg_historical_r1i1p1f1_gn_190801-190812.nc
  descargando archivo 60/165: tos_Omon_EC-Earth3-Veg_historical_r1i1p1f1_gn_190901-190912.nc
  descargando archivo 61/165: tos_Omon_EC-Earth3-Veg_historical_r1i1p1f1_gn_191001-191012.nc
  descargando archivo 62/165: tos_Omon_EC-Earth3-Veg_historical_r1i1p1f1_gn_191101-191112.nc
  descargando archivo 63/165: tos_Omon_EC-Earth3-Veg_historical_r1i1p1f1_gn_191201-191212.nc
  descargando archivo 64/165: tos_Omon_EC-Earth3-Veg_historical_r1i1p1f1_gn_191301-191312.nc
  descargando archivo 65/165: tos_Omon_EC-Earth3-Veg_historical_r1i1p1f1_gn_191401-191412.nc
  descargando archivo 66/165: tos_Omon_EC-Earth3-Veg_historical_r1i1p1f1_gn_191501-191512.nc
  descargando archivo 67/165: tos_Omon_EC-Earth3-Veg_historical_r1i1p1f1_gn_191601-191612.nc
  descargando archivo 68/165: tos_Omon_EC-Earth3-Veg_historical_r1i1p1f1_gn_191701-191712.nc
  descargando archivo 69/165: tos_Omon_EC-Earth3-Veg_historical_r1i1p1f1_gn_191801-191812.nc
  descargando archivo 70/165: tos_Omon_EC-Earth3-Veg_historical_r1i1p1f1_gn_191901-191912.nc
  descargando archivo 71/165: tos_Omon_EC-Earth3-Veg_historical_r1i1p1f1_gn_192001-192012.nc
  descargando archivo 72/165: tos_Omon_EC-Earth3-Veg_historical_r1i1p1f1_gn_192101-192112.nc
  descargando archivo 73/165: tos_Omon_EC-Earth3-Veg_historical_r1i1p1f1_gn_192201-192212.nc
  descargando archivo 74/165: tos_Omon_EC-Earth3-Veg_historical_r1i1p1f1_gn_192301-192312.nc
  descargando archivo 75/165: tos_Omon_EC-Earth3-Veg_historical_r1i1p1f1_gn_192401-192412.nc
  descargando archivo 76/165: tos_Omon_EC-Earth3-Veg_historical_r1i1p1f1_gn_192501-192512.nc
  descargando archivo 77/165: tos_Omon_EC-Earth3-Veg_historical_r1i1p1f1_gn_192601-192612.nc
  descargando archivo 78/165: tos_Omon_EC-Earth3-Veg_historical_r1i1p1f1_gn_192701-192712.nc
  descargando archivo 79/165: tos_Omon_EC-Earth3-Veg_historical_r1i1p1f1_gn_192801-192812.nc
  descargando archivo 80/165: tos_Omon_EC-Earth3-Veg_historical_r1i1p1f1_gn_192901-192912.nc
  descargando archivo 81/165: tos_Omon_EC-Earth3-Veg_historical_r1i1p1f1_gn_193001-193012.nc
  descargando archivo 82/165: tos_Omon_EC-Earth3-Veg_historical_r1i1p1f1_gn_193101-193112.nc
  descargando archivo 83/165: tos_Omon_EC-Earth3-Veg_historical_r1i1p1f1_gn_193201-193212.nc
  descargando archivo 84/165: tos_Omon_EC-Earth3-Veg_historical_r1i1p1f1_gn_193301-193312.nc
  descargando archivo 85/165: tos_Omon_EC-Earth3-Veg_historical_r1i1p1f1_gn_193401-193412.nc
  descargando archivo 86/165: tos_Omon_EC-Earth3-Veg_historical_r1i1p1f1_gn_193501-193512.nc
  descargando archivo 87/165: tos_Omon_EC-Earth3-Veg_historical_r1i1p1f1_gn_193601-193612.nc
  descargando archivo 88/165: tos_Omon_EC-Earth3-Veg_historical_r1i1p1f1_gn_193701-193712.nc
  descargando archivo 89/165: tos_Omon_EC-Earth3-Veg_historical_r1i1p1f1_gn_193801-193812.nc
  descargando archivo 90/165: tos_Omon_EC-Earth3-Veg_historical_r1i1p1f1_gn_193901-193912.nc
  descargando archivo 91/165: tos_Omon_EC-Earth3-Veg_historical_r1i1p1f1_gn_194001-194012.nc
  descargando archivo 92/165: tos_Omon_EC-Earth3-Veg_historical_r1i1p1f1_gn_194101-194112.nc
  descargando archivo 93/165: tos_Omon_EC-Earth3-Veg_historical_r1i1p1f1_gn_194201-194212.nc
  descargando archivo 94/165: tos_Omon_EC-Earth3-Veg_historical_r1i1p1f1_gn_194301-194312.nc
  descargando archivo 95/165: tos_Omon_EC-Earth3-Veg_historical_r1i1p1f1_gn_194401-194412.nc
  descargando archivo 96/165: tos_Omon_EC-Earth3-Veg_historical_r1i1p1f1_gn_194501-194512.nc
  descargando archivo 97/165: tos_Omon_EC-Earth3-Veg_historical_r1i1p1f1_gn_194601-194612.nc
  descargando archivo 98/165: tos_Omon_EC-Earth3-Veg_historical_r1i1p1f1_gn_194701-194712.nc
  descargando archivo 99/165: tos_Omon_EC-Earth3-Veg_historical_r1i1p1f1_gn_194801-194812.nc
  descargando archivo 100/165: tos_Omon_EC-Earth3-Veg_historical_r1i1p1f1_gn_194901-194912.nc
  descargando archivo 101/165: tos_Omon_EC-Earth3-Veg_historical_r1i1p1f1_gn_195001-195012.nc
  descargando archivo 102/165: tos_Omon_EC-Earth3-Veg_historical_r1i1p1f1_gn_195101-195112.nc
  descargando archivo 103/165: tos_Omon_EC-Earth3-Veg_historical_r1i1p1f1_gn_195201-195212.nc
  descargando archivo 104/165: tos_Omon_EC-Earth3-Veg_historical_r1i1p1f1_gn_195301-195312.nc
  descargando archivo 105/165: tos_Omon_EC-Earth3-Veg_historical_r1i1p1f1_gn_195401-195412.nc
  descargando archivo 106/165: tos_Omon_EC-Earth3-Veg_historical_r1i1p1f1_gn_195501-195512.nc
  descargando archivo 107/165: tos_Omon_EC-Earth3-Veg_historical_r1i1p1f1_gn_195601-195612.nc
  descargando archivo 108/165: tos_Omon_EC-Earth3-Veg_historical_r1i1p1f1_gn_195701-195712.nc
  descargando archivo 109/165: tos_Omon_EC-Earth3-Veg_historical_r1i1p1f1_gn_195801-195812.nc
  descargando archivo 110/165: tos_Omon_EC-Earth3-Veg_historical_r1i1p1f1_gn_195901-195912.nc
  descargando archivo 111/165: tos_Omon_EC-Earth3-Veg_historical_r1i1p1f1_gn_196001-196012.nc
  descargando archivo 112/165: tos_Omon_EC-Earth3-Veg_historical_r1i1p1f1_gn_196101-196112.nc
  descargando archivo 113/165: tos_Omon_EC-Earth3-Veg_historical_r1i1p1f1_gn_196201-196212.nc
  descargando archivo 114/165: tos_Omon_EC-Earth3-Veg_historical_r1i1p1f1_gn_196301-196312.nc
  descargando archivo 115/165: tos_Omon_EC-Earth3-Veg_historical_r1i1p1f1_gn_196401-196412.nc
  descargando archivo 116/165: tos_Omon_EC-Earth3-Veg_historical_r1i1p1f1_gn_196501-196512.nc
  descargando archivo 117/165: tos_Omon_EC-Earth3-Veg_historical_r1i1p1f1_gn_196601-196612.nc
  descargando archivo 118/165: tos_Omon_EC-Earth3-Veg_historical_r1i1p1f1_gn_196701-196712.nc
  descargando archivo 119/165: tos_Omon_EC-Earth3-Veg_historical_r1i1p1f1_gn_196801-196812.nc
  descargando archivo 120/165: tos_Omon_EC-Earth3-Veg_historical_r1i1p1f1_gn_196901-196912.nc
  descargando archivo 121/165: tos_Omon_EC-Earth3-Veg_historical_r1i1p1f1_gn_197001-197012.nc
  descargando archivo 122/165: tos_Omon_EC-Earth3-Veg_historical_r1i1p1f1_gn_197101-197112.nc
  descargando archivo 123/165: tos_Omon_EC-Earth3-Veg_historical_r1i1p1f1_gn_197201-197212.nc
  descargando archivo 124/165: tos_Omon_EC-Earth3-Veg_historical_r1i1p1f1_gn_197301-197312.nc
  descargando archivo 125/165: tos_Omon_EC-Earth3-Veg_historical_r1i1p1f1_gn_197401-197412.nc
  descargando archivo 126/165: tos_Omon_EC-Earth3-Veg_historical_r1i1p1f1_gn_197501-197512.nc
  descargando archivo 127/165: tos_Omon_EC-Earth3-Veg_historical_r1i1p1f1_gn_197601-197612.nc
  descargando archivo 128/165: tos_Omon_EC-Earth3-Veg_historical_r1i1p1f1_gn_197701-197712.nc
  descargando archivo 129/165: tos_Omon_EC-Earth3-Veg_historical_r1i1p1f1_gn_197801-197812.nc
  descargando archivo 130/165: tos_Omon_EC-Earth3-Veg_historical_r1i1p1f1_gn_197901-197912.nc
  descargando archivo 131/165: tos_Omon_EC-Earth3-Veg_historical_r1i1p1f1_gn_198001-198012.nc
  descargando archivo 132/165: tos_Omon_EC-Earth3-Veg_historical_r1i1p1f1_gn_198101-198112.nc
  descargando archivo 133/165: tos_Omon_EC-Earth3-Veg_historical_r1i1p1f1_gn_198201-198212.nc
  descargando archivo 134/165: tos_Omon_EC-Earth3-Veg_historical_r1i1p1f1_gn_198301-198312.nc
  descargando archivo 135/165: tos_Omon_EC-Earth3-Veg_historical_r1i1p1f1_gn_198401-198412.nc
  descargando archivo 136/165: tos_Omon_EC-Earth3-Veg_historical_r1i1p1f1_gn_198501-198512.nc
  descargando archivo 137/165: tos_Omon_EC-Earth3-Veg_historical_r1i1p1f1_gn_198601-198612.nc
  descargando archivo 138/165: tos_Omon_EC-Earth3-Veg_historical_r1i1p1f1_gn_198701-198712.nc
  descargando archivo 139/165: tos_Omon_EC-Earth3-Veg_historical_r1i1p1f1_gn_198801-198812.nc
  descargando archivo 140/165: tos_Omon_EC-Earth3-Veg_historical_r1i1p1f1_gn_198901-198912.nc
  descargando archivo 141/165: tos_Omon_EC-Earth3-Veg_historical_r1i1p1f1_gn_199001-199012.nc
  descargando archivo 142/165: tos_Omon_EC-Earth3-Veg_historical_r1i1p1f1_gn_199101-199112.nc
  descargando archivo 143/165: tos_Omon_EC-Earth3-Veg_historical_r1i1p1f1_gn_199201-199212.nc
  descargando archivo 144/165: tos_Omon_EC-Earth3-Veg_historical_r1i1p1f1_gn_199301-199312.nc
  descargando archivo 145/165: tos_Omon_EC-Earth3-Veg_historical_r1i1p1f1_gn_199401-199412.nc
  descargando archivo 146/165: tos_Omon_EC-Earth3-Veg_historical_r1i1p1f1_gn_199501-199512.nc
  descargando archivo 147/165: tos_Omon_EC-Earth3-Veg_historical_r1i1p1f1_gn_199601-199612.nc
  descargando archivo 148/165: tos_Omon_EC-Earth3-Veg_historical_r1i1p1f1_gn_199701-199712.nc
  descargando archivo 149/165: tos_Omon_EC-Earth3-Veg_historical_r1i1p1f1_gn_199801-199812.nc
  descargando archivo 150/165: tos_Omon_EC-Earth3-Veg_historical_r1i1p1f1_gn_199901-199912.nc
  descargando archivo 151/165: tos_Omon_EC-Earth3-Veg_historical_r1i1p1f1_gn_200001-200012.nc
  descargando archivo 152/165: tos_Omon_EC-Earth3-Veg_historical_r1i1p1f1_gn_200101-200112.nc
  descargando archivo 153/165: tos_Omon_EC-Earth3-Veg_historical_r1i1p1f1_gn_200201-200212.nc
  descargando archivo 154/165: tos_Omon_EC-Earth3-Veg_historical_r1i1p1f1_gn_200301-200312.nc
  descargando archivo 155/165: tos_Omon_EC-Earth3-Veg_historical_r1i1p1f1_gn_200401-200412.nc
  descargando archivo 156/165: tos_Omon_EC-Earth3-Veg_historical_r1i1p1f1_gn_200501-200512.nc
  descargando archivo 157/165: tos_Omon_EC-Earth3-Veg_historical_r1i1p1f1_gn_200601-200612.nc
  descargando archivo 158/165: tos_Omon_EC-Earth3-Veg_historical_r1i1p1f1_gn_200701-200712.nc
  descargando archivo 159/165: tos_Omon_EC-Earth3-Veg_historical_r1i1p1f1_gn_200801-200812.nc
  descargando archivo 160/165: tos_Omon_EC-Earth3-Veg_historical_r1i1p1f1_gn_200901-200912.nc
  descargando archivo 161/165: tos_Omon_EC-Earth3-Veg_historical_r1i1p1f1_gn_201001-201012.nc
  descargando archivo 162/165: tos_Omon_EC-Earth3-Veg_historical_r1i1p1f1_gn_201101-201112.nc
  descargando archivo 163/165: tos_Omon_EC-Earth3-Veg_historical_r1i1p1f1_gn_201201-201212.nc
  descargando archivo 164/165: tos_Omon_EC-Earth3-Veg_historical_r1i1p1f1_gn_201301-201312.nc
  descargando archivo 165/165: tos_Omon_EC-Earth3-Veg_historical_r1i1p1f1_gn_201401-201412.nc
Procesando EC-Earth3-Veg ssp245 (18) ...
  descargando archivo 1/86: tos_Omon_EC-Earth3-Veg_ssp245_r1i1p1f1_gn_201501-201512.nc
  descargando archivo 2/86: tos_Omon_EC-Earth3-Veg_ssp245_r1i1p1f1_gn_201601-201612.nc
  descargando archivo 3/86: tos_Omon_EC-Earth3-Veg_ssp245_r1i1p1f1_gn_201701-201712.nc
  descargando archivo 4/86: tos_Omon_EC-Earth3-Veg_ssp245_r1i1p1f1_gn_201801-201812.nc
  descargando archivo 5/86: tos_Omon_EC-Earth3-Veg_ssp245_r1i1p1f1_gn_201901-201912.nc
  descargando archivo 6/86: tos_Omon_EC-Earth3-Veg_ssp245_r1i1p1f1_gn_202001-202012.nc
  descargando archivo 7/86: tos_Omon_EC-Earth3-Veg_ssp245_r1i1p1f1_gn_202101-202112.nc
  descargando archivo 8/86: tos_Omon_EC-Earth3-Veg_ssp245_r1i1p1f1_gn_202201-202212.nc
  descargando archivo 9/86: tos_Omon_EC-Earth3-Veg_ssp245_r1i1p1f1_gn_202301-202312.nc
  descargando archivo 10/86: tos_Omon_EC-Earth3-Veg_ssp245_r1i1p1f1_gn_202401-202412.nc
  descargando archivo 11/86: tos_Omon_EC-Earth3-Veg_ssp245_r1i1p1f1_gn_202501-202512.nc
  descargando archivo 12/86: tos_Omon_EC-Earth3-Veg_ssp245_r1i1p1f1_gn_202601-202612.nc
  descargando archivo 13/86: tos_Omon_EC-Earth3-Veg_ssp245_r1i1p1f1_gn_202701-202712.nc
  descargando archivo 14/86: tos_Omon_EC-Earth3-Veg_ssp245_r1i1p1f1_gn_202801-202812.nc
  descargando archivo 15/86: tos_Omon_EC-Earth3-Veg_ssp245_r1i1p1f1_gn_202901-202912.nc
  descargando archivo 16/86: tos_Omon_EC-Earth3-Veg_ssp245_r1i1p1f1_gn_203001-203012.nc
  descargando archivo 17/86: tos_Omon_EC-Earth3-Veg_ssp245_r1i1p1f1_gn_203101-203112.nc
  descargando archivo 18/86: tos_Omon_EC-Earth3-Veg_ssp245_r1i1p1f1_gn_203201-203212.nc
  descargando archivo 19/86: tos_Omon_EC-Earth3-Veg_ssp245_r1i1p1f1_gn_203301-203312.nc
  descargando archivo 20/86: tos_Omon_EC-Earth3-Veg_ssp245_r1i1p1f1_gn_203401-203412.nc
  descargando archivo 21/86: tos_Omon_EC-Earth3-Veg_ssp245_r1i1p1f1_gn_203501-203512.nc
  descargando archivo 22/86: tos_Omon_EC-Earth3-Veg_ssp245_r1i1p1f1_gn_203601-203612.nc
  descargando archivo 23/86: tos_Omon_EC-Earth3-Veg_ssp245_r1i1p1f1_gn_203701-203712.nc
  descargando archivo 24/86: tos_Omon_EC-Earth3-Veg_ssp245_r1i1p1f1_gn_203801-203812.nc
  descargando archivo 25/86: tos_Omon_EC-Earth3-Veg_ssp245_r1i1p1f1_gn_203901-203912.nc
  descargando archivo 26/86: tos_Omon_EC-Earth3-Veg_ssp245_r1i1p1f1_gn_204001-204012.nc
  descargando archivo 27/86: tos_Omon_EC-Earth3-Veg_ssp245_r1i1p1f1_gn_204101-204112.nc
  descargando archivo 28/86: tos_Omon_EC-Earth3-Veg_ssp245_r1i1p1f1_gn_204201-204212.nc
  descargando archivo 29/86: tos_Omon_EC-Earth3-Veg_ssp245_r1i1p1f1_gn_204301-204312.nc
  descargando archivo 30/86: tos_Omon_EC-Earth3-Veg_ssp245_r1i1p1f1_gn_204401-204412.nc
  descargando archivo 31/86: tos_Omon_EC-Earth3-Veg_ssp245_r1i1p1f1_gn_204501-204512.nc
  descargando archivo 32/86: tos_Omon_EC-Earth3-Veg_ssp245_r1i1p1f1_gn_204601-204612.nc
  descargando archivo 33/86: tos_Omon_EC-Earth3-Veg_ssp245_r1i1p1f1_gn_204701-204712.nc
  descargando archivo 34/86: tos_Omon_EC-Earth3-Veg_ssp245_r1i1p1f1_gn_204801-204812.nc
  descargando archivo 35/86: tos_Omon_EC-Earth3-Veg_ssp245_r1i1p1f1_gn_204901-204912.nc
  descargando archivo 36/86: tos_Omon_EC-Earth3-Veg_ssp245_r1i1p1f1_gn_205001-205012.nc
  descargando archivo 37/86: tos_Omon_EC-Earth3-Veg_ssp245_r1i1p1f1_gn_205101-205112.nc
  descargando archivo 38/86: tos_Omon_EC-Earth3-Veg_ssp245_r1i1p1f1_gn_205201-205212.nc
  descargando archivo 39/86: tos_Omon_EC-Earth3-Veg_ssp245_r1i1p1f1_gn_205301-205312.nc
  descargando archivo 40/86: tos_Omon_EC-Earth3-Veg_ssp245_r1i1p1f1_gn_205401-205412.nc
  descargando archivo 41/86: tos_Omon_EC-Earth3-Veg_ssp245_r1i1p1f1_gn_205501-205512.nc
  descargando archivo 42/86: tos_Omon_EC-Earth3-Veg_ssp245_r1i1p1f1_gn_205601-205612.nc
  descargando archivo 43/86: tos_Omon_EC-Earth3-Veg_ssp245_r1i1p1f1_gn_205701-205712.nc
  descargando archivo 44/86: tos_Omon_EC-Earth3-Veg_ssp245_r1i1p1f1_gn_205801-205812.nc
  descargando archivo 45/86: tos_Omon_EC-Earth3-Veg_ssp245_r1i1p1f1_gn_205901-205912.nc
  descargando archivo 46/86: tos_Omon_EC-Earth3-Veg_ssp245_r1i1p1f1_gn_206001-206012.nc
  descargando archivo 47/86: tos_Omon_EC-Earth3-Veg_ssp245_r1i1p1f1_gn_206101-206112.nc
  descargando archivo 48/86: tos_Omon_EC-Earth3-Veg_ssp245_r1i1p1f1_gn_206201-206212.nc
  descargando archivo 49/86: tos_Omon_EC-Earth3-Veg_ssp245_r1i1p1f1_gn_206301-206312.nc
  descargando archivo 50/86: tos_Omon_EC-Earth3-Veg_ssp245_r1i1p1f1_gn_206401-206412.nc
  descargando archivo 51/86: tos_Omon_EC-Earth3-Veg_ssp245_r1i1p1f1_gn_206501-206512.nc
  descargando archivo 52/86: tos_Omon_EC-Earth3-Veg_ssp245_r1i1p1f1_gn_206601-206612.nc
  descargando archivo 53/86: tos_Omon_EC-Earth3-Veg_ssp245_r1i1p1f1_gn_206701-206712.nc
  descargando archivo 54/86: tos_Omon_EC-Earth3-Veg_ssp245_r1i1p1f1_gn_206801-206812.nc
  descargando archivo 55/86: tos_Omon_EC-Earth3-Veg_ssp245_r1i1p1f1_gn_206901-206912.nc
  descargando archivo 56/86: tos_Omon_EC-Earth3-Veg_ssp245_r1i1p1f1_gn_207001-207012.nc
  descargando archivo 57/86: tos_Omon_EC-Earth3-Veg_ssp245_r1i1p1f1_gn_207101-207112.nc
  descargando archivo 58/86: tos_Omon_EC-Earth3-Veg_ssp245_r1i1p1f1_gn_207201-207212.nc
  descargando archivo 59/86: tos_Omon_EC-Earth3-Veg_ssp245_r1i1p1f1_gn_207301-207312.nc
  descargando archivo 60/86: tos_Omon_EC-Earth3-Veg_ssp245_r1i1p1f1_gn_207401-207412.nc
  descargando archivo 61/86: tos_Omon_EC-Earth3-Veg_ssp245_r1i1p1f1_gn_207501-207512.nc
  descargando archivo 62/86: tos_Omon_EC-Earth3-Veg_ssp245_r1i1p1f1_gn_207601-207612.nc
  descargando archivo 63/86: tos_Omon_EC-Earth3-Veg_ssp245_r1i1p1f1_gn_207701-207712.nc
  descargando archivo 64/86: tos_Omon_EC-Earth3-Veg_ssp245_r1i1p1f1_gn_207801-207812.nc
  descargando archivo 65/86: tos_Omon_EC-Earth3-Veg_ssp245_r1i1p1f1_gn_207901-207912.nc
  descargando archivo 66/86: tos_Omon_EC-Earth3-Veg_ssp245_r1i1p1f1_gn_208001-208012.nc
  descargando archivo 67/86: tos_Omon_EC-Earth3-Veg_ssp245_r1i1p1f1_gn_208101-208112.nc
  descargando archivo 68/86: tos_Omon_EC-Earth3-Veg_ssp245_r1i1p1f1_gn_208201-208212.nc
  descargando archivo 69/86: tos_Omon_EC-Earth3-Veg_ssp245_r1i1p1f1_gn_208301-208312.nc
  descargando archivo 70/86: tos_Omon_EC-Earth3-Veg_ssp245_r1i1p1f1_gn_208401-208412.nc
  descargando archivo 71/86: tos_Omon_EC-Earth3-Veg_ssp245_r1i1p1f1_gn_208501-208512.nc
  descargando archivo 72/86: tos_Omon_EC-Earth3-Veg_ssp245_r1i1p1f1_gn_208601-208612.nc
  descargando archivo 73/86: tos_Omon_EC-Earth3-Veg_ssp245_r1i1p1f1_gn_208701-208712.nc
  descargando archivo 74/86: tos_Omon_EC-Earth3-Veg_ssp245_r1i1p1f1_gn_208801-208812.nc
  descargando archivo 75/86: tos_Omon_EC-Earth3-Veg_ssp245_r1i1p1f1_gn_208901-208912.nc
  descargando archivo 76/86: tos_Omon_EC-Earth3-Veg_ssp245_r1i1p1f1_gn_209001-209012.nc
  descargando archivo 77/86: tos_Omon_EC-Earth3-Veg_ssp245_r1i1p1f1_gn_209101-209112.nc
  descargando archivo 78/86: tos_Omon_EC-Earth3-Veg_ssp245_r1i1p1f1_gn_209201-209212.nc
  descargando archivo 79/86: tos_Omon_EC-Earth3-Veg_ssp245_r1i1p1f1_gn_209301-209312.nc
  descargando archivo 80/86: tos_Omon_EC-Earth3-Veg_ssp245_r1i1p1f1_gn_209401-209412.nc
  descargando archivo 81/86: tos_Omon_EC-Earth3-Veg_ssp245_r1i1p1f1_gn_209501-209512.nc
  descargando archivo 82/86: tos_Omon_EC-Earth3-Veg_ssp245_r1i1p1f1_gn_209601-209612.nc
  descargando archivo 83/86: tos_Omon_EC-Earth3-Veg_ssp245_r1i1p1f1_gn_209701-209712.nc
  descargando archivo 84/86: tos_Omon_EC-Earth3-Veg_ssp245_r1i1p1f1_gn_209801-209812.nc
  descargando archivo 85/86: tos_Omon_EC-Earth3-Veg_ssp245_r1i1p1f1_gn_209901-209912.nc
  descargando archivo 86/86: tos_Omon_EC-Earth3-Veg_ssp245_r1i1p1f1_gn_210001-210012.nc
Procesando EC-Earth3-Veg ssp370 (18) ...
  descargando archivo 1/86: tos_Omon_EC-Earth3-Veg_ssp370_r1i1p1f1_gn_201501-201512.nc
  descargando archivo 2/86: tos_Omon_EC-Earth3-Veg_ssp370_r1i1p1f1_gn_201601-201612.nc
  descargando archivo 3/86: tos_Omon_EC-Earth3-Veg_ssp370_r1i1p1f1_gn_201701-201712.nc
  descargando archivo 4/86: tos_Omon_EC-Earth3-Veg_ssp370_r1i1p1f1_gn_201801-201812.nc
  descargando archivo 5/86: tos_Omon_EC-Earth3-Veg_ssp370_r1i1p1f1_gn_201901-201912.nc
  descargando archivo 6/86: tos_Omon_EC-Earth3-Veg_ssp370_r1i1p1f1_gn_202001-202012.nc
  descargando archivo 7/86: tos_Omon_EC-Earth3-Veg_ssp370_r1i1p1f1_gn_202101-202112.nc
  descargando archivo 8/86: tos_Omon_EC-Earth3-Veg_ssp370_r1i1p1f1_gn_202201-202212.nc
  descargando archivo 9/86: tos_Omon_EC-Earth3-Veg_ssp370_r1i1p1f1_gn_202301-202312.nc
  descargando archivo 10/86: tos_Omon_EC-Earth3-Veg_ssp370_r1i1p1f1_gn_202401-202412.nc
  descargando archivo 11/86: tos_Omon_EC-Earth3-Veg_ssp370_r1i1p1f1_gn_202501-202512.nc
  descargando archivo 12/86: tos_Omon_EC-Earth3-Veg_ssp370_r1i1p1f1_gn_202601-202612.nc
  descargando archivo 13/86: tos_Omon_EC-Earth3-Veg_ssp370_r1i1p1f1_gn_202701-202712.nc
  descargando archivo 14/86: tos_Omon_EC-Earth3-Veg_ssp370_r1i1p1f1_gn_202801-202812.nc
  descargando archivo 15/86: tos_Omon_EC-Earth3-Veg_ssp370_r1i1p1f1_gn_202901-202912.nc
  descargando archivo 16/86: tos_Omon_EC-Earth3-Veg_ssp370_r1i1p1f1_gn_203001-203012.nc
  descargando archivo 17/86: tos_Omon_EC-Earth3-Veg_ssp370_r1i1p1f1_gn_203101-203112.nc
  descargando archivo 18/86: tos_Omon_EC-Earth3-Veg_ssp370_r1i1p1f1_gn_203201-203212.nc
  descargando archivo 19/86: tos_Omon_EC-Earth3-Veg_ssp370_r1i1p1f1_gn_203301-203312.nc
  descargando archivo 20/86: tos_Omon_EC-Earth3-Veg_ssp370_r1i1p1f1_gn_203401-203412.nc
  descargando archivo 21/86: tos_Omon_EC-Earth3-Veg_ssp370_r1i1p1f1_gn_203501-203512.nc
  descargando archivo 22/86: tos_Omon_EC-Earth3-Veg_ssp370_r1i1p1f1_gn_203601-203612.nc
  descargando archivo 23/86: tos_Omon_EC-Earth3-Veg_ssp370_r1i1p1f1_gn_203701-203712.nc
  descargando archivo 24/86: tos_Omon_EC-Earth3-Veg_ssp370_r1i1p1f1_gn_203801-203812.nc
  descargando archivo 25/86: tos_Omon_EC-Earth3-Veg_ssp370_r1i1p1f1_gn_203901-203912.nc
  descargando archivo 26/86: tos_Omon_EC-Earth3-Veg_ssp370_r1i1p1f1_gn_204001-204012.nc
  descargando archivo 27/86: tos_Omon_EC-Earth3-Veg_ssp370_r1i1p1f1_gn_204101-204112.nc
  descargando archivo 28/86: tos_Omon_EC-Earth3-Veg_ssp370_r1i1p1f1_gn_204201-204212.nc
  descargando archivo 29/86: tos_Omon_EC-Earth3-Veg_ssp370_r1i1p1f1_gn_204301-204312.nc
  descargando archivo 30/86: tos_Omon_EC-Earth3-Veg_ssp370_r1i1p1f1_gn_204401-204412.nc
  descargando archivo 31/86: tos_Omon_EC-Earth3-Veg_ssp370_r1i1p1f1_gn_204501-204512.nc
  descargando archivo 32/86: tos_Omon_EC-Earth3-Veg_ssp370_r1i1p1f1_gn_204601-204612.nc
  descargando archivo 33/86: tos_Omon_EC-Earth3-Veg_ssp370_r1i1p1f1_gn_204701-204712.nc
  descargando archivo 34/86: tos_Omon_EC-Earth3-Veg_ssp370_r1i1p1f1_gn_204801-204812.nc
  descargando archivo 35/86: tos_Omon_EC-Earth3-Veg_ssp370_r1i1p1f1_gn_204901-204912.nc
  descargando archivo 36/86: tos_Omon_EC-Earth3-Veg_ssp370_r1i1p1f1_gn_205001-205012.nc
  descargando archivo 37/86: tos_Omon_EC-Earth3-Veg_ssp370_r1i1p1f1_gn_205101-205112.nc
  descargando archivo 38/86: tos_Omon_EC-Earth3-Veg_ssp370_r1i1p1f1_gn_205201-205212.nc
  descargando archivo 39/86: tos_Omon_EC-Earth3-Veg_ssp370_r1i1p1f1_gn_205301-205312.nc
  descargando archivo 40/86: tos_Omon_EC-Earth3-Veg_ssp370_r1i1p1f1_gn_205401-205412.nc
  descargando archivo 41/86: tos_Omon_EC-Earth3-Veg_ssp370_r1i1p1f1_gn_205501-205512.nc
  descargando archivo 42/86: tos_Omon_EC-Earth3-Veg_ssp370_r1i1p1f1_gn_205601-205612.nc
  descargando archivo 43/86: tos_Omon_EC-Earth3-Veg_ssp370_r1i1p1f1_gn_205701-205712.nc
  descargando archivo 44/86: tos_Omon_EC-Earth3-Veg_ssp370_r1i1p1f1_gn_205801-205812.nc
  descargando archivo 45/86: tos_Omon_EC-Earth3-Veg_ssp370_r1i1p1f1_gn_205901-205912.nc
  descargando archivo 46/86: tos_Omon_EC-Earth3-Veg_ssp370_r1i1p1f1_gn_206001-206012.nc
  descargando archivo 47/86: tos_Omon_EC-Earth3-Veg_ssp370_r1i1p1f1_gn_206101-206112.nc
  descargando archivo 48/86: tos_Omon_EC-Earth3-Veg_ssp370_r1i1p1f1_gn_206201-206212.nc
  descargando archivo 49/86: tos_Omon_EC-Earth3-Veg_ssp370_r1i1p1f1_gn_206301-206312.nc
  descargando archivo 50/86: tos_Omon_EC-Earth3-Veg_ssp370_r1i1p1f1_gn_206401-206412.nc
  descargando archivo 51/86: tos_Omon_EC-Earth3-Veg_ssp370_r1i1p1f1_gn_206501-206512.nc
  descargando archivo 52/86: tos_Omon_EC-Earth3-Veg_ssp370_r1i1p1f1_gn_206601-206612.nc
  descargando archivo 53/86: tos_Omon_EC-Earth3-Veg_ssp370_r1i1p1f1_gn_206701-206712.nc
  descargando archivo 54/86: tos_Omon_EC-Earth3-Veg_ssp370_r1i1p1f1_gn_206801-206812.nc
  descargando archivo 55/86: tos_Omon_EC-Earth3-Veg_ssp370_r1i1p1f1_gn_206901-206912.nc
  descargando archivo 56/86: tos_Omon_EC-Earth3-Veg_ssp370_r1i1p1f1_gn_207001-207012.nc
  descargando archivo 57/86: tos_Omon_EC-Earth3-Veg_ssp370_r1i1p1f1_gn_207101-207112.nc
  descargando archivo 58/86: tos_Omon_EC-Earth3-Veg_ssp370_r1i1p1f1_gn_207201-207212.nc
  descargando archivo 59/86: tos_Omon_EC-Earth3-Veg_ssp370_r1i1p1f1_gn_207301-207312.nc
  descargando archivo 60/86: tos_Omon_EC-Earth3-Veg_ssp370_r1i1p1f1_gn_207401-207412.nc
  descargando archivo 61/86: tos_Omon_EC-Earth3-Veg_ssp370_r1i1p1f1_gn_207501-207512.nc
  descargando archivo 62/86: tos_Omon_EC-Earth3-Veg_ssp370_r1i1p1f1_gn_207601-207612.nc
  descargando archivo 63/86: tos_Omon_EC-Earth3-Veg_ssp370_r1i1p1f1_gn_207701-207712.nc
  descargando archivo 64/86: tos_Omon_EC-Earth3-Veg_ssp370_r1i1p1f1_gn_207801-207812.nc
  descargando archivo 65/86: tos_Omon_EC-Earth3-Veg_ssp370_r1i1p1f1_gn_207901-207912.nc
  descargando archivo 66/86: tos_Omon_EC-Earth3-Veg_ssp370_r1i1p1f1_gn_208001-208012.nc
  descargando archivo 67/86: tos_Omon_EC-Earth3-Veg_ssp370_r1i1p1f1_gn_208101-208112.nc
  descargando archivo 68/86: tos_Omon_EC-Earth3-Veg_ssp370_r1i1p1f1_gn_208201-208212.nc
  descargando archivo 69/86: tos_Omon_EC-Earth3-Veg_ssp370_r1i1p1f1_gn_208301-208312.nc
  descargando archivo 70/86: tos_Omon_EC-Earth3-Veg_ssp370_r1i1p1f1_gn_208401-208412.nc
  descargando archivo 71/86: tos_Omon_EC-Earth3-Veg_ssp370_r1i1p1f1_gn_208501-208512.nc
  descargando archivo 72/86: tos_Omon_EC-Earth3-Veg_ssp370_r1i1p1f1_gn_208601-208612.nc
  descargando archivo 73/86: tos_Omon_EC-Earth3-Veg_ssp370_r1i1p1f1_gn_208701-208712.nc
  descargando archivo 74/86: tos_Omon_EC-Earth3-Veg_ssp370_r1i1p1f1_gn_208801-208812.nc
  descargando archivo 75/86: tos_Omon_EC-Earth3-Veg_ssp370_r1i1p1f1_gn_208901-208912.nc
  descargando archivo 76/86: tos_Omon_EC-Earth3-Veg_ssp370_r1i1p1f1_gn_209001-209012.nc
  descargando archivo 77/86: tos_Omon_EC-Earth3-Veg_ssp370_r1i1p1f1_gn_209101-209112.nc
  descargando archivo 78/86: tos_Omon_EC-Earth3-Veg_ssp370_r1i1p1f1_gn_209201-209212.nc
  descargando archivo 79/86: tos_Omon_EC-Earth3-Veg_ssp370_r1i1p1f1_gn_209301-209312.nc
  descargando archivo 80/86: tos_Omon_EC-Earth3-Veg_ssp370_r1i1p1f1_gn_209401-209412.nc
  descargando archivo 81/86: tos_Omon_EC-Earth3-Veg_ssp370_r1i1p1f1_gn_209501-209512.nc
  descargando archivo 82/86: tos_Omon_EC-Earth3-Veg_ssp370_r1i1p1f1_gn_209601-209612.nc
  descargando archivo 83/86: tos_Omon_EC-Earth3-Veg_ssp370_r1i1p1f1_gn_209701-209712.nc
  descargando archivo 84/86: tos_Omon_EC-Earth3-Veg_ssp370_r1i1p1f1_gn_209801-209812.nc
  descargando archivo 85/86: tos_Omon_EC-Earth3-Veg_ssp370_r1i1p1f1_gn_209901-209912.nc
  descargando archivo 86/86: tos_Omon_EC-Earth3-Veg_ssp370_r1i1p1f1_gn_210001-210012.nc
Procesando EC-Earth3-Veg ssp585 (18) ...
  descargando archivo 1/86: tos_Omon_EC-Earth3-Veg_ssp585_r1i1p1f1_gn_201501-201512.nc
  descargando archivo 2/86: tos_Omon_EC-Earth3-Veg_ssp585_r1i1p1f1_gn_201601-201612.nc
  descargando archivo 3/86: tos_Omon_EC-Earth3-Veg_ssp585_r1i1p1f1_gn_201701-201712.nc
  descargando archivo 4/86: tos_Omon_EC-Earth3-Veg_ssp585_r1i1p1f1_gn_201801-201812.nc
  descargando archivo 5/86: tos_Omon_EC-Earth3-Veg_ssp585_r1i1p1f1_gn_201901-201912.nc
  descargando archivo 6/86: tos_Omon_EC-Earth3-Veg_ssp585_r1i1p1f1_gn_202001-202012.nc
  descargando archivo 7/86: tos_Omon_EC-Earth3-Veg_ssp585_r1i1p1f1_gn_202101-202112.nc
  descargando archivo 8/86: tos_Omon_EC-Earth3-Veg_ssp585_r1i1p1f1_gn_202201-202212.nc
  descargando archivo 9/86: tos_Omon_EC-Earth3-Veg_ssp585_r1i1p1f1_gn_202301-202312.nc
  descargando archivo 10/86: tos_Omon_EC-Earth3-Veg_ssp585_r1i1p1f1_gn_202401-202412.nc
  descargando archivo 11/86: tos_Omon_EC-Earth3-Veg_ssp585_r1i1p1f1_gn_202501-202512.nc
  descargando archivo 12/86: tos_Omon_EC-Earth3-Veg_ssp585_r1i1p1f1_gn_202601-202612.nc
  descargando archivo 13/86: tos_Omon_EC-Earth3-Veg_ssp585_r1i1p1f1_gn_202701-202712.nc
  descargando archivo 14/86: tos_Omon_EC-Earth3-Veg_ssp585_r1i1p1f1_gn_202801-202812.nc
  descargando archivo 15/86: tos_Omon_EC-Earth3-Veg_ssp585_r1i1p1f1_gn_202901-202912.nc
  descargando archivo 16/86: tos_Omon_EC-Earth3-Veg_ssp585_r1i1p1f1_gn_203001-203012.nc
  descargando archivo 17/86: tos_Omon_EC-Earth3-Veg_ssp585_r1i1p1f1_gn_203101-203112.nc
  descargando archivo 18/86: tos_Omon_EC-Earth3-Veg_ssp585_r1i1p1f1_gn_203201-203212.nc
  descargando archivo 19/86: tos_Omon_EC-Earth3-Veg_ssp585_r1i1p1f1_gn_203301-203312.nc
  descargando archivo 20/86: tos_Omon_EC-Earth3-Veg_ssp585_r1i1p1f1_gn_203401-203412.nc
  descargando archivo 21/86: tos_Omon_EC-Earth3-Veg_ssp585_r1i1p1f1_gn_203501-203512.nc
  descargando archivo 22/86: tos_Omon_EC-Earth3-Veg_ssp585_r1i1p1f1_gn_203601-203612.nc
  descargando archivo 23/86: tos_Omon_EC-Earth3-Veg_ssp585_r1i1p1f1_gn_203701-203712.nc
  descargando archivo 24/86: tos_Omon_EC-Earth3-Veg_ssp585_r1i1p1f1_gn_203801-203812.nc
  descargando archivo 25/86: tos_Omon_EC-Earth3-Veg_ssp585_r1i1p1f1_gn_203901-203912.nc
  descargando archivo 26/86: tos_Omon_EC-Earth3-Veg_ssp585_r1i1p1f1_gn_204001-204012.nc
  descargando archivo 27/86: tos_Omon_EC-Earth3-Veg_ssp585_r1i1p1f1_gn_204101-204112.nc
  descargando archivo 28/86: tos_Omon_EC-Earth3-Veg_ssp585_r1i1p1f1_gn_204201-204212.nc
  descargando archivo 29/86: tos_Omon_EC-Earth3-Veg_ssp585_r1i1p1f1_gn_204301-204312.nc
  descargando archivo 30/86: tos_Omon_EC-Earth3-Veg_ssp585_r1i1p1f1_gn_204401-204412.nc
  descargando archivo 31/86: tos_Omon_EC-Earth3-Veg_ssp585_r1i1p1f1_gn_204501-204512.nc
  descargando archivo 32/86: tos_Omon_EC-Earth3-Veg_ssp585_r1i1p1f1_gn_204601-204612.nc
  descargando archivo 33/86: tos_Omon_EC-Earth3-Veg_ssp585_r1i1p1f1_gn_204701-204712.nc
  descargando archivo 34/86: tos_Omon_EC-Earth3-Veg_ssp585_r1i1p1f1_gn_204801-204812.nc
  descargando archivo 35/86: tos_Omon_EC-Earth3-Veg_ssp585_r1i1p1f1_gn_204901-204912.nc
  descargando archivo 36/86: tos_Omon_EC-Earth3-Veg_ssp585_r1i1p1f1_gn_205001-205012.nc
  descargando archivo 37/86: tos_Omon_EC-Earth3-Veg_ssp585_r1i1p1f1_gn_205101-205112.nc
  descargando archivo 38/86: tos_Omon_EC-Earth3-Veg_ssp585_r1i1p1f1_gn_205201-205212.nc
  descargando archivo 39/86: tos_Omon_EC-Earth3-Veg_ssp585_r1i1p1f1_gn_205301-205312.nc
  descargando archivo 40/86: tos_Omon_EC-Earth3-Veg_ssp585_r1i1p1f1_gn_205401-205412.nc
  descargando archivo 41/86: tos_Omon_EC-Earth3-Veg_ssp585_r1i1p1f1_gn_205501-205512.nc
  descargando archivo 42/86: tos_Omon_EC-Earth3-Veg_ssp585_r1i1p1f1_gn_205601-205612.nc
  descargando archivo 43/86: tos_Omon_EC-Earth3-Veg_ssp585_r1i1p1f1_gn_205701-205712.nc
  descargando archivo 44/86: tos_Omon_EC-Earth3-Veg_ssp585_r1i1p1f1_gn_205801-205812.nc
  descargando archivo 45/86: tos_Omon_EC-Earth3-Veg_ssp585_r1i1p1f1_gn_205901-205912.nc
  descargando archivo 46/86: tos_Omon_EC-Earth3-Veg_ssp585_r1i1p1f1_gn_206001-206012.nc
  descargando archivo 47/86: tos_Omon_EC-Earth3-Veg_ssp585_r1i1p1f1_gn_206101-206112.nc
  descargando archivo 48/86: tos_Omon_EC-Earth3-Veg_ssp585_r1i1p1f1_gn_206201-206212.nc
  descargando archivo 49/86: tos_Omon_EC-Earth3-Veg_ssp585_r1i1p1f1_gn_206301-206312.nc
  descargando archivo 50/86: tos_Omon_EC-Earth3-Veg_ssp585_r1i1p1f1_gn_206401-206412.nc
  descargando archivo 51/86: tos_Omon_EC-Earth3-Veg_ssp585_r1i1p1f1_gn_206501-206512.nc
  descargando archivo 52/86: tos_Omon_EC-Earth3-Veg_ssp585_r1i1p1f1_gn_206601-206612.nc
  descargando archivo 53/86: tos_Omon_EC-Earth3-Veg_ssp585_r1i1p1f1_gn_206701-206712.nc
  descargando archivo 54/86: tos_Omon_EC-Earth3-Veg_ssp585_r1i1p1f1_gn_206801-206812.nc
  descargando archivo 55/86: tos_Omon_EC-Earth3-Veg_ssp585_r1i1p1f1_gn_206901-206912.nc
  descargando archivo 56/86: tos_Omon_EC-Earth3-Veg_ssp585_r1i1p1f1_gn_207001-207012.nc
  descargando archivo 57/86: tos_Omon_EC-Earth3-Veg_ssp585_r1i1p1f1_gn_207101-207112.nc
  descargando archivo 58/86: tos_Omon_EC-Earth3-Veg_ssp585_r1i1p1f1_gn_207201-207212.nc
  descargando archivo 59/86: tos_Omon_EC-Earth3-Veg_ssp585_r1i1p1f1_gn_207301-207312.nc
  descargando archivo 60/86: tos_Omon_EC-Earth3-Veg_ssp585_r1i1p1f1_gn_207401-207412.nc
  descargando archivo 61/86: tos_Omon_EC-Earth3-Veg_ssp585_r1i1p1f1_gn_207501-207512.nc
  descargando archivo 62/86: tos_Omon_EC-Earth3-Veg_ssp585_r1i1p1f1_gn_207601-207612.nc
  descargando archivo 63/86: tos_Omon_EC-Earth3-Veg_ssp585_r1i1p1f1_gn_207701-207712.nc
  descargando archivo 64/86: tos_Omon_EC-Earth3-Veg_ssp585_r1i1p1f1_gn_207801-207812.nc
  descargando archivo 65/86: tos_Omon_EC-Earth3-Veg_ssp585_r1i1p1f1_gn_207901-207912.nc
  descargando archivo 66/86: tos_Omon_EC-Earth3-Veg_ssp585_r1i1p1f1_gn_208001-208012.nc
  descargando archivo 67/86: tos_Omon_EC-Earth3-Veg_ssp585_r1i1p1f1_gn_208101-208112.nc
  descargando archivo 68/86: tos_Omon_EC-Earth3-Veg_ssp585_r1i1p1f1_gn_208201-208212.nc
  descargando archivo 69/86: tos_Omon_EC-Earth3-Veg_ssp585_r1i1p1f1_gn_208301-208312.nc
  descargando archivo 70/86: tos_Omon_EC-Earth3-Veg_ssp585_r1i1p1f1_gn_208401-208412.nc
  descargando archivo 71/86: tos_Omon_EC-Earth3-Veg_ssp585_r1i1p1f1_gn_208501-208512.nc
  descargando archivo 72/86: tos_Omon_EC-Earth3-Veg_ssp585_r1i1p1f1_gn_208601-208612.nc
  descargando archivo 73/86: tos_Omon_EC-Earth3-Veg_ssp585_r1i1p1f1_gn_208701-208712.nc
  descargando archivo 74/86: tos_Omon_EC-Earth3-Veg_ssp585_r1i1p1f1_gn_208801-208812.nc
  descargando archivo 75/86: tos_Omon_EC-Earth3-Veg_ssp585_r1i1p1f1_gn_208901-208912.nc
  descargando archivo 76/86: tos_Omon_EC-Earth3-Veg_ssp585_r1i1p1f1_gn_209001-209012.nc
  descargando archivo 77/86: tos_Omon_EC-Earth3-Veg_ssp585_r1i1p1f1_gn_209101-209112.nc
  descargando archivo 78/86: tos_Omon_EC-Earth3-Veg_ssp585_r1i1p1f1_gn_209201-209212.nc
  descargando archivo 79/86: tos_Omon_EC-Earth3-Veg_ssp585_r1i1p1f1_gn_209301-209312.nc
  descargando archivo 80/86: tos_Omon_EC-Earth3-Veg_ssp585_r1i1p1f1_gn_209401-209412.nc
  descargando archivo 81/86: tos_Omon_EC-Earth3-Veg_ssp585_r1i1p1f1_gn_209501-209512.nc
  descargando archivo 82/86: tos_Omon_EC-Earth3-Veg_ssp585_r1i1p1f1_gn_209601-209612.nc
  descargando archivo 83/86: tos_Omon_EC-Earth3-Veg_ssp585_r1i1p1f1_gn_209701-209712.nc
  descargando archivo 84/86: tos_Omon_EC-Earth3-Veg_ssp585_r1i1p1f1_gn_209801-209812.nc
  descargando archivo 85/86: tos_Omon_EC-Earth3-Veg_ssp585_r1i1p1f1_gn_209901-209912.nc
  descargando archivo 86/86: tos_Omon_EC-Earth3-Veg_ssp585_r1i1p1f1_gn_210001-210012.nc
Procesando EC-Earth3-Veg-LR historical (19) ...
  descargando archivo 1/165: tos_Omon_EC-Earth3-Veg-LR_historical_r1i1p1f1_gn_185001-185012.nc
  descargando archivo 2/165: tos_Omon_EC-Earth3-Veg-LR_historical_r1i1p1f1_gn_185101-185112.nc
  descargando archivo 3/165: tos_Omon_EC-Earth3-Veg-LR_historical_r1i1p1f1_gn_185201-185212.nc
  descargando archivo 4/165: tos_Omon_EC-Earth3-Veg-LR_historical_r1i1p1f1_gn_185301-185312.nc
  descargando archivo 5/165: tos_Omon_EC-Earth3-Veg-LR_historical_r1i1p1f1_gn_185401-185412.nc
  descargando archivo 6/165: tos_Omon_EC-Earth3-Veg-LR_historical_r1i1p1f1_gn_185501-185512.nc
  descargando archivo 7/165: tos_Omon_EC-Earth3-Veg-LR_historical_r1i1p1f1_gn_185601-185612.nc
  descargando archivo 8/165: tos_Omon_EC-Earth3-Veg-LR_historical_r1i1p1f1_gn_185701-185712.nc
  descargando archivo 9/165: tos_Omon_EC-Earth3-Veg-LR_historical_r1i1p1f1_gn_185801-185812.nc
  descargando archivo 10/165: tos_Omon_EC-Earth3-Veg-LR_historical_r1i1p1f1_gn_185901-185912.nc
  descargando archivo 11/165: tos_Omon_EC-Earth3-Veg-LR_historical_r1i1p1f1_gn_186001-186012.nc
  descargando archivo 12/165: tos_Omon_EC-Earth3-Veg-LR_historical_r1i1p1f1_gn_186101-186112.nc
  descargando archivo 13/165: tos_Omon_EC-Earth3-Veg-LR_historical_r1i1p1f1_gn_186201-186212.nc
  descargando archivo 14/165: tos_Omon_EC-Earth3-Veg-LR_historical_r1i1p1f1_gn_186301-186312.nc
  descargando archivo 15/165: tos_Omon_EC-Earth3-Veg-LR_historical_r1i1p1f1_gn_186401-186412.nc
  descargando archivo 16/165: tos_Omon_EC-Earth3-Veg-LR_historical_r1i1p1f1_gn_186501-186512.nc
  descargando archivo 17/165: tos_Omon_EC-Earth3-Veg-LR_historical_r1i1p1f1_gn_186601-186612.nc
  descargando archivo 18/165: tos_Omon_EC-Earth3-Veg-LR_historical_r1i1p1f1_gn_186701-186712.nc
  descargando archivo 19/165: tos_Omon_EC-Earth3-Veg-LR_historical_r1i1p1f1_gn_186801-186812.nc
  descargando archivo 20/165: tos_Omon_EC-Earth3-Veg-LR_historical_r1i1p1f1_gn_186901-186912.nc
  descargando archivo 21/165: tos_Omon_EC-Earth3-Veg-LR_historical_r1i1p1f1_gn_187001-187012.nc
  descargando archivo 22/165: tos_Omon_EC-Earth3-Veg-LR_historical_r1i1p1f1_gn_187101-187112.nc
  descargando archivo 23/165: tos_Omon_EC-Earth3-Veg-LR_historical_r1i1p1f1_gn_187201-187212.nc
  descargando archivo 24/165: tos_Omon_EC-Earth3-Veg-LR_historical_r1i1p1f1_gn_187301-187312.nc
  descargando archivo 25/165: tos_Omon_EC-Earth3-Veg-LR_historical_r1i1p1f1_gn_187401-187412.nc
  descargando archivo 26/165: tos_Omon_EC-Earth3-Veg-LR_historical_r1i1p1f1_gn_187501-187512.nc
  descargando archivo 27/165: tos_Omon_EC-Earth3-Veg-LR_historical_r1i1p1f1_gn_187601-187612.nc
  descargando archivo 28/165: tos_Omon_EC-Earth3-Veg-LR_historical_r1i1p1f1_gn_187701-187712.nc
  descargando archivo 29/165: tos_Omon_EC-Earth3-Veg-LR_historical_r1i1p1f1_gn_187801-187812.nc
  descargando archivo 30/165: tos_Omon_EC-Earth3-Veg-LR_historical_r1i1p1f1_gn_187901-187912.nc
  descargando archivo 31/165: tos_Omon_EC-Earth3-Veg-LR_historical_r1i1p1f1_gn_188001-188012.nc
  descargando archivo 32/165: tos_Omon_EC-Earth3-Veg-LR_historical_r1i1p1f1_gn_188101-188112.nc
  descargando archivo 33/165: tos_Omon_EC-Earth3-Veg-LR_historical_r1i1p1f1_gn_188201-188212.nc
  descargando archivo 34/165: tos_Omon_EC-Earth3-Veg-LR_historical_r1i1p1f1_gn_188301-188312.nc
  descargando archivo 35/165: tos_Omon_EC-Earth3-Veg-LR_historical_r1i1p1f1_gn_188401-188412.nc
  descargando archivo 36/165: tos_Omon_EC-Earth3-Veg-LR_historical_r1i1p1f1_gn_188501-188512.nc
  descargando archivo 37/165: tos_Omon_EC-Earth3-Veg-LR_historical_r1i1p1f1_gn_188601-188612.nc
  descargando archivo 38/165: tos_Omon_EC-Earth3-Veg-LR_historical_r1i1p1f1_gn_188701-188712.nc
  descargando archivo 39/165: tos_Omon_EC-Earth3-Veg-LR_historical_r1i1p1f1_gn_188801-188812.nc
  descargando archivo 40/165: tos_Omon_EC-Earth3-Veg-LR_historical_r1i1p1f1_gn_188901-188912.nc
  descargando archivo 41/165: tos_Omon_EC-Earth3-Veg-LR_historical_r1i1p1f1_gn_189001-189012.nc
  descargando archivo 42/165: tos_Omon_EC-Earth3-Veg-LR_historical_r1i1p1f1_gn_189101-189112.nc
  descargando archivo 43/165: tos_Omon_EC-Earth3-Veg-LR_historical_r1i1p1f1_gn_189201-189212.nc
  descargando archivo 44/165: tos_Omon_EC-Earth3-Veg-LR_historical_r1i1p1f1_gn_189301-189312.nc
  descargando archivo 45/165: tos_Omon_EC-Earth3-Veg-LR_historical_r1i1p1f1_gn_189401-189412.nc
  descargando archivo 46/165: tos_Omon_EC-Earth3-Veg-LR_historical_r1i1p1f1_gn_189501-189512.nc
  descargando archivo 47/165: tos_Omon_EC-Earth3-Veg-LR_historical_r1i1p1f1_gn_189601-189612.nc
  descargando archivo 48/165: tos_Omon_EC-Earth3-Veg-LR_historical_r1i1p1f1_gn_189701-189712.nc
  descargando archivo 49/165: tos_Omon_EC-Earth3-Veg-LR_historical_r1i1p1f1_gn_189801-189812.nc
  descargando archivo 50/165: tos_Omon_EC-Earth3-Veg-LR_historical_r1i1p1f1_gn_189901-189912.nc
  descargando archivo 51/165: tos_Omon_EC-Earth3-Veg-LR_historical_r1i1p1f1_gn_190001-190012.nc
  descargando archivo 52/165: tos_Omon_EC-Earth3-Veg-LR_historical_r1i1p1f1_gn_190101-190112.nc
  descargando archivo 53/165: tos_Omon_EC-Earth3-Veg-LR_historical_r1i1p1f1_gn_190201-190212.nc
  descargando archivo 54/165: tos_Omon_EC-Earth3-Veg-LR_historical_r1i1p1f1_gn_190301-190312.nc
  descargando archivo 55/165: tos_Omon_EC-Earth3-Veg-LR_historical_r1i1p1f1_gn_190401-190412.nc
  descargando archivo 56/165: tos_Omon_EC-Earth3-Veg-LR_historical_r1i1p1f1_gn_190501-190512.nc
  descargando archivo 57/165: tos_Omon_EC-Earth3-Veg-LR_historical_r1i1p1f1_gn_190601-190612.nc
  descargando archivo 58/165: tos_Omon_EC-Earth3-Veg-LR_historical_r1i1p1f1_gn_190701-190712.nc
  descargando archivo 59/165: tos_Omon_EC-Earth3-Veg-LR_historical_r1i1p1f1_gn_190801-190812.nc
  descargando archivo 60/165: tos_Omon_EC-Earth3-Veg-LR_historical_r1i1p1f1_gn_190901-190912.nc
  descargando archivo 61/165: tos_Omon_EC-Earth3-Veg-LR_historical_r1i1p1f1_gn_191001-191012.nc
  descargando archivo 62/165: tos_Omon_EC-Earth3-Veg-LR_historical_r1i1p1f1_gn_191101-191112.nc
  descargando archivo 63/165: tos_Omon_EC-Earth3-Veg-LR_historical_r1i1p1f1_gn_191201-191212.nc
  descargando archivo 64/165: tos_Omon_EC-Earth3-Veg-LR_historical_r1i1p1f1_gn_191301-191312.nc
  descargando archivo 65/165: tos_Omon_EC-Earth3-Veg-LR_historical_r1i1p1f1_gn_191401-191412.nc
  descargando archivo 66/165: tos_Omon_EC-Earth3-Veg-LR_historical_r1i1p1f1_gn_191501-191512.nc
  descargando archivo 67/165: tos_Omon_EC-Earth3-Veg-LR_historical_r1i1p1f1_gn_191601-191612.nc
  descargando archivo 68/165: tos_Omon_EC-Earth3-Veg-LR_historical_r1i1p1f1_gn_191701-191712.nc
  descargando archivo 69/165: tos_Omon_EC-Earth3-Veg-LR_historical_r1i1p1f1_gn_191801-191812.nc
  descargando archivo 70/165: tos_Omon_EC-Earth3-Veg-LR_historical_r1i1p1f1_gn_191901-191912.nc
  descargando archivo 71/165: tos_Omon_EC-Earth3-Veg-LR_historical_r1i1p1f1_gn_192001-192012.nc
  descargando archivo 72/165: tos_Omon_EC-Earth3-Veg-LR_historical_r1i1p1f1_gn_192101-192112.nc
  descargando archivo 73/165: tos_Omon_EC-Earth3-Veg-LR_historical_r1i1p1f1_gn_192201-192212.nc
  descargando archivo 74/165: tos_Omon_EC-Earth3-Veg-LR_historical_r1i1p1f1_gn_192301-192312.nc
  descargando archivo 75/165: tos_Omon_EC-Earth3-Veg-LR_historical_r1i1p1f1_gn_192401-192412.nc
  descargando archivo 76/165: tos_Omon_EC-Earth3-Veg-LR_historical_r1i1p1f1_gn_192501-192512.nc
  descargando archivo 77/165: tos_Omon_EC-Earth3-Veg-LR_historical_r1i1p1f1_gn_192601-192612.nc
  descargando archivo 78/165: tos_Omon_EC-Earth3-Veg-LR_historical_r1i1p1f1_gn_192701-192712.nc
  descargando archivo 79/165: tos_Omon_EC-Earth3-Veg-LR_historical_r1i1p1f1_gn_192801-192812.nc
  descargando archivo 80/165: tos_Omon_EC-Earth3-Veg-LR_historical_r1i1p1f1_gn_192901-192912.nc
  descargando archivo 81/165: tos_Omon_EC-Earth3-Veg-LR_historical_r1i1p1f1_gn_193001-193012.nc
  descargando archivo 82/165: tos_Omon_EC-Earth3-Veg-LR_historical_r1i1p1f1_gn_193101-193112.nc
  descargando archivo 83/165: tos_Omon_EC-Earth3-Veg-LR_historical_r1i1p1f1_gn_193201-193212.nc
  descargando archivo 84/165: tos_Omon_EC-Earth3-Veg-LR_historical_r1i1p1f1_gn_193301-193312.nc
  descargando archivo 85/165: tos_Omon_EC-Earth3-Veg-LR_historical_r1i1p1f1_gn_193401-193412.nc
  descargando archivo 86/165: tos_Omon_EC-Earth3-Veg-LR_historical_r1i1p1f1_gn_193501-193512.nc
  descargando archivo 87/165: tos_Omon_EC-Earth3-Veg-LR_historical_r1i1p1f1_gn_193601-193612.nc
  descargando archivo 88/165: tos_Omon_EC-Earth3-Veg-LR_historical_r1i1p1f1_gn_193701-193712.nc
  descargando archivo 89/165: tos_Omon_EC-Earth3-Veg-LR_historical_r1i1p1f1_gn_193801-193812.nc
  descargando archivo 90/165: tos_Omon_EC-Earth3-Veg-LR_historical_r1i1p1f1_gn_193901-193912.nc
  descargando archivo 91/165: tos_Omon_EC-Earth3-Veg-LR_historical_r1i1p1f1_gn_194001-194012.nc
  descargando archivo 92/165: tos_Omon_EC-Earth3-Veg-LR_historical_r1i1p1f1_gn_194101-194112.nc
  descargando archivo 93/165: tos_Omon_EC-Earth3-Veg-LR_historical_r1i1p1f1_gn_194201-194212.nc
  descargando archivo 94/165: tos_Omon_EC-Earth3-Veg-LR_historical_r1i1p1f1_gn_194301-194312.nc
  descargando archivo 95/165: tos_Omon_EC-Earth3-Veg-LR_historical_r1i1p1f1_gn_194401-194412.nc
  descargando archivo 96/165: tos_Omon_EC-Earth3-Veg-LR_historical_r1i1p1f1_gn_194501-194512.nc
  descargando archivo 97/165: tos_Omon_EC-Earth3-Veg-LR_historical_r1i1p1f1_gn_194601-194612.nc
  descargando archivo 98/165: tos_Omon_EC-Earth3-Veg-LR_historical_r1i1p1f1_gn_194701-194712.nc
  descargando archivo 99/165: tos_Omon_EC-Earth3-Veg-LR_historical_r1i1p1f1_gn_194801-194812.nc
  descargando archivo 100/165: tos_Omon_EC-Earth3-Veg-LR_historical_r1i1p1f1_gn_194901-194912.nc
  descargando archivo 101/165: tos_Omon_EC-Earth3-Veg-LR_historical_r1i1p1f1_gn_195001-195012.nc
  descargando archivo 102/165: tos_Omon_EC-Earth3-Veg-LR_historical_r1i1p1f1_gn_195101-195112.nc
  descargando archivo 103/165: tos_Omon_EC-Earth3-Veg-LR_historical_r1i1p1f1_gn_195201-195212.nc
  descargando archivo 104/165: tos_Omon_EC-Earth3-Veg-LR_historical_r1i1p1f1_gn_195301-195312.nc
  descargando archivo 105/165: tos_Omon_EC-Earth3-Veg-LR_historical_r1i1p1f1_gn_195401-195412.nc
  descargando archivo 106/165: tos_Omon_EC-Earth3-Veg-LR_historical_r1i1p1f1_gn_195501-195512.nc
  descargando archivo 107/165: tos_Omon_EC-Earth3-Veg-LR_historical_r1i1p1f1_gn_195601-195612.nc
  descargando archivo 108/165: tos_Omon_EC-Earth3-Veg-LR_historical_r1i1p1f1_gn_195701-195712.nc
  descargando archivo 109/165: tos_Omon_EC-Earth3-Veg-LR_historical_r1i1p1f1_gn_195801-195812.nc
  descargando archivo 110/165: tos_Omon_EC-Earth3-Veg-LR_historical_r1i1p1f1_gn_195901-195912.nc
  descargando archivo 111/165: tos_Omon_EC-Earth3-Veg-LR_historical_r1i1p1f1_gn_196001-196012.nc
  descargando archivo 112/165: tos_Omon_EC-Earth3-Veg-LR_historical_r1i1p1f1_gn_196101-196112.nc
  descargando archivo 113/165: tos_Omon_EC-Earth3-Veg-LR_historical_r1i1p1f1_gn_196201-196212.nc
  descargando archivo 114/165: tos_Omon_EC-Earth3-Veg-LR_historical_r1i1p1f1_gn_196301-196312.nc
  descargando archivo 115/165: tos_Omon_EC-Earth3-Veg-LR_historical_r1i1p1f1_gn_196401-196412.nc
  descargando archivo 116/165: tos_Omon_EC-Earth3-Veg-LR_historical_r1i1p1f1_gn_196501-196512.nc
  descargando archivo 117/165: tos_Omon_EC-Earth3-Veg-LR_historical_r1i1p1f1_gn_196601-196612.nc
  descargando archivo 118/165: tos_Omon_EC-Earth3-Veg-LR_historical_r1i1p1f1_gn_196701-196712.nc
  descargando archivo 119/165: tos_Omon_EC-Earth3-Veg-LR_historical_r1i1p1f1_gn_196801-196812.nc
  descargando archivo 120/165: tos_Omon_EC-Earth3-Veg-LR_historical_r1i1p1f1_gn_196901-196912.nc
  descargando archivo 121/165: tos_Omon_EC-Earth3-Veg-LR_historical_r1i1p1f1_gn_197001-197012.nc
  descargando archivo 122/165: tos_Omon_EC-Earth3-Veg-LR_historical_r1i1p1f1_gn_197101-197112.nc
  descargando archivo 123/165: tos_Omon_EC-Earth3-Veg-LR_historical_r1i1p1f1_gn_197201-197212.nc
  descargando archivo 124/165: tos_Omon_EC-Earth3-Veg-LR_historical_r1i1p1f1_gn_197301-197312.nc
  descargando archivo 125/165: tos_Omon_EC-Earth3-Veg-LR_historical_r1i1p1f1_gn_197401-197412.nc
  descargando archivo 126/165: tos_Omon_EC-Earth3-Veg-LR_historical_r1i1p1f1_gn_197501-197512.nc
  descargando archivo 127/165: tos_Omon_EC-Earth3-Veg-LR_historical_r1i1p1f1_gn_197601-197612.nc
  descargando archivo 128/165: tos_Omon_EC-Earth3-Veg-LR_historical_r1i1p1f1_gn_197701-197712.nc
  descargando archivo 129/165: tos_Omon_EC-Earth3-Veg-LR_historical_r1i1p1f1_gn_197801-197812.nc
  descargando archivo 130/165: tos_Omon_EC-Earth3-Veg-LR_historical_r1i1p1f1_gn_197901-197912.nc
  descargando archivo 131/165: tos_Omon_EC-Earth3-Veg-LR_historical_r1i1p1f1_gn_198001-198012.nc
  descargando archivo 132/165: tos_Omon_EC-Earth3-Veg-LR_historical_r1i1p1f1_gn_198101-198112.nc
  descargando archivo 133/165: tos_Omon_EC-Earth3-Veg-LR_historical_r1i1p1f1_gn_198201-198212.nc
  descargando archivo 134/165: tos_Omon_EC-Earth3-Veg-LR_historical_r1i1p1f1_gn_198301-198312.nc
  descargando archivo 135/165: tos_Omon_EC-Earth3-Veg-LR_historical_r1i1p1f1_gn_198401-198412.nc
  descargando archivo 136/165: tos_Omon_EC-Earth3-Veg-LR_historical_r1i1p1f1_gn_198501-198512.nc
  descargando archivo 137/165: tos_Omon_EC-Earth3-Veg-LR_historical_r1i1p1f1_gn_198601-198612.nc
  descargando archivo 138/165: tos_Omon_EC-Earth3-Veg-LR_historical_r1i1p1f1_gn_198701-198712.nc
  descargando archivo 139/165: tos_Omon_EC-Earth3-Veg-LR_historical_r1i1p1f1_gn_198801-198812.nc
  descargando archivo 140/165: tos_Omon_EC-Earth3-Veg-LR_historical_r1i1p1f1_gn_198901-198912.nc
  descargando archivo 141/165: tos_Omon_EC-Earth3-Veg-LR_historical_r1i1p1f1_gn_199001-199012.nc
  descargando archivo 142/165: tos_Omon_EC-Earth3-Veg-LR_historical_r1i1p1f1_gn_199101-199112.nc
  descargando archivo 143/165: tos_Omon_EC-Earth3-Veg-LR_historical_r1i1p1f1_gn_199201-199212.nc
  descargando archivo 144/165: tos_Omon_EC-Earth3-Veg-LR_historical_r1i1p1f1_gn_199301-199312.nc
  descargando archivo 145/165: tos_Omon_EC-Earth3-Veg-LR_historical_r1i1p1f1_gn_199401-199412.nc
  descargando archivo 146/165: tos_Omon_EC-Earth3-Veg-LR_historical_r1i1p1f1_gn_199501-199512.nc
  descargando archivo 147/165: tos_Omon_EC-Earth3-Veg-LR_historical_r1i1p1f1_gn_199601-199612.nc
  descargando archivo 148/165: tos_Omon_EC-Earth3-Veg-LR_historical_r1i1p1f1_gn_199701-199712.nc
  descargando archivo 149/165: tos_Omon_EC-Earth3-Veg-LR_historical_r1i1p1f1_gn_199801-199812.nc
  descargando archivo 150/165: tos_Omon_EC-Earth3-Veg-LR_historical_r1i1p1f1_gn_199901-199912.nc
  descargando archivo 151/165: tos_Omon_EC-Earth3-Veg-LR_historical_r1i1p1f1_gn_200001-200012.nc
  descargando archivo 152/165: tos_Omon_EC-Earth3-Veg-LR_historical_r1i1p1f1_gn_200101-200112.nc
  descargando archivo 153/165: tos_Omon_EC-Earth3-Veg-LR_historical_r1i1p1f1_gn_200201-200212.nc
  descargando archivo 154/165: tos_Omon_EC-Earth3-Veg-LR_historical_r1i1p1f1_gn_200301-200312.nc
  descargando archivo 155/165: tos_Omon_EC-Earth3-Veg-LR_historical_r1i1p1f1_gn_200401-200412.nc
  descargando archivo 156/165: tos_Omon_EC-Earth3-Veg-LR_historical_r1i1p1f1_gn_200501-200512.nc
  descargando archivo 157/165: tos_Omon_EC-Earth3-Veg-LR_historical_r1i1p1f1_gn_200601-200612.nc
  descargando archivo 158/165: tos_Omon_EC-Earth3-Veg-LR_historical_r1i1p1f1_gn_200701-200712.nc
  descargando archivo 159/165: tos_Omon_EC-Earth3-Veg-LR_historical_r1i1p1f1_gn_200801-200812.nc
  descargando archivo 160/165: tos_Omon_EC-Earth3-Veg-LR_historical_r1i1p1f1_gn_200901-200912.nc
  descargando archivo 161/165: tos_Omon_EC-Earth3-Veg-LR_historical_r1i1p1f1_gn_201001-201012.nc
  descargando archivo 162/165: tos_Omon_EC-Earth3-Veg-LR_historical_r1i1p1f1_gn_201101-201112.nc
  descargando archivo 163/165: tos_Omon_EC-Earth3-Veg-LR_historical_r1i1p1f1_gn_201201-201212.nc
  descargando archivo 164/165: tos_Omon_EC-Earth3-Veg-LR_historical_r1i1p1f1_gn_201301-201312.nc
  descargando archivo 165/165: tos_Omon_EC-Earth3-Veg-LR_historical_r1i1p1f1_gn_201401-201412.nc
Procesando EC-Earth3-Veg-LR ssp245 (19) ...
  descargando archivo 1/86: tos_Omon_EC-Earth3-Veg-LR_ssp245_r1i1p1f1_gn_201501-201512.nc
  descargando archivo 2/86: tos_Omon_EC-Earth3-Veg-LR_ssp245_r1i1p1f1_gn_201601-201612.nc
  descargando archivo 3/86: tos_Omon_EC-Earth3-Veg-LR_ssp245_r1i1p1f1_gn_201701-201712.nc
  descargando archivo 4/86: tos_Omon_EC-Earth3-Veg-LR_ssp245_r1i1p1f1_gn_201801-201812.nc
  descargando archivo 5/86: tos_Omon_EC-Earth3-Veg-LR_ssp245_r1i1p1f1_gn_201901-201912.nc
  descargando archivo 6/86: tos_Omon_EC-Earth3-Veg-LR_ssp245_r1i1p1f1_gn_202001-202012.nc
  descargando archivo 7/86: tos_Omon_EC-Earth3-Veg-LR_ssp245_r1i1p1f1_gn_202101-202112.nc
  descargando archivo 8/86: tos_Omon_EC-Earth3-Veg-LR_ssp245_r1i1p1f1_gn_202201-202212.nc
  descargando archivo 9/86: tos_Omon_EC-Earth3-Veg-LR_ssp245_r1i1p1f1_gn_202301-202312.nc
  descargando archivo 10/86: tos_Omon_EC-Earth3-Veg-LR_ssp245_r1i1p1f1_gn_202401-202412.nc
  descargando archivo 11/86: tos_Omon_EC-Earth3-Veg-LR_ssp245_r1i1p1f1_gn_202501-202512.nc
  descargando archivo 12/86: tos_Omon_EC-Earth3-Veg-LR_ssp245_r1i1p1f1_gn_202601-202612.nc
  descargando archivo 13/86: tos_Omon_EC-Earth3-Veg-LR_ssp245_r1i1p1f1_gn_202701-202712.nc
  descargando archivo 14/86: tos_Omon_EC-Earth3-Veg-LR_ssp245_r1i1p1f1_gn_202801-202812.nc
  descargando archivo 15/86: tos_Omon_EC-Earth3-Veg-LR_ssp245_r1i1p1f1_gn_202901-202912.nc
  descargando archivo 16/86: tos_Omon_EC-Earth3-Veg-LR_ssp245_r1i1p1f1_gn_203001-203012.nc
  descargando archivo 17/86: tos_Omon_EC-Earth3-Veg-LR_ssp245_r1i1p1f1_gn_203101-203112.nc
  descargando archivo 18/86: tos_Omon_EC-Earth3-Veg-LR_ssp245_r1i1p1f1_gn_203201-203212.nc
  descargando archivo 19/86: tos_Omon_EC-Earth3-Veg-LR_ssp245_r1i1p1f1_gn_203301-203312.nc
  descargando archivo 20/86: tos_Omon_EC-Earth3-Veg-LR_ssp245_r1i1p1f1_gn_203401-203412.nc
  descargando archivo 21/86: tos_Omon_EC-Earth3-Veg-LR_ssp245_r1i1p1f1_gn_203501-203512.nc
  descargando archivo 22/86: tos_Omon_EC-Earth3-Veg-LR_ssp245_r1i1p1f1_gn_203601-203612.nc
  descargando archivo 23/86: tos_Omon_EC-Earth3-Veg-LR_ssp245_r1i1p1f1_gn_203701-203712.nc
  descargando archivo 24/86: tos_Omon_EC-Earth3-Veg-LR_ssp245_r1i1p1f1_gn_203801-203812.nc
  descargando archivo 25/86: tos_Omon_EC-Earth3-Veg-LR_ssp245_r1i1p1f1_gn_203901-203912.nc
  descargando archivo 26/86: tos_Omon_EC-Earth3-Veg-LR_ssp245_r1i1p1f1_gn_204001-204012.nc
  descargando archivo 27/86: tos_Omon_EC-Earth3-Veg-LR_ssp245_r1i1p1f1_gn_204101-204112.nc
  descargando archivo 28/86: tos_Omon_EC-Earth3-Veg-LR_ssp245_r1i1p1f1_gn_204201-204212.nc
  descargando archivo 29/86: tos_Omon_EC-Earth3-Veg-LR_ssp245_r1i1p1f1_gn_204301-204312.nc
  descargando archivo 30/86: tos_Omon_EC-Earth3-Veg-LR_ssp245_r1i1p1f1_gn_204401-204412.nc
  descargando archivo 31/86: tos_Omon_EC-Earth3-Veg-LR_ssp245_r1i1p1f1_gn_204501-204512.nc
  descargando archivo 32/86: tos_Omon_EC-Earth3-Veg-LR_ssp245_r1i1p1f1_gn_204601-204612.nc
  descargando archivo 33/86: tos_Omon_EC-Earth3-Veg-LR_ssp245_r1i1p1f1_gn_204701-204712.nc
  descargando archivo 34/86: tos_Omon_EC-Earth3-Veg-LR_ssp245_r1i1p1f1_gn_204801-204812.nc
  descargando archivo 35/86: tos_Omon_EC-Earth3-Veg-LR_ssp245_r1i1p1f1_gn_204901-204912.nc
  descargando archivo 36/86: tos_Omon_EC-Earth3-Veg-LR_ssp245_r1i1p1f1_gn_205001-205012.nc
  descargando archivo 37/86: tos_Omon_EC-Earth3-Veg-LR_ssp245_r1i1p1f1_gn_205101-205112.nc
  descargando archivo 38/86: tos_Omon_EC-Earth3-Veg-LR_ssp245_r1i1p1f1_gn_205201-205212.nc
  descargando archivo 39/86: tos_Omon_EC-Earth3-Veg-LR_ssp245_r1i1p1f1_gn_205301-205312.nc
  descargando archivo 40/86: tos_Omon_EC-Earth3-Veg-LR_ssp245_r1i1p1f1_gn_205401-205412.nc
  descargando archivo 41/86: tos_Omon_EC-Earth3-Veg-LR_ssp245_r1i1p1f1_gn_205501-205512.nc
  descargando archivo 42/86: tos_Omon_EC-Earth3-Veg-LR_ssp245_r1i1p1f1_gn_205601-205612.nc
  descargando archivo 43/86: tos_Omon_EC-Earth3-Veg-LR_ssp245_r1i1p1f1_gn_205701-205712.nc
  descargando archivo 44/86: tos_Omon_EC-Earth3-Veg-LR_ssp245_r1i1p1f1_gn_205801-205812.nc
  descargando archivo 45/86: tos_Omon_EC-Earth3-Veg-LR_ssp245_r1i1p1f1_gn_205901-205912.nc
  descargando archivo 46/86: tos_Omon_EC-Earth3-Veg-LR_ssp245_r1i1p1f1_gn_206001-206012.nc
  descargando archivo 47/86: tos_Omon_EC-Earth3-Veg-LR_ssp245_r1i1p1f1_gn_206101-206112.nc
  descargando archivo 48/86: tos_Omon_EC-Earth3-Veg-LR_ssp245_r1i1p1f1_gn_206201-206212.nc
  descargando archivo 49/86: tos_Omon_EC-Earth3-Veg-LR_ssp245_r1i1p1f1_gn_206301-206312.nc
  descargando archivo 50/86: tos_Omon_EC-Earth3-Veg-LR_ssp245_r1i1p1f1_gn_206401-206412.nc
  descargando archivo 51/86: tos_Omon_EC-Earth3-Veg-LR_ssp245_r1i1p1f1_gn_206501-206512.nc
  descargando archivo 52/86: tos_Omon_EC-Earth3-Veg-LR_ssp245_r1i1p1f1_gn_206601-206612.nc
  descargando archivo 53/86: tos_Omon_EC-Earth3-Veg-LR_ssp245_r1i1p1f1_gn_206701-206712.nc
  descargando archivo 54/86: tos_Omon_EC-Earth3-Veg-LR_ssp245_r1i1p1f1_gn_206801-206812.nc
  descargando archivo 55/86: tos_Omon_EC-Earth3-Veg-LR_ssp245_r1i1p1f1_gn_206901-206912.nc
  descargando archivo 56/86: tos_Omon_EC-Earth3-Veg-LR_ssp245_r1i1p1f1_gn_207001-207012.nc
  descargando archivo 57/86: tos_Omon_EC-Earth3-Veg-LR_ssp245_r1i1p1f1_gn_207101-207112.nc
  descargando archivo 58/86: tos_Omon_EC-Earth3-Veg-LR_ssp245_r1i1p1f1_gn_207201-207212.nc
  descargando archivo 59/86: tos_Omon_EC-Earth3-Veg-LR_ssp245_r1i1p1f1_gn_207301-207312.nc
  descargando archivo 60/86: tos_Omon_EC-Earth3-Veg-LR_ssp245_r1i1p1f1_gn_207401-207412.nc
  descargando archivo 61/86: tos_Omon_EC-Earth3-Veg-LR_ssp245_r1i1p1f1_gn_207501-207512.nc
  descargando archivo 62/86: tos_Omon_EC-Earth3-Veg-LR_ssp245_r1i1p1f1_gn_207601-207612.nc
  descargando archivo 63/86: tos_Omon_EC-Earth3-Veg-LR_ssp245_r1i1p1f1_gn_207701-207712.nc
  descargando archivo 64/86: tos_Omon_EC-Earth3-Veg-LR_ssp245_r1i1p1f1_gn_207801-207812.nc
  descargando archivo 65/86: tos_Omon_EC-Earth3-Veg-LR_ssp245_r1i1p1f1_gn_207901-207912.nc
  descargando archivo 66/86: tos_Omon_EC-Earth3-Veg-LR_ssp245_r1i1p1f1_gn_208001-208012.nc
  descargando archivo 67/86: tos_Omon_EC-Earth3-Veg-LR_ssp245_r1i1p1f1_gn_208101-208112.nc
  descargando archivo 68/86: tos_Omon_EC-Earth3-Veg-LR_ssp245_r1i1p1f1_gn_208201-208212.nc
  descargando archivo 69/86: tos_Omon_EC-Earth3-Veg-LR_ssp245_r1i1p1f1_gn_208301-208312.nc
  descargando archivo 70/86: tos_Omon_EC-Earth3-Veg-LR_ssp245_r1i1p1f1_gn_208401-208412.nc
  descargando archivo 71/86: tos_Omon_EC-Earth3-Veg-LR_ssp245_r1i1p1f1_gn_208501-208512.nc
  descargando archivo 72/86: tos_Omon_EC-Earth3-Veg-LR_ssp245_r1i1p1f1_gn_208601-208612.nc
  descargando archivo 73/86: tos_Omon_EC-Earth3-Veg-LR_ssp245_r1i1p1f1_gn_208701-208712.nc
  descargando archivo 74/86: tos_Omon_EC-Earth3-Veg-LR_ssp245_r1i1p1f1_gn_208801-208812.nc
  descargando archivo 75/86: tos_Omon_EC-Earth3-Veg-LR_ssp245_r1i1p1f1_gn_208901-208912.nc
  descargando archivo 76/86: tos_Omon_EC-Earth3-Veg-LR_ssp245_r1i1p1f1_gn_209001-209012.nc
  descargando archivo 77/86: tos_Omon_EC-Earth3-Veg-LR_ssp245_r1i1p1f1_gn_209101-209112.nc
  descargando archivo 78/86: tos_Omon_EC-Earth3-Veg-LR_ssp245_r1i1p1f1_gn_209201-209212.nc
  descargando archivo 79/86: tos_Omon_EC-Earth3-Veg-LR_ssp245_r1i1p1f1_gn_209301-209312.nc
  descargando archivo 80/86: tos_Omon_EC-Earth3-Veg-LR_ssp245_r1i1p1f1_gn_209401-209412.nc
  descargando archivo 81/86: tos_Omon_EC-Earth3-Veg-LR_ssp245_r1i1p1f1_gn_209501-209512.nc
  descargando archivo 82/86: tos_Omon_EC-Earth3-Veg-LR_ssp245_r1i1p1f1_gn_209601-209612.nc
  descargando archivo 83/86: tos_Omon_EC-Earth3-Veg-LR_ssp245_r1i1p1f1_gn_209701-209712.nc
  descargando archivo 84/86: tos_Omon_EC-Earth3-Veg-LR_ssp245_r1i1p1f1_gn_209801-209812.nc
  descargando archivo 85/86: tos_Omon_EC-Earth3-Veg-LR_ssp245_r1i1p1f1_gn_209901-209912.nc
  descargando archivo 86/86: tos_Omon_EC-Earth3-Veg-LR_ssp245_r1i1p1f1_gn_210001-210012.nc
Procesando EC-Earth3-Veg-LR ssp370 (19) ...
  descargando archivo 1/86: tos_Omon_EC-Earth3-Veg-LR_ssp370_r1i1p1f1_gn_201501-201512.nc
  descargando archivo 2/86: tos_Omon_EC-Earth3-Veg-LR_ssp370_r1i1p1f1_gn_201601-201612.nc
  descargando archivo 3/86: tos_Omon_EC-Earth3-Veg-LR_ssp370_r1i1p1f1_gn_201701-201712.nc
  descargando archivo 4/86: tos_Omon_EC-Earth3-Veg-LR_ssp370_r1i1p1f1_gn_201801-201812.nc
  descargando archivo 5/86: tos_Omon_EC-Earth3-Veg-LR_ssp370_r1i1p1f1_gn_201901-201912.nc
  descargando archivo 6/86: tos_Omon_EC-Earth3-Veg-LR_ssp370_r1i1p1f1_gn_202001-202012.nc
  descargando archivo 7/86: tos_Omon_EC-Earth3-Veg-LR_ssp370_r1i1p1f1_gn_202101-202112.nc
  descargando archivo 8/86: tos_Omon_EC-Earth3-Veg-LR_ssp370_r1i1p1f1_gn_202201-202212.nc
  descargando archivo 9/86: tos_Omon_EC-Earth3-Veg-LR_ssp370_r1i1p1f1_gn_202301-202312.nc
  descargando archivo 10/86: tos_Omon_EC-Earth3-Veg-LR_ssp370_r1i1p1f1_gn_202401-202412.nc
  descargando archivo 11/86: tos_Omon_EC-Earth3-Veg-LR_ssp370_r1i1p1f1_gn_202501-202512.nc
  descargando archivo 12/86: tos_Omon_EC-Earth3-Veg-LR_ssp370_r1i1p1f1_gn_202601-202612.nc
  descargando archivo 13/86: tos_Omon_EC-Earth3-Veg-LR_ssp370_r1i1p1f1_gn_202701-202712.nc
  descargando archivo 14/86: tos_Omon_EC-Earth3-Veg-LR_ssp370_r1i1p1f1_gn_202801-202812.nc
  descargando archivo 15/86: tos_Omon_EC-Earth3-Veg-LR_ssp370_r1i1p1f1_gn_202901-202912.nc
  descargando archivo 16/86: tos_Omon_EC-Earth3-Veg-LR_ssp370_r1i1p1f1_gn_203001-203012.nc
  descargando archivo 17/86: tos_Omon_EC-Earth3-Veg-LR_ssp370_r1i1p1f1_gn_203101-203112.nc
  descargando archivo 18/86: tos_Omon_EC-Earth3-Veg-LR_ssp370_r1i1p1f1_gn_203201-203212.nc
  descargando archivo 19/86: tos_Omon_EC-Earth3-Veg-LR_ssp370_r1i1p1f1_gn_203301-203312.nc
  descargando archivo 20/86: tos_Omon_EC-Earth3-Veg-LR_ssp370_r1i1p1f1_gn_203401-203412.nc
  descargando archivo 21/86: tos_Omon_EC-Earth3-Veg-LR_ssp370_r1i1p1f1_gn_203501-203512.nc
  descargando archivo 22/86: tos_Omon_EC-Earth3-Veg-LR_ssp370_r1i1p1f1_gn_203601-203612.nc
  descargando archivo 23/86: tos_Omon_EC-Earth3-Veg-LR_ssp370_r1i1p1f1_gn_203701-203712.nc
  descargando archivo 24/86: tos_Omon_EC-Earth3-Veg-LR_ssp370_r1i1p1f1_gn_203801-203812.nc
  descargando archivo 25/86: tos_Omon_EC-Earth3-Veg-LR_ssp370_r1i1p1f1_gn_203901-203912.nc
  descargando archivo 26/86: tos_Omon_EC-Earth3-Veg-LR_ssp370_r1i1p1f1_gn_204001-204012.nc
  descargando archivo 27/86: tos_Omon_EC-Earth3-Veg-LR_ssp370_r1i1p1f1_gn_204101-204112.nc
  descargando archivo 28/86: tos_Omon_EC-Earth3-Veg-LR_ssp370_r1i1p1f1_gn_204201-204212.nc
  descargando archivo 29/86: tos_Omon_EC-Earth3-Veg-LR_ssp370_r1i1p1f1_gn_204301-204312.nc
  descargando archivo 30/86: tos_Omon_EC-Earth3-Veg-LR_ssp370_r1i1p1f1_gn_204401-204412.nc
  descargando archivo 31/86: tos_Omon_EC-Earth3-Veg-LR_ssp370_r1i1p1f1_gn_204501-204512.nc
  descargando archivo 32/86: tos_Omon_EC-Earth3-Veg-LR_ssp370_r1i1p1f1_gn_204601-204612.nc
  descargando archivo 33/86: tos_Omon_EC-Earth3-Veg-LR_ssp370_r1i1p1f1_gn_204701-204712.nc
  descargando archivo 34/86: tos_Omon_EC-Earth3-Veg-LR_ssp370_r1i1p1f1_gn_204801-204812.nc
  descargando archivo 35/86: tos_Omon_EC-Earth3-Veg-LR_ssp370_r1i1p1f1_gn_204901-204912.nc
  descargando archivo 36/86: tos_Omon_EC-Earth3-Veg-LR_ssp370_r1i1p1f1_gn_205001-205012.nc
  descargando archivo 37/86: tos_Omon_EC-Earth3-Veg-LR_ssp370_r1i1p1f1_gn_205101-205112.nc
  descargando archivo 38/86: tos_Omon_EC-Earth3-Veg-LR_ssp370_r1i1p1f1_gn_205201-205212.nc
  descargando archivo 39/86: tos_Omon_EC-Earth3-Veg-LR_ssp370_r1i1p1f1_gn_205301-205312.nc
  descargando archivo 40/86: tos_Omon_EC-Earth3-Veg-LR_ssp370_r1i1p1f1_gn_205401-205412.nc
  descargando archivo 41/86: tos_Omon_EC-Earth3-Veg-LR_ssp370_r1i1p1f1_gn_205501-205512.nc
  descargando archivo 42/86: tos_Omon_EC-Earth3-Veg-LR_ssp370_r1i1p1f1_gn_205601-205612.nc
  descargando archivo 43/86: tos_Omon_EC-Earth3-Veg-LR_ssp370_r1i1p1f1_gn_205701-205712.nc
  descargando archivo 44/86: tos_Omon_EC-Earth3-Veg-LR_ssp370_r1i1p1f1_gn_205801-205812.nc
  descargando archivo 45/86: tos_Omon_EC-Earth3-Veg-LR_ssp370_r1i1p1f1_gn_205901-205912.nc
  descargando archivo 46/86: tos_Omon_EC-Earth3-Veg-LR_ssp370_r1i1p1f1_gn_206001-206012.nc
  descargando archivo 47/86: tos_Omon_EC-Earth3-Veg-LR_ssp370_r1i1p1f1_gn_206101-206112.nc
  descargando archivo 48/86: tos_Omon_EC-Earth3-Veg-LR_ssp370_r1i1p1f1_gn_206201-206212.nc
  descargando archivo 49/86: tos_Omon_EC-Earth3-Veg-LR_ssp370_r1i1p1f1_gn_206301-206312.nc
  descargando archivo 50/86: tos_Omon_EC-Earth3-Veg-LR_ssp370_r1i1p1f1_gn_206401-206412.nc
  descargando archivo 51/86: tos_Omon_EC-Earth3-Veg-LR_ssp370_r1i1p1f1_gn_206501-206512.nc
  descargando archivo 52/86: tos_Omon_EC-Earth3-Veg-LR_ssp370_r1i1p1f1_gn_206601-206612.nc
  descargando archivo 53/86: tos_Omon_EC-Earth3-Veg-LR_ssp370_r1i1p1f1_gn_206701-206712.nc
  descargando archivo 54/86: tos_Omon_EC-Earth3-Veg-LR_ssp370_r1i1p1f1_gn_206801-206812.nc
  descargando archivo 55/86: tos_Omon_EC-Earth3-Veg-LR_ssp370_r1i1p1f1_gn_206901-206912.nc
  descargando archivo 56/86: tos_Omon_EC-Earth3-Veg-LR_ssp370_r1i1p1f1_gn_207001-207012.nc
  descargando archivo 57/86: tos_Omon_EC-Earth3-Veg-LR_ssp370_r1i1p1f1_gn_207101-207112.nc
  descargando archivo 58/86: tos_Omon_EC-Earth3-Veg-LR_ssp370_r1i1p1f1_gn_207201-207212.nc
  descargando archivo 59/86: tos_Omon_EC-Earth3-Veg-LR_ssp370_r1i1p1f1_gn_207301-207312.nc
  descargando archivo 60/86: tos_Omon_EC-Earth3-Veg-LR_ssp370_r1i1p1f1_gn_207401-207412.nc
  descargando archivo 61/86: tos_Omon_EC-Earth3-Veg-LR_ssp370_r1i1p1f1_gn_207501-207512.nc
  descargando archivo 62/86: tos_Omon_EC-Earth3-Veg-LR_ssp370_r1i1p1f1_gn_207601-207612.nc
  descargando archivo 63/86: tos_Omon_EC-Earth3-Veg-LR_ssp370_r1i1p1f1_gn_207701-207712.nc
  descargando archivo 64/86: tos_Omon_EC-Earth3-Veg-LR_ssp370_r1i1p1f1_gn_207801-207812.nc
  descargando archivo 65/86: tos_Omon_EC-Earth3-Veg-LR_ssp370_r1i1p1f1_gn_207901-207912.nc
  descargando archivo 66/86: tos_Omon_EC-Earth3-Veg-LR_ssp370_r1i1p1f1_gn_208001-208012.nc
  descargando archivo 67/86: tos_Omon_EC-Earth3-Veg-LR_ssp370_r1i1p1f1_gn_208101-208112.nc
  descargando archivo 68/86: tos_Omon_EC-Earth3-Veg-LR_ssp370_r1i1p1f1_gn_208201-208212.nc
  descargando archivo 69/86: tos_Omon_EC-Earth3-Veg-LR_ssp370_r1i1p1f1_gn_208301-208312.nc
  descargando archivo 70/86: tos_Omon_EC-Earth3-Veg-LR_ssp370_r1i1p1f1_gn_208401-208412.nc
  descargando archivo 71/86: tos_Omon_EC-Earth3-Veg-LR_ssp370_r1i1p1f1_gn_208501-208512.nc
  descargando archivo 72/86: tos_Omon_EC-Earth3-Veg-LR_ssp370_r1i1p1f1_gn_208601-208612.nc
  descargando archivo 73/86: tos_Omon_EC-Earth3-Veg-LR_ssp370_r1i1p1f1_gn_208701-208712.nc
  descargando archivo 74/86: tos_Omon_EC-Earth3-Veg-LR_ssp370_r1i1p1f1_gn_208801-208812.nc
  descargando archivo 75/86: tos_Omon_EC-Earth3-Veg-LR_ssp370_r1i1p1f1_gn_208901-208912.nc
  descargando archivo 76/86: tos_Omon_EC-Earth3-Veg-LR_ssp370_r1i1p1f1_gn_209001-209012.nc
  descargando archivo 77/86: tos_Omon_EC-Earth3-Veg-LR_ssp370_r1i1p1f1_gn_209101-209112.nc
  descargando archivo 78/86: tos_Omon_EC-Earth3-Veg-LR_ssp370_r1i1p1f1_gn_209201-209212.nc
  descargando archivo 79/86: tos_Omon_EC-Earth3-Veg-LR_ssp370_r1i1p1f1_gn_209301-209312.nc
  descargando archivo 80/86: tos_Omon_EC-Earth3-Veg-LR_ssp370_r1i1p1f1_gn_209401-209412.nc
  descargando archivo 81/86: tos_Omon_EC-Earth3-Veg-LR_ssp370_r1i1p1f1_gn_209501-209512.nc
  descargando archivo 82/86: tos_Omon_EC-Earth3-Veg-LR_ssp370_r1i1p1f1_gn_209601-209612.nc
  descargando archivo 83/86: tos_Omon_EC-Earth3-Veg-LR_ssp370_r1i1p1f1_gn_209701-209712.nc
  descargando archivo 84/86: tos_Omon_EC-Earth3-Veg-LR_ssp370_r1i1p1f1_gn_209801-209812.nc
  descargando archivo 85/86: tos_Omon_EC-Earth3-Veg-LR_ssp370_r1i1p1f1_gn_209901-209912.nc
  descargando archivo 86/86: tos_Omon_EC-Earth3-Veg-LR_ssp370_r1i1p1f1_gn_210001-210012.nc
Procesando EC-Earth3-Veg-LR ssp585 (19) ...
  descargando archivo 1/86: tos_Omon_EC-Earth3-Veg-LR_ssp585_r1i1p1f1_gn_201501-201512.nc
  descargando archivo 2/86: tos_Omon_EC-Earth3-Veg-LR_ssp585_r1i1p1f1_gn_201601-201612.nc
  descargando archivo 3/86: tos_Omon_EC-Earth3-Veg-LR_ssp585_r1i1p1f1_gn_201701-201712.nc
  descargando archivo 4/86: tos_Omon_EC-Earth3-Veg-LR_ssp585_r1i1p1f1_gn_201801-201812.nc
  descargando archivo 5/86: tos_Omon_EC-Earth3-Veg-LR_ssp585_r1i1p1f1_gn_201901-201912.nc
  descargando archivo 6/86: tos_Omon_EC-Earth3-Veg-LR_ssp585_r1i1p1f1_gn_202001-202012.nc
  descargando archivo 7/86: tos_Omon_EC-Earth3-Veg-LR_ssp585_r1i1p1f1_gn_202101-202112.nc
  descargando archivo 8/86: tos_Omon_EC-Earth3-Veg-LR_ssp585_r1i1p1f1_gn_202201-202212.nc
  descargando archivo 9/86: tos_Omon_EC-Earth3-Veg-LR_ssp585_r1i1p1f1_gn_202301-202312.nc
  descargando archivo 10/86: tos_Omon_EC-Earth3-Veg-LR_ssp585_r1i1p1f1_gn_202401-202412.nc
  descargando archivo 11/86: tos_Omon_EC-Earth3-Veg-LR_ssp585_r1i1p1f1_gn_202501-202512.nc
  descargando archivo 12/86: tos_Omon_EC-Earth3-Veg-LR_ssp585_r1i1p1f1_gn_202601-202612.nc
  descargando archivo 13/86: tos_Omon_EC-Earth3-Veg-LR_ssp585_r1i1p1f1_gn_202701-202712.nc
  descargando archivo 14/86: tos_Omon_EC-Earth3-Veg-LR_ssp585_r1i1p1f1_gn_202801-202812.nc
  descargando archivo 15/86: tos_Omon_EC-Earth3-Veg-LR_ssp585_r1i1p1f1_gn_202901-202912.nc
  descargando archivo 16/86: tos_Omon_EC-Earth3-Veg-LR_ssp585_r1i1p1f1_gn_203001-203012.nc
  descargando archivo 17/86: tos_Omon_EC-Earth3-Veg-LR_ssp585_r1i1p1f1_gn_203101-203112.nc
  descargando archivo 18/86: tos_Omon_EC-Earth3-Veg-LR_ssp585_r1i1p1f1_gn_203201-203212.nc
  descargando archivo 19/86: tos_Omon_EC-Earth3-Veg-LR_ssp585_r1i1p1f1_gn_203301-203312.nc
  descargando archivo 20/86: tos_Omon_EC-Earth3-Veg-LR_ssp585_r1i1p1f1_gn_203401-203412.nc
  descargando archivo 21/86: tos_Omon_EC-Earth3-Veg-LR_ssp585_r1i1p1f1_gn_203501-203512.nc
  descargando archivo 22/86: tos_Omon_EC-Earth3-Veg-LR_ssp585_r1i1p1f1_gn_203601-203612.nc
  descargando archivo 23/86: tos_Omon_EC-Earth3-Veg-LR_ssp585_r1i1p1f1_gn_203701-203712.nc
  descargando archivo 24/86: tos_Omon_EC-Earth3-Veg-LR_ssp585_r1i1p1f1_gn_203801-203812.nc
  descargando archivo 25/86: tos_Omon_EC-Earth3-Veg-LR_ssp585_r1i1p1f1_gn_203901-203912.nc
  descargando archivo 26/86: tos_Omon_EC-Earth3-Veg-LR_ssp585_r1i1p1f1_gn_204001-204012.nc
  descargando archivo 27/86: tos_Omon_EC-Earth3-Veg-LR_ssp585_r1i1p1f1_gn_204101-204112.nc
  descargando archivo 28/86: tos_Omon_EC-Earth3-Veg-LR_ssp585_r1i1p1f1_gn_204201-204212.nc
  descargando archivo 29/86: tos_Omon_EC-Earth3-Veg-LR_ssp585_r1i1p1f1_gn_204301-204312.nc
  descargando archivo 30/86: tos_Omon_EC-Earth3-Veg-LR_ssp585_r1i1p1f1_gn_204401-204412.nc
  descargando archivo 31/86: tos_Omon_EC-Earth3-Veg-LR_ssp585_r1i1p1f1_gn_204501-204512.nc
  descargando archivo 32/86: tos_Omon_EC-Earth3-Veg-LR_ssp585_r1i1p1f1_gn_204601-204612.nc
  descargando archivo 33/86: tos_Omon_EC-Earth3-Veg-LR_ssp585_r1i1p1f1_gn_204701-204712.nc
  descargando archivo 34/86: tos_Omon_EC-Earth3-Veg-LR_ssp585_r1i1p1f1_gn_204801-204812.nc
  descargando archivo 35/86: tos_Omon_EC-Earth3-Veg-LR_ssp585_r1i1p1f1_gn_204901-204912.nc
  descargando archivo 36/86: tos_Omon_EC-Earth3-Veg-LR_ssp585_r1i1p1f1_gn_205001-205012.nc
  descargando archivo 37/86: tos_Omon_EC-Earth3-Veg-LR_ssp585_r1i1p1f1_gn_205101-205112.nc
  descargando archivo 38/86: tos_Omon_EC-Earth3-Veg-LR_ssp585_r1i1p1f1_gn_205201-205212.nc
  descargando archivo 39/86: tos_Omon_EC-Earth3-Veg-LR_ssp585_r1i1p1f1_gn_205301-205312.nc
  descargando archivo 40/86: tos_Omon_EC-Earth3-Veg-LR_ssp585_r1i1p1f1_gn_205401-205412.nc
  descargando archivo 41/86: tos_Omon_EC-Earth3-Veg-LR_ssp585_r1i1p1f1_gn_205501-205512.nc
  descargando archivo 42/86: tos_Omon_EC-Earth3-Veg-LR_ssp585_r1i1p1f1_gn_205601-205612.nc
  descargando archivo 43/86: tos_Omon_EC-Earth3-Veg-LR_ssp585_r1i1p1f1_gn_205701-205712.nc
  descargando archivo 44/86: tos_Omon_EC-Earth3-Veg-LR_ssp585_r1i1p1f1_gn_205801-205812.nc
  descargando archivo 45/86: tos_Omon_EC-Earth3-Veg-LR_ssp585_r1i1p1f1_gn_205901-205912.nc
  descargando archivo 46/86: tos_Omon_EC-Earth3-Veg-LR_ssp585_r1i1p1f1_gn_206001-206012.nc
  descargando archivo 47/86: tos_Omon_EC-Earth3-Veg-LR_ssp585_r1i1p1f1_gn_206101-206112.nc
  descargando archivo 48/86: tos_Omon_EC-Earth3-Veg-LR_ssp585_r1i1p1f1_gn_206201-206212.nc
  descargando archivo 49/86: tos_Omon_EC-Earth3-Veg-LR_ssp585_r1i1p1f1_gn_206301-206312.nc
  descargando archivo 50/86: tos_Omon_EC-Earth3-Veg-LR_ssp585_r1i1p1f1_gn_206401-206412.nc
  descargando archivo 51/86: tos_Omon_EC-Earth3-Veg-LR_ssp585_r1i1p1f1_gn_206501-206512.nc
  descargando archivo 52/86: tos_Omon_EC-Earth3-Veg-LR_ssp585_r1i1p1f1_gn_206601-206612.nc
  descargando archivo 53/86: tos_Omon_EC-Earth3-Veg-LR_ssp585_r1i1p1f1_gn_206701-206712.nc
  descargando archivo 54/86: tos_Omon_EC-Earth3-Veg-LR_ssp585_r1i1p1f1_gn_206801-206812.nc
  descargando archivo 55/86: tos_Omon_EC-Earth3-Veg-LR_ssp585_r1i1p1f1_gn_206901-206912.nc
  descargando archivo 56/86: tos_Omon_EC-Earth3-Veg-LR_ssp585_r1i1p1f1_gn_207001-207012.nc
  descargando archivo 57/86: tos_Omon_EC-Earth3-Veg-LR_ssp585_r1i1p1f1_gn_207101-207112.nc
  descargando archivo 58/86: tos_Omon_EC-Earth3-Veg-LR_ssp585_r1i1p1f1_gn_207201-207212.nc
  descargando archivo 59/86: tos_Omon_EC-Earth3-Veg-LR_ssp585_r1i1p1f1_gn_207301-207312.nc
  descargando archivo 60/86: tos_Omon_EC-Earth3-Veg-LR_ssp585_r1i1p1f1_gn_207401-207412.nc
  descargando archivo 61/86: tos_Omon_EC-Earth3-Veg-LR_ssp585_r1i1p1f1_gn_207501-207512.nc
  descargando archivo 62/86: tos_Omon_EC-Earth3-Veg-LR_ssp585_r1i1p1f1_gn_207601-207612.nc
  descargando archivo 63/86: tos_Omon_EC-Earth3-Veg-LR_ssp585_r1i1p1f1_gn_207701-207712.nc
  descargando archivo 64/86: tos_Omon_EC-Earth3-Veg-LR_ssp585_r1i1p1f1_gn_207801-207812.nc
  descargando archivo 65/86: tos_Omon_EC-Earth3-Veg-LR_ssp585_r1i1p1f1_gn_207901-207912.nc
  descargando archivo 66/86: tos_Omon_EC-Earth3-Veg-LR_ssp585_r1i1p1f1_gn_208001-208012.nc
  descargando archivo 67/86: tos_Omon_EC-Earth3-Veg-LR_ssp585_r1i1p1f1_gn_208101-208112.nc
  descargando archivo 68/86: tos_Omon_EC-Earth3-Veg-LR_ssp585_r1i1p1f1_gn_208201-208212.nc
  descargando archivo 69/86: tos_Omon_EC-Earth3-Veg-LR_ssp585_r1i1p1f1_gn_208301-208312.nc
  descargando archivo 70/86: tos_Omon_EC-Earth3-Veg-LR_ssp585_r1i1p1f1_gn_208401-208412.nc
  descargando archivo 71/86: tos_Omon_EC-Earth3-Veg-LR_ssp585_r1i1p1f1_gn_208501-208512.nc
  descargando archivo 72/86: tos_Omon_EC-Earth3-Veg-LR_ssp585_r1i1p1f1_gn_208601-208612.nc
  descargando archivo 73/86: tos_Omon_EC-Earth3-Veg-LR_ssp585_r1i1p1f1_gn_208701-208712.nc
  descargando archivo 74/86: tos_Omon_EC-Earth3-Veg-LR_ssp585_r1i1p1f1_gn_208801-208812.nc
  descargando archivo 75/86: tos_Omon_EC-Earth3-Veg-LR_ssp585_r1i1p1f1_gn_208901-208912.nc
  descargando archivo 76/86: tos_Omon_EC-Earth3-Veg-LR_ssp585_r1i1p1f1_gn_209001-209012.nc
  descargando archivo 77/86: tos_Omon_EC-Earth3-Veg-LR_ssp585_r1i1p1f1_gn_209101-209112.nc
  descargando archivo 78/86: tos_Omon_EC-Earth3-Veg-LR_ssp585_r1i1p1f1_gn_209201-209212.nc
  descargando archivo 79/86: tos_Omon_EC-Earth3-Veg-LR_ssp585_r1i1p1f1_gn_209301-209312.nc
  descargando archivo 80/86: tos_Omon_EC-Earth3-Veg-LR_ssp585_r1i1p1f1_gn_209401-209412.nc
  descargando archivo 81/86: tos_Omon_EC-Earth3-Veg-LR_ssp585_r1i1p1f1_gn_209501-209512.nc
  descargando archivo 82/86: tos_Omon_EC-Earth3-Veg-LR_ssp585_r1i1p1f1_gn_209601-209612.nc
  descargando archivo 83/86: tos_Omon_EC-Earth3-Veg-LR_ssp585_r1i1p1f1_gn_209701-209712.nc
  descargando archivo 84/86: tos_Omon_EC-Earth3-Veg-LR_ssp585_r1i1p1f1_gn_209801-209812.nc
  descargando archivo 85/86: tos_Omon_EC-Earth3-Veg-LR_ssp585_r1i1p1f1_gn_209901-209912.nc
  descargando archivo 86/86: tos_Omon_EC-Earth3-Veg-LR_ssp585_r1i1p1f1_gn_210001-210012.nc
Procesando FGOALS-f3-L historical (20) ...
  descargando archivo 1/1: tos_Omon_FGOALS-f3-L_historical_r1i1p1f1_gn_185001-201412.nc
Procesando FGOALS-f3-L ssp245 (20) ...
  descargando archivo 1/2: tos_Omon_FGOALS-f3-L_ssp245_r1i1p1f1_gn_201501-206412.nc
  descargando archivo 2/2: tos_Omon_FGOALS-f3-L_ssp245_r1i1p1f1_gn_206501-210012.nc
Procesando FGOALS-f3-L ssp370 (20) ...
  descargando archivo 1/2: tos_Omon_FGOALS-f3-L_ssp370_r1i1p1f1_gn_201501-206412.nc
  descargando archivo 2/2: tos_Omon_FGOALS-f3-L_ssp370_r1i1p1f1_gn_206501-210012.nc
Procesando FGOALS-f3-L ssp585 (20) ...
  descargando archivo 1/2: tos_Omon_FGOALS-f3-L_ssp585_r1i1p1f1_gn_201501-206412.nc
  descargando archivo 2/2: tos_Omon_FGOALS-f3-L_ssp585_r1i1p1f1_gn_206501-210012.nc
Procesando FGOALS-g3 historical (21) ...
  descargando archivo 1/1: tos_Omon_FGOALS-g3_historical_r1i1p1f1_gn_185001-201412.nc
Procesando FGOALS-g3 ssp245 (21) ...
  descargando archivo 1/2: tos_Omon_FGOALS-g3_ssp245_r1i1p1f1_gn_201501-206412.nc
  descargando archivo 2/2: tos_Omon_FGOALS-g3_ssp245_r1i1p1f1_gn_206501-210012.nc
Procesando FGOALS-g3 ssp370 (21) ...
  descargando archivo 1/2: tos_Omon_FGOALS-g3_ssp370_r1i1p1f1_gn_201501-206412.nc
  descargando archivo 2/2: tos_Omon_FGOALS-g3_ssp370_r1i1p1f1_gn_206501-210012.nc
Procesando FGOALS-g3 ssp585 (21) ...
  descargando archivo 1/2: tos_Omon_FGOALS-g3_ssp585_r1i1p1f1_gn_201501-206412.nc
  descargando archivo 2/2: tos_Omon_FGOALS-g3_ssp585_r1i1p1f1_gn_206501-210012.nc
Procesando GFDL-ESM4 historical (22) ...
  descargando archivo 1/9: tos_Omon_GFDL-ESM4_historical_r1i1p1f1_gr_185001-186912.nc
  descargando archivo 2/9: tos_Omon_GFDL-ESM4_historical_r1i1p1f1_gr_187001-188912.nc
  descargando archivo 3/9: tos_Omon_GFDL-ESM4_historical_r1i1p1f1_gr_189001-190912.nc
  descargando archivo 4/9: tos_Omon_GFDL-ESM4_historical_r1i1p1f1_gr_191001-192912.nc
  descargando archivo 5/9: tos_Omon_GFDL-ESM4_historical_r1i1p1f1_gr_193001-194912.nc
  descargando archivo 6/9: tos_Omon_GFDL-ESM4_historical_r1i1p1f1_gr_195001-196912.nc
  descargando archivo 7/9: tos_Omon_GFDL-ESM4_historical_r1i1p1f1_gr_197001-198912.nc
  descargando archivo 8/9: tos_Omon_GFDL-ESM4_historical_r1i1p1f1_gr_199001-200912.nc
  descargando archivo 9/9: tos_Omon_GFDL-ESM4_historical_r1i1p1f1_gr_201001-201412.nc
Procesando GFDL-ESM4 ssp245 (22) ...
  descargando archivo 1/5: tos_Omon_GFDL-ESM4_ssp245_r1i1p1f1_gr_201501-203412.nc
  descargando archivo 2/5: tos_Omon_GFDL-ESM4_ssp245_r1i1p1f1_gr_203501-205412.nc
  descargando archivo 3/5: tos_Omon_GFDL-ESM4_ssp245_r1i1p1f1_gr_205501-207412.nc
  descargando archivo 4/5: tos_Omon_GFDL-ESM4_ssp245_r1i1p1f1_gr_207501-209412.nc
  descargando archivo 5/5: tos_Omon_GFDL-ESM4_ssp245_r1i1p1f1_gr_209501-210012.nc
Procesando GFDL-ESM4 ssp370 (22) ...
  descargando archivo 1/5: tos_Omon_GFDL-ESM4_ssp370_r1i1p1f1_gr_201501-203412.nc
  descargando archivo 2/5: tos_Omon_GFDL-ESM4_ssp370_r1i1p1f1_gr_203501-205412.nc
  descargando archivo 3/5: tos_Omon_GFDL-ESM4_ssp370_r1i1p1f1_gr_205501-207412.nc
  descargando archivo 4/5: tos_Omon_GFDL-ESM4_ssp370_r1i1p1f1_gr_207501-209412.nc
  descargando archivo 5/5: tos_Omon_GFDL-ESM4_ssp370_r1i1p1f1_gr_209501-210012.nc
Procesando GFDL-ESM4 ssp585 (22) ...
  descargando archivo 1/5: tos_Omon_GFDL-ESM4_ssp585_r1i1p1f1_gr_201501-203412.nc
  descargando archivo 2/5: tos_Omon_GFDL-ESM4_ssp585_r1i1p1f1_gr_203501-205412.nc
  descargando archivo 3/5: tos_Omon_GFDL-ESM4_ssp585_r1i1p1f1_gr_205501-207412.nc
  descargando archivo 4/5: tos_Omon_GFDL-ESM4_ssp585_r1i1p1f1_gr_207501-209412.nc
  descargando archivo 5/5: tos_Omon_GFDL-ESM4_ssp585_r1i1p1f1_gr_209501-210012.nc
Procesando GISS-E2-1-G historical (23) ...
  descargando archivo 1/4: tos_Omon_GISS-E2-1-G_historical_r1i1p3f1_gn_185001-190012.nc
  descargando archivo 2/4: tos_Omon_GISS-E2-1-G_historical_r1i1p3f1_gn_190101-195012.nc
  descargando archivo 3/4: tos_Omon_GISS-E2-1-G_historical_r1i1p3f1_gn_195101-200012.nc
  descargando archivo 4/4: tos_Omon_GISS-E2-1-G_historical_r1i1p3f1_gn_200101-201412.nc
Procesando GISS-E2-1-G ssp245 (23) ...
  descargando archivo 1/2: tos_Omon_GISS-E2-1-G_ssp245_r1i1p3f1_gn_201501-205012.nc
  descargando archivo 2/2: tos_Omon_GISS-E2-1-G_ssp245_r1i1p3f1_gn_205101-210012.nc
Procesando GISS-E2-1-G ssp370 (23) ...
  descargando archivo 1/2: tos_Omon_GISS-E2-1-G_ssp370_r1i1p3f1_gn_201501-205012.nc
  descargando archivo 2/2: tos_Omon_GISS-E2-1-G_ssp370_r1i1p3f1_gn_205101-210012.nc
Procesando GISS-E2-1-G ssp585 (23) ...
  descargando archivo 1/2: tos_Omon_GISS-E2-1-G_ssp585_r1i1p3f1_gn_201501-205012.nc
  descargando archivo 2/2: tos_Omon_GISS-E2-1-G_ssp585_r1i1p3f1_gn_205101-210012.nc
Procesando GISS-E2-1-H historical (24) ...
  descargando archivo 1/4: tos_Omon_GISS-E2-1-H_historical_r1i1p3f1_gn_185001-190012.nc
  descargando archivo 2/4: tos_Omon_GISS-E2-1-H_historical_r1i1p3f1_gn_190101-195012.nc
  descargando archivo 3/4: tos_Omon_GISS-E2-1-H_historical_r1i1p3f1_gn_195101-200012.nc
  descargando archivo 4/4: tos_Omon_GISS-E2-1-H_historical_r1i1p3f1_gn_200101-201412.nc
Procesando GISS-E2-1-H ssp245 (24) ...
  descargando archivo 1/2: tos_Omon_GISS-E2-1-H_ssp245_r1i1p3f1_gn_201501-205012.nc
  descargando archivo 2/2: tos_Omon_GISS-E2-1-H_ssp245_r1i1p3f1_gn_205101-210012.nc
Procesando GISS-E2-1-H ssp370 (24) ...
  descargando archivo 1/2: tos_Omon_GISS-E2-1-H_ssp370_r1i1p3f1_gn_201501-205012.nc
  descargando archivo 2/2: tos_Omon_GISS-E2-1-H_ssp370_r1i1p3f1_gn_205101-210012.nc
Procesando GISS-E2-1-H ssp585 (24) ...
  descargando archivo 1/2: tos_Omon_GISS-E2-1-H_ssp585_r1i1p3f1_gn_201501-205012.nc
  descargando archivo 2/2: tos_Omon_GISS-E2-1-H_ssp585_r1i1p3f1_gn_205101-210012.nc
Procesando GISS-E2-2-G historical (25) ...
  descargando archivo 1/7: tos_Omon_GISS-E2-2-G_historical_r1i1p3f1_gn_185001-187512.nc
  descargando archivo 2/7: tos_Omon_GISS-E2-2-G_historical_r1i1p3f1_gn_187601-190012.nc
  descargando archivo 3/7: tos_Omon_GISS-E2-2-G_historical_r1i1p3f1_gn_190101-192512.nc
  descargando archivo 4/7: tos_Omon_GISS-E2-2-G_historical_r1i1p3f1_gn_192601-195012.nc
  descargando archivo 5/7: tos_Omon_GISS-E2-2-G_historical_r1i1p3f1_gn_195101-197512.nc
  descargando archivo 6/7: tos_Omon_GISS-E2-2-G_historical_r1i1p3f1_gn_197601-200012.nc
  descargando archivo 7/7: tos_Omon_GISS-E2-2-G_historical_r1i1p3f1_gn_200101-201412.nc
Procesando GISS-E2-2-G ssp245 (25) ...
  descargando archivo 1/4: tos_Omon_GISS-E2-2-G_ssp245_r1i1p3f1_gn_201501-202512.nc
  descargando archivo 2/4: tos_Omon_GISS-E2-2-G_ssp245_r1i1p3f1_gn_202601-205012.nc
  descargando archivo 3/4: tos_Omon_GISS-E2-2-G_ssp245_r1i1p3f1_gn_205101-207512.nc
  descargando archivo 4/4: tos_Omon_GISS-E2-2-G_ssp245_r1i1p3f1_gn_207601-210012.nc
Procesando GISS-E2-2-G ssp370 (25) ...
  descargando archivo 1/4: tos_Omon_GISS-E2-2-G_ssp370_r1i1p3f1_gn_201501-202512.nc
  descargando archivo 2/4: tos_Omon_GISS-E2-2-G_ssp370_r1i1p3f1_gn_202601-205012.nc
  descargando archivo 3/4: tos_Omon_GISS-E2-2-G_ssp370_r1i1p3f1_gn_205101-207512.nc
  descargando archivo 4/4: tos_Omon_GISS-E2-2-G_ssp370_r1i1p3f1_gn_207601-210012.nc
Procesando GISS-E2-2-G ssp585 (25) ...
  descargando archivo 1/4: tos_Omon_GISS-E2-2-G_ssp585_r1i1p3f1_gn_201501-202512.nc
  descargando archivo 2/4: tos_Omon_GISS-E2-2-G_ssp585_r1i1p3f1_gn_202601-205012.nc
  descargando archivo 3/4: tos_Omon_GISS-E2-2-G_ssp585_r1i1p3f1_gn_205101-207512.nc
  descargando archivo 4/4: tos_Omon_GISS-E2-2-G_ssp585_r1i1p3f1_gn_207601-210012.nc
Procesando IITM-ESM historical (26) ...
  descargando archivo 1/23: tos_Omon_IITM-ESM_historical_r1i1p1f1_gn_190001-190412.nc
  descargando archivo 2/23: tos_Omon_IITM-ESM_historical_r1i1p1f1_gn_190501-190912.nc
  descargando archivo 3/23: tos_Omon_IITM-ESM_historical_r1i1p1f1_gn_191001-191412.nc
  descargando archivo 4/23: tos_Omon_IITM-ESM_historical_r1i1p1f1_gn_191501-191912.nc
  descargando archivo 5/23: tos_Omon_IITM-ESM_historical_r1i1p1f1_gn_192001-192412.nc
  descargando archivo 6/23: tos_Omon_IITM-ESM_historical_r1i1p1f1_gn_192501-192912.nc
  descargando archivo 7/23: tos_Omon_IITM-ESM_historical_r1i1p1f1_gn_193001-193412.nc
  descargando archivo 8/23: tos_Omon_IITM-ESM_historical_r1i1p1f1_gn_193501-193912.nc
  descargando archivo 9/23: tos_Omon_IITM-ESM_historical_r1i1p1f1_gn_194001-194412.nc
  descargando archivo 10/23: tos_Omon_IITM-ESM_historical_r1i1p1f1_gn_194501-194912.nc
  descargando archivo 11/23: tos_Omon_IITM-ESM_historical_r1i1p1f1_gn_195001-195412.nc
  descargando archivo 12/23: tos_Omon_IITM-ESM_historical_r1i1p1f1_gn_195501-195912.nc
  descargando archivo 13/23: tos_Omon_IITM-ESM_historical_r1i1p1f1_gn_196001-196412.nc
  descargando archivo 14/23: tos_Omon_IITM-ESM_historical_r1i1p1f1_gn_196501-196912.nc
  descargando archivo 15/23: tos_Omon_IITM-ESM_historical_r1i1p1f1_gn_197001-197412.nc
  descargando archivo 16/23: tos_Omon_IITM-ESM_historical_r1i1p1f1_gn_197501-197912.nc
  descargando archivo 17/23: tos_Omon_IITM-ESM_historical_r1i1p1f1_gn_198001-198412.nc
  descargando archivo 18/23: tos_Omon_IITM-ESM_historical_r1i1p1f1_gn_198501-198912.nc
  descargando archivo 19/23: tos_Omon_IITM-ESM_historical_r1i1p1f1_gn_199001-199412.nc
  descargando archivo 20/23: tos_Omon_IITM-ESM_historical_r1i1p1f1_gn_199501-199912.nc
  descargando archivo 21/23: tos_Omon_IITM-ESM_historical_r1i1p1f1_gn_200001-200412.nc
  descargando archivo 22/23: tos_Omon_IITM-ESM_historical_r1i1p1f1_gn_200501-200912.nc
  descargando archivo 23/23: tos_Omon_IITM-ESM_historical_r1i1p1f1_gn_201001-201412.nc
Procesando IITM-ESM ssp245 (26) ...
  descargando archivo 1/17: tos_Omon_IITM-ESM_ssp245_r1i1p1f1_gn_201501-201912.nc
  descargando archivo 2/17: tos_Omon_IITM-ESM_ssp245_r1i1p1f1_gn_202001-202412.nc
  descargando archivo 3/17: tos_Omon_IITM-ESM_ssp245_r1i1p1f1_gn_202501-202912.nc
  descargando archivo 4/17: tos_Omon_IITM-ESM_ssp245_r1i1p1f1_gn_203001-203412.nc
  descargando archivo 5/17: tos_Omon_IITM-ESM_ssp245_r1i1p1f1_gn_203501-203912.nc
  descargando archivo 6/17: tos_Omon_IITM-ESM_ssp245_r1i1p1f1_gn_204001-204412.nc
  descargando archivo 7/17: tos_Omon_IITM-ESM_ssp245_r1i1p1f1_gn_204501-204912.nc
  descargando archivo 8/17: tos_Omon_IITM-ESM_ssp245_r1i1p1f1_gn_205001-205412.nc
  descargando archivo 9/17: tos_Omon_IITM-ESM_ssp245_r1i1p1f1_gn_205501-205912.nc
  descargando archivo 10/17: tos_Omon_IITM-ESM_ssp245_r1i1p1f1_gn_206001-206412.nc
  descargando archivo 11/17: tos_Omon_IITM-ESM_ssp245_r1i1p1f1_gn_206501-206912.nc
  descargando archivo 12/17: tos_Omon_IITM-ESM_ssp245_r1i1p1f1_gn_207001-207412.nc
  descargando archivo 13/17: tos_Omon_IITM-ESM_ssp245_r1i1p1f1_gn_207501-207912.nc
  descargando archivo 14/17: tos_Omon_IITM-ESM_ssp245_r1i1p1f1_gn_208001-208412.nc
  descargando archivo 15/17: tos_Omon_IITM-ESM_ssp245_r1i1p1f1_gn_208501-208912.nc
  descargando archivo 16/17: tos_Omon_IITM-ESM_ssp245_r1i1p1f1_gn_209001-209412.nc
  descargando archivo 17/17: tos_Omon_IITM-ESM_ssp245_r1i1p1f1_gn_209501-209912.nc
Procesando IITM-ESM ssp370 (26) ...
  descargando archivo 1/9: tos_Omon_IITM-ESM_ssp370_r1i1p1f1_gn_201501-202412.nc
  descargando archivo 2/9: tos_Omon_IITM-ESM_ssp370_r1i1p1f1_gn_202501-203412.nc
  descargando archivo 3/9: tos_Omon_IITM-ESM_ssp370_r1i1p1f1_gn_203501-204412.nc
  descargando archivo 4/9: tos_Omon_IITM-ESM_ssp370_r1i1p1f1_gn_204501-205412.nc
  descargando archivo 5/9: tos_Omon_IITM-ESM_ssp370_r1i1p1f1_gn_205501-206412.nc
  descargando archivo 6/9: tos_Omon_IITM-ESM_ssp370_r1i1p1f1_gn_206501-207412.nc
  descargando archivo 7/9: tos_Omon_IITM-ESM_ssp370_r1i1p1f1_gn_207501-208412.nc
  descargando archivo 8/9: tos_Omon_IITM-ESM_ssp370_r1i1p1f1_gn_208501-209412.nc
  descargando archivo 9/9: tos_Omon_IITM-ESM_ssp370_r1i1p1f1_gn_209501-209812.nc
Procesando IITM-ESM ssp585 (26) ...
  descargando archivo 1/17: tos_Omon_IITM-ESM_ssp585_r1i1p1f1_gn_201501-201912.nc
  descargando archivo 2/17: tos_Omon_IITM-ESM_ssp585_r1i1p1f1_gn_202001-202412.nc
  descargando archivo 3/17: tos_Omon_IITM-ESM_ssp585_r1i1p1f1_gn_202501-202912.nc
  descargando archivo 4/17: tos_Omon_IITM-ESM_ssp585_r1i1p1f1_gn_203001-203412.nc
  descargando archivo 5/17: tos_Omon_IITM-ESM_ssp585_r1i1p1f1_gn_203501-203912.nc
  descargando archivo 6/17: tos_Omon_IITM-ESM_ssp585_r1i1p1f1_gn_204001-204412.nc
  descargando archivo 7/17: tos_Omon_IITM-ESM_ssp585_r1i1p1f1_gn_204501-204912.nc
  descargando archivo 8/17: tos_Omon_IITM-ESM_ssp585_r1i1p1f1_gn_205001-205412.nc
  descargando archivo 9/17: tos_Omon_IITM-ESM_ssp585_r1i1p1f1_gn_205501-205912.nc
  descargando archivo 10/17: tos_Omon_IITM-ESM_ssp585_r1i1p1f1_gn_206001-206412.nc
  descargando archivo 11/17: tos_Omon_IITM-ESM_ssp585_r1i1p1f1_gn_206501-206912.nc
  descargando archivo 12/17: tos_Omon_IITM-ESM_ssp585_r1i1p1f1_gn_207001-207412.nc
  descargando archivo 13/17: tos_Omon_IITM-ESM_ssp585_r1i1p1f1_gn_207501-207912.nc
  descargando archivo 14/17: tos_Omon_IITM-ESM_ssp585_r1i1p1f1_gn_208001-208412.nc
  descargando archivo 15/17: tos_Omon_IITM-ESM_ssp585_r1i1p1f1_gn_208501-208912.nc
  descargando archivo 16/17: tos_Omon_IITM-ESM_ssp585_r1i1p1f1_gn_209001-209412.nc
  descargando archivo 17/17: tos_Omon_IITM-ESM_ssp585_r1i1p1f1_gn_209501-209912.nc
Procesando INM-CM4-8 historical (27) ...
  descargando archivo 1/4: tos_Omon_INM-CM4-8_historical_r1i1p1f1_gr1_185001-189912.nc
  descargando archivo 2/4: tos_Omon_INM-CM4-8_historical_r1i1p1f1_gr1_190001-194912.nc
  descargando archivo 3/4: tos_Omon_INM-CM4-8_historical_r1i1p1f1_gr1_195001-199912.nc
  descargando archivo 4/4: tos_Omon_INM-CM4-8_historical_r1i1p1f1_gr1_200001-201412.nc
Procesando INM-CM4-8 ssp245 (27) ...
  descargando archivo 1/2: tos_Omon_INM-CM4-8_ssp245_r1i1p1f1_gr1_201501-206412.nc
  descargando archivo 2/2: tos_Omon_INM-CM4-8_ssp245_r1i1p1f1_gr1_206501-210012.nc
Procesando INM-CM4-8 ssp370 (27) ...
  descargando archivo 1/2: tos_Omon_INM-CM4-8_ssp370_r1i1p1f1_gr1_201501-206412.nc
  descargando archivo 2/2: tos_Omon_INM-CM4-8_ssp370_r1i1p1f1_gr1_206501-210012.nc
Procesando INM-CM4-8 ssp585 (27) ...
  descargando archivo 1/2: tos_Omon_INM-CM4-8_ssp585_r1i1p1f1_gr1_201501-206412.nc
  descargando archivo 2/2: tos_Omon_INM-CM4-8_ssp585_r1i1p1f1_gr1_206501-210012.nc
Procesando INM-CM5-0 historical (28) ...
  descargando archivo 1/4: tos_Omon_INM-CM5-0_historical_r1i1p1f1_gr1_185001-189912.nc
  descargando archivo 2/4: tos_Omon_INM-CM5-0_historical_r1i1p1f1_gr1_190001-194912.nc
  descargando archivo 3/4: tos_Omon_INM-CM5-0_historical_r1i1p1f1_gr1_195001-199912.nc
  descargando archivo 4/4: tos_Omon_INM-CM5-0_historical_r1i1p1f1_gr1_200001-201412.nc
Procesando INM-CM5-0 ssp245 (28) ...
  descargando archivo 1/2: tos_Omon_INM-CM5-0_ssp245_r1i1p1f1_gr1_201501-206412.nc
  descargando archivo 2/2: tos_Omon_INM-CM5-0_ssp245_r1i1p1f1_gr1_206501-210012.nc
Procesando INM-CM5-0 ssp370 (28) ...
  descargando archivo 1/2: tos_Omon_INM-CM5-0_ssp370_r1i1p1f1_gr1_201501-206412.nc
  descargando archivo 2/2: tos_Omon_INM-CM5-0_ssp370_r1i1p1f1_gr1_206501-210012.nc
Procesando INM-CM5-0 ssp585 (28) ...
  descargando archivo 1/2: tos_Omon_INM-CM5-0_ssp585_r1i1p1f1_gr1_201501-206412.nc
  descargando archivo 2/2: tos_Omon_INM-CM5-0_ssp585_r1i1p1f1_gr1_206501-210012.nc
Procesando IPSL-CM6A-LR historical (29) ...
  descargando archivo 1/1: tos_Omon_IPSL-CM6A-LR_historical_r1i1p1f1_gn_185001-201412.nc
Procesando IPSL-CM6A-LR ssp245 (29) ...
  descargando archivo 1/1: tos_Omon_IPSL-CM6A-LR_ssp245_r1i1p1f1_gn_201501-210012.nc
Procesando IPSL-CM6A-LR ssp370 (29) ...
  descargando archivo 1/1: tos_Omon_IPSL-CM6A-LR_ssp370_r1i1p1f1_gn_201501-210012.nc
Procesando IPSL-CM6A-LR ssp585 (29) ...
  descargando archivo 1/1: tos_Omon_IPSL-CM6A-LR_ssp585_r1i1p1f1_gn_201501-210012.nc
Procesando MCM-UA-1-0 historical (30) ...
  descargando archivo 1/1: tos_Omon_MCM-UA-1-0_historical_r1i1p1f2_gn_185001-201412.nc
Procesando MCM-UA-1-0 ssp245 (30) ...
  descargando archivo 1/1: tos_Omon_MCM-UA-1-0_ssp245_r1i1p1f2_gn_201501-210012.nc
Procesando MCM-UA-1-0 ssp370 (30) ...
  descargando archivo 1/1: tos_Omon_MCM-UA-1-0_ssp370_r1i1p1f2_gn_201501-210012.nc
Procesando MCM-UA-1-0 ssp585 (30) ...
  descargando archivo 1/1: tos_Omon_MCM-UA-1-0_ssp585_r1i1p1f2_gn_201501-210012.nc
Procesando MIROC-ES2L historical (31) ...
  descargando archivo 1/1: tos_Omon_MIROC-ES2L_historical_r1i1p1f2_gr1_185001-201412.nc
Procesando MIROC-ES2L ssp245 (31) ...
  descargando archivo 1/1: tos_Omon_MIROC-ES2L_ssp245_r1i1p1f2_gr1_201501-210012.nc
Procesando MIROC-ES2L ssp370 (31) ...
  descargando archivo 1/1: tos_Omon_MIROC-ES2L_ssp370_r1i1p1f2_gr1_201501-210012.nc
Procesando MIROC-ES2L ssp585 (31) ...
  descargando archivo 1/1: tos_Omon_MIROC-ES2L_ssp585_r1i1p1f2_gr1_201501-210012.nc
Procesando MIROC6 historical (32) ...
  descargando archivo 1/2: tos_Omon_MIROC6_historical_r1i1p1f1_gn_185001-194912.nc
  descargando archivo 2/2: tos_Omon_MIROC6_historical_r1i1p1f1_gn_195001-201412.nc
Procesando MIROC6 ssp245 (32) ...
  descargando archivo 1/1: tos_Omon_MIROC6_ssp245_r1i1p1f1_gn_201501-210012.nc
Procesando MIROC6 ssp370 (32) ...
  descargando archivo 1/1: tos_Omon_MIROC6_ssp370_r1i1p1f1_gn_201501-210012.nc
Procesando MIROC6 ssp585 (32) ...
  descargando archivo 1/1: tos_Omon_MIROC6_ssp585_r1i1p1f1_gn_201501-210012.nc
Procesando MPI-ESM1-2-HR historical (33) ...
  descargando archivo 1/33: tos_Omon_MPI-ESM1-2-HR_historical_r1i1p1f1_gn_185001-185412.nc
  descargando archivo 2/33: tos_Omon_MPI-ESM1-2-HR_historical_r1i1p1f1_gn_185501-185912.nc
  descargando archivo 3/33: tos_Omon_MPI-ESM1-2-HR_historical_r1i1p1f1_gn_186001-186412.nc
  descargando archivo 4/33: tos_Omon_MPI-ESM1-2-HR_historical_r1i1p1f1_gn_186501-186912.nc
  descargando archivo 5/33: tos_Omon_MPI-ESM1-2-HR_historical_r1i1p1f1_gn_187001-187412.nc
  descargando archivo 6/33: tos_Omon_MPI-ESM1-2-HR_historical_r1i1p1f1_gn_187501-187912.nc
  descargando archivo 7/33: tos_Omon_MPI-ESM1-2-HR_historical_r1i1p1f1_gn_188001-188412.nc
  descargando archivo 8/33: tos_Omon_MPI-ESM1-2-HR_historical_r1i1p1f1_gn_188501-188912.nc
  descargando archivo 9/33: tos_Omon_MPI-ESM1-2-HR_historical_r1i1p1f1_gn_189001-189412.nc
  descargando archivo 10/33: tos_Omon_MPI-ESM1-2-HR_historical_r1i1p1f1_gn_189501-189912.nc
  descargando archivo 11/33: tos_Omon_MPI-ESM1-2-HR_historical_r1i1p1f1_gn_190001-190412.nc
  descargando archivo 12/33: tos_Omon_MPI-ESM1-2-HR_historical_r1i1p1f1_gn_190501-190912.nc
  descargando archivo 13/33: tos_Omon_MPI-ESM1-2-HR_historical_r1i1p1f1_gn_191001-191412.nc
  descargando archivo 14/33: tos_Omon_MPI-ESM1-2-HR_historical_r1i1p1f1_gn_191501-191912.nc
  descargando archivo 15/33: tos_Omon_MPI-ESM1-2-HR_historical_r1i1p1f1_gn_192001-192412.nc
  descargando archivo 16/33: tos_Omon_MPI-ESM1-2-HR_historical_r1i1p1f1_gn_192501-192912.nc
  descargando archivo 17/33: tos_Omon_MPI-ESM1-2-HR_historical_r1i1p1f1_gn_193001-193412.nc
  descargando archivo 18/33: tos_Omon_MPI-ESM1-2-HR_historical_r1i1p1f1_gn_193501-193912.nc
  descargando archivo 19/33: tos_Omon_MPI-ESM1-2-HR_historical_r1i1p1f1_gn_194001-194412.nc
  descargando archivo 20/33: tos_Omon_MPI-ESM1-2-HR_historical_r1i1p1f1_gn_194501-194912.nc
  descargando archivo 21/33: tos_Omon_MPI-ESM1-2-HR_historical_r1i1p1f1_gn_195001-195412.nc
  descargando archivo 22/33: tos_Omon_MPI-ESM1-2-HR_historical_r1i1p1f1_gn_195501-195912.nc
  descargando archivo 23/33: tos_Omon_MPI-ESM1-2-HR_historical_r1i1p1f1_gn_196001-196412.nc
  descargando archivo 24/33: tos_Omon_MPI-ESM1-2-HR_historical_r1i1p1f1_gn_196501-196912.nc
  descargando archivo 25/33: tos_Omon_MPI-ESM1-2-HR_historical_r1i1p1f1_gn_197001-197412.nc
  descargando archivo 26/33: tos_Omon_MPI-ESM1-2-HR_historical_r1i1p1f1_gn_197501-197912.nc
  descargando archivo 27/33: tos_Omon_MPI-ESM1-2-HR_historical_r1i1p1f1_gn_198001-198412.nc
  descargando archivo 28/33: tos_Omon_MPI-ESM1-2-HR_historical_r1i1p1f1_gn_198501-198912.nc
  descargando archivo 29/33: tos_Omon_MPI-ESM1-2-HR_historical_r1i1p1f1_gn_199001-199412.nc
  descargando archivo 30/33: tos_Omon_MPI-ESM1-2-HR_historical_r1i1p1f1_gn_199501-199912.nc
  descargando archivo 31/33: tos_Omon_MPI-ESM1-2-HR_historical_r1i1p1f1_gn_200001-200412.nc
  descargando archivo 32/33: tos_Omon_MPI-ESM1-2-HR_historical_r1i1p1f1_gn_200501-200912.nc
  descargando archivo 33/33: tos_Omon_MPI-ESM1-2-HR_historical_r1i1p1f1_gn_201001-201412.nc
Procesando MPI-ESM1-2-HR ssp245 (33) ...
  descargando archivo 1/18: tos_Omon_MPI-ESM1-2-HR_ssp245_r1i1p1f1_gn_201501-201912.nc
  descargando archivo 2/18: tos_Omon_MPI-ESM1-2-HR_ssp245_r1i1p1f1_gn_202001-202412.nc
  descargando archivo 3/18: tos_Omon_MPI-ESM1-2-HR_ssp245_r1i1p1f1_gn_202501-202912.nc
  descargando archivo 4/18: tos_Omon_MPI-ESM1-2-HR_ssp245_r1i1p1f1_gn_203001-203412.nc
  descargando archivo 5/18: tos_Omon_MPI-ESM1-2-HR_ssp245_r1i1p1f1_gn_203501-203912.nc
  descargando archivo 6/18: tos_Omon_MPI-ESM1-2-HR_ssp245_r1i1p1f1_gn_204001-204412.nc
  descargando archivo 7/18: tos_Omon_MPI-ESM1-2-HR_ssp245_r1i1p1f1_gn_204501-204912.nc
  descargando archivo 8/18: tos_Omon_MPI-ESM1-2-HR_ssp245_r1i1p1f1_gn_205001-205412.nc
  descargando archivo 9/18: tos_Omon_MPI-ESM1-2-HR_ssp245_r1i1p1f1_gn_205501-205912.nc
  descargando archivo 10/18: tos_Omon_MPI-ESM1-2-HR_ssp245_r1i1p1f1_gn_206001-206412.nc
  descargando archivo 11/18: tos_Omon_MPI-ESM1-2-HR_ssp245_r1i1p1f1_gn_206501-206912.nc
  descargando archivo 12/18: tos_Omon_MPI-ESM1-2-HR_ssp245_r1i1p1f1_gn_207001-207412.nc
  descargando archivo 13/18: tos_Omon_MPI-ESM1-2-HR_ssp245_r1i1p1f1_gn_207501-207912.nc
  descargando archivo 14/18: tos_Omon_MPI-ESM1-2-HR_ssp245_r1i1p1f1_gn_208001-208412.nc
  descargando archivo 15/18: tos_Omon_MPI-ESM1-2-HR_ssp245_r1i1p1f1_gn_208501-208912.nc
  descargando archivo 16/18: tos_Omon_MPI-ESM1-2-HR_ssp245_r1i1p1f1_gn_209001-209412.nc
  descargando archivo 17/18: tos_Omon_MPI-ESM1-2-HR_ssp245_r1i1p1f1_gn_209501-209912.nc
  descargando archivo 18/18: tos_Omon_MPI-ESM1-2-HR_ssp245_r1i1p1f1_gn_210001-210012.nc
Procesando MPI-ESM1-2-HR ssp370 (33) ...
  descargando archivo 1/18: tos_Omon_MPI-ESM1-2-HR_ssp370_r1i1p1f1_gn_201501-201912.nc
  descargando archivo 2/18: tos_Omon_MPI-ESM1-2-HR_ssp370_r1i1p1f1_gn_202001-202412.nc
  descargando archivo 3/18: tos_Omon_MPI-ESM1-2-HR_ssp370_r1i1p1f1_gn_202501-202912.nc
  descargando archivo 4/18: tos_Omon_MPI-ESM1-2-HR_ssp370_r1i1p1f1_gn_203001-203412.nc
  descargando archivo 5/18: tos_Omon_MPI-ESM1-2-HR_ssp370_r1i1p1f1_gn_203501-203912.nc
  descargando archivo 6/18: tos_Omon_MPI-ESM1-2-HR_ssp370_r1i1p1f1_gn_204001-204412.nc
  descargando archivo 7/18: tos_Omon_MPI-ESM1-2-HR_ssp370_r1i1p1f1_gn_204501-204912.nc
  descargando archivo 8/18: tos_Omon_MPI-ESM1-2-HR_ssp370_r1i1p1f1_gn_205001-205412.nc
  descargando archivo 9/18: tos_Omon_MPI-ESM1-2-HR_ssp370_r1i1p1f1_gn_205501-205912.nc
  descargando archivo 10/18: tos_Omon_MPI-ESM1-2-HR_ssp370_r1i1p1f1_gn_206001-206412.nc
  descargando archivo 11/18: tos_Omon_MPI-ESM1-2-HR_ssp370_r1i1p1f1_gn_206501-206912.nc
  descargando archivo 12/18: tos_Omon_MPI-ESM1-2-HR_ssp370_r1i1p1f1_gn_207001-207412.nc
  descargando archivo 13/18: tos_Omon_MPI-ESM1-2-HR_ssp370_r1i1p1f1_gn_207501-207912.nc
  descargando archivo 14/18: tos_Omon_MPI-ESM1-2-HR_ssp370_r1i1p1f1_gn_208001-208412.nc
  descargando archivo 15/18: tos_Omon_MPI-ESM1-2-HR_ssp370_r1i1p1f1_gn_208501-208912.nc
  descargando archivo 16/18: tos_Omon_MPI-ESM1-2-HR_ssp370_r1i1p1f1_gn_209001-209412.nc
  descargando archivo 17/18: tos_Omon_MPI-ESM1-2-HR_ssp370_r1i1p1f1_gn_209501-209912.nc
  descargando archivo 18/18: tos_Omon_MPI-ESM1-2-HR_ssp370_r1i1p1f1_gn_210001-210012.nc
Procesando MPI-ESM1-2-HR ssp585 (33) ...
  descargando archivo 1/18: tos_Omon_MPI-ESM1-2-HR_ssp585_r1i1p1f1_gn_201501-201912.nc
  descargando archivo 2/18: tos_Omon_MPI-ESM1-2-HR_ssp585_r1i1p1f1_gn_202001-202412.nc
  descargando archivo 3/18: tos_Omon_MPI-ESM1-2-HR_ssp585_r1i1p1f1_gn_202501-202912.nc
  descargando archivo 4/18: tos_Omon_MPI-ESM1-2-HR_ssp585_r1i1p1f1_gn_203001-203412.nc
  descargando archivo 5/18: tos_Omon_MPI-ESM1-2-HR_ssp585_r1i1p1f1_gn_203501-203912.nc
  descargando archivo 6/18: tos_Omon_MPI-ESM1-2-HR_ssp585_r1i1p1f1_gn_204001-204412.nc
  descargando archivo 7/18: tos_Omon_MPI-ESM1-2-HR_ssp585_r1i1p1f1_gn_204501-204912.nc
  descargando archivo 8/18: tos_Omon_MPI-ESM1-2-HR_ssp585_r1i1p1f1_gn_205001-205412.nc
  descargando archivo 9/18: tos_Omon_MPI-ESM1-2-HR_ssp585_r1i1p1f1_gn_205501-205912.nc
  descargando archivo 10/18: tos_Omon_MPI-ESM1-2-HR_ssp585_r1i1p1f1_gn_206001-206412.nc
  descargando archivo 11/18: tos_Omon_MPI-ESM1-2-HR_ssp585_r1i1p1f1_gn_206501-206912.nc
  descargando archivo 12/18: tos_Omon_MPI-ESM1-2-HR_ssp585_r1i1p1f1_gn_207001-207412.nc
  descargando archivo 13/18: tos_Omon_MPI-ESM1-2-HR_ssp585_r1i1p1f1_gn_207501-207912.nc
  descargando archivo 14/18: tos_Omon_MPI-ESM1-2-HR_ssp585_r1i1p1f1_gn_208001-208412.nc
  descargando archivo 15/18: tos_Omon_MPI-ESM1-2-HR_ssp585_r1i1p1f1_gn_208501-208912.nc
  descargando archivo 16/18: tos_Omon_MPI-ESM1-2-HR_ssp585_r1i1p1f1_gn_209001-209412.nc
  descargando archivo 17/18: tos_Omon_MPI-ESM1-2-HR_ssp585_r1i1p1f1_gn_209501-209912.nc
  descargando archivo 18/18: tos_Omon_MPI-ESM1-2-HR_ssp585_r1i1p1f1_gn_210001-210012.nc
Procesando MPI-ESM1-2-LR historical (34) ...
  descargando archivo 1/9: tos_Omon_MPI-ESM1-2-LR_historical_r1i1p1f1_gn_185001-186912.nc
  descargando archivo 2/9: tos_Omon_MPI-ESM1-2-LR_historical_r1i1p1f1_gn_187001-188912.nc
  descargando archivo 3/9: tos_Omon_MPI-ESM1-2-LR_historical_r1i1p1f1_gn_189001-190912.nc
  descargando archivo 4/9: tos_Omon_MPI-ESM1-2-LR_historical_r1i1p1f1_gn_191001-192912.nc
  descargando archivo 5/9: tos_Omon_MPI-ESM1-2-LR_historical_r1i1p1f1_gn_193001-194912.nc
  descargando archivo 6/9: tos_Omon_MPI-ESM1-2-LR_historical_r1i1p1f1_gn_195001-196912.nc
  descargando archivo 7/9: tos_Omon_MPI-ESM1-2-LR_historical_r1i1p1f1_gn_197001-198912.nc
  descargando archivo 8/9: tos_Omon_MPI-ESM1-2-LR_historical_r1i1p1f1_gn_199001-200912.nc
  descargando archivo 9/9: tos_Omon_MPI-ESM1-2-LR_historical_r1i1p1f1_gn_201001-201412.nc
Procesando MPI-ESM1-2-LR ssp245 (34) ...
  descargando archivo 1/5: tos_Omon_MPI-ESM1-2-LR_ssp245_r1i1p1f1_gn_201501-203412.nc
  descargando archivo 2/5: tos_Omon_MPI-ESM1-2-LR_ssp245_r1i1p1f1_gn_203501-205412.nc
  descargando archivo 3/5: tos_Omon_MPI-ESM1-2-LR_ssp245_r1i1p1f1_gn_205501-207412.nc
  descargando archivo 4/5: tos_Omon_MPI-ESM1-2-LR_ssp245_r1i1p1f1_gn_207501-209412.nc
  descargando archivo 5/5: tos_Omon_MPI-ESM1-2-LR_ssp245_r1i1p1f1_gn_209501-210012.nc
Procesando MPI-ESM1-2-LR ssp370 (34) ...
  descargando archivo 1/5: tos_Omon_MPI-ESM1-2-LR_ssp370_r1i1p1f1_gn_201501-203412.nc
  descargando archivo 2/5: tos_Omon_MPI-ESM1-2-LR_ssp370_r1i1p1f1_gn_203501-205412.nc
  descargando archivo 3/5: tos_Omon_MPI-ESM1-2-LR_ssp370_r1i1p1f1_gn_205501-207412.nc
  descargando archivo 4/5: tos_Omon_MPI-ESM1-2-LR_ssp370_r1i1p1f1_gn_207501-209412.nc
  descargando archivo 5/5: tos_Omon_MPI-ESM1-2-LR_ssp370_r1i1p1f1_gn_209501-210012.nc
Procesando MPI-ESM1-2-LR ssp585 (34) ...
  descargando archivo 1/5: tos_Omon_MPI-ESM1-2-LR_ssp585_r1i1p1f1_gn_201501-203412.nc
  descargando archivo 2/5: tos_Omon_MPI-ESM1-2-LR_ssp585_r1i1p1f1_gn_203501-205412.nc
  descargando archivo 3/5: tos_Omon_MPI-ESM1-2-LR_ssp585_r1i1p1f1_gn_205501-207412.nc
  descargando archivo 4/5: tos_Omon_MPI-ESM1-2-LR_ssp585_r1i1p1f1_gn_207501-209412.nc
  descargando archivo 5/5: tos_Omon_MPI-ESM1-2-LR_ssp585_r1i1p1f1_gn_209501-210012.nc
Procesando MRI-ESM2-0 historical (35) ...
  descargando archivo 1/1: tos_Omon_MRI-ESM2-0_historical_r1i1p1f1_gn_185001-201412.nc
Procesando MRI-ESM2-0 ssp245 (35) ...
  descargando archivo 1/1: tos_Omon_MRI-ESM2-0_ssp245_r1i1p1f1_gn_201501-210012.nc
Procesando MRI-ESM2-0 ssp370 (35) ...
  descargando archivo 1/1: tos_Omon_MRI-ESM2-0_ssp370_r1i1p1f1_gn_201501-210012.nc
Procesando MRI-ESM2-0 ssp585 (35) ...
  descargando archivo 1/1: tos_Omon_MRI-ESM2-0_ssp585_r1i1p1f1_gn_201501-210012.nc
Procesando NorESM2-LM historical (36) ...
  descargando archivo 1/17: tos_Omon_NorESM2-LM_historical_r1i1p1f1_gn_185001-185912.nc
  descargando archivo 2/17: tos_Omon_NorESM2-LM_historical_r1i1p1f1_gn_186001-186912.nc
  descargando archivo 3/17: tos_Omon_NorESM2-LM_historical_r1i1p1f1_gn_187001-187912.nc
  descargando archivo 4/17: tos_Omon_NorESM2-LM_historical_r1i1p1f1_gn_188001-188912.nc
  descargando archivo 5/17: tos_Omon_NorESM2-LM_historical_r1i1p1f1_gn_189001-189912.nc
  descargando archivo 6/17: tos_Omon_NorESM2-LM_historical_r1i1p1f1_gn_190001-190912.nc
  descargando archivo 7/17: tos_Omon_NorESM2-LM_historical_r1i1p1f1_gn_191001-191912.nc
  descargando archivo 8/17: tos_Omon_NorESM2-LM_historical_r1i1p1f1_gn_192001-192912.nc
  descargando archivo 9/17: tos_Omon_NorESM2-LM_historical_r1i1p1f1_gn_193001-193912.nc
  descargando archivo 10/17: tos_Omon_NorESM2-LM_historical_r1i1p1f1_gn_194001-194912.nc
  descargando archivo 11/17: tos_Omon_NorESM2-LM_historical_r1i1p1f1_gn_195001-195912.nc
  descargando archivo 12/17: tos_Omon_NorESM2-LM_historical_r1i1p1f1_gn_196001-196912.nc
  descargando archivo 13/17: tos_Omon_NorESM2-LM_historical_r1i1p1f1_gn_197001-197912.nc
  descargando archivo 14/17: tos_Omon_NorESM2-LM_historical_r1i1p1f1_gn_198001-198912.nc
  descargando archivo 15/17: tos_Omon_NorESM2-LM_historical_r1i1p1f1_gn_199001-199912.nc
  descargando archivo 16/17: tos_Omon_NorESM2-LM_historical_r1i1p1f1_gn_200001-200912.nc
  descargando archivo 17/17: tos_Omon_NorESM2-LM_historical_r1i1p1f1_gn_201001-201412.nc
Procesando NorESM2-LM ssp245 (36) ...
  descargando archivo 1/9: tos_Omon_NorESM2-LM_ssp245_r1i1p1f1_gn_201501-202012.nc
  descargando archivo 2/9: tos_Omon_NorESM2-LM_ssp245_r1i1p1f1_gn_202101-203012.nc
  descargando archivo 3/9: tos_Omon_NorESM2-LM_ssp245_r1i1p1f1_gn_203101-204012.nc
  descargando archivo 4/9: tos_Omon_NorESM2-LM_ssp245_r1i1p1f1_gn_204101-205012.nc
  descargando archivo 5/9: tos_Omon_NorESM2-LM_ssp245_r1i1p1f1_gn_205101-206012.nc
  descargando archivo 6/9: tos_Omon_NorESM2-LM_ssp245_r1i1p1f1_gn_206101-207012.nc
  descargando archivo 7/9: tos_Omon_NorESM2-LM_ssp245_r1i1p1f1_gn_207101-208012.nc
  descargando archivo 8/9: tos_Omon_NorESM2-LM_ssp245_r1i1p1f1_gn_208101-209012.nc
  descargando archivo 9/9: tos_Omon_NorESM2-LM_ssp245_r1i1p1f1_gn_209101-210012.nc
Procesando NorESM2-LM ssp370 (36) ...
  descargando archivo 1/9: tos_Omon_NorESM2-LM_ssp370_r1i1p1f1_gn_201501-202012.nc
  descargando archivo 2/9: tos_Omon_NorESM2-LM_ssp370_r1i1p1f1_gn_202101-203012.nc
  descargando archivo 3/9: tos_Omon_NorESM2-LM_ssp370_r1i1p1f1_gn_203101-204012.nc
  descargando archivo 4/9: tos_Omon_NorESM2-LM_ssp370_r1i1p1f1_gn_204101-205012.nc
  descargando archivo 5/9: tos_Omon_NorESM2-LM_ssp370_r1i1p1f1_gn_205101-206012.nc
  descargando archivo 6/9: tos_Omon_NorESM2-LM_ssp370_r1i1p1f1_gn_206101-207012.nc
  descargando archivo 7/9: tos_Omon_NorESM2-LM_ssp370_r1i1p1f1_gn_207101-208012.nc
  descargando archivo 8/9: tos_Omon_NorESM2-LM_ssp370_r1i1p1f1_gn_208101-209012.nc
  descargando archivo 9/9: tos_Omon_NorESM2-LM_ssp370_r1i1p1f1_gn_209101-210012.nc
Procesando NorESM2-LM ssp585 (36) ...
  descargando archivo 1/9: tos_Omon_NorESM2-LM_ssp585_r1i1p1f1_gn_201501-202012.nc
  descargando archivo 2/9: tos_Omon_NorESM2-LM_ssp585_r1i1p1f1_gn_202101-203012.nc
  descargando archivo 3/9: tos_Omon_NorESM2-LM_ssp585_r1i1p1f1_gn_203101-204012.nc
  descargando archivo 4/9: tos_Omon_NorESM2-LM_ssp585_r1i1p1f1_gn_204101-205012.nc
  descargando archivo 5/9: tos_Omon_NorESM2-LM_ssp585_r1i1p1f1_gn_205101-206012.nc
  descargando archivo 6/9: tos_Omon_NorESM2-LM_ssp585_r1i1p1f1_gn_206101-207012.nc
  descargando archivo 7/9: tos_Omon_NorESM2-LM_ssp585_r1i1p1f1_gn_207101-208012.nc
  descargando archivo 8/9: tos_Omon_NorESM2-LM_ssp585_r1i1p1f1_gn_208101-209012.nc
  descargando archivo 9/9: tos_Omon_NorESM2-LM_ssp585_r1i1p1f1_gn_209101-210012.nc
Procesando NorESM2-MM historical (37) ...
  descargando archivo 1/17: tos_Omon_NorESM2-MM_historical_r1i1p1f1_gn_185001-185912.nc
  descargando archivo 2/17: tos_Omon_NorESM2-MM_historical_r1i1p1f1_gn_186001-186912.nc
  descargando archivo 3/17: tos_Omon_NorESM2-MM_historical_r1i1p1f1_gn_187001-187912.nc
  descargando archivo 4/17: tos_Omon_NorESM2-MM_historical_r1i1p1f1_gn_188001-188912.nc
  descargando archivo 5/17: tos_Omon_NorESM2-MM_historical_r1i1p1f1_gn_189001-189912.nc
  descargando archivo 6/17: tos_Omon_NorESM2-MM_historical_r1i1p1f1_gn_190001-190912.nc
  descargando archivo 7/17: tos_Omon_NorESM2-MM_historical_r1i1p1f1_gn_191001-191912.nc
  descargando archivo 8/17: tos_Omon_NorESM2-MM_historical_r1i1p1f1_gn_192001-192912.nc
  descargando archivo 9/17: tos_Omon_NorESM2-MM_historical_r1i1p1f1_gn_193001-193912.nc
  descargando archivo 10/17: tos_Omon_NorESM2-MM_historical_r1i1p1f1_gn_194001-194912.nc
  descargando archivo 11/17: tos_Omon_NorESM2-MM_historical_r1i1p1f1_gn_195001-195912.nc
  descargando archivo 12/17: tos_Omon_NorESM2-MM_historical_r1i1p1f1_gn_196001-196912.nc
  descargando archivo 13/17: tos_Omon_NorESM2-MM_historical_r1i1p1f1_gn_197001-197912.nc
  descargando archivo 14/17: tos_Omon_NorESM2-MM_historical_r1i1p1f1_gn_198001-198912.nc
  descargando archivo 15/17: tos_Omon_NorESM2-MM_historical_r1i1p1f1_gn_199001-199912.nc
  descargando archivo 16/17: tos_Omon_NorESM2-MM_historical_r1i1p1f1_gn_200001-200912.nc
  descargando archivo 17/17: tos_Omon_NorESM2-MM_historical_r1i1p1f1_gn_201001-201412.nc
Procesando NorESM2-MM ssp245 (37) ...
  descargando archivo 1/9: tos_Omon_NorESM2-MM_ssp245_r1i1p1f1_gn_201501-202012.nc
  descargando archivo 2/9: tos_Omon_NorESM2-MM_ssp245_r1i1p1f1_gn_202101-203012.nc
  descargando archivo 3/9: tos_Omon_NorESM2-MM_ssp245_r1i1p1f1_gn_203101-204012.nc
  descargando archivo 4/9: tos_Omon_NorESM2-MM_ssp245_r1i1p1f1_gn_204101-205012.nc
  descargando archivo 5/9: tos_Omon_NorESM2-MM_ssp245_r1i1p1f1_gn_205101-206012.nc
  descargando archivo 6/9: tos_Omon_NorESM2-MM_ssp245_r1i1p1f1_gn_206101-207012.nc
  descargando archivo 7/9: tos_Omon_NorESM2-MM_ssp245_r1i1p1f1_gn_207101-208012.nc
  descargando archivo 8/9: tos_Omon_NorESM2-MM_ssp245_r1i1p1f1_gn_208101-209012.nc
  descargando archivo 9/9: tos_Omon_NorESM2-MM_ssp245_r1i1p1f1_gn_209101-210012.nc
Procesando NorESM2-MM ssp370 (37) ...
  descargando archivo 1/9: tos_Omon_NorESM2-MM_ssp370_r1i1p1f1_gn_201501-202012.nc
  descargando archivo 2/9: tos_Omon_NorESM2-MM_ssp370_r1i1p1f1_gn_202101-203012.nc
  descargando archivo 3/9: tos_Omon_NorESM2-MM_ssp370_r1i1p1f1_gn_203101-204012.nc
  descargando archivo 4/9: tos_Omon_NorESM2-MM_ssp370_r1i1p1f1_gn_204101-205012.nc
  descargando archivo 5/9: tos_Omon_NorESM2-MM_ssp370_r1i1p1f1_gn_205101-206012.nc
  descargando archivo 6/9: tos_Omon_NorESM2-MM_ssp370_r1i1p1f1_gn_206101-207012.nc
  descargando archivo 7/9: tos_Omon_NorESM2-MM_ssp370_r1i1p1f1_gn_207101-208012.nc
  descargando archivo 8/9: tos_Omon_NorESM2-MM_ssp370_r1i1p1f1_gn_208101-209012.nc
  descargando archivo 9/9: tos_Omon_NorESM2-MM_ssp370_r1i1p1f1_gn_209101-210012.nc
Procesando NorESM2-MM ssp585 (37) ...
  descargando archivo 1/9: tos_Omon_NorESM2-MM_ssp585_r1i1p1f1_gn_201501-202012.nc
  descargando archivo 2/9: tos_Omon_NorESM2-MM_ssp585_r1i1p1f1_gn_202101-203012.nc
  descargando archivo 3/9: tos_Omon_NorESM2-MM_ssp585_r1i1p1f1_gn_203101-204012.nc
  descargando archivo 4/9: tos_Omon_NorESM2-MM_ssp585_r1i1p1f1_gn_204101-205012.nc
  descargando archivo 5/9: tos_Omon_NorESM2-MM_ssp585_r1i1p1f1_gn_205101-206012.nc
  descargando archivo 6/9: tos_Omon_NorESM2-MM_ssp585_r1i1p1f1_gn_206101-207012.nc
  descargando archivo 7/9: tos_Omon_NorESM2-MM_ssp585_r1i1p1f1_gn_207101-208012.nc
  descargando archivo 8/9: tos_Omon_NorESM2-MM_ssp585_r1i1p1f1_gn_208101-209012.nc
  descargando archivo 9/9: tos_Omon_NorESM2-MM_ssp585_r1i1p1f1_gn_209101-210012.nc
Procesando TaiESM1 historical (38) ...
  descargando archivo 1/165: tos_Omon_TaiESM1_historical_r1i1p1f1_gn_185001-185012.nc
  descargando archivo 2/165: tos_Omon_TaiESM1_historical_r1i1p1f1_gn_185101-185112.nc
  descargando archivo 3/165: tos_Omon_TaiESM1_historical_r1i1p1f1_gn_185201-185212.nc
  descargando archivo 4/165: tos_Omon_TaiESM1_historical_r1i1p1f1_gn_185301-185312.nc
  descargando archivo 5/165: tos_Omon_TaiESM1_historical_r1i1p1f1_gn_185401-185412.nc
  descargando archivo 6/165: tos_Omon_TaiESM1_historical_r1i1p1f1_gn_185501-185512.nc
  descargando archivo 7/165: tos_Omon_TaiESM1_historical_r1i1p1f1_gn_185601-185612.nc
  descargando archivo 8/165: tos_Omon_TaiESM1_historical_r1i1p1f1_gn_185701-185712.nc
  descargando archivo 9/165: tos_Omon_TaiESM1_historical_r1i1p1f1_gn_185801-185812.nc
  descargando archivo 10/165: tos_Omon_TaiESM1_historical_r1i1p1f1_gn_185901-185912.nc
  descargando archivo 11/165: tos_Omon_TaiESM1_historical_r1i1p1f1_gn_186001-186012.nc
  descargando archivo 12/165: tos_Omon_TaiESM1_historical_r1i1p1f1_gn_186101-186112.nc
  descargando archivo 13/165: tos_Omon_TaiESM1_historical_r1i1p1f1_gn_186201-186212.nc
  descargando archivo 14/165: tos_Omon_TaiESM1_historical_r1i1p1f1_gn_186301-186312.nc
  descargando archivo 15/165: tos_Omon_TaiESM1_historical_r1i1p1f1_gn_186401-186412.nc
  descargando archivo 16/165: tos_Omon_TaiESM1_historical_r1i1p1f1_gn_186501-186512.nc
  descargando archivo 17/165: tos_Omon_TaiESM1_historical_r1i1p1f1_gn_186601-186612.nc
  descargando archivo 18/165: tos_Omon_TaiESM1_historical_r1i1p1f1_gn_186701-186712.nc
  descargando archivo 19/165: tos_Omon_TaiESM1_historical_r1i1p1f1_gn_186801-186812.nc
  descargando archivo 20/165: tos_Omon_TaiESM1_historical_r1i1p1f1_gn_186901-186912.nc
  descargando archivo 21/165: tos_Omon_TaiESM1_historical_r1i1p1f1_gn_187001-187012.nc
  descargando archivo 22/165: tos_Omon_TaiESM1_historical_r1i1p1f1_gn_187101-187112.nc
  descargando archivo 23/165: tos_Omon_TaiESM1_historical_r1i1p1f1_gn_187201-187212.nc
  descargando archivo 24/165: tos_Omon_TaiESM1_historical_r1i1p1f1_gn_187301-187312.nc
  descargando archivo 25/165: tos_Omon_TaiESM1_historical_r1i1p1f1_gn_187401-187412.nc
  descargando archivo 26/165: tos_Omon_TaiESM1_historical_r1i1p1f1_gn_187501-187512.nc
  descargando archivo 27/165: tos_Omon_TaiESM1_historical_r1i1p1f1_gn_187601-187612.nc
  descargando archivo 28/165: tos_Omon_TaiESM1_historical_r1i1p1f1_gn_187701-187712.nc
  descargando archivo 29/165: tos_Omon_TaiESM1_historical_r1i1p1f1_gn_187801-187812.nc
  descargando archivo 30/165: tos_Omon_TaiESM1_historical_r1i1p1f1_gn_187901-187912.nc
  descargando archivo 31/165: tos_Omon_TaiESM1_historical_r1i1p1f1_gn_188001-188012.nc
  descargando archivo 32/165: tos_Omon_TaiESM1_historical_r1i1p1f1_gn_188101-188112.nc
  descargando archivo 33/165: tos_Omon_TaiESM1_historical_r1i1p1f1_gn_188201-188212.nc
  descargando archivo 34/165: tos_Omon_TaiESM1_historical_r1i1p1f1_gn_188301-188312.nc
  descargando archivo 35/165: tos_Omon_TaiESM1_historical_r1i1p1f1_gn_188401-188412.nc
  descargando archivo 36/165: tos_Omon_TaiESM1_historical_r1i1p1f1_gn_188501-188512.nc
  descargando archivo 37/165: tos_Omon_TaiESM1_historical_r1i1p1f1_gn_188601-188612.nc
  descargando archivo 38/165: tos_Omon_TaiESM1_historical_r1i1p1f1_gn_188701-188712.nc
  descargando archivo 39/165: tos_Omon_TaiESM1_historical_r1i1p1f1_gn_188801-188812.nc
  descargando archivo 40/165: tos_Omon_TaiESM1_historical_r1i1p1f1_gn_188901-188912.nc
  descargando archivo 41/165: tos_Omon_TaiESM1_historical_r1i1p1f1_gn_189001-189012.nc
  descargando archivo 42/165: tos_Omon_TaiESM1_historical_r1i1p1f1_gn_189101-189112.nc
  descargando archivo 43/165: tos_Omon_TaiESM1_historical_r1i1p1f1_gn_189201-189212.nc
  descargando archivo 44/165: tos_Omon_TaiESM1_historical_r1i1p1f1_gn_189301-189312.nc
  descargando archivo 45/165: tos_Omon_TaiESM1_historical_r1i1p1f1_gn_189401-189412.nc
  descargando archivo 46/165: tos_Omon_TaiESM1_historical_r1i1p1f1_gn_189501-189512.nc
  descargando archivo 47/165: tos_Omon_TaiESM1_historical_r1i1p1f1_gn_189601-189612.nc
  descargando archivo 48/165: tos_Omon_TaiESM1_historical_r1i1p1f1_gn_189701-189712.nc
  descargando archivo 49/165: tos_Omon_TaiESM1_historical_r1i1p1f1_gn_189801-189812.nc
  descargando archivo 50/165: tos_Omon_TaiESM1_historical_r1i1p1f1_gn_189901-189912.nc
  descargando archivo 51/165: tos_Omon_TaiESM1_historical_r1i1p1f1_gn_190001-190012.nc
  descargando archivo 52/165: tos_Omon_TaiESM1_historical_r1i1p1f1_gn_190101-190112.nc
  descargando archivo 53/165: tos_Omon_TaiESM1_historical_r1i1p1f1_gn_190201-190212.nc
  descargando archivo 54/165: tos_Omon_TaiESM1_historical_r1i1p1f1_gn_190301-190312.nc
  descargando archivo 55/165: tos_Omon_TaiESM1_historical_r1i1p1f1_gn_190401-190412.nc
  descargando archivo 56/165: tos_Omon_TaiESM1_historical_r1i1p1f1_gn_190501-190512.nc
  descargando archivo 57/165: tos_Omon_TaiESM1_historical_r1i1p1f1_gn_190601-190612.nc
  descargando archivo 58/165: tos_Omon_TaiESM1_historical_r1i1p1f1_gn_190701-190712.nc
  descargando archivo 59/165: tos_Omon_TaiESM1_historical_r1i1p1f1_gn_190801-190812.nc
  descargando archivo 60/165: tos_Omon_TaiESM1_historical_r1i1p1f1_gn_190901-190912.nc
  descargando archivo 61/165: tos_Omon_TaiESM1_historical_r1i1p1f1_gn_191001-191012.nc
  descargando archivo 62/165: tos_Omon_TaiESM1_historical_r1i1p1f1_gn_191101-191112.nc
  descargando archivo 63/165: tos_Omon_TaiESM1_historical_r1i1p1f1_gn_191201-191212.nc
  descargando archivo 64/165: tos_Omon_TaiESM1_historical_r1i1p1f1_gn_191301-191312.nc
  descargando archivo 65/165: tos_Omon_TaiESM1_historical_r1i1p1f1_gn_191401-191412.nc
  descargando archivo 66/165: tos_Omon_TaiESM1_historical_r1i1p1f1_gn_191501-191512.nc
  descargando archivo 67/165: tos_Omon_TaiESM1_historical_r1i1p1f1_gn_191601-191612.nc
  descargando archivo 68/165: tos_Omon_TaiESM1_historical_r1i1p1f1_gn_191701-191712.nc
  descargando archivo 69/165: tos_Omon_TaiESM1_historical_r1i1p1f1_gn_191801-191812.nc
  descargando archivo 70/165: tos_Omon_TaiESM1_historical_r1i1p1f1_gn_191901-191912.nc
  descargando archivo 71/165: tos_Omon_TaiESM1_historical_r1i1p1f1_gn_192001-192012.nc
  descargando archivo 72/165: tos_Omon_TaiESM1_historical_r1i1p1f1_gn_192101-192112.nc
  descargando archivo 73/165: tos_Omon_TaiESM1_historical_r1i1p1f1_gn_192201-192212.nc
  descargando archivo 74/165: tos_Omon_TaiESM1_historical_r1i1p1f1_gn_192301-192312.nc
  descargando archivo 75/165: tos_Omon_TaiESM1_historical_r1i1p1f1_gn_192401-192412.nc
  descargando archivo 76/165: tos_Omon_TaiESM1_historical_r1i1p1f1_gn_192501-192512.nc
  descargando archivo 77/165: tos_Omon_TaiESM1_historical_r1i1p1f1_gn_192601-192612.nc
  descargando archivo 78/165: tos_Omon_TaiESM1_historical_r1i1p1f1_gn_192701-192712.nc
  descargando archivo 79/165: tos_Omon_TaiESM1_historical_r1i1p1f1_gn_192801-192812.nc
  descargando archivo 80/165: tos_Omon_TaiESM1_historical_r1i1p1f1_gn_192901-192912.nc
  descargando archivo 81/165: tos_Omon_TaiESM1_historical_r1i1p1f1_gn_193001-193012.nc
  descargando archivo 82/165: tos_Omon_TaiESM1_historical_r1i1p1f1_gn_193101-193112.nc
  descargando archivo 83/165: tos_Omon_TaiESM1_historical_r1i1p1f1_gn_193201-193212.nc
  descargando archivo 84/165: tos_Omon_TaiESM1_historical_r1i1p1f1_gn_193301-193312.nc
  descargando archivo 85/165: tos_Omon_TaiESM1_historical_r1i1p1f1_gn_193401-193412.nc
  descargando archivo 86/165: tos_Omon_TaiESM1_historical_r1i1p1f1_gn_193501-193512.nc
  descargando archivo 87/165: tos_Omon_TaiESM1_historical_r1i1p1f1_gn_193601-193612.nc
  descargando archivo 88/165: tos_Omon_TaiESM1_historical_r1i1p1f1_gn_193701-193712.nc
  descargando archivo 89/165: tos_Omon_TaiESM1_historical_r1i1p1f1_gn_193801-193812.nc
  descargando archivo 90/165: tos_Omon_TaiESM1_historical_r1i1p1f1_gn_193901-193912.nc
  descargando archivo 91/165: tos_Omon_TaiESM1_historical_r1i1p1f1_gn_194001-194012.nc
  descargando archivo 92/165: tos_Omon_TaiESM1_historical_r1i1p1f1_gn_194101-194112.nc
  descargando archivo 93/165: tos_Omon_TaiESM1_historical_r1i1p1f1_gn_194201-194212.nc
  descargando archivo 94/165: tos_Omon_TaiESM1_historical_r1i1p1f1_gn_194301-194312.nc
  descargando archivo 95/165: tos_Omon_TaiESM1_historical_r1i1p1f1_gn_194401-194412.nc
  descargando archivo 96/165: tos_Omon_TaiESM1_historical_r1i1p1f1_gn_194501-194512.nc
  descargando archivo 97/165: tos_Omon_TaiESM1_historical_r1i1p1f1_gn_194601-194612.nc
  descargando archivo 98/165: tos_Omon_TaiESM1_historical_r1i1p1f1_gn_194701-194712.nc
  descargando archivo 99/165: tos_Omon_TaiESM1_historical_r1i1p1f1_gn_194801-194812.nc
  descargando archivo 100/165: tos_Omon_TaiESM1_historical_r1i1p1f1_gn_194901-194912.nc
  descargando archivo 101/165: tos_Omon_TaiESM1_historical_r1i1p1f1_gn_195001-195012.nc
  descargando archivo 102/165: tos_Omon_TaiESM1_historical_r1i1p1f1_gn_195101-195112.nc
  descargando archivo 103/165: tos_Omon_TaiESM1_historical_r1i1p1f1_gn_195201-195212.nc
  descargando archivo 104/165: tos_Omon_TaiESM1_historical_r1i1p1f1_gn_195301-195312.nc
  descargando archivo 105/165: tos_Omon_TaiESM1_historical_r1i1p1f1_gn_195401-195412.nc
  descargando archivo 106/165: tos_Omon_TaiESM1_historical_r1i1p1f1_gn_195501-195512.nc
  descargando archivo 107/165: tos_Omon_TaiESM1_historical_r1i1p1f1_gn_195601-195612.nc
  descargando archivo 108/165: tos_Omon_TaiESM1_historical_r1i1p1f1_gn_195701-195712.nc
  descargando archivo 109/165: tos_Omon_TaiESM1_historical_r1i1p1f1_gn_195801-195812.nc
  descargando archivo 110/165: tos_Omon_TaiESM1_historical_r1i1p1f1_gn_195901-195912.nc
  descargando archivo 111/165: tos_Omon_TaiESM1_historical_r1i1p1f1_gn_196001-196012.nc
  descargando archivo 112/165: tos_Omon_TaiESM1_historical_r1i1p1f1_gn_196101-196112.nc
  descargando archivo 113/165: tos_Omon_TaiESM1_historical_r1i1p1f1_gn_196201-196212.nc
  descargando archivo 114/165: tos_Omon_TaiESM1_historical_r1i1p1f1_gn_196301-196312.nc
  descargando archivo 115/165: tos_Omon_TaiESM1_historical_r1i1p1f1_gn_196401-196412.nc
  descargando archivo 116/165: tos_Omon_TaiESM1_historical_r1i1p1f1_gn_196501-196512.nc
  descargando archivo 117/165: tos_Omon_TaiESM1_historical_r1i1p1f1_gn_196601-196612.nc
  descargando archivo 118/165: tos_Omon_TaiESM1_historical_r1i1p1f1_gn_196701-196712.nc
  descargando archivo 119/165: tos_Omon_TaiESM1_historical_r1i1p1f1_gn_196801-196812.nc
  descargando archivo 120/165: tos_Omon_TaiESM1_historical_r1i1p1f1_gn_196901-196912.nc
  descargando archivo 121/165: tos_Omon_TaiESM1_historical_r1i1p1f1_gn_197001-197012.nc
  descargando archivo 122/165: tos_Omon_TaiESM1_historical_r1i1p1f1_gn_197101-197112.nc
  descargando archivo 123/165: tos_Omon_TaiESM1_historical_r1i1p1f1_gn_197201-197212.nc
  descargando archivo 124/165: tos_Omon_TaiESM1_historical_r1i1p1f1_gn_197301-197312.nc
  descargando archivo 125/165: tos_Omon_TaiESM1_historical_r1i1p1f1_gn_197401-197412.nc
  descargando archivo 126/165: tos_Omon_TaiESM1_historical_r1i1p1f1_gn_197501-197512.nc
  descargando archivo 127/165: tos_Omon_TaiESM1_historical_r1i1p1f1_gn_197601-197612.nc
  descargando archivo 128/165: tos_Omon_TaiESM1_historical_r1i1p1f1_gn_197701-197712.nc
  descargando archivo 129/165: tos_Omon_TaiESM1_historical_r1i1p1f1_gn_197801-197812.nc
  descargando archivo 130/165: tos_Omon_TaiESM1_historical_r1i1p1f1_gn_197901-197912.nc
  descargando archivo 131/165: tos_Omon_TaiESM1_historical_r1i1p1f1_gn_198001-198012.nc
  descargando archivo 132/165: tos_Omon_TaiESM1_historical_r1i1p1f1_gn_198101-198112.nc
  descargando archivo 133/165: tos_Omon_TaiESM1_historical_r1i1p1f1_gn_198201-198212.nc
  descargando archivo 134/165: tos_Omon_TaiESM1_historical_r1i1p1f1_gn_198301-198312.nc
  descargando archivo 135/165: tos_Omon_TaiESM1_historical_r1i1p1f1_gn_198401-198412.nc
  descargando archivo 136/165: tos_Omon_TaiESM1_historical_r1i1p1f1_gn_198501-198512.nc
  descargando archivo 137/165: tos_Omon_TaiESM1_historical_r1i1p1f1_gn_198601-198612.nc
  descargando archivo 138/165: tos_Omon_TaiESM1_historical_r1i1p1f1_gn_198701-198712.nc
  descargando archivo 139/165: tos_Omon_TaiESM1_historical_r1i1p1f1_gn_198801-198812.nc
  descargando archivo 140/165: tos_Omon_TaiESM1_historical_r1i1p1f1_gn_198901-198912.nc
  descargando archivo 141/165: tos_Omon_TaiESM1_historical_r1i1p1f1_gn_199001-199012.nc
  descargando archivo 142/165: tos_Omon_TaiESM1_historical_r1i1p1f1_gn_199101-199112.nc
  descargando archivo 143/165: tos_Omon_TaiESM1_historical_r1i1p1f1_gn_199201-199212.nc
  descargando archivo 144/165: tos_Omon_TaiESM1_historical_r1i1p1f1_gn_199301-199312.nc
  descargando archivo 145/165: tos_Omon_TaiESM1_historical_r1i1p1f1_gn_199401-199412.nc
  descargando archivo 146/165: tos_Omon_TaiESM1_historical_r1i1p1f1_gn_199501-199512.nc
  descargando archivo 147/165: tos_Omon_TaiESM1_historical_r1i1p1f1_gn_199601-199612.nc
  descargando archivo 148/165: tos_Omon_TaiESM1_historical_r1i1p1f1_gn_199701-199712.nc
  descargando archivo 149/165: tos_Omon_TaiESM1_historical_r1i1p1f1_gn_199801-199812.nc
  descargando archivo 150/165: tos_Omon_TaiESM1_historical_r1i1p1f1_gn_199901-199912.nc
  descargando archivo 151/165: tos_Omon_TaiESM1_historical_r1i1p1f1_gn_200001-200012.nc
  descargando archivo 152/165: tos_Omon_TaiESM1_historical_r1i1p1f1_gn_200101-200112.nc
  descargando archivo 153/165: tos_Omon_TaiESM1_historical_r1i1p1f1_gn_200201-200212.nc
  descargando archivo 154/165: tos_Omon_TaiESM1_historical_r1i1p1f1_gn_200301-200312.nc
  descargando archivo 155/165: tos_Omon_TaiESM1_historical_r1i1p1f1_gn_200401-200412.nc
  descargando archivo 156/165: tos_Omon_TaiESM1_historical_r1i1p1f1_gn_200501-200512.nc
  descargando archivo 157/165: tos_Omon_TaiESM1_historical_r1i1p1f1_gn_200601-200612.nc
  descargando archivo 158/165: tos_Omon_TaiESM1_historical_r1i1p1f1_gn_200701-200712.nc
  descargando archivo 159/165: tos_Omon_TaiESM1_historical_r1i1p1f1_gn_200801-200812.nc
  descargando archivo 160/165: tos_Omon_TaiESM1_historical_r1i1p1f1_gn_200901-200912.nc
  descargando archivo 161/165: tos_Omon_TaiESM1_historical_r1i1p1f1_gn_201001-201012.nc
  descargando archivo 162/165: tos_Omon_TaiESM1_historical_r1i1p1f1_gn_201101-201112.nc
  descargando archivo 163/165: tos_Omon_TaiESM1_historical_r1i1p1f1_gn_201201-201212.nc
  descargando archivo 164/165: tos_Omon_TaiESM1_historical_r1i1p1f1_gn_201301-201312.nc
  descargando archivo 165/165: tos_Omon_TaiESM1_historical_r1i1p1f1_gn_201401-201412.nc
Procesando TaiESM1 ssp245 (38) ...
  descargando archivo 1/86: tos_Omon_TaiESM1_ssp245_r1i1p1f1_gn_201501-201512.nc
  descargando archivo 2/86: tos_Omon_TaiESM1_ssp245_r1i1p1f1_gn_201601-201612.nc
  descargando archivo 3/86: tos_Omon_TaiESM1_ssp245_r1i1p1f1_gn_201701-201712.nc
  descargando archivo 4/86: tos_Omon_TaiESM1_ssp245_r1i1p1f1_gn_201801-201812.nc
  descargando archivo 5/86: tos_Omon_TaiESM1_ssp245_r1i1p1f1_gn_201901-201912.nc
  descargando archivo 6/86: tos_Omon_TaiESM1_ssp245_r1i1p1f1_gn_202001-202012.nc
  descargando archivo 7/86: tos_Omon_TaiESM1_ssp245_r1i1p1f1_gn_202101-202112.nc
  descargando archivo 8/86: tos_Omon_TaiESM1_ssp245_r1i1p1f1_gn_202201-202212.nc
  descargando archivo 9/86: tos_Omon_TaiESM1_ssp245_r1i1p1f1_gn_202301-202312.nc
  descargando archivo 10/86: tos_Omon_TaiESM1_ssp245_r1i1p1f1_gn_202401-202412.nc
  descargando archivo 11/86: tos_Omon_TaiESM1_ssp245_r1i1p1f1_gn_202501-202512.nc
  descargando archivo 12/86: tos_Omon_TaiESM1_ssp245_r1i1p1f1_gn_202601-202612.nc
  descargando archivo 13/86: tos_Omon_TaiESM1_ssp245_r1i1p1f1_gn_202701-202712.nc
  descargando archivo 14/86: tos_Omon_TaiESM1_ssp245_r1i1p1f1_gn_202801-202812.nc
  descargando archivo 15/86: tos_Omon_TaiESM1_ssp245_r1i1p1f1_gn_202901-202912.nc
  descargando archivo 16/86: tos_Omon_TaiESM1_ssp245_r1i1p1f1_gn_203001-203012.nc
  descargando archivo 17/86: tos_Omon_TaiESM1_ssp245_r1i1p1f1_gn_203101-203112.nc
  descargando archivo 18/86: tos_Omon_TaiESM1_ssp245_r1i1p1f1_gn_203201-203212.nc
  descargando archivo 19/86: tos_Omon_TaiESM1_ssp245_r1i1p1f1_gn_203301-203312.nc
  descargando archivo 20/86: tos_Omon_TaiESM1_ssp245_r1i1p1f1_gn_203401-203412.nc
  descargando archivo 21/86: tos_Omon_TaiESM1_ssp245_r1i1p1f1_gn_203501-203512.nc
  descargando archivo 22/86: tos_Omon_TaiESM1_ssp245_r1i1p1f1_gn_203601-203612.nc
  descargando archivo 23/86: tos_Omon_TaiESM1_ssp245_r1i1p1f1_gn_203701-203712.nc
  descargando archivo 24/86: tos_Omon_TaiESM1_ssp245_r1i1p1f1_gn_203801-203812.nc
  descargando archivo 25/86: tos_Omon_TaiESM1_ssp245_r1i1p1f1_gn_203901-203912.nc
  descargando archivo 26/86: tos_Omon_TaiESM1_ssp245_r1i1p1f1_gn_204001-204012.nc
  descargando archivo 27/86: tos_Omon_TaiESM1_ssp245_r1i1p1f1_gn_204101-204112.nc
  descargando archivo 28/86: tos_Omon_TaiESM1_ssp245_r1i1p1f1_gn_204201-204212.nc
  descargando archivo 29/86: tos_Omon_TaiESM1_ssp245_r1i1p1f1_gn_204301-204312.nc
  descargando archivo 30/86: tos_Omon_TaiESM1_ssp245_r1i1p1f1_gn_204401-204412.nc
  descargando archivo 31/86: tos_Omon_TaiESM1_ssp245_r1i1p1f1_gn_204501-204512.nc
  descargando archivo 32/86: tos_Omon_TaiESM1_ssp245_r1i1p1f1_gn_204601-204612.nc
  descargando archivo 33/86: tos_Omon_TaiESM1_ssp245_r1i1p1f1_gn_204701-204712.nc
  descargando archivo 34/86: tos_Omon_TaiESM1_ssp245_r1i1p1f1_gn_204801-204812.nc
  descargando archivo 35/86: tos_Omon_TaiESM1_ssp245_r1i1p1f1_gn_204901-204912.nc
  descargando archivo 36/86: tos_Omon_TaiESM1_ssp245_r1i1p1f1_gn_205001-205012.nc
  descargando archivo 37/86: tos_Omon_TaiESM1_ssp245_r1i1p1f1_gn_205101-205112.nc
  descargando archivo 38/86: tos_Omon_TaiESM1_ssp245_r1i1p1f1_gn_205201-205212.nc
  descargando archivo 39/86: tos_Omon_TaiESM1_ssp245_r1i1p1f1_gn_205301-205312.nc
  descargando archivo 40/86: tos_Omon_TaiESM1_ssp245_r1i1p1f1_gn_205401-205412.nc
  descargando archivo 41/86: tos_Omon_TaiESM1_ssp245_r1i1p1f1_gn_205501-205512.nc
  descargando archivo 42/86: tos_Omon_TaiESM1_ssp245_r1i1p1f1_gn_205601-205612.nc
  descargando archivo 43/86: tos_Omon_TaiESM1_ssp245_r1i1p1f1_gn_205701-205712.nc
  descargando archivo 44/86: tos_Omon_TaiESM1_ssp245_r1i1p1f1_gn_205801-205812.nc
  descargando archivo 45/86: tos_Omon_TaiESM1_ssp245_r1i1p1f1_gn_205901-205912.nc
  descargando archivo 46/86: tos_Omon_TaiESM1_ssp245_r1i1p1f1_gn_206001-206012.nc
  descargando archivo 47/86: tos_Omon_TaiESM1_ssp245_r1i1p1f1_gn_206101-206112.nc
  descargando archivo 48/86: tos_Omon_TaiESM1_ssp245_r1i1p1f1_gn_206201-206212.nc
  descargando archivo 49/86: tos_Omon_TaiESM1_ssp245_r1i1p1f1_gn_206301-206312.nc
  descargando archivo 50/86: tos_Omon_TaiESM1_ssp245_r1i1p1f1_gn_206401-206412.nc
  descargando archivo 51/86: tos_Omon_TaiESM1_ssp245_r1i1p1f1_gn_206501-206512.nc
  descargando archivo 52/86: tos_Omon_TaiESM1_ssp245_r1i1p1f1_gn_206601-206612.nc
  descargando archivo 53/86: tos_Omon_TaiESM1_ssp245_r1i1p1f1_gn_206701-206712.nc
  descargando archivo 54/86: tos_Omon_TaiESM1_ssp245_r1i1p1f1_gn_206801-206812.nc
  descargando archivo 55/86: tos_Omon_TaiESM1_ssp245_r1i1p1f1_gn_206901-206912.nc
  descargando archivo 56/86: tos_Omon_TaiESM1_ssp245_r1i1p1f1_gn_207001-207012.nc
  descargando archivo 57/86: tos_Omon_TaiESM1_ssp245_r1i1p1f1_gn_207101-207112.nc
  descargando archivo 58/86: tos_Omon_TaiESM1_ssp245_r1i1p1f1_gn_207201-207212.nc
  descargando archivo 59/86: tos_Omon_TaiESM1_ssp245_r1i1p1f1_gn_207301-207312.nc
  descargando archivo 60/86: tos_Omon_TaiESM1_ssp245_r1i1p1f1_gn_207401-207412.nc
  descargando archivo 61/86: tos_Omon_TaiESM1_ssp245_r1i1p1f1_gn_207501-207512.nc
  descargando archivo 62/86: tos_Omon_TaiESM1_ssp245_r1i1p1f1_gn_207601-207612.nc
  descargando archivo 63/86: tos_Omon_TaiESM1_ssp245_r1i1p1f1_gn_207701-207712.nc
  descargando archivo 64/86: tos_Omon_TaiESM1_ssp245_r1i1p1f1_gn_207801-207812.nc
  descargando archivo 65/86: tos_Omon_TaiESM1_ssp245_r1i1p1f1_gn_207901-207912.nc
  descargando archivo 66/86: tos_Omon_TaiESM1_ssp245_r1i1p1f1_gn_208001-208012.nc
  descargando archivo 67/86: tos_Omon_TaiESM1_ssp245_r1i1p1f1_gn_208101-208112.nc
  descargando archivo 68/86: tos_Omon_TaiESM1_ssp245_r1i1p1f1_gn_208201-208212.nc
  descargando archivo 69/86: tos_Omon_TaiESM1_ssp245_r1i1p1f1_gn_208301-208312.nc
  descargando archivo 70/86: tos_Omon_TaiESM1_ssp245_r1i1p1f1_gn_208401-208412.nc
  descargando archivo 71/86: tos_Omon_TaiESM1_ssp245_r1i1p1f1_gn_208501-208512.nc
  descargando archivo 72/86: tos_Omon_TaiESM1_ssp245_r1i1p1f1_gn_208601-208612.nc
  descargando archivo 73/86: tos_Omon_TaiESM1_ssp245_r1i1p1f1_gn_208701-208712.nc
  descargando archivo 74/86: tos_Omon_TaiESM1_ssp245_r1i1p1f1_gn_208801-208812.nc
  descargando archivo 75/86: tos_Omon_TaiESM1_ssp245_r1i1p1f1_gn_208901-208912.nc
  descargando archivo 76/86: tos_Omon_TaiESM1_ssp245_r1i1p1f1_gn_209001-209012.nc
  descargando archivo 77/86: tos_Omon_TaiESM1_ssp245_r1i1p1f1_gn_209101-209112.nc
  descargando archivo 78/86: tos_Omon_TaiESM1_ssp245_r1i1p1f1_gn_209201-209212.nc
  descargando archivo 79/86: tos_Omon_TaiESM1_ssp245_r1i1p1f1_gn_209301-209312.nc
  descargando archivo 80/86: tos_Omon_TaiESM1_ssp245_r1i1p1f1_gn_209401-209412.nc
  descargando archivo 81/86: tos_Omon_TaiESM1_ssp245_r1i1p1f1_gn_209501-209512.nc
  descargando archivo 82/86: tos_Omon_TaiESM1_ssp245_r1i1p1f1_gn_209601-209612.nc
  descargando archivo 83/86: tos_Omon_TaiESM1_ssp245_r1i1p1f1_gn_209701-209712.nc
  descargando archivo 84/86: tos_Omon_TaiESM1_ssp245_r1i1p1f1_gn_209801-209812.nc
  descargando archivo 85/86: tos_Omon_TaiESM1_ssp245_r1i1p1f1_gn_209901-209912.nc
  descargando archivo 86/86: tos_Omon_TaiESM1_ssp245_r1i1p1f1_gn_210001-210012.nc
Procesando TaiESM1 ssp370 (38) ...
  descargando archivo 1/86: tos_Omon_TaiESM1_ssp370_r1i1p1f1_gn_201501-201512.nc
  descargando archivo 2/86: tos_Omon_TaiESM1_ssp370_r1i1p1f1_gn_201601-201612.nc
  descargando archivo 3/86: tos_Omon_TaiESM1_ssp370_r1i1p1f1_gn_201701-201712.nc
  descargando archivo 4/86: tos_Omon_TaiESM1_ssp370_r1i1p1f1_gn_201801-201812.nc
  descargando archivo 5/86: tos_Omon_TaiESM1_ssp370_r1i1p1f1_gn_201901-201912.nc
  descargando archivo 6/86: tos_Omon_TaiESM1_ssp370_r1i1p1f1_gn_202001-202012.nc
  descargando archivo 7/86: tos_Omon_TaiESM1_ssp370_r1i1p1f1_gn_202101-202112.nc
  descargando archivo 8/86: tos_Omon_TaiESM1_ssp370_r1i1p1f1_gn_202201-202212.nc
  descargando archivo 9/86: tos_Omon_TaiESM1_ssp370_r1i1p1f1_gn_202301-202312.nc
  descargando archivo 10/86: tos_Omon_TaiESM1_ssp370_r1i1p1f1_gn_202401-202412.nc
  descargando archivo 11/86: tos_Omon_TaiESM1_ssp370_r1i1p1f1_gn_202501-202512.nc
  descargando archivo 12/86: tos_Omon_TaiESM1_ssp370_r1i1p1f1_gn_202601-202612.nc
  descargando archivo 13/86: tos_Omon_TaiESM1_ssp370_r1i1p1f1_gn_202701-202712.nc
  descargando archivo 14/86: tos_Omon_TaiESM1_ssp370_r1i1p1f1_gn_202801-202812.nc
  descargando archivo 15/86: tos_Omon_TaiESM1_ssp370_r1i1p1f1_gn_202901-202912.nc
  descargando archivo 16/86: tos_Omon_TaiESM1_ssp370_r1i1p1f1_gn_203001-203012.nc
  descargando archivo 17/86: tos_Omon_TaiESM1_ssp370_r1i1p1f1_gn_203101-203112.nc
  descargando archivo 18/86: tos_Omon_TaiESM1_ssp370_r1i1p1f1_gn_203201-203212.nc
  descargando archivo 19/86: tos_Omon_TaiESM1_ssp370_r1i1p1f1_gn_203301-203312.nc
  descargando archivo 20/86: tos_Omon_TaiESM1_ssp370_r1i1p1f1_gn_203401-203412.nc
  descargando archivo 21/86: tos_Omon_TaiESM1_ssp370_r1i1p1f1_gn_203501-203512.nc
  descargando archivo 22/86: tos_Omon_TaiESM1_ssp370_r1i1p1f1_gn_203601-203612.nc
  descargando archivo 23/86: tos_Omon_TaiESM1_ssp370_r1i1p1f1_gn_203701-203712.nc
  descargando archivo 24/86: tos_Omon_TaiESM1_ssp370_r1i1p1f1_gn_203801-203812.nc
  descargando archivo 25/86: tos_Omon_TaiESM1_ssp370_r1i1p1f1_gn_203901-203912.nc
  descargando archivo 26/86: tos_Omon_TaiESM1_ssp370_r1i1p1f1_gn_204001-204012.nc
  descargando archivo 27/86: tos_Omon_TaiESM1_ssp370_r1i1p1f1_gn_204101-204112.nc
  descargando archivo 28/86: tos_Omon_TaiESM1_ssp370_r1i1p1f1_gn_204201-204212.nc
  descargando archivo 29/86: tos_Omon_TaiESM1_ssp370_r1i1p1f1_gn_204301-204312.nc
  descargando archivo 30/86: tos_Omon_TaiESM1_ssp370_r1i1p1f1_gn_204401-204412.nc
  descargando archivo 31/86: tos_Omon_TaiESM1_ssp370_r1i1p1f1_gn_204501-204512.nc
  descargando archivo 32/86: tos_Omon_TaiESM1_ssp370_r1i1p1f1_gn_204601-204612.nc
  descargando archivo 33/86: tos_Omon_TaiESM1_ssp370_r1i1p1f1_gn_204701-204712.nc
  descargando archivo 34/86: tos_Omon_TaiESM1_ssp370_r1i1p1f1_gn_204801-204812.nc
  descargando archivo 35/86: tos_Omon_TaiESM1_ssp370_r1i1p1f1_gn_204901-204912.nc
  descargando archivo 36/86: tos_Omon_TaiESM1_ssp370_r1i1p1f1_gn_205001-205012.nc
  descargando archivo 37/86: tos_Omon_TaiESM1_ssp370_r1i1p1f1_gn_205101-205112.nc
  descargando archivo 38/86: tos_Omon_TaiESM1_ssp370_r1i1p1f1_gn_205201-205212.nc
  descargando archivo 39/86: tos_Omon_TaiESM1_ssp370_r1i1p1f1_gn_205301-205312.nc
  descargando archivo 40/86: tos_Omon_TaiESM1_ssp370_r1i1p1f1_gn_205401-205412.nc
  descargando archivo 41/86: tos_Omon_TaiESM1_ssp370_r1i1p1f1_gn_205501-205512.nc
  descargando archivo 42/86: tos_Omon_TaiESM1_ssp370_r1i1p1f1_gn_205601-205612.nc
  descargando archivo 43/86: tos_Omon_TaiESM1_ssp370_r1i1p1f1_gn_205701-205712.nc
  descargando archivo 44/86: tos_Omon_TaiESM1_ssp370_r1i1p1f1_gn_205801-205812.nc
  descargando archivo 45/86: tos_Omon_TaiESM1_ssp370_r1i1p1f1_gn_205901-205912.nc
  descargando archivo 46/86: tos_Omon_TaiESM1_ssp370_r1i1p1f1_gn_206001-206012.nc
  descargando archivo 47/86: tos_Omon_TaiESM1_ssp370_r1i1p1f1_gn_206101-206112.nc
  descargando archivo 48/86: tos_Omon_TaiESM1_ssp370_r1i1p1f1_gn_206201-206212.nc
  descargando archivo 49/86: tos_Omon_TaiESM1_ssp370_r1i1p1f1_gn_206301-206312.nc
  descargando archivo 50/86: tos_Omon_TaiESM1_ssp370_r1i1p1f1_gn_206401-206412.nc
  descargando archivo 51/86: tos_Omon_TaiESM1_ssp370_r1i1p1f1_gn_206501-206512.nc
  descargando archivo 52/86: tos_Omon_TaiESM1_ssp370_r1i1p1f1_gn_206601-206612.nc
  descargando archivo 53/86: tos_Omon_TaiESM1_ssp370_r1i1p1f1_gn_206701-206712.nc
  descargando archivo 54/86: tos_Omon_TaiESM1_ssp370_r1i1p1f1_gn_206801-206812.nc
  descargando archivo 55/86: tos_Omon_TaiESM1_ssp370_r1i1p1f1_gn_206901-206912.nc
  descargando archivo 56/86: tos_Omon_TaiESM1_ssp370_r1i1p1f1_gn_207001-207012.nc
  descargando archivo 57/86: tos_Omon_TaiESM1_ssp370_r1i1p1f1_gn_207101-207112.nc
  descargando archivo 58/86: tos_Omon_TaiESM1_ssp370_r1i1p1f1_gn_207201-207212.nc
  descargando archivo 59/86: tos_Omon_TaiESM1_ssp370_r1i1p1f1_gn_207301-207312.nc
  descargando archivo 60/86: tos_Omon_TaiESM1_ssp370_r1i1p1f1_gn_207401-207412.nc
  descargando archivo 61/86: tos_Omon_TaiESM1_ssp370_r1i1p1f1_gn_207501-207512.nc
  descargando archivo 62/86: tos_Omon_TaiESM1_ssp370_r1i1p1f1_gn_207601-207612.nc
  descargando archivo 63/86: tos_Omon_TaiESM1_ssp370_r1i1p1f1_gn_207701-207712.nc
  descargando archivo 64/86: tos_Omon_TaiESM1_ssp370_r1i1p1f1_gn_207801-207812.nc
  descargando archivo 65/86: tos_Omon_TaiESM1_ssp370_r1i1p1f1_gn_207901-207912.nc
  descargando archivo 66/86: tos_Omon_TaiESM1_ssp370_r1i1p1f1_gn_208001-208012.nc
  descargando archivo 67/86: tos_Omon_TaiESM1_ssp370_r1i1p1f1_gn_208101-208112.nc
  descargando archivo 68/86: tos_Omon_TaiESM1_ssp370_r1i1p1f1_gn_208201-208212.nc
  descargando archivo 69/86: tos_Omon_TaiESM1_ssp370_r1i1p1f1_gn_208301-208312.nc
  descargando archivo 70/86: tos_Omon_TaiESM1_ssp370_r1i1p1f1_gn_208401-208412.nc
  descargando archivo 71/86: tos_Omon_TaiESM1_ssp370_r1i1p1f1_gn_208501-208512.nc
  descargando archivo 72/86: tos_Omon_TaiESM1_ssp370_r1i1p1f1_gn_208601-208612.nc
  descargando archivo 73/86: tos_Omon_TaiESM1_ssp370_r1i1p1f1_gn_208701-208712.nc
  descargando archivo 74/86: tos_Omon_TaiESM1_ssp370_r1i1p1f1_gn_208801-208812.nc
  descargando archivo 75/86: tos_Omon_TaiESM1_ssp370_r1i1p1f1_gn_208901-208912.nc
  descargando archivo 76/86: tos_Omon_TaiESM1_ssp370_r1i1p1f1_gn_209001-209012.nc
  descargando archivo 77/86: tos_Omon_TaiESM1_ssp370_r1i1p1f1_gn_209101-209112.nc
  descargando archivo 78/86: tos_Omon_TaiESM1_ssp370_r1i1p1f1_gn_209201-209212.nc
  descargando archivo 79/86: tos_Omon_TaiESM1_ssp370_r1i1p1f1_gn_209301-209312.nc
  descargando archivo 80/86: tos_Omon_TaiESM1_ssp370_r1i1p1f1_gn_209401-209412.nc
  descargando archivo 81/86: tos_Omon_TaiESM1_ssp370_r1i1p1f1_gn_209501-209512.nc
  descargando archivo 82/86: tos_Omon_TaiESM1_ssp370_r1i1p1f1_gn_209601-209612.nc
  descargando archivo 83/86: tos_Omon_TaiESM1_ssp370_r1i1p1f1_gn_209701-209712.nc
  descargando archivo 84/86: tos_Omon_TaiESM1_ssp370_r1i1p1f1_gn_209801-209812.nc
  descargando archivo 85/86: tos_Omon_TaiESM1_ssp370_r1i1p1f1_gn_209901-209912.nc
  descargando archivo 86/86: tos_Omon_TaiESM1_ssp370_r1i1p1f1_gn_210001-210012.nc
Procesando TaiESM1 ssp585 (38) ...
  descargando archivo 1/86: tos_Omon_TaiESM1_ssp585_r1i1p1f1_gn_201501-201512.nc
  descargando archivo 2/86: tos_Omon_TaiESM1_ssp585_r1i1p1f1_gn_201601-201612.nc
  descargando archivo 3/86: tos_Omon_TaiESM1_ssp585_r1i1p1f1_gn_201701-201712.nc
  descargando archivo 4/86: tos_Omon_TaiESM1_ssp585_r1i1p1f1_gn_201801-201812.nc
  descargando archivo 5/86: tos_Omon_TaiESM1_ssp585_r1i1p1f1_gn_201901-201912.nc
  descargando archivo 6/86: tos_Omon_TaiESM1_ssp585_r1i1p1f1_gn_202001-202012.nc
  descargando archivo 7/86: tos_Omon_TaiESM1_ssp585_r1i1p1f1_gn_202101-202112.nc
  descargando archivo 8/86: tos_Omon_TaiESM1_ssp585_r1i1p1f1_gn_202201-202212.nc
  descargando archivo 9/86: tos_Omon_TaiESM1_ssp585_r1i1p1f1_gn_202301-202312.nc
  descargando archivo 10/86: tos_Omon_TaiESM1_ssp585_r1i1p1f1_gn_202401-202412.nc
  descargando archivo 11/86: tos_Omon_TaiESM1_ssp585_r1i1p1f1_gn_202501-202512.nc
  descargando archivo 12/86: tos_Omon_TaiESM1_ssp585_r1i1p1f1_gn_202601-202612.nc
  descargando archivo 13/86: tos_Omon_TaiESM1_ssp585_r1i1p1f1_gn_202701-202712.nc
  descargando archivo 14/86: tos_Omon_TaiESM1_ssp585_r1i1p1f1_gn_202801-202812.nc
  descargando archivo 15/86: tos_Omon_TaiESM1_ssp585_r1i1p1f1_gn_202901-202912.nc
  descargando archivo 16/86: tos_Omon_TaiESM1_ssp585_r1i1p1f1_gn_203001-203012.nc
  descargando archivo 17/86: tos_Omon_TaiESM1_ssp585_r1i1p1f1_gn_203101-203112.nc
  descargando archivo 18/86: tos_Omon_TaiESM1_ssp585_r1i1p1f1_gn_203201-203212.nc
  descargando archivo 19/86: tos_Omon_TaiESM1_ssp585_r1i1p1f1_gn_203301-203312.nc
  descargando archivo 20/86: tos_Omon_TaiESM1_ssp585_r1i1p1f1_gn_203401-203412.nc
  descargando archivo 21/86: tos_Omon_TaiESM1_ssp585_r1i1p1f1_gn_203501-203512.nc
  descargando archivo 22/86: tos_Omon_TaiESM1_ssp585_r1i1p1f1_gn_203601-203612.nc
  descargando archivo 23/86: tos_Omon_TaiESM1_ssp585_r1i1p1f1_gn_203701-203712.nc
  descargando archivo 24/86: tos_Omon_TaiESM1_ssp585_r1i1p1f1_gn_203801-203812.nc
  descargando archivo 25/86: tos_Omon_TaiESM1_ssp585_r1i1p1f1_gn_203901-203912.nc
  descargando archivo 26/86: tos_Omon_TaiESM1_ssp585_r1i1p1f1_gn_204001-204012.nc
  descargando archivo 27/86: tos_Omon_TaiESM1_ssp585_r1i1p1f1_gn_204101-204112.nc
  descargando archivo 28/86: tos_Omon_TaiESM1_ssp585_r1i1p1f1_gn_204201-204212.nc
  descargando archivo 29/86: tos_Omon_TaiESM1_ssp585_r1i1p1f1_gn_204301-204312.nc
  descargando archivo 30/86: tos_Omon_TaiESM1_ssp585_r1i1p1f1_gn_204401-204412.nc
  descargando archivo 31/86: tos_Omon_TaiESM1_ssp585_r1i1p1f1_gn_204501-204512.nc
  descargando archivo 32/86: tos_Omon_TaiESM1_ssp585_r1i1p1f1_gn_204601-204612.nc
  descargando archivo 33/86: tos_Omon_TaiESM1_ssp585_r1i1p1f1_gn_204701-204712.nc
  descargando archivo 34/86: tos_Omon_TaiESM1_ssp585_r1i1p1f1_gn_204801-204812.nc
  descargando archivo 35/86: tos_Omon_TaiESM1_ssp585_r1i1p1f1_gn_204901-204912.nc
  descargando archivo 36/86: tos_Omon_TaiESM1_ssp585_r1i1p1f1_gn_205001-205012.nc
  descargando archivo 37/86: tos_Omon_TaiESM1_ssp585_r1i1p1f1_gn_205101-205112.nc
  descargando archivo 38/86: tos_Omon_TaiESM1_ssp585_r1i1p1f1_gn_205201-205212.nc
  descargando archivo 39/86: tos_Omon_TaiESM1_ssp585_r1i1p1f1_gn_205301-205312.nc
  descargando archivo 40/86: tos_Omon_TaiESM1_ssp585_r1i1p1f1_gn_205401-205412.nc
  descargando archivo 41/86: tos_Omon_TaiESM1_ssp585_r1i1p1f1_gn_205501-205512.nc
  descargando archivo 42/86: tos_Omon_TaiESM1_ssp585_r1i1p1f1_gn_205601-205612.nc
  descargando archivo 43/86: tos_Omon_TaiESM1_ssp585_r1i1p1f1_gn_205701-205712.nc
  descargando archivo 44/86: tos_Omon_TaiESM1_ssp585_r1i1p1f1_gn_205801-205812.nc
  descargando archivo 45/86: tos_Omon_TaiESM1_ssp585_r1i1p1f1_gn_205901-205912.nc
  descargando archivo 46/86: tos_Omon_TaiESM1_ssp585_r1i1p1f1_gn_206001-206012.nc
  descargando archivo 47/86: tos_Omon_TaiESM1_ssp585_r1i1p1f1_gn_206101-206112.nc
  descargando archivo 48/86: tos_Omon_TaiESM1_ssp585_r1i1p1f1_gn_206201-206212.nc
  descargando archivo 49/86: tos_Omon_TaiESM1_ssp585_r1i1p1f1_gn_206301-206312.nc
  descargando archivo 50/86: tos_Omon_TaiESM1_ssp585_r1i1p1f1_gn_206401-206412.nc
  descargando archivo 51/86: tos_Omon_TaiESM1_ssp585_r1i1p1f1_gn_206501-206512.nc
  descargando archivo 52/86: tos_Omon_TaiESM1_ssp585_r1i1p1f1_gn_206601-206612.nc
  descargando archivo 53/86: tos_Omon_TaiESM1_ssp585_r1i1p1f1_gn_206701-206712.nc
  descargando archivo 54/86: tos_Omon_TaiESM1_ssp585_r1i1p1f1_gn_206801-206812.nc
  descargando archivo 55/86: tos_Omon_TaiESM1_ssp585_r1i1p1f1_gn_206901-206912.nc
  descargando archivo 56/86: tos_Omon_TaiESM1_ssp585_r1i1p1f1_gn_207001-207012.nc
  descargando archivo 57/86: tos_Omon_TaiESM1_ssp585_r1i1p1f1_gn_207101-207112.nc
  descargando archivo 58/86: tos_Omon_TaiESM1_ssp585_r1i1p1f1_gn_207201-207212.nc
  descargando archivo 59/86: tos_Omon_TaiESM1_ssp585_r1i1p1f1_gn_207301-207312.nc
  descargando archivo 60/86: tos_Omon_TaiESM1_ssp585_r1i1p1f1_gn_207401-207412.nc
  descargando archivo 61/86: tos_Omon_TaiESM1_ssp585_r1i1p1f1_gn_207501-207512.nc
  descargando archivo 62/86: tos_Omon_TaiESM1_ssp585_r1i1p1f1_gn_207601-207612.nc
  descargando archivo 63/86: tos_Omon_TaiESM1_ssp585_r1i1p1f1_gn_207701-207712.nc
  descargando archivo 64/86: tos_Omon_TaiESM1_ssp585_r1i1p1f1_gn_207801-207812.nc
  descargando archivo 65/86: tos_Omon_TaiESM1_ssp585_r1i1p1f1_gn_207901-207912.nc
  descargando archivo 66/86: tos_Omon_TaiESM1_ssp585_r1i1p1f1_gn_208001-208012.nc
  descargando archivo 67/86: tos_Omon_TaiESM1_ssp585_r1i1p1f1_gn_208101-208112.nc
  descargando archivo 68/86: tos_Omon_TaiESM1_ssp585_r1i1p1f1_gn_208201-208212.nc
  descargando archivo 69/86: tos_Omon_TaiESM1_ssp585_r1i1p1f1_gn_208301-208312.nc
  descargando archivo 70/86: tos_Omon_TaiESM1_ssp585_r1i1p1f1_gn_208401-208412.nc
  descargando archivo 71/86: tos_Omon_TaiESM1_ssp585_r1i1p1f1_gn_208501-208512.nc
  descargando archivo 72/86: tos_Omon_TaiESM1_ssp585_r1i1p1f1_gn_208601-208612.nc
  descargando archivo 73/86: tos_Omon_TaiESM1_ssp585_r1i1p1f1_gn_208701-208712.nc
  descargando archivo 74/86: tos_Omon_TaiESM1_ssp585_r1i1p1f1_gn_208801-208812.nc
  descargando archivo 75/86: tos_Omon_TaiESM1_ssp585_r1i1p1f1_gn_208901-208912.nc
  descargando archivo 76/86: tos_Omon_TaiESM1_ssp585_r1i1p1f1_gn_209001-209012.nc
  descargando archivo 77/86: tos_Omon_TaiESM1_ssp585_r1i1p1f1_gn_209101-209112.nc
  descargando archivo 78/86: tos_Omon_TaiESM1_ssp585_r1i1p1f1_gn_209201-209212.nc
  descargando archivo 79/86: tos_Omon_TaiESM1_ssp585_r1i1p1f1_gn_209301-209312.nc
  descargando archivo 80/86: tos_Omon_TaiESM1_ssp585_r1i1p1f1_gn_209401-209412.nc
  descargando archivo 81/86: tos_Omon_TaiESM1_ssp585_r1i1p1f1_gn_209501-209512.nc
  descargando archivo 82/86: tos_Omon_TaiESM1_ssp585_r1i1p1f1_gn_209601-209612.nc
  descargando archivo 83/86: tos_Omon_TaiESM1_ssp585_r1i1p1f1_gn_209701-209712.nc
  descargando archivo 84/86: tos_Omon_TaiESM1_ssp585_r1i1p1f1_gn_209801-209812.nc
  descargando archivo 85/86: tos_Omon_TaiESM1_ssp585_r1i1p1f1_gn_209901-209912.nc
  descargando archivo 86/86: tos_Omon_TaiESM1_ssp585_r1i1p1f1_gn_210001-210012.nc
Procesando UKESM1-0-LL historical (39) ...
  descargando archivo 1/2: tos_Omon_UKESM1-0-LL_historical_r1i1p1f2_gn_185001-194912.nc
  descargando archivo 2/2: tos_Omon_UKESM1-0-LL_historical_r1i1p1f2_gn_195001-201412.nc
Procesando UKESM1-0-LL ssp245 (39) ...
  descargando archivo 1/2: tos_Omon_UKESM1-0-LL_ssp245_r1i1p1f2_gn_201501-204912.nc
  descargando archivo 2/2: tos_Omon_UKESM1-0-LL_ssp245_r1i1p1f2_gn_205001-210012.nc
Procesando UKESM1-0-LL ssp370 (39) ...
  descargando archivo 1/2: tos_Omon_UKESM1-0-LL_ssp370_r1i1p1f2_gn_201501-204912.nc
  descargando archivo 2/2: tos_Omon_UKESM1-0-LL_ssp370_r1i1p1f2_gn_205001-210012.nc
Procesando UKESM1-0-LL ssp585 (39) ...
  descargando archivo 1/2: tos_Omon_UKESM1-0-LL_ssp585_r1i1p1f2_gn_201501-204912.nc
  descargando archivo 2/2: tos_Omon_UKESM1-0-LL_ssp585_r1i1p1f2_gn_205001-210012.nc
Procesando KACE-1-0-G historical (40) ...
  descargando archivo 1/1: tos_Omon_KACE-1-0-G_historical_r1i1p1f1_gr_185001-201412.nc
Procesando KACE-1-0-G ssp245 (40) ...
  descargando archivo 1/1: tos_Omon_KACE-1-0-G_ssp245_r1i1p1f1_gr_201501-210012.nc
Procesando KACE-1-0-G ssp370 (40) ...
  descargando archivo 1/1: tos_Omon_KACE-1-0-G_ssp370_r1i1p1f1_gr_201501-210012.nc
Procesando KACE-1-0-G ssp585 (40) ...
  descargando archivo 1/1: tos_Omon_KACE-1-0-G_ssp585_r1i1p1f1_gr_201501-210012.nc
== 02b: nada pendiente, se omite ==
== 02c: nada pendiente, se omite ==
Descarga completa (ESGF principal + alternativo + Copernicus segun disponibilidad y credenciales).
== Paso 03: bash scripts/03_download_ersstv5.sh ==
Descargando ERSSTv5 desde NOAA PSL...
Pipeline completo.
== Registro de modelos ==
/p1-swell/japq/loca/smn_toe/informe/model_registry.csv: 102 modelos (41 con institucion/grilla, los que llegaron a ser seed -- ver config/models_seed_cmip6.csv)
== Graficos: plot_qc_summary.py ==

A module that was compiled using NumPy 1.x cannot be run in
NumPy 2.4.6 as it may crash. To support both 1.x and 2.x
versions of NumPy, modules must be compiled with NumPy 2.0.
Some module may need to rebuild instead e.g. with 'pybind11>=2.12'.

If you are a user of the module, the easiest solution will be to
downgrade to 'numpy<2' or try to upgrade the affected module.
We expect that some modules will need time to support NumPy 2.

Traceback (most recent call last):  File "/p1-swell/japq/loca/smn_toe/scripts/plot_qc_summary.py", line 19, in <module>
    import plot_common as pc  # noqa: E402 (fuerza el backend Agg antes de pyplot)
  File "/p1-swell/japq/loca/smn_toe/scripts/plot_common.py", line 16, in <module>
    import matplotlib
  File "/opt/anaconda3/lib/python3.11/site-packages/matplotlib/__init__.py", line 161, in <module>
    from . import _api, _version, cbook, _docstring, rcsetup
  File "/opt/anaconda3/lib/python3.11/site-packages/matplotlib/rcsetup.py", line 27, in <module>
    from matplotlib.colors import Colormap, is_color_like
  File "/opt/anaconda3/lib/python3.11/site-packages/matplotlib/colors.py", line 57, in <module>
    from matplotlib import _api, _cm, cbook, scale
  File "/opt/anaconda3/lib/python3.11/site-packages/matplotlib/scale.py", line 22, in <module>
    from matplotlib.ticker import (
  File "/opt/anaconda3/lib/python3.11/site-packages/matplotlib/ticker.py", line 143, in <module>
    from matplotlib import transforms as mtransforms
  File "/opt/anaconda3/lib/python3.11/site-packages/matplotlib/transforms.py", line 49, in <module>
    from matplotlib._path import (
AttributeError: _ARRAY_API not found
Traceback (most recent call last):
  File "/p1-swell/japq/loca/smn_toe/scripts/plot_qc_summary.py", line 19, in <module>
    import plot_common as pc  # noqa: E402 (fuerza el backend Agg antes de pyplot)
    ^^^^^^^^^^^^^^^^^^^^^^^^
  File "/p1-swell/japq/loca/smn_toe/scripts/plot_common.py", line 16, in <module>
    import matplotlib
  File "/opt/anaconda3/lib/python3.11/site-packages/matplotlib/__init__.py", line 161, in <module>
    from . import _api, _version, cbook, _docstring, rcsetup
  File "/opt/anaconda3/lib/python3.11/site-packages/matplotlib/rcsetup.py", line 27, in <module>
    from matplotlib.colors import Colormap, is_color_like
  File "/opt/anaconda3/lib/python3.11/site-packages/matplotlib/colors.py", line 57, in <module>
    from matplotlib import _api, _cm, cbook, scale
  File "/opt/anaconda3/lib/python3.11/site-packages/matplotlib/scale.py", line 22, in <module>
    from matplotlib.ticker import (
  File "/opt/anaconda3/lib/python3.11/site-packages/matplotlib/ticker.py", line 143, in <module>
    from matplotlib import transforms as mtransforms
  File "/opt/anaconda3/lib/python3.11/site-packages/matplotlib/transforms.py", line 49, in <module>
    from matplotlib._path import (
ImportError: numpy.core.multiarray failed to import
  (se omitio plot_qc_summary.py -- revisar el aviso arriba)
== Graficos: plot_boxplot_comparison.py ==

A module that was compiled using NumPy 1.x cannot be run in
NumPy 2.4.6 as it may crash. To support both 1.x and 2.x
versions of NumPy, modules must be compiled with NumPy 2.0.
Some module may need to rebuild instead e.g. with 'pybind11>=2.12'.

If you are a user of the module, the easiest solution will be to
downgrade to 'numpy<2' or try to upgrade the affected module.
We expect that some modules will need time to support NumPy 2.

Traceback (most recent call last):  File "/p1-swell/japq/loca/smn_toe/scripts/plot_boxplot_comparison.py", line 20, in <module>
    import plot_common as pc  # noqa: E402 (fuerza el backend Agg antes de pyplot)
  File "/p1-swell/japq/loca/smn_toe/scripts/plot_common.py", line 16, in <module>
    import matplotlib
  File "/opt/anaconda3/lib/python3.11/site-packages/matplotlib/__init__.py", line 161, in <module>
    from . import _api, _version, cbook, _docstring, rcsetup
  File "/opt/anaconda3/lib/python3.11/site-packages/matplotlib/rcsetup.py", line 27, in <module>
    from matplotlib.colors import Colormap, is_color_like
  File "/opt/anaconda3/lib/python3.11/site-packages/matplotlib/colors.py", line 57, in <module>
    from matplotlib import _api, _cm, cbook, scale
  File "/opt/anaconda3/lib/python3.11/site-packages/matplotlib/scale.py", line 22, in <module>
    from matplotlib.ticker import (
  File "/opt/anaconda3/lib/python3.11/site-packages/matplotlib/ticker.py", line 143, in <module>
    from matplotlib import transforms as mtransforms
  File "/opt/anaconda3/lib/python3.11/site-packages/matplotlib/transforms.py", line 49, in <module>
    from matplotlib._path import (
AttributeError: _ARRAY_API not found
Traceback (most recent call last):
  File "/p1-swell/japq/loca/smn_toe/scripts/plot_boxplot_comparison.py", line 20, in <module>
    import plot_common as pc  # noqa: E402 (fuerza el backend Agg antes de pyplot)
    ^^^^^^^^^^^^^^^^^^^^^^^^
  File "/p1-swell/japq/loca/smn_toe/scripts/plot_common.py", line 16, in <module>
    import matplotlib
  File "/opt/anaconda3/lib/python3.11/site-packages/matplotlib/__init__.py", line 161, in <module>
    from . import _api, _version, cbook, _docstring, rcsetup
  File "/opt/anaconda3/lib/python3.11/site-packages/matplotlib/rcsetup.py", line 27, in <module>
    from matplotlib.colors import Colormap, is_color_like
  File "/opt/anaconda3/lib/python3.11/site-packages/matplotlib/colors.py", line 57, in <module>
    from matplotlib import _api, _cm, cbook, scale
  File "/opt/anaconda3/lib/python3.11/site-packages/matplotlib/scale.py", line 22, in <module>
    from matplotlib.ticker import (
  File "/opt/anaconda3/lib/python3.11/site-packages/matplotlib/ticker.py", line 143, in <module>
    from matplotlib import transforms as mtransforms
  File "/opt/anaconda3/lib/python3.11/site-packages/matplotlib/transforms.py", line 49, in <module>
    from matplotlib._path import (
ImportError: numpy.core.multiarray failed to import
  (se omitio plot_boxplot_comparison.py -- revisar el aviso arriba)
== Graficos: plot_region_nino_orthographic.py ==

A module that was compiled using NumPy 1.x cannot be run in
NumPy 2.4.6 as it may crash. To support both 1.x and 2.x
versions of NumPy, modules must be compiled with NumPy 2.0.
Some module may need to rebuild instead e.g. with 'pybind11>=2.12'.

If you are a user of the module, the easiest solution will be to
downgrade to 'numpy<2' or try to upgrade the affected module.
We expect that some modules will need time to support NumPy 2.

Traceback (most recent call last):  File "/p1-swell/japq/loca/smn_toe/scripts/plot_region_nino_orthographic.py", line 39, in <module>
    import matplotlib
  File "/opt/anaconda3/lib/python3.11/site-packages/matplotlib/__init__.py", line 161, in <module>
    from . import _api, _version, cbook, _docstring, rcsetup
  File "/opt/anaconda3/lib/python3.11/site-packages/matplotlib/rcsetup.py", line 27, in <module>
    from matplotlib.colors import Colormap, is_color_like
  File "/opt/anaconda3/lib/python3.11/site-packages/matplotlib/colors.py", line 57, in <module>
    from matplotlib import _api, _cm, cbook, scale
  File "/opt/anaconda3/lib/python3.11/site-packages/matplotlib/scale.py", line 22, in <module>
    from matplotlib.ticker import (
  File "/opt/anaconda3/lib/python3.11/site-packages/matplotlib/ticker.py", line 143, in <module>
    from matplotlib import transforms as mtransforms
  File "/opt/anaconda3/lib/python3.11/site-packages/matplotlib/transforms.py", line 49, in <module>
    from matplotlib._path import (
AttributeError: _ARRAY_API not found
Traceback (most recent call last):
  File "/p1-swell/japq/loca/smn_toe/scripts/plot_region_nino_orthographic.py", line 39, in <module>
    import matplotlib
  File "/opt/anaconda3/lib/python3.11/site-packages/matplotlib/__init__.py", line 161, in <module>
    from . import _api, _version, cbook, _docstring, rcsetup
  File "/opt/anaconda3/lib/python3.11/site-packages/matplotlib/rcsetup.py", line 27, in <module>
    from matplotlib.colors import Colormap, is_color_like
  File "/opt/anaconda3/lib/python3.11/site-packages/matplotlib/colors.py", line 57, in <module>
    from matplotlib import _api, _cm, cbook, scale
  File "/opt/anaconda3/lib/python3.11/site-packages/matplotlib/scale.py", line 22, in <module>
    from matplotlib.ticker import (
  File "/opt/anaconda3/lib/python3.11/site-packages/matplotlib/ticker.py", line 143, in <module>
    from matplotlib import transforms as mtransforms
  File "/opt/anaconda3/lib/python3.11/site-packages/matplotlib/transforms.py", line 49, in <module>
    from matplotlib._path import (
ImportError: numpy.core.multiarray failed to import
  (se omitio plot_region_nino_orthographic.py -- revisar el aviso arriba)
== Graficos: plot_maps.py ==

A module that was compiled using NumPy 1.x cannot be run in
NumPy 2.4.6 as it may crash. To support both 1.x and 2.x
versions of NumPy, modules must be compiled with NumPy 2.0.
Some module may need to rebuild instead e.g. with 'pybind11>=2.12'.

If you are a user of the module, the easiest solution will be to
downgrade to 'numpy<2' or try to upgrade the affected module.
We expect that some modules will need time to support NumPy 2.

Traceback (most recent call last):  File "/p1-swell/japq/loca/smn_toe/scripts/plot_maps.py", line 18, in <module>
    import plot_common as pc  # noqa: E402 (fuerza el backend Agg antes de pyplot)
  File "/p1-swell/japq/loca/smn_toe/scripts/plot_common.py", line 16, in <module>
    import matplotlib
  File "/opt/anaconda3/lib/python3.11/site-packages/matplotlib/__init__.py", line 161, in <module>
    from . import _api, _version, cbook, _docstring, rcsetup
  File "/opt/anaconda3/lib/python3.11/site-packages/matplotlib/rcsetup.py", line 27, in <module>
    from matplotlib.colors import Colormap, is_color_like
  File "/opt/anaconda3/lib/python3.11/site-packages/matplotlib/colors.py", line 57, in <module>
    from matplotlib import _api, _cm, cbook, scale
  File "/opt/anaconda3/lib/python3.11/site-packages/matplotlib/scale.py", line 22, in <module>
    from matplotlib.ticker import (
  File "/opt/anaconda3/lib/python3.11/site-packages/matplotlib/ticker.py", line 143, in <module>
    from matplotlib import transforms as mtransforms
  File "/opt/anaconda3/lib/python3.11/site-packages/matplotlib/transforms.py", line 49, in <module>
    from matplotlib._path import (
AttributeError: _ARRAY_API not found
Traceback (most recent call last):
  File "/p1-swell/japq/loca/smn_toe/scripts/plot_maps.py", line 18, in <module>
    import plot_common as pc  # noqa: E402 (fuerza el backend Agg antes de pyplot)
    ^^^^^^^^^^^^^^^^^^^^^^^^
  File "/p1-swell/japq/loca/smn_toe/scripts/plot_common.py", line 16, in <module>
    import matplotlib
  File "/opt/anaconda3/lib/python3.11/site-packages/matplotlib/__init__.py", line 161, in <module>
    from . import _api, _version, cbook, _docstring, rcsetup
  File "/opt/anaconda3/lib/python3.11/site-packages/matplotlib/rcsetup.py", line 27, in <module>
    from matplotlib.colors import Colormap, is_color_like
  File "/opt/anaconda3/lib/python3.11/site-packages/matplotlib/colors.py", line 57, in <module>
    from matplotlib import _api, _cm, cbook, scale
  File "/opt/anaconda3/lib/python3.11/site-packages/matplotlib/scale.py", line 22, in <module>
    from matplotlib.ticker import (
  File "/opt/anaconda3/lib/python3.11/site-packages/matplotlib/ticker.py", line 143, in <module>
    from matplotlib import transforms as mtransforms
  File "/opt/anaconda3/lib/python3.11/site-packages/matplotlib/transforms.py", line 49, in <module>
    from matplotlib._path import (
ImportError: numpy.core.multiarray failed to import
  (se omitio plot_maps.py -- revisar el aviso arriba)
== Graficos: plot_box_series.py ==

A module that was compiled using NumPy 1.x cannot be run in
NumPy 2.4.6 as it may crash. To support both 1.x and 2.x
versions of NumPy, modules must be compiled with NumPy 2.0.
Some module may need to rebuild instead e.g. with 'pybind11>=2.12'.

If you are a user of the module, the easiest solution will be to
downgrade to 'numpy<2' or try to upgrade the affected module.
We expect that some modules will need time to support NumPy 2.

Traceback (most recent call last):  File "/p1-swell/japq/loca/smn_toe/scripts/plot_box_series.py", line 21, in <module>
    import plot_common as pc  # noqa: E402 (fuerza el backend Agg antes de pyplot)
  File "/p1-swell/japq/loca/smn_toe/scripts/plot_common.py", line 16, in <module>
    import matplotlib
  File "/opt/anaconda3/lib/python3.11/site-packages/matplotlib/__init__.py", line 161, in <module>
    from . import _api, _version, cbook, _docstring, rcsetup
  File "/opt/anaconda3/lib/python3.11/site-packages/matplotlib/rcsetup.py", line 27, in <module>
    from matplotlib.colors import Colormap, is_color_like
  File "/opt/anaconda3/lib/python3.11/site-packages/matplotlib/colors.py", line 57, in <module>
    from matplotlib import _api, _cm, cbook, scale
  File "/opt/anaconda3/lib/python3.11/site-packages/matplotlib/scale.py", line 22, in <module>
    from matplotlib.ticker import (
  File "/opt/anaconda3/lib/python3.11/site-packages/matplotlib/ticker.py", line 143, in <module>
    from matplotlib import transforms as mtransforms
  File "/opt/anaconda3/lib/python3.11/site-packages/matplotlib/transforms.py", line 49, in <module>
    from matplotlib._path import (
AttributeError: _ARRAY_API not found
Traceback (most recent call last):
  File "/p1-swell/japq/loca/smn_toe/scripts/plot_box_series.py", line 21, in <module>
    import plot_common as pc  # noqa: E402 (fuerza el backend Agg antes de pyplot)
    ^^^^^^^^^^^^^^^^^^^^^^^^
  File "/p1-swell/japq/loca/smn_toe/scripts/plot_common.py", line 16, in <module>
    import matplotlib
  File "/opt/anaconda3/lib/python3.11/site-packages/matplotlib/__init__.py", line 161, in <module>
    from . import _api, _version, cbook, _docstring, rcsetup
  File "/opt/anaconda3/lib/python3.11/site-packages/matplotlib/rcsetup.py", line 27, in <module>
    from matplotlib.colors import Colormap, is_color_like
  File "/opt/anaconda3/lib/python3.11/site-packages/matplotlib/colors.py", line 57, in <module>
    from matplotlib import _api, _cm, cbook, scale
  File "/opt/anaconda3/lib/python3.11/site-packages/matplotlib/scale.py", line 22, in <module>
    from matplotlib.ticker import (
  File "/opt/anaconda3/lib/python3.11/site-packages/matplotlib/ticker.py", line 143, in <module>
    from matplotlib import transforms as mtransforms
  File "/opt/anaconda3/lib/python3.11/site-packages/matplotlib/transforms.py", line 49, in <module>
    from matplotlib._path import (
ImportError: numpy.core.multiarray failed to import
  (se omitio plot_box_series.py -- revisar el aviso arriba)
Reporte de estado escrito en logs/run_report_20260930_191001.txt

Paquete armado en /p1-swell/japq/loca/smn_toe/informe/entregable_update.tar.gz (21 archivo(s)).
Estan todos los archivos esperados.
