number,inicio,fin,fecha_pico,duracion_meses,magnitud_pico,categoria_oficial,categoria_relativa
M01,1901-12-01,1902-03-01,1902-02-01,4,0.4761,debil,moderado
M01,1905-06-01,1906-04-01,1905-11-01,11,0.8848,debil,fuerte
M01,1909-10-01,1910-04-01,1909-11-01,7,0.8379,debil,fuerte
M01,1911-06-01,1912-01-01,1911-08-01,8,1.0841,debil,fuerte
M01,1913-07-01,1914-01-01,1913-08-01,7,1.0640,debil,fuerte
M01,1915-05-01,1916-09-01,1916-06-01,17,2.4269,fuerte,extremo
M01,1918-04-01,1918-10-01,1918-07-01,7,1.7003,moderado,extremo
M01,1920-07-01,1921-02-01,1920-09-01,8,1.2042,debil,fuerte
M01,1926-06-01,1927-05-01,1926-08-01,12,1.2541,debil,fuerte
M01,1929-08-01,1929-12-01,1929-10-01,5,0.5781,debil,moderado
M01,1934-01-01,1934-07-01,1934-03-01,7,0.7474,debil,fuerte
M01,1935-07-01,1936-09-01,1936-06-01,15,1.5091,moderado,extremo
M01,1939-01-01,1939-04-01,1939-02-01,4,0.5694,debil,moderado
M01,1940-11-01,1941-12-01,1941-06-01,14,1.0321,debil,fuerte
M01,1942-11-01,1943-02-01,1942-12-01,4,0.5547,debil,moderado
M01,1944-05-01,1944-08-01,1944-07-01,4,1.1520,debil,fuerte
M01,1946-07-01,1946-09-01,1946-08-01,3,0.4468,debil,moderado
M01,1948-07-01,1949-06-01,1948-11-01,12,1.7573,moderado,extremo
M01,1950-09-01,1951-07-01,1951-05-01,11,1.0347,debil,fuerte
M01,1955-04-01,1955-08-01,1955-06-01,5,0.9705,debil,fuerte
M01,1960-08-01,1961-02-01,1960-11-01,7,1.3547,moderado,fuerte
M01,1964-05-01,1964-07-01,1964-06-01,3,0.7491,debil,fuerte
M01,1968-10-01,1969-02-01,1968-12-01,5,0.7303,debil,fuerte
M01,1969-05-01,1969-07-01,1969-06-01,3,0.6379,debil,moderado
M01,1970-05-01,1970-12-01,1970-07-01,8,0.9124,debil,fuerte
M01,1972-06-01,1973-10-01,1973-07-01,17,2.7288,fuerte,extremo
M01,1977-01-01,1977-07-01,1977-06-01,7,0.8794,debil,fuerte
M01,1978-06-01,1979-01-01,1978-07-01,8,1.0601,debil,fuerte
M01,1983-10-01,1984-06-01,1983-12-01,9,0.8330,debil,fuerte
M01,1985-08-01,1986-10-01,1986-07-01,15,2.5617,fuerte,extremo
M01,1990-04-01,1991-07-01,1990-10-01,16,1.6725,moderado,extremo
M01,1994-05-01,1994-08-01,1994-06-01,4,0.8541,debil,fuerte
M01,1999-07-01,2000-05-01,2000-03-01,11,0.7548,debil,fuerte
M01,2002-10-01,2003-06-01,2002-11-01,9,0.5725,debil,moderado
M01,2005-07-01,2006-07-01,2005-09-01,13,1.0185,debil,fuerte
M01,2007-06-01,2007-09-01,2007-08-01,4,0.6908,debil,moderado
M01,2008-09-01,2008-12-01,2008-11-01,4,0.5491,debil,moderado
M01,2010-02-01,2010-08-01,2010-05-01,7,1.4055,moderado,extremo
M01,2010-11-01,2011-01-01,2010-11-01,3,0.5797,debil,moderado
M01,2011-03-01,2012-10-01,2012-07-01,20,2.3136,fuerte,extremo
M01,2013-09-01,2014-03-01,2013-10-01,7,0.7177,debil,fuerte
M02,1900-02-01,1900-09-01,1900-05-01,8,1.0933,debil,fuerte
M02,1900-12-01,1901-05-01,1901-02-01,6,0.8079,debil,moderado
M02,1903-09-01,1903-11-01,1903-09-01,3,0.4834,debil,moderado
M02,1906-04-01,1906-07-01,1906-06-01,4,0.7457,debil,moderado
M02,1908-04-01,1908-08-01,1908-07-01,5,1.5349,moderado,fuerte
M02,1910-09-01,1911-01-01,1910-11-01,5,0.8123,debil,moderado
M02,1911-04-01,1912-03-01,1911-08-01,12,1.1592,debil,fuerte
M02,1912-11-01,1913-01-01,1913-01-01,3,0.4699,debil,moderado
M02,1914-02-01,1914-06-01,1914-04-01,5,0.5059,debil,moderado
M02,1915-02-01,1915-06-01,1915-04-01,5,0.9960,debil,fuerte
M02,1915-12-01,1916-04-01,1916-01-01,5,0.6425,debil,moderado
M02,1917-09-01,1918-06-01,1917-12-01,10,0.8437,debil,moderado
M02,1920-04-01,1921-03-01,1920-08-01,12,2.5617,fuerte,extremo
M02,1923-05-01,1924-01-01,1923-08-01,9,2.0805,moderado,extremo
M02,1925-04-01,1926-06-01,1925-08-01,15,1.0504,debil,fuerte
M02,1929-06-01,1930-01-01,1929-09-01,8,1.6141,moderado,fuerte
M02,1932-02-01,1932-05-01,1932-04-01,4,0.5383,debil,moderado
M02,1934-04-01,1935-02-01,1934-07-01,11,1.6078,moderado,fuerte
M02,1937-02-01,1937-06-01,1937-06-01,5,0.5629,debil,moderado
M02,1938-05-01,1938-08-01,1938-07-01,4,0.5902,debil,moderado
M02,1941-07-01,1942-07-01,1941-11-01,13,1.0856,debil,fuerte
M02,1945-06-01,1946-03-01,1945-08-01,10,0.8883,debil,moderado
M02,1948-05-01,1949-06-01,1948-09-01,14,2.4974,fuerte,extremo
M02,1950-10-01,1950-12-01,1950-11-01,3,0.6516,debil,moderado
M02,1951-04-01,1952-05-01,1951-12-01,14,1.2692,debil,fuerte
M02,1953-09-01,1955-01-01,1954-06-01,17,1.0586,debil,fuerte
M02,1957-04-01,1957-08-01,1957-07-01,5,1.9163,moderado,extremo
M02,1958-12-01,1959-05-01,1959-02-01,6,0.6814,debil,moderado
M02,1961-04-01,1963-06-01,1961-07-01,27,2.6306,fuerte,extremo
M02,1968-04-01,1969-05-01,1968-07-01,14,2.4917,fuerte,extremo
M02,1970-05-01,1970-09-01,1970-08-01,5,0.5106,debil,moderado
M02,1972-09-01,1974-01-01,1973-06-01,17,1.5838,moderado,fuerte
M02,1976-11-01,1977-05-01,1977-01-01,7,0.6448,debil,moderado
M02,1979-07-01,1980-02-01,1979-09-01,8,0.7528,debil,moderado
M02,1980-06-01,1980-08-01,1980-07-01,3,0.7506,debil,moderado
M02,1983-07-01,1984-07-01,1983-12-01,13,1.5912,moderado,fuerte
M02,1986-05-01,1987-01-01,1986-09-01,9,1.6870,moderado,fuerte
M02,1988-09-01,1988-12-01,1988-10-01,4,0.5648,debil,moderado
M02,1993-04-01,1993-06-01,1993-05-01,3,0.6979,debil,moderado
M02,1995-03-01,1996-05-01,1995-07-01,15,2.8012,fuerte,extremo
M02,1997-09-01,1997-12-01,1997-10-01,4,0.7688,debil,moderado
M02,1998-04-01,1999-05-01,1999-01-01,14,1.0320,debil,fuerte
M02,2000-12-01,2002-07-01,2001-12-01,20,1.5233,moderado,fuerte
M02,2004-05-01,2005-06-01,2004-07-01,14,1.7030,moderado,fuerte
M02,2007-07-01,2008-01-01,2007-10-01,7,0.9796,debil,fuerte
M02,2008-10-01,2009-03-01,2008-12-01,6,0.7646,debil,moderado
M02,2010-02-01,2011-04-01,2010-12-01,15,0.8722,debil,moderado
M02,2012-05-01,2014-06-01,2012-08-01,26,1.8147,moderado,extremo
M03,1900-06-01,1900-12-01,1900-08-01,7,1.0658,debil,fuerte
M03,1902-03-01,1902-06-01,1902-04-01,4,0.7731,debil,moderado
M03,1902-08-01,1903-02-01,1902-09-01,7,0.9059,debil,fuerte
M03,1903-04-01,1904-04-01,1903-07-01,13,1.6968,moderado,extremo
M03,1905-05-01,1905-07-01,1905-05-01,3,0.9710,debil,fuerte
M03,1907-04-01,1907-10-01,1907-06-01,7,1.9725,moderado,extremo
M03,1908-01-01,1908-03-01,1908-02-01,3,0.7388,debil,moderado
M03,1909-12-01,1911-06-01,1910-12-01,19,2.9528,fuerte,extremo
M03,1913-06-01,1913-12-01,1913-08-01,7,1.6113,moderado,fuerte
M03,1918-04-01,1918-06-01,1918-05-01,3,0.6100,debil,moderado
M03,1920-04-01,1920-07-01,1920-06-01,4,0.7008,debil,moderado
M03,1923-05-01,1925-03-01,1924-01-01,23,1.8975,moderado,extremo
M03,1929-06-01,1929-11-01,1929-08-01,6,1.9194,moderado,extremo
M03,1930-11-01,1931-01-01,1930-12-01,3,0.7174,debil,moderado
M03,1934-03-01,1934-09-01,1934-06-01,7,1.4675,moderado,fuerte
M03,1937-07-01,1937-10-01,1937-08-01,4,0.8041,debil,moderado
M03,1937-12-01,1938-10-01,1938-05-01,11,0.9099,debil,fuerte
M03,1940-05-01,1940-08-01,1940-07-01,4,1.0763,debil,fuerte
M03,1943-06-01,1944-05-01,1943-08-01,12,1.5371,moderado,fuerte
M03,1944-08-01,1944-12-01,1944-10-01,5,1.1689,debil,fuerte
M03,1947-04-01,1948-07-01,1947-07-01,16,2.0723,moderado,extremo
M03,1952-05-01,1952-08-01,1952-06-01,4,0.6674,debil,moderado
M03,1953-07-01,1954-03-01,1954-01-01,9,1.1220,debil,fuerte
M03,1956-05-01,1956-09-01,1956-07-01,5,1.2241,debil,fuerte
M03,1958-10-01,1959-02-01,1958-12-01,5,0.8449,debil,fuerte
M03,1961-09-01,1962-02-01,1961-12-01,6,1.0215,debil,fuerte
M03,1962-04-01,1963-03-01,1962-08-01,12,1.6783,moderado,extremo
M03,1964-05-01,1965-02-01,1964-06-01,10,0.8052,debil,moderado
M03,1967-07-01,1967-11-01,1967-09-01,5,0.7865,debil,moderado
M03,1968-02-01,1968-09-01,1968-05-01,8,1.8210,moderado,extremo
M03,1969-06-01,1970-05-01,1970-01-01,12,2.2409,fuerte,extremo
M03,1974-03-01,1974-07-01,1974-05-01,5,0.9907,debil,fuerte
M03,1976-06-01,1976-09-01,1976-07-01,4,0.6144,debil,moderado
M03,1976-12-01,1977-05-01,1977-04-01,6,0.9988,debil,fuerte
M03,1978-12-01,1979-10-01,1979-06-01,11,2.0962,moderado,extremo
M03,1983-08-01,1984-04-01,1983-11-01,9,1.3061,debil,fuerte
M03,1984-12-01,1985-02-01,1985-01-01,3,0.6594,debil,moderado
M03,1986-05-01,1986-11-01,1986-08-01,7,1.9269,moderado,extremo
M03,1988-05-01,1989-03-01,1988-08-01,11,1.3329,debil,fuerte
M03,1989-05-01,1990-04-01,1989-08-01,12,1.9471,moderado,extremo
M03,1994-11-01,1995-08-01,1995-06-01,10,1.8129,moderado,extremo
M03,1996-02-01,1996-07-01,1996-05-01,6,1.0498,debil,fuerte
M03,1998-04-01,1998-08-01,1998-06-01,5,1.3371,debil,fuerte
M03,2000-02-01,2000-06-01,2000-06-01,5,0.5235,debil,moderado
M03,2000-10-01,2001-02-01,2000-12-01,5,0.8902,debil,fuerte
M03,2002-07-01,2002-11-01,2002-08-01,5,0.9188,debil,fuerte
M03,2004-04-01,2004-06-01,2004-05-01,3,0.8733,debil,fuerte
M03,2006-12-01,2007-05-01,2007-04-01,6,0.8212,debil,moderado
M03,2007-08-01,2008-03-01,2008-01-01,8,1.1898,debil,fuerte
M03,2008-10-01,2010-07-01,2009-08-01,22,1.8971,moderado,extremo
M03,2012-02-01,2012-12-01,2012-07-01,11,2.1634,fuerte,extremo
M03,2013-09-01,2014-01-01,2013-11-01,5,1.1380,debil,fuerte
M04,1901-01-01,1901-07-01,1901-06-01,7,0.6562,debil,moderado
M04,1902-06-01,1902-11-01,1902-08-01,6,0.8297,debil,fuerte
M04,1903-05-01,1904-02-01,1903-11-01,10,1.8425,moderado,extremo
M04,1904-09-01,1904-12-01,1904-11-01,4,0.6797,debil,moderado
M04,1905-04-01,1905-11-01,1905-09-01,8,0.7233,debil,moderado
M04,1908-06-01,1909-06-01,1908-09-01,13,0.8991,debil,fuerte
M04,1913-11-01,1914-01-01,1913-12-01,3,0.7174,debil,moderado
M04,1914-08-01,1915-01-01,1914-10-01,6,1.2509,debil,fuerte
M04,1916-04-01,1916-12-01,1916-06-01,9,1.8324,moderado,extremo
M04,1919-04-01,1919-10-01,1919-06-01,7,0.9523,debil,fuerte
M04,1921-04-01,1921-11-01,1921-07-01,8,2.0049,moderado,extremo
M04,1923-04-01,1923-08-01,1923-06-01,5,0.7307,debil,moderado
M04,1925-04-01,1926-01-01,1925-07-01,10,1.6496,moderado,extremo
M04,1927-04-01,1928-02-01,1927-09-01,11,1.9672,moderado,extremo
M04,1932-02-01,1933-03-01,1932-08-01,14,2.6659,fuerte,extremo
M04,1934-04-01,1935-01-01,1934-06-01,10,0.9170,debil,fuerte
M04,1936-05-01,1936-08-01,1936-06-01,4,1.1049,debil,fuerte
M04,1939-05-01,1940-01-01,1939-10-01,9,1.6076,moderado,extremo
M04,1941-05-01,1942-02-01,1941-08-01,10,2.7257,fuerte,extremo
M04,1943-04-01,1944-01-01,1943-09-01,10,1.4743,moderado,fuerte
M04,1946-05-01,1946-12-01,1946-07-01,8,1.1043,debil,fuerte
M04,1948-05-01,1948-08-01,1948-07-01,4,0.9795,debil,fuerte
M04,1950-07-01,1950-11-01,1950-08-01,5,1.3410,debil,fuerte
M04,1951-05-01,1951-08-01,1951-07-01,4,0.8533,debil,fuerte
M04,1953-09-01,1954-04-01,1953-12-01,8,1.0387,debil,fuerte
M04,1956-04-01,1957-04-01,1956-07-01,13,2.2977,fuerte,extremo
M04,1958-06-01,1959-02-01,1958-08-01,9,1.3902,moderado,fuerte
M04,1961-09-01,1961-11-01,1961-10-01,3,0.7736,debil,moderado
M04,1963-05-01,1964-02-01,1963-07-01,10,1.1382,debil,fuerte
M04,1965-06-01,1965-12-01,1965-08-01,7,1.5601,moderado,fuerte
M04,1967-07-01,1967-11-01,1967-09-01,5,1.1002,debil,fuerte
M04,1970-03-01,1970-07-01,1970-05-01,5,0.9708,debil,fuerte
M04,1970-11-01,1971-01-01,1970-12-01,3,0.6479,debil,moderado
M04,1974-11-01,1975-01-01,1974-12-01,3,0.7122,debil,moderado
M04,1976-05-01,1976-11-01,1976-06-01,7,1.5026,moderado,fuerte
M04,1977-11-01,1978-09-01,1978-06-01,11,0.8429,debil,fuerte
M04,1978-11-01,1979-01-01,1978-12-01,3,0.5045,debil,moderado
M04,1980-05-01,1981-01-01,1980-07-01,9,2.6459,fuerte,extremo
M04,1981-08-01,1982-01-01,1981-10-01,6,0.7269,debil,moderado
M04,1982-11-01,1983-04-01,1983-01-01,6,0.7946,debil,moderado
M04,1983-12-01,1984-02-01,1984-01-01,3,0.5322,debil,moderado
M04,1988-11-01,1989-10-01,1989-07-01,12,0.9827,debil,fuerte
M04,1991-06-01,1991-08-01,1991-07-01,3,1.1389,debil,fuerte
M04,1994-04-01,1995-03-01,1994-08-01,12,1.1279,debil,fuerte
M04,1996-05-01,1997-04-01,1996-08-01,12,1.7741,moderado,extremo
M04,2000-07-01,2000-12-01,2000-09-01,6,1.2631,debil,fuerte
M04,2001-11-01,2002-09-01,2002-01-01,11,0.9784,debil,fuerte
M04,2004-04-01,2005-04-01,2004-07-01,13,2.1442,moderado,extremo
M04,2006-04-01,2007-03-01,2006-07-01,12,1.7252,moderado,extremo
M04,2008-12-01,2009-03-01,2009-01-01,4,0.7089,debil,moderado
M04,2011-05-01,2012-01-01,2011-06-01,9,1.3585,moderado,fuerte
M04,2013-06-01,2014-02-01,2013-08-01,9,1.1104,debil,fuerte
M05,1901-06-01,1901-12-01,1901-08-01,7,1.5265,moderado,fuerte
M05,1902-03-01,1902-06-01,1902-05-01,4,0.9155,debil,fuerte
M05,1907-05-01,1908-06-01,1907-08-01,14,1.4981,moderado,fuerte
M05,1909-08-01,1909-11-01,1909-09-01,4,1.0207,debil,fuerte
M05,1911-10-01,1912-06-01,1912-02-01,9,0.7440,debil,moderado
M05,1913-05-01,1914-02-01,1913-10-01,10,1.4062,moderado,fuerte
M05,1915-04-01,1915-06-01,1915-05-01,3,0.7930,debil,moderado
M05,1916-06-01,1917-06-01,1916-08-01,13,1.4260,moderado,fuerte
M05,1919-05-01,1920-07-01,1919-12-01,15,1.4652,moderado,fuerte
M05,1924-03-01,1924-05-01,1924-04-01,3,0.5251,debil,moderado
M05,1925-08-01,1926-07-01,1926-04-01,12,1.2663,debil,fuerte
M05,1928-06-01,1929-07-01,1928-09-01,14,1.6019,moderado,extremo
M05,1930-07-01,1930-09-01,1930-08-01,3,0.6903,debil,moderado
M05,1931-07-01,1932-11-01,1931-12-01,17,2.0948,moderado,extremo
M05,1938-10-01,1939-02-01,1938-12-01,5,0.9152,debil,fuerte
M05,1940-08-01,1941-01-01,1940-10-01,6,0.9412,debil,fuerte
M05,1945-05-01,1946-09-01,1946-06-01,17,2.8841,fuerte,extremo
M05,1950-09-01,1951-01-01,1950-11-01,5,0.9038,debil,fuerte
M05,1951-06-01,1951-08-01,1951-07-01,3,0.6913,debil,moderado
M05,1953-05-01,1954-08-01,1953-08-01,16,2.5504,fuerte,extremo
M05,1955-06-01,1955-11-01,1955-10-01,6,0.7718,debil,moderado
M05,1957-07-01,1957-09-01,1957-07-01,3,0.7982,debil,moderado
M05,1958-03-01,1958-05-01,1958-04-01,3,0.6586,debil,moderado
M05,1960-06-01,1961-06-01,1960-07-01,13,1.0295,debil,fuerte
M05,1964-07-01,1964-11-01,1964-09-01,5,0.6708,debil,moderado
M05,1966-10-01,1968-03-01,1967-10-01,18,1.1622,debil,fuerte
M05,1969-11-01,1970-02-01,1969-12-01,4,0.5956,debil,moderado
M05,1970-07-01,1970-09-01,1970-08-01,3,0.5534,debil,moderado
M05,1972-07-01,1972-10-01,1972-08-01,4,0.9719,debil,fuerte
M05,1974-06-01,1974-09-01,1974-07-01,4,1.4815,moderado,fuerte
M05,1976-07-01,1977-09-01,1977-05-01,15,1.8416,moderado,extremo
M05,1979-10-01,1980-05-01,1979-12-01,8,0.9622,debil,fuerte
M05,1983-03-01,1984-05-01,1983-07-01,15,1.6077,moderado,extremo
M05,1985-08-01,1985-11-01,1985-09-01,4,1.0004,debil,fuerte
M05,1986-07-01,1987-04-01,1986-10-01,10,1.1831,debil,fuerte
M05,1991-05-01,1991-07-01,1991-06-01,3,0.7830,debil,moderado
M05,1992-04-01,1992-09-01,1992-08-01,6,0.7775,debil,moderado
M05,1996-06-01,1997-01-01,1996-12-01,8,0.8692,debil,fuerte
M05,1997-10-01,1998-06-01,1998-04-01,9,1.0047,debil,fuerte
M05,2002-05-01,2003-05-01,2002-07-01,13,1.7250,moderado,extremo
M05,2003-12-01,2004-09-01,2004-07-01,10,1.0562,debil,fuerte
M05,2005-02-01,2005-06-01,2005-03-01,5,0.8163,debil,fuerte
M05,2007-09-01,2007-11-01,2007-09-01,3,0.5142,debil,moderado
M05,2008-09-01,2009-01-01,2008-11-01,5,0.9568,debil,fuerte
M05,2010-07-01,2010-11-01,2010-08-01,5,1.1044,debil,fuerte
M05,2012-01-01,2013-05-01,2012-10-01,17,1.3323,debil,fuerte
M06,1900-02-01,1900-06-01,1900-02-01,5,1.2023,debil,fuerte
M06,1903-02-01,1903-09-01,1903-08-01,8,1.1836,debil,fuerte
M06,1905-12-01,1906-09-01,1906-07-01,10,1.2049,debil,fuerte
M06,1911-05-01,1912-06-01,1911-09-01,14,1.6712,moderado,extremo
M06,1915-03-01,1915-09-01,1915-06-01,7,1.2051,debil,fuerte
M06,1918-12-01,1919-07-01,1919-06-01,8,1.0910,debil,fuerte
M06,1921-10-01,1922-10-01,1922-06-01,13,0.9441,debil,fuerte
M06,1923-05-01,1923-09-01,1923-07-01,5,1.3550,moderado,fuerte
M06,1924-02-01,1924-08-01,1924-07-01,7,0.6766,debil,moderado
M06,1927-06-01,1928-06-01,1928-01-01,13,1.4193,moderado,fuerte
M06,1931-12-01,1933-12-01,1932-08-01,25,2.2737,fuerte,extremo
M06,1936-03-01,1936-05-01,1936-04-01,3,0.4594,debil,moderado
M06,1936-08-01,1937-08-01,1937-01-01,13,1.5657,moderado,fuerte
M06,1938-08-01,1939-08-01,1939-02-01,13,1.1531,debil,fuerte
M06,1941-12-01,1943-02-01,1942-07-01,15,0.9598,debil,fuerte
M06,1947-05-01,1948-09-01,1947-08-01,17,1.2915,debil,fuerte
M06,1953-01-01,1953-06-01,1953-02-01,6,0.7036,debil,moderado
M06,1954-06-01,1954-08-01,1954-07-01,3,0.5248,debil,moderado
M06,1955-03-01,1955-05-01,1955-04-01,3,0.5686,debil,moderado
M06,1957-01-01,1957-04-01,1957-02-01,4,0.7695,debil,moderado
M06,1959-05-01,1959-11-01,1959-08-01,7,1.4540,moderado,fuerte
M06,1960-03-01,1960-07-01,1960-05-01,5,0.9353,debil,fuerte
M06,1962-01-01,1962-05-01,1962-03-01,5,0.7219,debil,moderado
M06,1962-10-01,1963-12-01,1963-02-01,15,1.2404,debil,fuerte
M06,1964-04-01,1964-10-01,1964-07-01,7,1.3234,debil,fuerte
M06,1967-05-01,1968-05-01,1968-02-01,13,1.6890,moderado,extremo
M06,1970-07-01,1970-10-01,1970-08-01,4,0.9920,debil,fuerte
M06,1971-03-01,1971-09-01,1971-07-01,7,1.4509,moderado,fuerte
M06,1972-11-01,1973-07-01,1973-06-01,9,0.8669,debil,fuerte
M06,1975-10-01,1976-03-01,1976-01-01,6,0.8693,debil,fuerte
M06,1977-08-01,1978-08-01,1978-05-01,13,0.9481,debil,fuerte
M06,1980-01-01,1980-05-01,1980-02-01,5,0.6811,debil,moderado
M06,1981-07-01,1982-08-01,1981-12-01,14,2.1285,moderado,extremo
M06,1984-10-01,1985-07-01,1985-01-01,10,1.4037,moderado,fuerte
M06,1987-07-01,1988-08-01,1988-01-01,14,1.7807,moderado,extremo
M06,1992-05-01,1993-07-01,1992-08-01,15,1.6952,moderado,extremo
M06,1997-08-01,1998-06-01,1998-01-01,11,1.7185,moderado,extremo
M06,2001-05-01,2002-07-01,2001-08-01,15,2.2501,fuerte,extremo
M06,2004-01-01,2004-07-01,2004-05-01,7,0.8796,debil,fuerte
M06,2004-12-01,2005-06-01,2005-05-01,7,0.7098,debil,moderado
M06,2007-05-01,2008-07-01,2007-09-01,15,1.7637,moderado,extremo
M06,2011-01-01,2011-08-01,2011-06-01,8,0.7438,debil,moderado
M06,2012-04-01,2012-11-01,2012-08-01,8,1.0260,debil,fuerte
M06,2013-09-01,2014-09-01,2014-01-01,13,1.8425,moderado,extremo
M07,1900-06-01,1900-09-01,1900-08-01,4,0.5325,debil,moderado
M07,1901-06-01,1902-02-01,1901-11-01,9,0.8288,debil,moderado
M07,1903-07-01,1904-08-01,1904-01-01,14,2.5239,fuerte,extremo
M07,1905-08-01,1906-03-01,1906-01-01,8,1.2158,debil,fuerte
M07,1907-05-01,1908-02-01,1907-09-01,10,0.9484,debil,moderado
M07,1910-04-01,1911-04-01,1910-10-01,13,2.9340,fuerte,extremo
M07,1918-11-01,1919-07-01,1919-05-01,9,1.0816,debil,fuerte
M07,1921-07-01,1921-12-01,1921-09-01,6,0.9949,debil,moderado
M07,1923-07-01,1923-09-01,1923-08-01,3,0.7911,debil,moderado
M07,1924-09-01,1925-04-01,1924-11-01,8,0.8796,debil,moderado
M07,1927-08-01,1928-01-01,1927-09-01,6,0.7460,debil,moderado
M07,1928-05-01,1929-02-01,1928-07-01,10,1.3147,debil,fuerte
M07,1929-05-01,1930-05-01,1929-12-01,13,1.5958,moderado,fuerte
M07,1932-05-01,1932-12-01,1932-08-01,8,0.9658,debil,moderado
M07,1933-11-01,1934-02-01,1934-01-01,4,0.5824,debil,moderado
M07,1934-05-01,1935-10-01,1934-12-01,18,3.0902,fuerte,extremo
M07,1936-01-01,1936-04-01,1936-03-01,4,0.8213,debil,moderado
M07,1939-10-01,1940-07-01,1939-12-01,10,1.0894,debil,fuerte
M07,1942-07-01,1943-01-01,1942-09-01,7,0.8610,debil,moderado
M07,1945-05-01,1946-06-01,1945-09-01,14,1.9865,moderado,fuerte
M07,1949-05-01,1949-09-01,1949-06-01,5,1.0909,debil,fuerte
M07,1952-04-01,1953-07-01,1952-12-01,16,1.8161,moderado,fuerte
M07,1955-07-01,1956-12-01,1956-09-01,18,0.7796,debil,moderado
M07,1958-05-01,1959-07-01,1958-12-01,15,2.8325,fuerte,extremo
M07,1961-07-01,1961-10-01,1961-08-01,4,0.5278,debil,moderado
M07,1963-11-01,1965-01-01,1964-09-01,15,1.9638,moderado,fuerte
M07,1967-06-01,1967-12-01,1967-07-01,7,1.1032,debil,fuerte
M07,1970-05-01,1972-02-01,1971-05-01,22,2.0370,moderado,fuerte
M07,1976-06-01,1977-03-01,1976-10-01,10,1.3408,debil,fuerte
M07,1977-05-01,1977-07-01,1977-06-01,3,0.6604,debil,moderado
M07,1979-04-01,1979-06-01,1979-06-01,3,0.4889,debil,moderado
M07,1982-07-01,1983-07-01,1982-12-01,13,2.1870,fuerte,extremo
M07,1986-09-01,1987-04-01,1986-12-01,8,1.2865,debil,fuerte
M07,1987-09-01,1988-06-01,1988-05-01,10,1.0416,debil,moderado
M07,1990-04-01,1991-08-01,1991-05-01,17,2.4593,fuerte,extremo
M07,1993-04-01,1994-03-01,1993-09-01,12,2.8237,fuerte,extremo
M07,1996-06-01,1996-11-01,1996-07-01,6,0.8493,debil,moderado
M07,1997-08-01,1998-01-01,1997-09-01,6,0.5244,debil,moderado
M07,2000-06-01,2001-02-01,2000-09-01,9,1.6095,moderado,fuerte
M07,2001-09-01,2002-07-01,2002-05-01,11,1.3000,debil,fuerte
M07,2006-04-01,2007-08-01,2006-12-01,17,2.2520,fuerte,extremo
M07,2009-05-01,2010-04-01,2009-09-01,12,1.7484,moderado,fuerte
M07,2011-07-01,2013-07-01,2012-08-01,25,2.7629,fuerte,extremo
M08,1903-03-01,1904-07-01,1903-09-01,17,3.1076,fuerte,extremo
M08,1905-12-01,1906-04-01,1906-02-01,5,0.7613,debil,moderado
M08,1906-08-01,1907-01-01,1906-09-01,6,0.7148,debil,moderado
M08,1916-03-01,1916-06-01,1916-05-01,4,0.6755,debil,moderado
M08,1917-05-01,1918-01-01,1917-09-01,9,1.6352,moderado,fuerte
M08,1920-10-01,1921-02-01,1920-12-01,5,0.6537,debil,moderado
M08,1921-05-01,1922-02-01,1921-12-01,10,0.9821,debil,moderado
M08,1923-06-01,1924-06-01,1923-12-01,13,1.9162,moderado,fuerte
M08,1926-05-01,1926-08-01,1926-06-01,4,1.0904,debil,fuerte
M08,1927-05-01,1927-11-01,1927-08-01,7,0.8973,debil,moderado
M08,1930-05-01,1931-03-01,1930-09-01,11,0.9216,debil,moderado
M08,1931-06-01,1931-08-01,1931-07-01,3,0.5480,debil,moderado
M08,1934-12-01,1936-07-01,1935-12-01,20,4.0492,extraordinario,extremo
M08,1938-09-01,1939-04-01,1939-03-01,8,0.8632,debil,moderado
M08,1942-05-01,1942-09-01,1942-07-01,5,0.9559,debil,moderado
M08,1943-06-01,1944-05-01,1943-09-01,12,1.1927,debil,fuerte
M08,1949-02-01,1950-01-01,1949-07-01,12,1.7501,moderado,fuerte
M08,1951-05-01,1952-09-01,1951-12-01,17,2.7921,fuerte,extremo
M08,1954-12-01,1955-02-01,1955-01-01,3,0.5528,debil,moderado
M08,1955-08-01,1956-02-01,1955-12-01,7,1.0449,debil,fuerte
M08,1956-11-01,1957-05-01,1957-02-01,7,0.8239,debil,moderado
M08,1960-05-01,1960-10-01,1960-06-01,6,0.8988,debil,moderado
M08,1963-03-01,1964-08-01,1963-12-01,18,2.2210,fuerte,extremo
M08,1967-07-01,1967-12-01,1967-09-01,6,0.4838,debil,moderado
M08,1972-06-01,1973-08-01,1973-01-01,15,1.9511,moderado,fuerte
M08,1975-05-01,1975-10-01,1975-07-01,6,0.7316,debil,moderado
M08,1976-02-01,1976-09-01,1976-04-01,8,0.4806,debil,moderado
M08,1977-05-01,1978-08-01,1977-11-01,16,1.1389,debil,fuerte
M08,1978-10-01,1979-01-01,1978-12-01,4,0.7869,debil,moderado
M08,1980-05-01,1982-03-01,1981-01-01,23,1.6172,moderado,fuerte
M08,1983-08-01,1985-01-01,1984-06-01,18,2.0325,moderado,extremo
M08,1988-05-01,1989-02-01,1988-09-01,10,2.0153,moderado,extremo
M08,1991-05-01,1991-07-01,1991-06-01,3,0.8737,debil,moderado
M08,1992-05-01,1993-03-01,1992-09-01,11,2.1322,moderado,extremo
M08,1996-06-01,1996-08-01,1996-08-01,3,0.5562,debil,moderado
M08,1999-12-01,2001-12-01,2000-12-01,25,1.2729,debil,fuerte
M08,2003-03-01,2004-02-01,2003-09-01,12,1.2080,debil,fuerte
M08,2006-05-01,2008-05-01,2007-07-01,25,2.2512,fuerte,extremo
M08,2009-04-01,2009-10-01,2009-07-01,7,1.0684,debil,fuerte
M08,2011-03-01,2012-02-01,2011-08-01,12,1.3110,debil,fuerte
M08,2014-04-01,2014-11-01,2014-11-01,8,1.0907,debil,fuerte
M09,1900-05-01,1902-02-01,1900-07-01,22,1.0129,debil,fuerte
M09,1905-04-01,1905-08-01,1905-06-01,5,1.1125,debil,fuerte
M09,1907-04-01,1907-07-01,1907-05-01,4,1.1488,debil,fuerte
M09,1909-04-01,1910-12-01,1909-11-01,21,1.6836,moderado,extremo
M09,1914-03-01,1914-05-01,1914-04-01,3,0.5312,debil,moderado
M09,1916-04-01,1916-12-01,1916-06-01,9,1.2716,debil,fuerte
M09,1920-03-01,1920-05-01,1920-05-01,3,0.5216,debil,moderado
M09,1920-12-01,1922-03-01,1921-06-01,16,1.6865,moderado,extremo
M09,1925-05-01,1925-08-01,1925-06-01,4,0.9747,debil,fuerte
M09,1926-04-01,1926-08-01,1926-06-01,5,1.1638,debil,fuerte
M09,1927-02-01,1928-01-01,1927-06-01,12,1.6933,moderado,extremo
M09,1928-10-01,1929-10-01,1929-04-01,13,0.9788,debil,fuerte
M09,1929-12-01,1930-02-01,1930-02-01,3,0.5081,debil,moderado
M09,1934-08-01,1935-01-01,1934-12-01,6,0.8133,debil,fuerte
M09,1936-05-01,1936-11-01,1936-06-01,7,1.3511,moderado,fuerte
M09,1941-03-01,1941-10-01,1941-06-01,8,1.0673,debil,fuerte
M09,1947-04-01,1947-12-01,1947-06-01,9,1.7455,moderado,extremo
M09,1948-03-01,1948-09-01,1948-05-01,7,1.1077,debil,fuerte
M09,1950-03-01,1953-04-01,1951-06-01,38,1.7421,moderado,extremo
M09,1955-03-01,1956-01-01,1955-05-01,11,1.5595,moderado,extremo
M09,1956-04-01,1957-02-01,1956-12-01,11,0.8889,debil,fuerte
M09,1962-06-01,1962-09-01,1962-07-01,4,0.8575,debil,fuerte
M09,1964-04-01,1965-02-01,1964-12-01,11,1.4421,moderado,fuerte
M09,1970-04-01,1972-03-01,1971-05-01,24,2.1349,moderado,extremo
M09,1978-04-01,1978-07-01,1978-05-01,4,0.8387,debil,fuerte
M09,1979-03-01,1979-12-01,1979-06-01,10,2.0033,moderado,extremo
M09,1980-06-01,1981-01-01,1980-07-01,8,1.2421,debil,fuerte
M09,1981-04-01,1981-06-01,1981-05-01,3,0.5962,debil,moderado
M09,1982-07-01,1982-12-01,1982-08-01,6,0.7758,debil,moderado
M09,1983-04-01,1984-10-01,1983-12-01,19,1.3296,debil,fuerte
M09,1987-03-01,1987-12-01,1987-06-01,10,0.9972,debil,fuerte
M09,1990-02-01,1991-09-01,1990-12-01,20,1.5430,moderado,extremo
M09,1997-05-01,1997-07-01,1997-06-01,3,0.8102,debil,fuerte
M09,2001-06-01,2001-11-01,2001-06-01,6,0.7128,debil,moderado
M09,2002-04-01,2003-02-01,2002-07-01,11,1.9953,moderado,extremo
M09,2006-03-01,2006-06-01,2006-04-01,4,0.7808,debil,moderado
M09,2007-04-01,2007-12-01,2007-07-01,9,1.8812,moderado,extremo
M09,2008-06-01,2008-10-01,2008-08-01,5,1.0863,debil,fuerte
M09,2010-03-01,2010-10-01,2010-05-01,8,0.8335,debil,fuerte
M09,2012-01-01,2013-02-01,2012-08-01,14,1.6811,moderado,extremo
M10,1901-08-01,1902-01-01,1901-10-01,6,0.5918,debil,moderado
M10,1902-04-01,1902-09-01,1902-06-01,6,0.9639,debil,fuerte
M10,1906-03-01,1906-10-01,1906-05-01,8,1.0407,debil,fuerte
M10,1911-11-01,1913-07-01,1912-08-01,21,2.4656,fuerte,extremo
M10,1914-03-01,1914-06-01,1914-05-01,4,0.6129,debil,moderado
M10,1919-03-01,1919-08-01,1919-05-01,6,1.0333,debil,fuerte
M10,1920-04-01,1921-01-01,1920-10-01,10,0.9922,debil,fuerte
M10,1921-06-01,1922-01-01,1921-06-01,8,0.5859,debil,moderado
M10,1927-03-01,1927-12-01,1927-07-01,10,1.2745,debil,fuerte
M10,1931-02-01,1932-10-01,1932-05-01,21,3.9918,extraordinario,extremo
M10,1933-02-01,1933-04-01,1933-03-01,3,0.8818,debil,fuerte
M10,1935-06-01,1936-02-01,1935-08-01,9,1.0435,debil,fuerte
M10,1939-07-01,1940-01-01,1939-11-01,7,1.1028,debil,fuerte
M10,1940-06-01,1941-05-01,1940-12-01,12,1.0800,debil,fuerte
M10,1944-03-01,1944-06-01,1944-04-01,4,1.0831,debil,fuerte
M10,1946-04-01,1947-01-01,1946-08-01,10,1.3062,debil,fuerte
M10,1949-05-01,1949-08-01,1949-07-01,4,0.6308,debil,moderado
M10,1951-03-01,1951-11-01,1951-05-01,9,0.7058,debil,moderado
M10,1952-02-01,1952-08-01,1952-07-01,7,0.6177,debil,moderado
M10,1957-03-01,1957-11-01,1957-07-01,9,0.7038,debil,moderado
M10,1960-03-01,1960-05-01,1960-04-01,3,0.6286,debil,moderado
M10,1961-06-01,1963-02-01,1962-06-01,21,1.4445,moderado,fuerte
M10,1966-02-01,1967-01-01,1966-05-01,12,0.9760,debil,fuerte
M10,1967-05-01,1968-02-01,1967-07-01,10,1.8035,moderado,extremo
M10,1971-04-01,1971-06-01,1971-04-01,3,0.5932,debil,moderado
M10,1972-03-01,1973-12-01,1972-06-01,22,2.0814,moderado,extremo
M10,1978-04-01,1978-10-01,1978-05-01,7,0.9232,debil,fuerte
M10,1979-06-01,1979-09-01,1979-07-01,4,0.5499,debil,moderado
M10,1983-07-01,1984-01-01,1983-09-01,7,1.0850,debil,fuerte
M10,1986-01-01,1986-08-01,1986-04-01,8,1.2921,debil,fuerte
M10,1989-04-01,1990-12-01,1989-06-01,21,1.8510,moderado,extremo
M10,1991-09-01,1992-09-01,1992-04-01,13,1.0153,debil,fuerte
M10,1997-05-01,1997-11-01,1997-07-01,7,0.9524,debil,fuerte
M10,2001-04-01,2002-08-01,2001-08-01,17,1.8131,moderado,extremo
M10,2005-07-01,2005-09-01,2005-08-01,3,0.6250,debil,moderado
M10,2006-02-01,2006-12-01,2006-06-01,11,1.2814,debil,fuerte
M10,2007-05-01,2008-06-01,2007-07-01,14,1.7569,moderado,extremo
M10,2010-04-01,2010-12-01,2010-06-01,9,1.1329,debil,fuerte
M10,2011-04-01,2012-02-01,2011-09-01,11,1.6805,moderado,extremo
M10,2012-06-01,2013-02-01,2012-10-01,9,0.6078,debil,moderado
M11,1900-03-01,1901-07-01,1901-05-01,17,1.6060,moderado,extremo
M11,1903-05-01,1903-11-01,1903-07-01,7,0.9006,debil,fuerte
M11,1907-04-01,1907-08-01,1907-06-01,5,1.2042,debil,fuerte
M11,1910-06-01,1910-10-01,1910-07-01,5,0.6728,debil,moderado
M11,1916-05-01,1917-08-01,1917-05-01,16,2.0870,moderado,extremo
M11,1919-07-01,1919-09-01,1919-09-01,3,0.4894,debil,moderado
M11,1922-04-01,1922-09-01,1922-06-01,6,1.2656,debil,fuerte
M11,1924-07-01,1924-10-01,1924-08-01,4,0.8434,debil,fuerte
M11,1926-12-01,1927-02-01,1927-02-01,3,0.4651,debil,moderado
M11,1928-06-01,1928-11-01,1928-08-01,6,1.2720,debil,fuerte
M11,1929-06-01,1929-11-01,1929-09-01,6,0.9186,debil,fuerte
M11,1934-02-01,1934-06-01,1934-04-01,5,0.9706,debil,fuerte
M11,1935-03-01,1935-06-01,1935-05-01,4,0.9818,debil,fuerte
M11,1938-03-01,1938-05-01,1938-04-01,3,0.5050,debil,moderado
M11,1939-04-01,1939-06-01,1939-05-01,3,0.7404,debil,fuerte
M11,1941-07-01,1942-01-01,1941-08-01,7,1.1896,debil,fuerte
M11,1942-04-01,1942-10-01,1942-06-01,7,1.1864,debil,fuerte
M11,1945-04-01,1945-10-01,1945-06-01,7,0.7486,debil,fuerte
M11,1948-10-01,1949-06-01,1949-05-01,9,1.2515,debil,fuerte
M11,1951-08-01,1952-04-01,1951-12-01,9,0.6846,debil,moderado
M11,1955-03-01,1955-08-01,1955-06-01,6,0.6967,debil,moderado
M11,1957-04-01,1958-09-01,1958-07-01,18,2.7360,fuerte,extremo
M11,1960-04-01,1960-12-01,1960-07-01,9,2.5211,fuerte,extremo
M11,1961-02-01,1961-11-01,1961-09-01,10,0.7831,debil,fuerte
M11,1963-08-01,1964-11-01,1964-06-01,16,1.4406,moderado,extremo
M11,1968-06-01,1968-11-01,1968-08-01,6,1.3398,debil,fuerte
M11,1971-03-01,1971-08-01,1971-06-01,6,1.5643,moderado,extremo
M11,1974-10-01,1975-08-01,1975-06-01,11,2.0193,moderado,extremo
M11,1977-04-01,1977-11-01,1977-08-01,8,1.0112,debil,fuerte
M11,1979-09-01,1980-09-01,1980-07-01,13,1.1497,debil,fuerte
M11,1986-05-01,1986-10-01,1986-09-01,6,0.7713,debil,fuerte
M11,1987-03-01,1987-05-01,1987-05-01,3,0.6314,debil,moderado
M11,1987-09-01,1987-12-01,1987-11-01,4,0.6997,debil,moderado
M11,1989-09-01,1990-01-01,1989-11-01,5,0.9115,debil,fuerte
M11,1990-03-01,1990-07-01,1990-06-01,5,0.8455,debil,fuerte
M11,1992-09-01,1993-08-01,1993-07-01,12,1.1294,debil,fuerte
M11,1994-12-01,1995-06-01,1995-04-01,7,0.9262,debil,fuerte
M11,1997-03-01,1997-09-01,1997-08-01,7,0.7580,debil,fuerte
M11,2000-06-01,2001-09-01,2001-06-01,16,2.7526,fuerte,extremo
M11,2003-07-01,2003-11-01,2003-09-01,5,1.0013,debil,fuerte
M11,2006-06-01,2007-08-01,2007-05-01,15,2.2126,fuerte,extremo
M11,2009-09-01,2010-07-01,2010-06-01,11,0.6622,debil,moderado
M11,2011-09-01,2012-11-01,2012-09-01,15,0.9796,debil,fuerte
M12,1900-03-01,1900-05-01,1900-05-01,3,0.5341,debil,moderado
M12,1902-02-01,1902-08-01,1902-04-01,7,1.0209,debil,fuerte
M12,1904-09-01,1905-02-01,1904-12-01,6,0.9398,debil,fuerte
M12,1905-07-01,1906-01-01,1905-11-01,7,1.7065,moderado,extremo
M12,1906-04-01,1906-06-01,1906-06-01,3,0.6169,debil,fuerte
M12,1912-04-01,1912-08-01,1912-06-01,5,1.1405,debil,extremo
M12,1914-07-01,1914-11-01,1914-11-01,5,0.5904,debil,fuerte
M12,1916-04-01,1916-11-01,1916-06-01,8,1.0770,debil,fuerte
M12,1918-12-01,1920-03-01,1919-07-01,16,1.2312,debil,extremo
M12,1922-11-01,1923-02-01,1923-01-01,4,0.6153,debil,fuerte
M12,1924-07-01,1924-12-01,1924-10-01,6,0.6600,debil,fuerte
M12,1925-02-01,1925-10-01,1925-07-01,9,0.7569,debil,fuerte
M12,1928-04-01,1929-12-01,1929-05-01,21,1.4721,moderado,extremo
M12,1936-04-01,1937-01-01,1936-06-01,10,1.6829,moderado,extremo
M12,1939-03-01,1940-02-01,1939-06-01,12,0.9469,debil,fuerte
M12,1944-01-01,1944-10-01,1944-07-01,10,1.1577,debil,extremo
M12,1950-06-01,1950-08-01,1950-07-01,3,0.6743,debil,fuerte
M12,1950-11-01,1951-01-01,1950-12-01,3,0.8705,debil,fuerte
M12,1952-11-01,1953-01-01,1952-12-01,3,0.7296,debil,fuerte
M12,1955-03-01,1955-07-01,1955-06-01,5,1.0424,debil,fuerte
M12,1958-11-01,1959-08-01,1958-12-01,10,1.4320,moderado,extremo
M12,1960-08-01,1961-01-01,1960-10-01,6,1.0597,debil,fuerte
M12,1963-09-01,1964-02-01,1963-11-01,6,0.7500,debil,fuerte
M12,1966-04-01,1966-12-01,1966-07-01,9,1.0350,debil,fuerte
M12,1968-09-01,1969-01-01,1968-11-01,5,1.4495,moderado,extremo
M12,1971-10-01,1972-01-01,1971-12-01,4,0.7008,debil,fuerte
M12,1974-04-01,1974-06-01,1974-05-01,3,0.7041,debil,fuerte
M12,1974-09-01,1975-08-01,1975-06-01,12,1.3672,moderado,extremo
M12,1977-08-01,1978-05-01,1977-11-01,10,0.8678,debil,fuerte
M12,1980-04-01,1980-06-01,1980-05-01,3,0.7130,debil,fuerte
M12,1981-09-01,1982-02-01,1981-11-01,6,1.5248,moderado,extremo
M12,1982-05-01,1982-07-01,1982-06-01,3,0.6491,debil,fuerte
M12,1984-10-01,1985-01-01,1984-11-01,4,0.7407,debil,fuerte
M12,1988-09-01,1988-12-01,1988-11-01,4,0.5345,debil,moderado
M12,1992-12-01,1993-08-01,1993-06-01,9,1.3017,debil,extremo
M12,1994-10-01,1994-12-01,1994-11-01,3,0.7238,debil,fuerte
M12,1996-07-01,1997-01-01,1996-10-01,7,1.0060,debil,fuerte
M12,2002-12-01,2003-08-01,2003-06-01,9,0.8900,debil,fuerte
M12,2005-01-01,2005-06-01,2005-05-01,6,0.6854,debil,fuerte
M12,2007-09-01,2007-12-01,2007-11-01,4,1.0542,debil,fuerte
M12,2009-06-01,2010-09-01,2010-06-01,16,1.6821,moderado,extremo
M12,2011-03-01,2012-05-01,2011-05-01,15,0.9982,debil,fuerte
M12,2012-10-01,2013-01-01,2012-11-01,4,1.0614,debil,fuerte
M13,1900-08-01,1900-12-01,1900-09-01,5,0.7351,debil,fuerte
M13,1901-02-01,1901-04-01,1901-03-01,3,0.5989,debil,moderado
M13,1903-05-01,1904-10-01,1904-07-01,18,2.3259,fuerte,extremo
M13,1906-08-01,1907-08-01,1907-06-01,13,2.2836,fuerte,extremo
M13,1908-06-01,1908-08-01,1908-07-01,3,0.6416,debil,moderado
M13,1908-12-01,1909-03-01,1908-12-01,4,0.5467,debil,moderado
M13,1911-03-01,1912-03-01,1911-06-01,13,1.2568,debil,fuerte
M13,1912-05-01,1912-07-01,1912-06-01,3,0.5509,debil,moderado
M13,1914-04-01,1914-06-01,1914-05-01,3,0.7330,debil,fuerte
M13,1915-03-01,1915-06-01,1915-06-01,4,0.7793,debil,fuerte
M13,1916-06-01,1917-01-01,1916-08-01,8,1.3396,debil,fuerte
M13,1918-11-01,1919-01-01,1918-12-01,3,0.4670,debil,moderado
M13,1919-03-01,1919-09-01,1919-06-01,7,0.9479,debil,fuerte
M13,1921-02-01,1921-05-01,1921-04-01,4,0.6276,debil,moderado
M13,1928-02-01,1928-06-01,1928-05-01,5,1.1549,debil,fuerte
M13,1933-06-01,1933-11-01,1933-09-01,6,1.1624,debil,fuerte
M13,1936-07-01,1936-09-01,1936-07-01,3,0.7363,debil,fuerte
M13,1937-06-01,1938-09-01,1938-07-01,16,1.3680,moderado,extremo
M13,1940-09-01,1940-12-01,1940-11-01,4,0.9060,debil,fuerte
M13,1942-02-01,1942-04-01,1942-04-01,3,0.6950,debil,fuerte
M13,1943-06-01,1944-01-01,1943-09-01,8,1.5903,moderado,extremo
M13,1944-03-01,1944-07-01,1944-04-01,5,0.7733,debil,fuerte
M13,1947-02-01,1947-11-01,1947-07-01,10,1.2195,debil,fuerte
M13,1954-12-01,1955-07-01,1955-06-01,8,1.9620,moderado,extremo
M13,1957-09-01,1957-11-01,1957-10-01,3,0.6323,debil,moderado
M13,1962-03-01,1962-09-01,1962-06-01,7,0.8741,debil,fuerte
M13,1966-02-01,1967-08-01,1967-06-01,19,1.4602,moderado,extremo
M13,1968-07-01,1969-08-01,1969-06-01,14,2.0953,moderado,extremo
M13,1970-09-01,1971-02-01,1970-12-01,6,0.7701,debil,fuerte
M13,1975-07-01,1975-10-01,1975-08-01,4,1.1351,debil,fuerte
M13,1977-07-01,1977-09-01,1977-08-01,3,0.9607,debil,fuerte
M13,1980-04-01,1980-11-01,1980-06-01,8,1.7131,moderado,extremo
M13,1983-09-01,1984-06-01,1983-10-01,10,0.9558,debil,fuerte
M13,1985-11-01,1986-02-01,1985-12-01,4,0.5819,debil,moderado
M13,1989-12-01,1990-05-01,1990-04-01,6,0.7587,debil,fuerte
M13,1991-01-01,1991-11-01,1991-05-01,11,1.1951,debil,fuerte
M13,1992-04-01,1992-11-01,1992-06-01,8,1.3960,moderado,extremo
M13,1995-07-01,1995-11-01,1995-08-01,5,0.7039,debil,fuerte
M13,1996-04-01,1996-08-01,1996-07-01,5,0.4943,debil,moderado
M13,1999-10-01,1999-12-01,1999-10-01,3,0.5948,debil,moderado
M13,2000-03-01,2000-09-01,2000-06-01,7,1.2154,debil,fuerte
M13,2002-07-01,2002-09-01,2002-08-01,3,0.5339,debil,moderado
M13,2003-07-01,2003-10-01,2003-08-01,4,0.9007,debil,fuerte
M13,2004-03-01,2004-06-01,2004-05-01,4,0.8507,debil,fuerte
M13,2006-10-01,2006-12-01,2006-11-01,3,0.6449,debil,moderado
M13,2007-11-01,2008-01-01,2007-12-01,3,0.6746,debil,moderado
M13,2010-01-01,2011-01-01,2010-09-01,13,1.1993,debil,fuerte
M14,1903-05-01,1903-08-01,1903-07-01,4,1.0542,debil,fuerte
M14,1907-05-01,1907-09-01,1907-06-01,5,0.8912,debil,fuerte
M14,1909-07-01,1909-09-01,1909-08-01,3,0.4887,debil,moderado
M14,1910-05-01,1910-09-01,1910-07-01,5,0.5176,debil,moderado
M14,1911-03-01,1912-03-01,1911-10-01,13,1.3644,moderado,extremo
M14,1914-05-01,1914-08-01,1914-06-01,4,1.1449,debil,fuerte
M14,1916-09-01,1917-09-01,1917-06-01,13,0.8896,debil,fuerte
M14,1923-04-01,1924-08-01,1923-09-01,17,1.7966,moderado,extremo
M14,1925-06-01,1925-09-01,1925-07-01,4,0.7901,debil,fuerte
M14,1928-03-01,1929-01-01,1928-09-01,11,1.7591,moderado,extremo
M14,1930-08-01,1930-12-01,1930-12-01,5,0.5494,debil,moderado
M14,1932-08-01,1932-11-01,1932-10-01,4,0.6318,debil,moderado
M14,1940-03-01,1940-08-01,1940-05-01,6,0.7073,debil,fuerte
M14,1943-06-01,1944-01-01,1943-09-01,8,1.4181,moderado,extremo
M14,1945-12-01,1946-11-01,1946-06-01,12,0.8054,debil,fuerte
M14,1948-04-01,1949-06-01,1948-08-01,15,1.9704,moderado,extremo
M14,1949-09-01,1949-11-01,1949-10-01,3,0.6588,debil,moderado
M14,1951-03-01,1952-01-01,1951-09-01,11,1.0894,debil,fuerte
M14,1955-05-01,1955-11-01,1955-09-01,7,0.9076,debil,fuerte
M14,1956-08-01,1957-05-01,1956-12-01,10,0.5246,debil,moderado
M14,1959-08-01,1959-10-01,1959-09-01,3,0.5902,debil,moderado
M14,1960-03-01,1960-08-01,1960-06-01,6,1.1595,debil,fuerte
M14,1964-05-01,1964-11-01,1964-07-01,7,0.9515,debil,fuerte
M14,1965-09-01,1966-06-01,1965-12-01,10,1.0081,debil,fuerte
M14,1973-03-01,1974-06-01,1973-07-01,16,1.4132,moderado,extremo
M14,1974-09-01,1974-12-01,1974-11-01,4,0.7679,debil,fuerte
M14,1976-05-01,1977-03-01,1976-08-01,11,0.9365,debil,fuerte
M14,1977-10-01,1978-03-01,1977-11-01,6,0.5427,debil,moderado
M14,1980-04-01,1980-11-01,1980-07-01,8,2.2222,fuerte,extremo
M14,1981-08-01,1982-08-01,1981-10-01,13,1.2986,debil,fuerte
M14,1987-05-01,1987-08-01,1987-07-01,4,1.1391,debil,fuerte
M14,1988-04-01,1988-09-01,1988-07-01,6,0.9386,debil,fuerte
M14,1997-03-01,1997-10-01,1997-07-01,8,1.2905,debil,fuerte
M14,2002-08-01,2002-10-01,2002-09-01,3,0.5178,debil,moderado
M14,2004-05-01,2004-11-01,2004-07-01,7,1.6373,moderado,extremo
M14,2007-04-01,2007-08-01,2007-06-01,5,1.2189,debil,fuerte
M14,2008-12-01,2011-04-01,2010-06-01,29,2.7420,fuerte,extremo
M14,2012-10-01,2014-09-01,2013-07-01,24,1.8019,moderado,extremo
M15,1902-07-01,1902-11-01,1902-10-01,5,0.5598,debil,moderado
M15,1906-04-01,1906-08-01,1906-06-01,5,1.1952,debil,extremo
M15,1908-07-01,1908-10-01,1908-08-01,4,0.5599,debil,moderado
M15,1910-01-01,1910-08-01,1910-05-01,8,1.1617,debil,extremo
M15,1911-05-01,1912-07-01,1911-10-01,15,1.4159,moderado,extremo
M15,1916-09-01,1917-11-01,1916-10-01,15,0.9058,debil,fuerte
M15,1918-01-01,1918-04-01,1918-03-01,4,0.6947,debil,fuerte
M15,1920-04-01,1920-08-01,1920-06-01,5,0.8649,debil,fuerte
M15,1922-05-01,1922-09-01,1922-06-01,5,1.1685,debil,extremo
M15,1928-04-01,1928-09-01,1928-06-01,6,1.4562,moderado,extremo
M15,1933-06-01,1933-10-01,1933-07-01,5,1.0168,debil,fuerte
M15,1934-07-01,1935-01-01,1934-12-01,7,0.5487,debil,moderado
M15,1937-04-01,1937-11-01,1937-06-01,8,1.8430,moderado,extremo
M15,1940-08-01,1940-12-01,1940-10-01,5,0.6878,debil,fuerte
M15,1943-02-01,1943-05-01,1943-04-01,4,0.5166,debil,moderado
M15,1943-10-01,1944-01-01,1943-11-01,4,0.7010,debil,fuerte
M15,1945-06-01,1945-10-01,1945-07-01,5,0.5972,debil,fuerte
M15,1951-04-01,1952-07-01,1951-08-01,16,1.8259,moderado,extremo
M15,1956-07-01,1956-11-01,1956-09-01,5,0.8183,debil,fuerte
M15,1958-05-01,1958-09-01,1958-07-01,5,1.0443,debil,fuerte
M15,1958-11-01,1959-01-01,1958-12-01,3,0.4771,debil,moderado
M15,1959-04-01,1959-06-01,1959-05-01,3,0.5465,debil,moderado
M15,1962-04-01,1962-10-01,1962-08-01,7,0.9452,debil,fuerte
M15,1968-04-01,1968-07-01,1968-05-01,4,0.8951,debil,fuerte
M15,1969-01-01,1969-03-01,1969-03-01,3,0.4263,debil,moderado
M15,1972-02-01,1972-06-01,1972-05-01,5,0.7376,debil,fuerte
M15,1973-08-01,1974-02-01,1973-10-01,7,0.8117,debil,fuerte
M15,1975-03-01,1975-09-01,1975-06-01,7,1.4729,moderado,extremo
M15,1979-06-01,1980-09-01,1980-06-01,16,1.8502,moderado,extremo
M15,1981-10-01,1982-05-01,1981-12-01,8,0.8450,debil,fuerte
M15,1983-12-01,1984-04-01,1984-03-01,5,0.6097,debil,fuerte
M15,1985-03-01,1985-07-01,1985-06-01,5,0.6493,debil,fuerte
M15,1988-08-01,1989-07-01,1989-01-01,12,0.8568,debil,fuerte
M15,1990-07-01,1990-10-01,1990-09-01,4,0.9323,debil,fuerte
M15,1991-01-01,1991-08-01,1991-06-01,8,1.1639,debil,extremo
M15,1995-05-01,1995-12-01,1995-07-01,8,1.0437,debil,fuerte
M15,2000-12-01,2001-12-01,2001-06-01,13,1.8783,moderado,extremo
M15,2003-06-01,2003-08-01,2003-07-01,3,0.5601,debil,moderado
M15,2005-07-01,2005-09-01,2005-08-01,3,0.4681,debil,moderado
M15,2006-03-01,2006-11-01,2006-07-01,9,0.6540,debil,fuerte
M15,2009-06-01,2009-12-01,2009-07-01,7,0.8278,debil,fuerte
M15,2010-03-01,2010-09-01,2010-06-01,7,1.4833,moderado,extremo
M15,2011-02-01,2011-08-01,2011-06-01,7,1.2882,debil,extremo
M15,2013-06-01,2014-01-01,2013-08-01,8,0.9206,debil,fuerte
M15,2014-04-01,2014-10-01,2014-07-01,7,1.3317,debil,extremo
M16,1900-12-01,1901-02-01,1900-12-01,3,0.5268,debil,moderado
M16,1901-04-01,1901-08-01,1901-06-01,5,1.6250,moderado,extremo
M16,1903-06-01,1904-03-01,1903-07-01,10,1.5661,moderado,extremo
M16,1907-05-01,1908-02-01,1907-08-01,10,0.8503,debil,fuerte
M16,1909-05-01,1909-07-01,1909-06-01,3,0.7014,debil,fuerte
M16,1910-09-01,1911-08-01,1911-06-01,12,1.1303,debil,fuerte
M16,1914-04-01,1915-03-01,1914-07-01,12,1.4554,moderado,extremo
M16,1917-03-01,1918-04-01,1917-06-01,14,1.0776,debil,fuerte
M16,1923-05-01,1924-01-01,1923-06-01,9,1.1192,debil,fuerte
M16,1928-04-01,1928-09-01,1928-06-01,6,0.8603,debil,fuerte
M16,1931-11-01,1932-06-01,1932-05-01,8,0.8830,debil,fuerte
M16,1934-07-01,1934-10-01,1934-08-01,4,0.7640,debil,fuerte
M16,1935-03-01,1935-07-01,1935-05-01,5,0.8649,debil,fuerte
M16,1937-04-01,1937-12-01,1937-07-01,9,0.9830,debil,fuerte
M16,1942-04-01,1942-09-01,1942-06-01,6,1.3393,debil,extremo
M16,1945-05-01,1945-07-01,1945-06-01,3,1.2463,debil,extremo
M16,1947-05-01,1948-07-01,1947-07-01,15,1.3810,moderado,extremo
M16,1951-01-01,1951-03-01,1951-03-01,3,0.5344,debil,moderado
M16,1954-05-01,1954-12-01,1954-06-01,8,0.9250,debil,fuerte
M16,1957-05-01,1957-09-01,1957-06-01,5,0.9286,debil,fuerte
M16,1958-10-01,1959-01-01,1958-10-01,4,0.5975,debil,moderado
M16,1961-04-01,1962-01-01,1961-07-01,10,2.1862,fuerte,extremo
M16,1964-06-01,1964-11-01,1964-07-01,6,0.9817,debil,fuerte
M16,1970-04-01,1970-06-01,1970-05-01,3,1.0464,debil,fuerte
M16,1970-09-01,1971-02-01,1970-11-01,6,0.7286,debil,fuerte
M16,1973-09-01,1974-09-01,1974-05-01,13,1.3468,debil,extremo
M16,1975-06-01,1975-08-01,1975-07-01,3,0.8224,debil,fuerte
M16,1981-05-01,1981-08-01,1981-06-01,4,0.7445,debil,fuerte
M16,1984-10-01,1985-12-01,1985-05-01,15,1.3339,debil,extremo
M16,1989-01-01,1990-05-01,1989-06-01,17,2.1564,fuerte,extremo
M16,1995-04-01,1995-06-01,1995-05-01,3,0.6088,debil,moderado
M16,1996-01-01,1996-11-01,1996-06-01,11,1.8688,moderado,extremo
M16,2000-07-01,2002-06-01,2001-01-01,24,1.0805,debil,fuerte
M16,2006-07-01,2006-10-01,2006-09-01,4,0.5943,debil,moderado
M16,2007-06-01,2008-07-01,2007-09-01,14,1.3268,debil,extremo
M16,2011-07-01,2012-05-01,2012-04-01,11,0.6848,debil,fuerte
M16,2014-04-01,2014-10-01,2014-07-01,7,2.1886,fuerte,extremo
M17,1900-02-01,1900-05-01,1900-04-01,4,0.6338,debil,moderado
M17,1903-10-01,1904-01-01,1903-11-01,4,0.8634,debil,fuerte
M17,1906-05-01,1907-07-01,1907-05-01,15,1.4119,moderado,extremo
M17,1912-10-01,1913-01-01,1912-11-01,4,0.6476,debil,moderado
M17,1913-06-01,1913-08-01,1913-06-01,3,0.4636,debil,moderado
M17,1913-11-01,1914-01-01,1913-12-01,3,0.4568,debil,moderado
M17,1916-08-01,1916-12-01,1916-09-01,5,0.8640,debil,fuerte
M17,1917-04-01,1917-06-01,1917-04-01,3,0.5661,debil,moderado
M17,1917-12-01,1918-04-01,1918-01-01,5,0.5915,debil,moderado
M17,1919-05-01,1920-07-01,1919-11-01,15,2.3561,fuerte,extremo
M17,1923-12-01,1924-12-01,1924-09-01,13,0.9081,debil,fuerte
M17,1928-09-01,1929-05-01,1928-12-01,9,1.6437,moderado,extremo
M17,1935-04-01,1935-07-01,1935-05-01,4,1.1839,debil,fuerte
M17,1936-03-01,1936-06-01,1936-05-01,4,0.9646,debil,fuerte
M17,1936-11-01,1937-03-01,1937-01-01,5,0.9843,debil,fuerte
M17,1938-08-01,1939-06-01,1938-12-01,11,0.8806,debil,fuerte
M17,1944-07-01,1945-02-01,1944-09-01,8,1.3232,debil,fuerte
M17,1947-05-01,1948-01-01,1947-07-01,9,1.3542,moderado,fuerte
M17,1953-01-01,1954-07-01,1953-12-01,19,2.1408,moderado,extremo
M17,1957-01-01,1959-01-01,1957-06-01,25,1.9071,moderado,extremo
M17,1960-08-01,1960-11-01,1960-09-01,4,1.0637,debil,fuerte
M17,1962-05-01,1962-09-01,1962-06-01,5,1.4346,moderado,extremo
M17,1964-08-01,1965-06-01,1964-12-01,11,1.3769,moderado,fuerte
M17,1973-07-01,1974-06-01,1973-11-01,12,2.0989,moderado,extremo
M17,1976-09-01,1977-12-01,1977-06-01,16,2.4952,fuerte,extremo
M17,1980-12-01,1981-08-01,1981-06-01,9,0.9038,debil,fuerte
M17,1984-11-01,1985-01-01,1984-12-01,3,0.6963,debil,moderado
M17,1986-07-01,1987-08-01,1987-05-01,14,1.5826,moderado,extremo
M17,1989-07-01,1991-04-01,1990-06-01,22,1.6405,moderado,extremo
M17,1992-08-01,1993-08-01,1992-12-01,13,1.4336,moderado,extremo
M17,1997-05-01,1998-01-01,1997-06-01,9,0.6258,debil,moderado
M17,1998-05-01,1998-10-01,1998-07-01,6,0.7786,debil,fuerte
M17,2000-06-01,2000-08-01,2000-06-01,3,0.6529,debil,moderado
M17,2001-06-01,2001-08-01,2001-07-01,3,0.6517,debil,moderado
M17,2001-11-01,2002-02-01,2002-01-01,4,0.8308,debil,fuerte
M17,2007-10-01,2008-05-01,2007-12-01,8,0.9803,debil,fuerte
M17,2009-05-01,2009-07-01,2009-07-01,3,0.4455,debil,moderado
M17,2011-05-01,2013-01-01,2011-07-01,21,1.5842,moderado,extremo
M17,2014-08-01,2014-11-01,2014-11-01,4,1.4909,moderado,extremo
M18,1901-08-01,1901-12-01,1901-11-01,5,0.7026,debil,moderado
M18,1905-07-01,1906-01-01,1905-11-01,7,1.2585,debil,fuerte
M18,1906-04-01,1906-09-01,1906-06-01,6,0.8393,debil,fuerte
M18,1908-11-01,1909-03-01,1909-01-01,5,0.9563,debil,fuerte
M18,1911-07-01,1913-05-01,1912-09-01,23,1.9049,moderado,extremo
M18,1917-05-01,1918-05-01,1917-10-01,13,1.2917,debil,fuerte
M18,1925-04-01,1926-10-01,1925-07-01,19,2.5836,fuerte,extremo
M18,1928-01-01,1928-11-01,1928-09-01,11,0.6883,debil,moderado
M18,1937-09-01,1938-01-01,1937-11-01,5,0.8938,debil,fuerte
M18,1939-11-01,1940-11-01,1940-06-01,13,2.5989,fuerte,extremo
M18,1941-11-01,1942-01-01,1941-12-01,3,0.9150,debil,fuerte
M18,1942-05-01,1943-07-01,1942-12-01,15,1.9391,moderado,extremo
M18,1945-04-01,1945-06-01,1945-05-01,3,0.5549,debil,moderado
M18,1948-09-01,1949-08-01,1948-11-01,12,1.2469,debil,fuerte
M18,1956-06-01,1956-09-01,1956-07-01,4,0.6363,debil,moderado
M18,1957-03-01,1957-06-01,1957-05-01,4,0.5710,debil,moderado
M18,1957-09-01,1958-06-01,1957-12-01,10,1.3242,debil,fuerte
M18,1959-05-01,1959-08-01,1959-06-01,4,0.9442,debil,fuerte
M18,1961-04-01,1961-07-01,1961-06-01,4,0.6886,debil,moderado
M18,1963-05-01,1963-07-01,1963-06-01,3,0.7979,debil,fuerte
M18,1964-11-01,1965-01-01,1964-12-01,3,0.7020,debil,moderado
M18,1965-04-01,1965-06-01,1965-06-01,3,0.6119,debil,moderado
M18,1969-05-01,1970-05-01,1969-10-01,13,1.1829,debil,fuerte
M18,1972-07-01,1972-12-01,1972-10-01,6,1.2658,debil,fuerte
M18,1975-10-01,1976-02-01,1975-11-01,5,0.8127,debil,fuerte
M18,1976-07-01,1977-06-01,1976-11-01,12,1.3213,debil,fuerte
M18,1980-04-01,1981-10-01,1980-11-01,19,1.6662,moderado,extremo
M18,1983-08-01,1984-04-01,1983-12-01,9,1.5671,moderado,extremo
M18,1985-12-01,1986-02-01,1986-01-01,3,0.6121,debil,moderado
M18,1990-04-01,1991-09-01,1991-06-01,18,2.9140,fuerte,extremo
M18,1993-09-01,1993-11-01,1993-09-01,3,0.6758,debil,moderado
M18,1995-11-01,1996-01-01,1995-12-01,3,0.7438,debil,fuerte
M18,1996-11-01,1997-02-01,1996-12-01,4,1.1298,debil,fuerte
M18,1997-05-01,1998-07-01,1997-11-01,15,1.7428,moderado,extremo
M18,2000-10-01,2001-07-01,2001-01-01,10,1.1616,debil,fuerte
M18,2001-11-01,2002-03-01,2001-12-01,5,0.7928,debil,fuerte
M18,2002-10-01,2003-10-01,2003-06-01,13,1.8685,moderado,extremo
M18,2006-01-01,2006-04-01,2006-01-01,4,0.5926,debil,moderado
M18,2006-06-01,2006-09-01,2006-08-01,4,0.6285,debil,moderado
M18,2010-09-01,2011-03-01,2010-11-01,7,0.9274,debil,fuerte
M18,2011-08-01,2012-06-01,2011-12-01,11,1.2631,debil,fuerte
M18,2013-11-01,2014-07-01,2013-12-01,9,0.7532,debil,fuerte
M19,1902-08-01,1903-02-01,1902-11-01,7,1.8805,moderado,extremo
M19,1903-04-01,1903-07-01,1903-04-01,4,0.5117,debil,moderado
M19,1903-10-01,1903-12-01,1903-11-01,3,0.5442,debil,moderado
M19,1907-08-01,1908-08-01,1908-06-01,13,0.9080,debil,fuerte
M19,1913-03-01,1913-06-01,1913-05-01,4,0.4503,debil,moderado
M19,1922-10-01,1923-01-01,1922-11-01,4,0.8093,debil,fuerte
M19,1923-11-01,1924-01-01,1923-12-01,3,0.6014,debil,moderado
M19,1926-09-01,1927-08-01,1926-12-01,12,1.3456,debil,fuerte
M19,1931-06-01,1932-03-01,1931-10-01,10,1.6271,moderado,extremo
M19,1932-05-01,1932-08-01,1932-06-01,4,0.7368,debil,fuerte
M19,1932-11-01,1933-01-01,1932-12-01,3,0.6502,debil,moderado
M19,1936-06-01,1937-08-01,1937-06-01,15,2.4170,fuerte,extremo
M19,1940-08-01,1940-12-01,1940-10-01,5,1.1936,debil,fuerte
M19,1941-03-01,1941-08-01,1941-07-01,6,0.6978,debil,moderado
M19,1941-12-01,1942-03-01,1942-01-01,4,0.6839,debil,moderado
M19,1942-09-01,1942-11-01,1942-11-01,3,0.5761,debil,moderado
M19,1943-08-01,1944-06-01,1943-11-01,11,2.2509,fuerte,extremo
M19,1945-05-01,1945-07-01,1945-06-01,3,0.8570,debil,fuerte
M19,1948-09-01,1949-01-01,1948-11-01,5,1.0641,debil,fuerte
M19,1953-11-01,1954-01-01,1953-12-01,3,0.5592,debil,moderado
M19,1954-06-01,1955-06-01,1954-10-01,13,1.1926,debil,fuerte
M19,1957-09-01,1958-01-01,1957-11-01,5,1.3582,moderado,fuerte
M19,1960-06-01,1961-03-01,1960-11-01,10,0.6454,debil,moderado
M19,1962-06-01,1962-09-01,1962-07-01,4,1.0387,debil,fuerte
M19,1969-09-01,1969-11-01,1969-10-01,3,0.5882,debil,moderado
M19,1970-07-01,1970-09-01,1970-08-01,3,0.5751,debil,moderado
M19,1976-06-01,1977-08-01,1977-06-01,15,1.7550,moderado,extremo
M19,1978-11-01,1979-04-01,1978-12-01,6,0.9259,debil,fuerte
M19,1981-08-01,1982-08-01,1982-06-01,13,2.4774,fuerte,extremo
M19,1984-08-01,1985-01-01,1984-10-01,6,1.4416,moderado,extremo
M19,1985-09-01,1986-02-01,1985-11-01,6,1.3816,moderado,fuerte
M19,1987-08-01,1988-02-01,1988-01-01,7,0.5740,debil,moderado
M19,1988-04-01,1988-07-01,1988-06-01,4,0.9606,debil,fuerte
M19,1990-11-01,1991-02-01,1990-12-01,4,1.1721,debil,fuerte
M19,1993-06-01,1994-10-01,1994-07-01,17,4.1794,extraordinario,extremo
M19,1999-05-01,2000-08-01,2000-06-01,16,2.1005,moderado,extremo
M19,2003-01-01,2003-06-01,2003-04-01,6,0.6303,debil,moderado
M19,2003-10-01,2003-12-01,2003-11-01,3,0.5037,debil,moderado
M19,2004-02-01,2004-06-01,2004-06-01,5,0.6784,debil,moderado
M19,2006-06-01,2007-07-01,2006-12-01,14,1.8325,moderado,extremo
M19,2010-04-01,2010-07-01,2010-06-01,4,0.7645,debil,fuerte
M19,2011-10-01,2012-04-01,2011-11-01,7,0.6270,debil,moderado
M20,1900-06-01,1901-11-01,1901-06-01,18,2.9975,fuerte,extremo
M20,1903-10-01,1904-05-01,1904-01-01,8,1.0766,debil,moderado
M20,1905-09-01,1906-01-01,1905-11-01,5,0.8207,debil,moderado
M20,1908-11-01,1910-03-01,1909-09-01,17,1.9263,moderado,fuerte
M20,1917-04-01,1917-07-01,1917-05-01,4,0.6849,debil,moderado
M20,1917-11-01,1918-01-01,1917-12-01,3,0.6351,debil,moderado
M20,1918-05-01,1919-04-01,1918-12-01,12,1.9988,moderado,fuerte
M20,1922-07-01,1923-03-01,1922-12-01,9,1.1984,debil,fuerte
M20,1925-04-01,1926-03-01,1925-09-01,12,3.9478,extraordinario,extremo
M20,1928-05-01,1929-06-01,1929-02-01,14,2.1947,fuerte,fuerte
M20,1932-01-01,1933-07-01,1932-06-01,19,1.0275,debil,moderado
M20,1935-11-01,1937-02-01,1936-05-01,16,1.4740,moderado,fuerte
M20,1939-05-01,1940-06-01,1940-01-01,14,4.0039,extraordinario,extremo
M20,1942-07-01,1943-08-01,1943-02-01,14,2.6442,fuerte,extremo
M20,1945-10-01,1947-04-01,1947-01-01,19,2.0001,moderado,fuerte
M20,1949-05-01,1950-03-01,1949-12-01,11,1.7231,moderado,fuerte
M20,1951-12-01,1953-04-01,1952-08-01,17,1.0458,debil,moderado
M20,1955-05-01,1956-06-01,1956-01-01,14,1.5422,moderado,fuerte
M20,1958-06-01,1958-09-01,1958-07-01,4,1.0683,debil,moderado
M20,1961-04-01,1962-07-01,1962-01-01,16,2.3158,fuerte,extremo
M20,1964-05-01,1965-06-01,1965-01-01,14,2.7508,fuerte,extremo
M20,1967-08-01,1968-03-01,1967-12-01,8,1.0315,debil,moderado
M20,1970-04-01,1970-09-01,1970-07-01,6,1.2594,debil,fuerte
M20,1970-11-01,1971-03-01,1971-01-01,5,1.1991,debil,fuerte
M20,1973-05-01,1974-09-01,1973-09-01,17,1.7102,moderado,fuerte
M20,1977-01-01,1977-08-01,1977-05-01,8,1.5287,moderado,fuerte
M20,1980-01-01,1981-01-01,1980-07-01,13,3.1210,fuerte,extremo
M20,1983-07-01,1984-04-01,1983-11-01,10,1.4316,moderado,fuerte
M20,1986-02-01,1986-11-01,1986-06-01,10,1.2724,debil,fuerte
M20,1987-01-01,1987-03-01,1987-02-01,3,0.5609,debil,moderado
M20,1989-05-01,1990-07-01,1989-12-01,15,3.7363,extraordinario,extremo
M20,1992-05-01,1994-05-01,1992-07-01,25,1.2419,debil,fuerte
M20,1998-11-01,1999-04-01,1999-02-01,6,1.0439,debil,moderado
M20,2001-06-01,2002-04-01,2002-01-01,11,1.9070,moderado,fuerte
M20,2004-04-01,2005-05-01,2005-03-01,14,2.3813,fuerte,extremo
M20,2007-04-01,2008-07-01,2007-11-01,16,3.2775,fuerte,extremo
M20,2010-07-01,2011-08-01,2011-05-01,14,1.8222,moderado,fuerte
M20,2013-06-01,2014-04-01,2013-09-01,11,2.5010,fuerte,extremo
M21,1900-02-01,1900-04-01,1900-02-01,3,0.8251,debil,fuerte
M21,1901-06-01,1901-09-01,1901-08-01,4,0.8374,debil,fuerte
M21,1902-12-01,1903-02-01,1903-01-01,3,0.5263,debil,moderado
M21,1903-07-01,1904-01-01,1903-10-01,7,1.4968,moderado,extremo
M21,1907-07-01,1908-04-01,1907-08-01,10,0.8704,debil,fuerte
M21,1911-01-01,1911-05-01,1911-03-01,5,0.5906,debil,moderado
M21,1912-11-01,1913-01-01,1912-12-01,3,0.4606,debil,moderado
M21,1914-09-01,1916-05-01,1915-02-01,21,1.3694,moderado,fuerte
M21,1918-02-01,1919-03-01,1918-12-01,14,1.1020,debil,fuerte
M21,1923-08-01,1925-04-01,1924-03-01,21,0.7908,debil,fuerte
M21,1926-10-01,1928-02-01,1927-06-01,17,0.9052,debil,fuerte
M21,1930-04-01,1931-04-01,1930-12-01,13,1.5551,moderado,extremo
M21,1933-07-01,1933-10-01,1933-08-01,4,0.6144,debil,moderado
M21,1935-07-01,1936-05-01,1935-12-01,11,1.4784,moderado,extremo
M21,1941-06-01,1942-04-01,1941-10-01,11,1.1549,debil,fuerte
M21,1943-08-01,1944-06-01,1943-12-01,11,1.1433,debil,fuerte
M21,1946-09-01,1947-03-01,1947-01-01,7,0.5600,debil,moderado
M21,1949-08-01,1950-06-01,1950-01-01,11,1.2372,debil,fuerte
M21,1950-09-01,1951-03-01,1950-12-01,7,0.7649,debil,fuerte
M21,1953-07-01,1954-05-01,1954-01-01,11,1.4565,moderado,extremo
M21,1955-12-01,1957-05-01,1957-02-01,18,1.1932,debil,fuerte
M21,1958-06-01,1959-06-01,1958-09-01,13,1.1568,debil,fuerte
M21,1962-10-01,1963-03-01,1962-12-01,6,0.7630,debil,fuerte
M21,1964-12-01,1966-05-01,1965-11-01,18,2.3129,fuerte,extremo
M21,1968-07-01,1969-05-01,1969-01-01,11,1.3245,debil,fuerte
M21,1971-06-01,1972-04-01,1971-08-01,11,1.1125,debil,fuerte
M21,1976-02-01,1976-04-01,1976-03-01,3,0.5860,debil,moderado
M21,1976-08-01,1977-01-01,1976-09-01,6,0.7707,debil,fuerte
M21,1979-08-01,1980-08-01,1980-03-01,13,0.5939,debil,moderado
M21,1984-08-01,1985-05-01,1985-01-01,10,1.4284,moderado,fuerte
M21,1987-04-01,1988-05-01,1987-12-01,14,2.1322,moderado,extremo
M21,1990-07-01,1991-05-01,1990-11-01,11,1.4811,moderado,extremo
M21,1993-11-01,1994-04-01,1994-01-01,6,0.6524,debil,moderado
M21,1996-07-01,1997-06-01,1996-11-01,12,1.6588,moderado,extremo
M21,1999-07-01,2000-06-01,1999-09-01,12,1.0151,debil,fuerte
M21,2003-05-01,2005-03-01,2004-01-01,23,1.0079,debil,fuerte
M21,2006-06-01,2007-02-01,2006-12-01,9,0.9162,debil,fuerte
M21,2008-08-01,2009-05-01,2009-01-01,10,1.5389,moderado,extremo
M21,2011-07-01,2012-05-01,2012-01-01,11,1.6250,moderado,extremo
M21,2013-08-01,2014-07-01,2014-02-01,12,1.0012,debil,fuerte
M22,1900-02-01,1900-08-01,1900-07-01,7,0.7208,debil,moderado
M22,1903-06-01,1904-02-01,1903-08-01,9,0.8696,debil,fuerte
M22,1904-06-01,1904-10-01,1904-08-01,5,1.2133,debil,fuerte
M22,1906-04-01,1906-11-01,1906-06-01,8,1.6695,moderado,extremo
M22,1909-07-01,1909-12-01,1909-08-01,6,1.1072,debil,fuerte
M22,1910-04-01,1911-02-01,1910-12-01,11,1.4648,moderado,extremo
M22,1914-04-01,1915-03-01,1914-06-01,12,1.5253,moderado,extremo
M22,1916-02-01,1916-07-01,1916-06-01,6,0.8816,debil,fuerte
M22,1918-05-01,1918-11-01,1918-09-01,7,1.0977,debil,fuerte
M22,1919-02-01,1920-02-01,1919-12-01,13,1.2221,debil,fuerte
M22,1922-06-01,1923-01-01,1922-08-01,8,1.1926,debil,fuerte
M22,1927-04-01,1928-03-01,1927-06-01,12,2.0214,moderado,extremo
M22,1931-03-01,1932-01-01,1931-07-01,11,1.6714,moderado,extremo
M22,1932-03-01,1932-12-01,1932-10-01,10,1.2943,debil,fuerte
M22,1935-05-01,1935-07-01,1935-06-01,3,0.5765,debil,moderado
M22,1939-04-01,1940-06-01,1939-08-01,15,1.1663,debil,fuerte
M22,1942-06-01,1942-12-01,1942-08-01,7,1.0093,debil,fuerte
M22,1943-08-01,1944-03-01,1943-10-01,8,1.0985,debil,fuerte
M22,1946-05-01,1946-10-01,1946-07-01,6,1.2619,debil,fuerte
M22,1947-10-01,1947-12-01,1947-11-01,3,0.5808,debil,moderado
M22,1949-03-01,1949-08-01,1949-06-01,6,1.0312,debil,fuerte
M22,1952-04-01,1953-03-01,1952-06-01,12,1.3035,debil,fuerte
M22,1953-05-01,1953-12-01,1953-07-01,8,0.7014,debil,moderado
M22,1954-04-01,1954-08-01,1954-06-01,5,0.9568,debil,fuerte
M22,1958-06-01,1959-05-01,1958-09-01,12,1.6457,moderado,extremo
M22,1962-06-01,1963-03-01,1962-10-01,10,1.2179,debil,fuerte
M22,1965-06-01,1965-12-01,1965-11-01,7,0.9833,debil,fuerte
M22,1967-11-01,1968-01-01,1968-01-01,3,0.5128,debil,moderado
M22,1969-10-01,1970-01-01,1969-11-01,4,0.9122,debil,fuerte
M22,1971-06-01,1972-01-01,1971-08-01,8,0.9354,debil,fuerte
M22,1976-05-01,1976-10-01,1976-07-01,6,1.4477,moderado,extremo
M22,1977-03-01,1977-09-01,1977-04-01,7,0.7791,debil,fuerte
M22,1978-03-01,1978-07-01,1978-04-01,5,0.8994,debil,fuerte
M22,1981-04-01,1982-07-01,1981-10-01,16,1.9872,moderado,extremo
M22,1983-01-01,1983-03-01,1983-02-01,3,0.7177,debil,moderado
M22,1985-06-01,1985-10-01,1985-07-01,5,1.0269,debil,fuerte
M22,1989-04-01,1990-03-01,1989-10-01,12,1.6187,moderado,extremo
M22,1990-08-01,1991-04-01,1990-10-01,9,0.9669,debil,fuerte
M22,1999-12-01,2000-03-01,2000-01-01,4,0.5370,debil,moderado
M22,2000-09-01,2002-05-01,2001-05-01,21,1.3924,moderado,fuerte
M22,2003-06-01,2003-08-01,2003-08-01,3,0.5799,debil,moderado
M22,2004-08-01,2005-02-01,2004-10-01,7,0.8898,debil,fuerte
M22,2008-06-01,2008-12-01,2008-10-01,7,0.9718,debil,fuerte
M22,2009-07-01,2009-12-01,2009-09-01,6,1.6737,moderado,extremo
M22,2011-07-01,2011-09-01,2011-07-01,3,0.6509,debil,moderado
M22,2012-03-01,2013-03-01,2012-09-01,13,2.0727,moderado,extremo
M23,1902-04-01,1903-07-01,1902-12-01,16,1.7447,moderado,fuerte
M23,1904-09-01,1905-09-01,1905-06-01,13,1.9745,moderado,fuerte
M23,1908-11-01,1910-08-01,1909-06-01,22,2.4702,fuerte,extremo
M23,1913-07-01,1914-08-01,1914-05-01,14,1.4113,moderado,fuerte
M23,1917-08-01,1918-08-01,1918-04-01,13,1.6015,moderado,fuerte
M23,1920-10-01,1922-03-01,1921-06-01,18,1.1421,debil,moderado
M23,1922-09-01,1923-07-01,1923-02-01,11,1.4202,moderado,fuerte
M23,1926-03-01,1927-05-01,1926-07-01,15,2.7036,fuerte,extremo
M23,1931-03-01,1932-09-01,1931-11-01,19,2.7698,fuerte,extremo
M23,1935-05-01,1936-08-01,1935-12-01,16,2.2298,fuerte,fuerte
M23,1939-04-01,1940-05-01,1939-08-01,14,2.4156,fuerte,extremo
M23,1942-10-01,1944-06-01,1943-06-01,21,2.7844,fuerte,extremo
M23,1947-08-01,1948-09-01,1948-06-01,14,1.4593,moderado,fuerte
M23,1952-03-01,1953-06-01,1952-07-01,16,2.3668,fuerte,extremo
M23,1956-09-01,1957-10-01,1957-04-01,14,1.5029,moderado,fuerte
M23,1960-05-01,1962-02-01,1960-11-01,22,3.3286,fuerte,extremo
M23,1964-11-01,1966-06-01,1965-08-01,20,1.8660,moderado,fuerte
M23,1969-08-01,1970-09-01,1970-06-01,14,2.1520,fuerte,fuerte
M23,1972-06-01,1972-11-01,1972-08-01,6,1.0696,debil,moderado
M23,1973-02-01,1973-11-01,1973-08-01,10,1.2285,debil,fuerte
M23,1974-02-01,1974-10-01,1974-06-01,9,1.7954,moderado,fuerte
M23,1978-10-01,1979-11-01,1979-05-01,14,1.9727,moderado,fuerte
M23,1982-12-01,1984-09-01,1983-11-01,22,2.3845,fuerte,extremo
M23,1987-08-01,1988-07-01,1988-04-01,12,1.3936,moderado,fuerte
M23,1989-02-01,1989-09-01,1989-06-01,8,2.1501,fuerte,fuerte
M23,1993-05-01,1994-10-01,1994-06-01,18,2.8508,fuerte,extremo
M23,1998-05-01,1999-06-01,1998-07-01,14,1.4776,moderado,fuerte
M23,2002-08-01,2002-12-01,2002-10-01,5,0.6723,debil,moderado
M23,2006-07-01,2009-10-01,2007-01-01,40,1.9085,moderado,fuerte
M23,2011-10-01,2013-06-01,2012-07-01,21,2.3368,fuerte,extremo
M24,1903-04-01,1904-07-01,1903-10-01,16,1.6901,moderado,extremo
M24,1908-04-01,1909-11-01,1909-08-01,20,1.5811,moderado,extremo
M24,1913-06-01,1914-06-01,1914-03-01,13,1.0620,debil,fuerte
M24,1916-12-01,1917-10-01,1917-07-01,11,1.1778,debil,fuerte
M24,1923-07-01,1924-02-01,1923-08-01,8,0.5484,debil,moderado
M24,1924-06-01,1924-10-01,1924-08-01,5,1.0531,debil,fuerte
M24,1928-04-01,1928-06-01,1928-05-01,3,0.5484,debil,moderado
M24,1928-09-01,1929-08-01,1929-06-01,12,1.6009,moderado,extremo
M24,1933-05-01,1934-09-01,1934-06-01,17,2.0981,moderado,extremo
M24,1948-11-01,1949-04-01,1949-02-01,6,0.8835,debil,fuerte
M24,1952-12-01,1953-12-01,1953-08-01,13,1.7562,moderado,extremo
M24,1957-06-01,1957-08-01,1957-08-01,3,0.5416,debil,moderado
M24,1958-03-01,1959-11-01,1959-06-01,21,2.4581,fuerte,extremo
M24,1970-06-01,1971-02-01,1970-08-01,9,1.0298,debil,fuerte
M24,1973-11-01,1974-03-01,1973-12-01,5,0.4729,debil,moderado
M24,1979-05-01,1979-11-01,1979-07-01,7,0.7973,debil,fuerte
M24,1981-05-01,1982-11-01,1982-06-01,19,2.4068,fuerte,extremo
M24,1992-05-01,1992-10-01,1992-09-01,6,0.5427,debil,moderado
M24,1997-01-01,1998-06-01,1997-08-01,18,1.6687,moderado,extremo
M24,2001-06-01,2001-08-01,2001-07-01,3,0.7963,debil,fuerte
M24,2005-06-01,2007-01-01,2006-06-01,20,2.2225,fuerte,extremo
M24,2009-09-01,2011-11-01,2010-09-01,27,2.1733,fuerte,extremo
M25,1904-10-01,1906-07-01,1905-10-01,22,1.4929,moderado,fuerte
M25,1912-05-01,1913-09-01,1913-05-01,17,1.3883,moderado,fuerte
M25,1918-12-01,1920-09-01,1919-11-01,22,4.1304,extraordinario,extremo
M25,1923-07-01,1923-10-01,1923-08-01,4,0.9517,debil,fuerte
M25,1923-12-01,1925-11-01,1924-08-01,24,2.1464,moderado,extremo
M25,1931-07-01,1932-04-01,1931-11-01,10,0.9160,debil,fuerte
M25,1934-06-01,1935-08-01,1935-06-01,15,1.4794,moderado,fuerte
M25,1938-06-01,1939-06-01,1938-12-01,13,1.7422,moderado,extremo
M25,1939-08-01,1939-12-01,1939-10-01,5,0.9139,debil,fuerte
M25,1942-12-01,1943-03-01,1943-01-01,4,0.6963,debil,moderado
M25,1944-02-01,1944-04-01,1944-03-01,3,0.5174,debil,moderado
M25,1948-05-01,1948-08-01,1948-06-01,4,0.5713,debil,moderado
M25,1952-12-01,1954-08-01,1954-04-01,21,1.5631,moderado,fuerte
M25,1957-09-01,1959-03-01,1957-12-01,19,1.5798,moderado,fuerte
M25,1959-07-01,1959-11-01,1959-09-01,5,0.7022,debil,moderado
M25,1963-07-01,1963-09-01,1963-08-01,3,0.8794,debil,fuerte
M25,1964-03-01,1964-12-01,1964-07-01,10,2.4608,fuerte,extremo
M25,1968-06-01,1969-02-01,1968-09-01,9,0.9503,debil,fuerte
M25,1972-04-01,1973-09-01,1973-06-01,18,2.3066,fuerte,extremo
M25,1977-08-01,1979-11-01,1979-05-01,28,2.1177,moderado,extremo
M25,1985-01-01,1985-03-01,1985-02-01,3,0.5406,debil,moderado
M25,1985-08-01,1987-02-01,1986-08-01,19,1.7263,moderado,extremo
M25,1989-03-01,1990-02-01,1989-09-01,12,1.1078,debil,fuerte
M25,1990-07-01,1991-05-01,1991-02-01,11,1.2276,debil,fuerte
M25,1995-06-01,1996-06-01,1996-01-01,13,1.5220,moderado,fuerte
M25,2000-06-01,2001-03-01,2000-12-01,10,1.3485,debil,fuerte
M25,2001-07-01,2001-09-01,2001-07-01,3,0.4343,debil,moderado
M25,2005-08-01,2006-02-01,2005-12-01,7,0.6129,debil,moderado
M25,2008-11-01,2009-02-01,2008-12-01,4,0.4801,debil,moderado
M25,2009-05-01,2010-01-01,2009-10-01,9,1.3388,debil,fuerte
M25,2014-01-01,2014-11-01,2014-05-01,11,1.4559,moderado,fuerte
M26,1901-12-01,1903-01-01,1902-09-01,14,2.8565,fuerte,extremo
M26,1905-05-01,1905-10-01,1905-08-01,6,1.7588,moderado,fuerte
M26,1907-05-01,1907-09-01,1907-07-01,5,1.0325,debil,fuerte
M26,1909-10-01,1910-03-01,1910-01-01,6,1.1327,debil,fuerte
M26,1911-09-01,1912-02-01,1911-12-01,6,0.7951,debil,moderado
M26,1913-04-01,1913-12-01,1913-09-01,9,2.8625,fuerte,extremo
M26,1916-07-01,1917-03-01,1916-12-01,9,1.1471,debil,fuerte
M26,1918-01-01,1918-09-01,1918-06-01,9,1.4630,moderado,fuerte
M26,1919-01-01,1919-03-01,1919-02-01,3,0.5040,debil,moderado
M26,1919-09-01,1920-09-01,1919-12-01,13,1.8164,moderado,fuerte
M26,1922-05-01,1922-07-01,1922-06-01,3,0.5741,debil,moderado
M26,1927-12-01,1928-10-01,1928-08-01,11,2.0539,moderado,extremo
M26,1930-07-01,1931-01-01,1930-12-01,7,0.6863,debil,moderado
M26,1931-06-01,1932-06-01,1931-12-01,13,2.5935,fuerte,extremo
M26,1933-06-01,1933-08-01,1933-07-01,3,0.6933,debil,moderado
M26,1933-11-01,1934-02-01,1934-01-01,4,0.8348,debil,moderado
M26,1935-04-01,1935-07-01,1935-05-01,4,0.7718,debil,moderado
M26,1937-05-01,1938-07-01,1938-02-01,15,0.8764,debil,moderado
M26,1939-04-01,1939-09-01,1939-06-01,6,0.8362,debil,moderado
M26,1940-11-01,1941-08-01,1941-06-01,10,1.5809,moderado,fuerte
M26,1943-05-01,1943-09-01,1943-08-01,5,0.8890,debil,moderado
M26,1944-10-01,1945-03-01,1945-01-01,6,0.8821,debil,moderado
M26,1945-07-01,1946-01-01,1945-09-01,7,1.5431,moderado,fuerte
M26,1948-03-01,1949-02-01,1948-09-01,12,2.1968,fuerte,extremo
M26,1949-07-01,1949-12-01,1949-10-01,6,2.7850,fuerte,extremo
M26,1953-02-01,1953-08-01,1953-06-01,7,1.0086,debil,fuerte
M26,1954-05-01,1955-06-01,1954-08-01,14,2.2631,fuerte,extremo
M26,1957-04-01,1958-11-01,1957-12-01,20,2.6857,fuerte,extremo
M26,1960-05-01,1960-12-01,1960-08-01,8,1.3922,moderado,fuerte
M26,1962-12-01,1963-08-01,1963-07-01,9,1.4343,moderado,fuerte
M26,1965-07-01,1965-11-01,1965-08-01,5,1.6498,moderado,fuerte
M26,1968-08-01,1968-10-01,1968-09-01,3,0.7012,debil,moderado
M26,1970-02-01,1970-05-01,1970-03-01,4,0.9112,debil,moderado
M26,1972-01-01,1972-12-01,1972-09-01,12,2.2610,fuerte,extremo
M26,1975-12-01,1976-07-01,1976-02-01,8,0.7727,debil,moderado
M26,1978-10-01,1979-09-01,1978-12-01,12,1.6373,moderado,fuerte
M26,1981-11-01,1982-09-01,1982-06-01,11,1.2957,debil,fuerte
M26,1983-10-01,1983-12-01,1983-11-01,3,0.6099,debil,moderado
M26,1986-08-01,1988-04-01,1987-11-01,21,2.7110,fuerte,extremo
M26,1990-05-01,1990-08-01,1990-06-01,4,0.8160,debil,moderado
M26,1990-12-01,1991-11-01,1991-09-01,12,2.0641,moderado,extremo
M26,1992-06-01,1992-12-01,1992-08-01,7,1.1370,debil,fuerte
M26,1996-06-01,1996-08-01,1996-07-01,3,0.6504,debil,moderado
M26,1997-07-01,1998-01-01,1997-09-01,7,0.8765,debil,moderado
M26,1999-11-01,2000-03-01,2000-01-01,5,1.0361,debil,fuerte
M26,2003-02-01,2003-10-01,2003-06-01,9,1.9324,moderado,fuerte
M26,2004-04-01,2004-10-01,2004-08-01,7,1.7426,moderado,fuerte
M26,2004-12-01,2005-07-01,2005-02-01,8,1.2574,debil,fuerte
M26,2006-11-01,2007-09-01,2007-06-01,11,1.6829,moderado,fuerte
M26,2011-10-01,2012-03-01,2011-12-01,6,1.2176,debil,fuerte
M26,2013-10-01,2014-09-01,2014-07-01,12,1.3611,moderado,fuerte
M27,1900-05-01,1900-07-01,1900-05-01,3,0.6531,debil,fuerte
M27,1904-07-01,1904-09-01,1904-08-01,3,0.8231,debil,extremo
M27,1904-12-01,1905-04-01,1905-02-01,5,0.5975,debil,fuerte
M27,1905-09-01,1905-11-01,1905-09-01,3,0.5166,debil,fuerte
M27,1908-06-01,1908-08-01,1908-07-01,3,0.7234,debil,fuerte
M27,1915-04-01,1915-10-01,1915-08-01,7,0.9738,debil,extremo
M27,1918-04-01,1918-07-01,1918-06-01,4,0.5187,debil,fuerte
M27,1919-09-01,1919-11-01,1919-10-01,3,0.6069,debil,fuerte
M27,1920-05-01,1920-07-01,1920-06-01,3,0.7818,debil,extremo
M27,1921-08-01,1921-10-01,1921-09-01,3,0.7470,debil,fuerte
M27,1922-09-01,1922-12-01,1922-10-01,4,0.5262,debil,fuerte
M27,1927-01-01,1927-06-01,1927-04-01,6,0.7175,debil,fuerte
M27,1929-07-01,1929-09-01,1929-08-01,3,0.7586,debil,fuerte
M27,1934-05-01,1934-07-01,1934-06-01,3,0.6198,debil,fuerte
M27,1940-05-01,1940-07-01,1940-06-01,3,0.7750,debil,extremo
M27,1941-09-01,1941-12-01,1941-10-01,4,0.6229,debil,fuerte
M27,1948-05-01,1948-07-01,1948-06-01,3,0.5500,debil,fuerte
M27,1953-01-01,1953-03-01,1953-02-01,3,0.5121,debil,fuerte
M27,1955-08-01,1955-11-01,1955-10-01,4,0.6882,debil,fuerte
M27,1959-05-01,1959-07-01,1959-07-01,3,0.6166,debil,fuerte
M27,1960-06-01,1960-09-01,1960-08-01,4,0.9076,debil,extremo
M27,1966-05-01,1966-07-01,1966-06-01,3,0.5787,debil,fuerte
M27,1966-10-01,1967-08-01,1967-04-01,11,0.8650,debil,extremo
M27,1968-02-01,1968-09-01,1968-07-01,8,1.1350,debil,extremo
M27,1977-06-01,1977-09-01,1977-07-01,4,0.7199,debil,fuerte
M27,1979-08-01,1979-10-01,1979-08-01,3,0.6151,debil,fuerte
M27,1981-03-01,1981-05-01,1981-04-01,3,0.4638,debil,fuerte
M27,1985-12-01,1986-02-01,1986-01-01,3,0.5991,debil,fuerte
M27,1990-04-01,1990-12-01,1990-06-01,9,1.3874,moderado,extremo
M27,1995-04-01,1995-08-01,1995-06-01,5,0.8790,debil,extremo
M27,2000-12-01,2001-02-01,2001-02-01,3,0.4505,debil,fuerte
M27,2003-05-01,2003-08-01,2003-07-01,4,0.7565,debil,fuerte
M27,2004-09-01,2004-12-01,2004-10-01,4,0.8247,debil,extremo
M27,2007-05-01,2007-07-01,2007-06-01,3,0.6652,debil,fuerte
M27,2008-03-01,2008-07-01,2008-05-01,5,0.9596,debil,extremo
M27,2009-04-01,2010-03-01,2009-05-01,12,1.2572,debil,extremo
M27,2010-08-01,2010-11-01,2010-10-01,4,0.5927,debil,fuerte
M27,2013-01-01,2013-05-01,2013-04-01,5,0.6482,debil,fuerte
M27,2013-10-01,2013-12-01,2013-11-01,3,0.4365,debil,fuerte
M28,1905-06-01,1905-12-01,1905-08-01,7,1.1621,debil,extremo
M28,1907-05-01,1907-07-01,1907-06-01,3,0.5983,debil,fuerte
M28,1918-11-01,1919-01-01,1918-11-01,3,0.4338,debil,fuerte
M28,1920-07-01,1920-10-01,1920-08-01,4,0.7087,debil,fuerte
M28,1926-08-01,1926-11-01,1926-10-01,4,0.6019,debil,fuerte
M28,1928-06-01,1929-04-01,1929-01-01,11,0.8731,debil,extremo
M28,1929-08-01,1929-10-01,1929-09-01,3,0.6038,debil,fuerte
M28,1934-05-01,1934-09-01,1934-09-01,5,0.5883,debil,fuerte
M28,1941-06-01,1942-02-01,1941-08-01,9,0.9837,debil,extremo
M28,1946-03-01,1946-05-01,1946-04-01,3,0.5570,debil,fuerte
M28,1947-01-01,1947-03-01,1947-03-01,3,0.5525,debil,fuerte
M28,1948-01-01,1948-03-01,1948-02-01,3,0.5239,debil,fuerte
M28,1951-06-01,1951-09-01,1951-07-01,4,0.6040,debil,fuerte
M28,1955-02-01,1955-09-01,1955-07-01,8,1.2195,debil,extremo
M28,1955-11-01,1956-01-01,1956-01-01,3,0.5501,debil,fuerte
M28,1957-08-01,1958-03-01,1957-10-01,8,0.8827,debil,extremo
M28,1961-11-01,1962-02-01,1962-01-01,4,0.5667,debil,fuerte
M28,1966-05-01,1966-07-01,1966-06-01,3,0.4505,debil,fuerte
M28,1966-10-01,1967-01-01,1966-11-01,4,0.5172,debil,fuerte
M28,1968-04-01,1968-07-01,1968-06-01,4,0.7887,debil,fuerte
M28,1970-06-01,1971-01-01,1970-10-01,8,0.7328,debil,fuerte
M28,1979-09-01,1980-03-01,1979-09-01,7,0.6173,debil,fuerte
M28,1983-06-01,1983-09-01,1983-08-01,4,0.8358,debil,extremo
M28,1986-08-01,1987-01-01,1986-10-01,6,0.7896,debil,fuerte
M28,1988-05-01,1988-07-01,1988-06-01,3,0.7951,debil,fuerte
M28,1990-05-01,1990-07-01,1990-06-01,3,0.4941,debil,fuerte
M28,1990-10-01,1991-09-01,1991-07-01,12,1.5953,moderado,extremo
M28,1996-05-01,1996-09-01,1996-06-01,5,0.6629,debil,fuerte
M28,1996-12-01,1997-03-01,1997-03-01,4,0.4823,debil,fuerte
M28,2003-05-01,2003-07-01,2003-07-01,3,0.5322,debil,fuerte
M28,2003-11-01,2004-04-01,2004-02-01,6,0.8107,debil,extremo
M28,2006-05-01,2006-09-01,2006-07-01,5,1.2532,debil,extremo
M28,2006-12-01,2007-02-01,2006-12-01,3,0.5352,debil,fuerte
M28,2009-02-01,2009-07-01,2009-06-01,6,0.6036,debil,fuerte
M29,1902-07-01,1902-12-01,1902-10-01,6,0.7683,debil,moderado
M29,1903-04-01,1903-08-01,1903-06-01,5,1.3016,debil,fuerte
M29,1903-12-01,1904-02-01,1904-01-01,3,1.0649,debil,fuerte
M29,1905-03-01,1905-05-01,1905-04-01,3,0.8442,debil,moderado
M29,1907-04-01,1907-11-01,1907-08-01,8,1.0832,debil,fuerte
M29,1908-08-01,1908-12-01,1908-10-01,5,0.9464,debil,fuerte
M29,1910-03-01,1910-06-01,1910-05-01,4,0.6624,debil,moderado
M29,1912-06-01,1912-08-01,1912-07-01,3,0.5629,debil,moderado
M29,1915-03-01,1916-01-01,1915-08-01,11,1.2866,debil,fuerte
M29,1918-06-01,1918-11-01,1918-07-01,6,0.5668,debil,moderado
M29,1920-02-01,1920-08-01,1920-05-01,7,1.4992,moderado,fuerte
M29,1923-03-01,1923-08-01,1923-04-01,6,0.6384,debil,moderado
M29,1924-01-01,1924-11-01,1924-06-01,11,1.2680,debil,fuerte
M29,1926-01-01,1926-11-01,1926-04-01,11,2.0171,moderado,extremo
M29,1928-03-01,1929-12-01,1929-05-01,22,1.8439,moderado,extremo
M29,1932-02-01,1933-11-01,1932-04-01,22,1.3150,debil,fuerte
M29,1937-03-01,1937-12-01,1937-07-01,10,1.2700,debil,fuerte
M29,1941-04-01,1942-10-01,1942-01-01,19,1.9611,moderado,extremo
M29,1945-03-01,1945-08-01,1945-05-01,6,1.5472,moderado,fuerte
M29,1948-03-01,1948-09-01,1948-04-01,7,1.3212,debil,fuerte
M29,1951-03-01,1951-12-01,1951-07-01,10,1.2858,debil,fuerte
M29,1955-06-01,1955-08-01,1955-07-01,3,0.7631,debil,moderado
M29,1957-05-01,1958-01-01,1957-09-01,9,1.5198,moderado,fuerte
M29,1959-09-01,1959-11-01,1959-10-01,3,0.7300,debil,moderado
M29,1961-07-01,1962-08-01,1961-10-01,14,1.6391,moderado,fuerte
M29,1964-07-01,1965-01-01,1964-12-01,7,1.0889,debil,fuerte
M29,1966-10-01,1967-03-01,1966-12-01,6,0.9880,debil,fuerte
M29,1968-02-01,1968-12-01,1968-05-01,11,1.2982,debil,fuerte
M29,1971-02-01,1971-07-01,1971-06-01,6,0.9558,debil,fuerte
M29,1972-03-01,1973-06-01,1973-03-01,16,1.6246,moderado,fuerte
M29,1975-04-01,1975-12-01,1975-06-01,9,1.5728,moderado,fuerte
M29,1976-04-01,1976-08-01,1976-05-01,5,0.6798,debil,moderado
M29,1979-06-01,1979-08-01,1979-07-01,3,0.4993,debil,moderado
M29,1979-10-01,1980-04-01,1980-02-01,7,1.2251,debil,fuerte
M29,1980-07-01,1981-01-01,1980-12-01,7,1.0373,debil,fuerte
M29,1986-03-01,1987-05-01,1986-06-01,15,1.1769,debil,fuerte
M29,1987-12-01,1989-06-01,1988-12-01,19,2.4939,fuerte,extremo
M29,1991-03-01,1991-10-01,1991-06-01,8,0.8938,debil,fuerte
M29,1994-01-01,1994-08-01,1994-03-01,8,1.2454,debil,fuerte
M29,1996-01-01,1996-11-01,1996-03-01,11,1.1258,debil,fuerte
M29,1998-03-01,1998-08-01,1998-04-01,6,0.8979,debil,fuerte
M29,1999-06-01,2000-07-01,1999-07-01,14,0.9794,debil,fuerte
M29,2004-12-01,2006-02-01,2005-06-01,15,2.0318,moderado,extremo
M29,2008-10-01,2010-05-01,2009-11-01,20,2.5270,fuerte,extremo
M29,2012-03-01,2012-12-01,2012-06-01,10,1.6974,moderado,fuerte
M30,1902-03-01,1902-07-01,1902-05-01,5,0.6399,debil,fuerte
M30,1902-09-01,1903-07-01,1902-12-01,11,0.9938,debil,fuerte
M30,1904-07-01,1904-09-01,1904-08-01,3,0.6152,debil,fuerte
M30,1906-09-01,1907-03-01,1906-11-01,7,0.8587,debil,fuerte
M30,1909-02-01,1909-07-01,1909-06-01,6,0.5366,debil,fuerte
M30,1914-06-01,1914-12-01,1914-08-01,7,1.1875,debil,extremo
M30,1916-06-01,1917-01-01,1916-09-01,8,0.9626,debil,fuerte
M30,1922-10-01,1923-06-01,1923-04-01,9,0.9626,debil,fuerte
M30,1927-08-01,1928-08-01,1928-06-01,13,0.8030,debil,fuerte
M30,1929-07-01,1929-09-01,1929-07-01,3,0.6515,debil,fuerte
M30,1931-06-01,1932-08-01,1931-10-01,15,1.0854,debil,extremo
M30,1935-03-01,1935-06-01,1935-05-01,4,0.8721,debil,fuerte
M30,1936-10-01,1937-09-01,1936-12-01,12,0.9533,debil,fuerte
M30,1940-07-01,1941-07-01,1940-12-01,13,0.9483,debil,fuerte
M30,1942-07-01,1943-04-01,1942-09-01,10,1.0878,debil,extremo
M30,1949-08-01,1950-08-01,1949-11-01,13,1.0644,debil,extremo
M30,1953-10-01,1954-06-01,1953-12-01,9,0.6557,debil,fuerte
M30,1954-10-01,1954-12-01,1954-11-01,3,0.5510,debil,fuerte
M30,1958-05-01,1959-02-01,1958-07-01,10,1.2205,debil,extremo
M30,1960-02-01,1960-04-01,1960-03-01,3,0.5524,debil,fuerte
M30,1961-10-01,1962-07-01,1962-05-01,10,0.8172,debil,fuerte
M30,1964-03-01,1964-12-01,1964-07-01,10,1.2155,debil,extremo
M30,1965-02-01,1965-09-01,1965-07-01,8,1.1880,debil,extremo
M30,1971-07-01,1971-10-01,1971-08-01,4,0.5799,debil,fuerte
M30,1983-09-01,1984-10-01,1984-07-01,14,1.7703,moderado,extremo
M30,1985-10-01,1986-06-01,1986-01-01,9,0.8765,debil,fuerte
M30,1987-06-01,1988-10-01,1988-07-01,17,2.1581,fuerte,extremo
M30,1989-08-01,1990-03-01,1989-11-01,8,0.8788,debil,fuerte
M30,1994-03-01,1994-09-01,1994-07-01,7,1.1456,debil,extremo
M30,1995-05-01,1995-07-01,1995-06-01,3,0.5462,debil,fuerte
M30,2002-07-01,2003-05-01,2003-02-01,11,0.9100,debil,fuerte
M30,2004-03-01,2004-05-01,2004-04-01,3,0.5583,debil,fuerte
M30,2007-02-01,2007-09-01,2007-06-01,8,0.5968,debil,fuerte
M30,2009-12-01,2010-02-01,2010-01-01,3,0.5349,debil,moderado
M30,2011-03-01,2011-06-01,2011-04-01,4,0.6512,debil,fuerte
M30,2012-05-01,2012-11-01,2012-07-01,7,0.6685,debil,fuerte
M30,2014-08-01,2014-11-01,2014-11-01,4,0.6605,debil,fuerte
M31,1904-09-01,1905-04-01,1904-11-01,8,1.0111,debil,extremo
M31,1913-01-01,1913-10-01,1913-05-01,10,0.9553,debil,fuerte
M31,1914-12-01,1916-01-01,1915-07-01,14,1.2779,debil,extremo
M31,1917-03-01,1917-12-01,1917-07-01,10,0.8286,debil,fuerte
M31,1920-02-01,1920-04-01,1920-03-01,3,0.4960,debil,fuerte
M31,1921-03-01,1921-10-01,1921-07-01,8,0.7054,debil,fuerte
M31,1924-06-01,1924-09-01,1924-08-01,4,0.6526,debil,fuerte
M31,1925-10-01,1925-12-01,1925-11-01,3,0.7704,debil,fuerte
M31,1928-04-01,1928-12-01,1928-06-01,9,0.7215,debil,fuerte
M31,1931-05-01,1932-04-01,1931-08-01,12,1.2130,debil,extremo
M31,1936-05-01,1936-07-01,1936-06-01,3,0.5445,debil,fuerte
M31,1936-09-01,1937-08-01,1937-05-01,12,0.8868,debil,fuerte
M31,1941-08-01,1942-04-01,1941-11-01,9,1.0582,debil,extremo
M31,1944-02-01,1945-02-01,1944-10-01,13,0.8497,debil,fuerte
M31,1950-10-01,1951-02-01,1950-12-01,5,0.4999,debil,fuerte
M31,1951-08-01,1951-11-01,1951-09-01,4,0.6689,debil,fuerte
M31,1952-02-01,1952-11-01,1952-09-01,10,1.2684,debil,extremo
M31,1954-02-01,1954-11-01,1954-07-01,10,0.6923,debil,fuerte
M31,1962-10-01,1963-01-01,1962-12-01,4,0.7546,debil,fuerte
M31,1966-07-01,1967-10-01,1967-06-01,16,0.9847,debil,extremo
M31,1971-07-01,1972-07-01,1971-12-01,13,0.9548,debil,fuerte
M31,1975-05-01,1976-04-01,1975-11-01,12,0.9040,debil,fuerte
M31,1977-03-01,1977-07-01,1977-04-01,5,0.7007,debil,fuerte
M31,1983-05-01,1983-09-01,1983-08-01,5,0.5570,debil,fuerte
M31,1984-03-01,1985-01-01,1984-08-01,11,0.9934,debil,extremo
M31,1987-06-01,1988-05-01,1987-08-01,12,0.8574,debil,fuerte
M31,1988-10-01,1988-12-01,1988-11-01,3,0.4758,debil,moderado
M31,1992-10-01,1993-02-01,1992-11-01,5,0.6888,debil,fuerte
M31,1997-10-01,1998-02-01,1997-12-01,5,0.6403,debil,fuerte
M31,1999-08-01,2000-02-01,1999-11-01,7,1.0530,debil,extremo
M31,2003-04-01,2003-10-01,2003-06-01,7,1.1452,debil,extremo
M31,2003-12-01,2005-05-01,2004-08-01,18,0.7797,debil,fuerte
M31,2008-06-01,2008-08-01,2008-07-01,3,0.5918,debil,fuerte
M31,2011-09-01,2012-03-01,2012-01-01,7,0.6801,debil,fuerte
M31,2012-07-01,2013-05-01,2013-04-01,11,0.9771,debil,extremo
M31,2013-12-01,2014-10-01,2014-02-01,11,0.8970,debil,fuerte
M32,1901-01-01,1902-09-01,1901-11-01,21,3.0148,fuerte,extremo
M32,1907-05-01,1907-12-01,1907-09-01,8,1.2586,debil,fuerte
M32,1911-03-01,1912-08-01,1911-10-01,18,3.1860,fuerte,extremo
M32,1915-06-01,1917-03-01,1916-09-01,22,3.1241,fuerte,extremo
M32,1920-07-01,1920-09-01,1920-08-01,3,0.6606,debil,moderado
M32,1921-05-01,1922-03-01,1921-10-01,11,2.5402,fuerte,extremo
M32,1927-06-01,1927-10-01,1927-08-01,5,1.2826,debil,fuerte
M32,1928-04-01,1928-08-01,1928-07-01,5,0.8952,debil,moderado
M32,1931-07-01,1931-09-01,1931-08-01,3,0.7430,debil,moderado
M32,1932-06-01,1932-08-01,1932-07-01,3,0.6514,debil,moderado
M32,1934-07-01,1934-09-01,1934-08-01,3,0.6977,debil,moderado
M32,1935-02-01,1935-10-01,1935-06-01,9,0.7976,debil,moderado
M32,1938-07-01,1939-01-01,1938-11-01,7,1.1195,debil,moderado
M32,1939-06-01,1941-02-01,1940-08-01,21,2.1737,fuerte,fuerte
M32,1943-12-01,1946-02-01,1944-11-01,27,3.2880,fuerte,extremo
M32,1949-06-01,1950-10-01,1949-10-01,17,2.6524,fuerte,extremo
M32,1953-03-01,1953-08-01,1953-06-01,6,0.6811,debil,moderado
M32,1955-07-01,1955-11-01,1955-09-01,5,0.9777,debil,moderado
M32,1956-06-01,1957-04-01,1956-09-01,11,2.3720,fuerte,extremo
M32,1959-06-01,1959-08-01,1959-07-01,3,0.7131,debil,moderado
M32,1960-04-01,1961-09-01,1960-09-01,18,2.2248,fuerte,fuerte
M32,1965-06-01,1966-04-01,1965-09-01,11,1.4961,moderado,fuerte
M32,1969-06-01,1970-09-01,1970-07-01,16,1.9302,moderado,fuerte
M32,1974-06-01,1974-12-01,1974-08-01,7,1.2404,debil,fuerte
M32,1975-04-01,1976-05-01,1975-10-01,14,2.4279,fuerte,extremo
M32,1979-08-01,1979-11-01,1979-10-01,4,1.0134,debil,moderado
M32,1980-05-01,1981-12-01,1980-11-01,20,3.7196,extraordinario,extremo
M32,1984-07-01,1984-09-01,1984-08-01,3,0.7166,debil,moderado
M32,1985-04-01,1986-06-01,1985-11-01,15,2.8241,fuerte,extremo
M32,1990-04-01,1991-11-01,1990-12-01,20,2.8741,fuerte,extremo
M32,1995-04-01,1995-11-01,1995-08-01,8,1.6284,moderado,fuerte
M32,1996-07-01,1997-09-01,1996-10-01,15,2.0281,moderado,fuerte
M32,2000-06-01,2000-09-01,2000-08-01,4,0.9901,debil,moderado
M32,2001-05-01,2001-09-01,2001-08-01,5,1.1925,debil,moderado
M32,2003-04-01,2005-07-01,2004-10-01,28,3.3609,fuerte,extremo
M32,2009-07-01,2011-01-01,2010-09-01,19,2.4170,fuerte,extremo
M32,2014-05-01,2014-11-01,2014-11-01,7,2.2607,fuerte,fuerte
M33,1900-03-01,1901-01-01,1900-08-01,11,1.0707,debil,fuerte
M33,1901-06-01,1901-11-01,1901-09-01,6,0.6145,debil,moderado
M33,1904-03-01,1904-07-01,1904-05-01,5,0.6503,debil,moderado
M33,1908-04-01,1909-03-01,1908-08-01,12,2.0728,moderado,extremo
M33,1913-04-01,1913-07-01,1913-05-01,4,0.6908,debil,moderado
M33,1915-04-01,1915-06-01,1915-05-01,3,0.6058,debil,moderado
M33,1916-11-01,1918-02-01,1917-08-01,16,2.2128,fuerte,extremo
M33,1921-06-01,1921-08-01,1921-07-01,3,0.5799,debil,moderado
M33,1922-07-01,1922-11-01,1922-09-01,5,0.6758,debil,moderado
M33,1927-01-01,1927-04-01,1927-03-01,4,0.7551,debil,moderado
M33,1927-07-01,1927-09-01,1927-08-01,3,0.7922,debil,moderado
M33,1932-03-01,1932-06-01,1932-04-01,4,0.8607,debil,fuerte
M33,1935-03-01,1935-06-01,1935-04-01,4,0.6003,debil,moderado
M33,1937-02-01,1937-12-01,1937-05-01,11,1.2156,debil,fuerte
M33,1942-06-01,1942-09-01,1942-08-01,4,0.8407,debil,fuerte
M33,1943-07-01,1945-03-01,1944-06-01,21,2.1767,fuerte,extremo
M33,1948-02-01,1948-09-01,1948-05-01,8,0.8592,debil,fuerte
M33,1955-02-01,1955-04-01,1955-04-01,3,0.5177,debil,moderado
M33,1955-06-01,1955-10-01,1955-08-01,5,0.7626,debil,moderado
M33,1957-04-01,1957-09-01,1957-06-01,6,1.0277,debil,fuerte
M33,1962-05-01,1963-11-01,1963-05-01,19,2.7958,fuerte,extremo
M33,1967-05-01,1968-11-01,1968-05-01,19,1.6287,moderado,extremo
M33,1973-06-01,1973-09-01,1973-08-01,4,0.7360,debil,moderado
M33,1974-06-01,1975-04-01,1974-09-01,11,1.6313,moderado,extremo
M33,1977-08-01,1978-07-01,1977-09-01,12,0.9263,debil,fuerte
M33,1982-03-01,1983-02-01,1982-10-01,12,1.2273,debil,fuerte
M33,1983-04-01,1985-01-01,1983-06-01,22,1.1519,debil,fuerte
M33,1987-06-01,1987-11-01,1987-09-01,6,1.1338,debil,fuerte
M33,1993-04-01,1994-09-01,1994-05-01,18,1.9462,moderado,extremo
M33,1998-05-01,1998-09-01,1998-09-01,5,0.5322,debil,moderado
M33,2003-04-01,2004-09-01,2003-09-01,18,2.4912,fuerte,extremo
M33,2007-05-01,2007-07-01,2007-06-01,3,0.5042,debil,moderado
M33,2008-04-01,2009-05-01,2008-08-01,14,3.1664,fuerte,extremo
M33,2012-04-01,2014-04-01,2013-07-01,25,3.1090,fuerte,extremo
M34,1900-05-01,1900-08-01,1900-07-01,4,0.8079,debil,fuerte
M34,1901-04-01,1901-06-01,1901-05-01,3,0.7190,debil,fuerte
M34,1902-04-01,1902-11-01,1902-06-01,8,1.1300,debil,extremo
M34,1908-04-01,1910-01-01,1909-09-01,22,1.1571,debil,extremo
M34,1910-05-01,1910-12-01,1910-07-01,8,0.7181,debil,fuerte
M34,1911-10-01,1911-12-01,1911-12-01,3,0.6087,debil,fuerte
M34,1913-08-01,1914-01-01,1913-10-01,6,0.6143,debil,fuerte
M34,1915-12-01,1916-02-01,1916-01-01,3,0.4334,debil,moderado
M34,1923-09-01,1924-01-01,1923-11-01,5,0.9627,debil,fuerte
M34,1925-11-01,1926-07-01,1926-05-01,9,1.1890,debil,extremo
M34,1928-05-01,1929-01-01,1928-09-01,9,1.0373,debil,extremo
M34,1933-05-01,1933-08-01,1933-06-01,4,0.7651,debil,fuerte
M34,1935-09-01,1936-03-01,1935-12-01,7,1.5934,moderado,extremo
M34,1938-05-01,1938-07-01,1938-06-01,3,0.6334,debil,fuerte
M34,1944-04-01,1944-07-01,1944-05-01,4,0.6868,debil,fuerte
M34,1944-10-01,1945-01-01,1944-12-01,4,0.6358,debil,fuerte
M34,1948-01-01,1948-09-01,1948-02-01,9,0.7340,debil,fuerte
M34,1949-06-01,1949-11-01,1949-10-01,6,0.6640,debil,fuerte
M34,1951-08-01,1952-09-01,1951-10-01,14,1.3178,debil,extremo
M34,1960-08-01,1960-12-01,1960-11-01,5,0.5346,debil,fuerte
M34,1964-06-01,1965-01-01,1964-09-01,8,0.8581,debil,fuerte
M34,1965-03-01,1966-01-01,1965-08-01,11,1.1195,debil,extremo
M34,1966-06-01,1966-09-01,1966-08-01,4,0.6383,debil,fuerte
M34,1969-09-01,1970-01-01,1969-12-01,5,0.6012,debil,fuerte
M34,1970-08-01,1970-11-01,1970-09-01,4,0.6781,debil,fuerte
M34,1971-08-01,1972-05-01,1971-12-01,10,0.8710,debil,fuerte
M34,1979-05-01,1980-09-01,1980-07-01,17,1.0886,debil,extremo
M34,1981-03-01,1981-06-01,1981-05-01,4,0.5738,debil,fuerte
M34,1985-11-01,1987-01-01,1986-10-01,15,1.1573,debil,extremo
M34,1987-04-01,1988-02-01,1987-05-01,11,1.0308,debil,extremo
M34,1993-05-01,1993-12-01,1993-10-01,8,0.6893,debil,fuerte
M34,1994-03-01,1995-02-01,1994-11-01,12,1.0847,debil,extremo
M34,2001-07-01,2001-10-01,2001-08-01,4,0.7657,debil,fuerte
M34,2002-09-01,2003-02-01,2003-01-01,6,0.5315,debil,fuerte
M34,2009-05-01,2009-12-01,2009-07-01,8,0.9302,debil,fuerte
M34,2011-06-01,2012-01-01,2011-07-01,8,1.0367,debil,extremo
M34,2012-03-01,2013-03-01,2012-06-01,13,1.5159,moderado,extremo
M34,2013-05-01,2014-08-01,2013-08-01,16,0.9385,debil,fuerte
M35,1904-04-01,1905-12-01,1905-03-01,21,1.9853,moderado,extremo
M35,1910-08-01,1910-11-01,1910-10-01,4,0.5585,debil,moderado
M35,1913-04-01,1914-09-01,1913-10-01,18,1.9264,moderado,extremo
M35,1919-11-01,1920-03-01,1920-01-01,5,1.0721,debil,fuerte
M35,1920-08-01,1920-11-01,1920-09-01,4,0.8356,debil,fuerte
M35,1923-03-01,1923-09-01,1923-06-01,7,1.4707,moderado,extremo
M35,1926-04-01,1926-10-01,1926-07-01,7,1.6864,moderado,extremo
M35,1927-05-01,1927-07-01,1927-05-01,3,0.5304,debil,moderado
M35,1928-01-01,1928-11-01,1928-05-01,11,0.8067,debil,fuerte
M35,1934-02-01,1934-07-01,1934-05-01,6,1.4585,moderado,extremo
M35,1935-05-01,1935-10-01,1935-09-01,6,0.6132,debil,moderado
M35,1937-03-01,1937-05-01,1937-04-01,3,0.6853,debil,moderado
M35,1940-01-01,1940-10-01,1940-08-01,10,0.9245,debil,fuerte
M35,1941-09-01,1943-03-01,1942-07-01,19,2.2423,fuerte,extremo
M35,1945-07-01,1945-11-01,1945-10-01,5,0.6675,debil,moderado
M35,1946-08-01,1947-01-01,1946-12-01,6,0.6832,debil,moderado
M35,1949-03-01,1949-10-01,1949-06-01,8,0.7843,debil,fuerte
M35,1950-10-01,1952-04-01,1951-04-01,19,1.8546,moderado,extremo
M35,1952-06-01,1952-08-01,1952-07-01,3,0.4660,debil,moderado
M35,1959-05-01,1961-12-01,1960-07-01,32,1.8573,moderado,extremo
M35,1965-07-01,1965-09-01,1965-07-01,3,0.4919,debil,moderado
M35,1967-06-01,1968-04-01,1967-08-01,11,1.4592,moderado,extremo
M35,1972-11-01,1973-11-01,1973-08-01,13,1.2614,debil,fuerte
M35,1979-07-01,1980-01-01,1979-10-01,7,1.0490,debil,fuerte
M35,1980-05-01,1980-09-01,1980-07-01,5,0.7569,debil,fuerte
M35,1981-01-01,1981-06-01,1981-05-01,6,0.7554,debil,fuerte
M35,1982-01-01,1982-06-01,1982-04-01,6,0.8648,debil,fuerte
M35,1984-05-01,1984-09-01,1984-07-01,5,0.6566,debil,moderado
M35,1985-01-01,1986-01-01,1985-10-01,13,1.4286,moderado,extremo
M35,1987-02-01,1987-07-01,1987-06-01,6,1.1607,debil,fuerte
M35,1989-07-01,1989-10-01,1989-09-01,4,0.5541,debil,moderado
M35,1990-09-01,1991-01-01,1990-11-01,5,0.7606,debil,fuerte
M35,1992-05-01,1993-09-01,1992-10-01,17,1.3314,debil,fuerte
M35,1996-07-01,1997-08-01,1997-02-01,14,0.9604,debil,fuerte
M35,1998-06-01,1998-09-01,1998-07-01,4,0.7090,debil,moderado
M35,2000-05-01,2000-08-01,2000-07-01,4,1.0525,debil,fuerte
M35,2001-01-01,2001-04-01,2001-03-01,4,0.6149,debil,moderado
M35,2002-05-01,2002-07-01,2002-06-01,3,0.4950,debil,moderado
M35,2002-09-01,2002-11-01,2002-10-01,3,0.4722,debil,moderado
M35,2003-02-01,2003-11-01,2003-07-01,10,1.5122,moderado,extremo
M35,2007-10-01,2008-10-01,2008-09-01,13,0.8312,debil,fuerte
M35,2010-03-01,2010-08-01,2010-06-01,6,0.8720,debil,fuerte
M35,2011-07-01,2012-04-01,2011-11-01,10,1.3849,moderado,fuerte
M35,2012-08-01,2012-10-01,2012-09-01,3,0.7590,debil,fuerte
M36,1901-07-01,1902-05-01,1901-12-01,11,0.9892,debil,fuerte
M36,1903-12-01,1905-08-01,1905-05-01,21,2.0798,moderado,extremo
M36,1907-10-01,1908-09-01,1908-07-01,12,1.2241,debil,fuerte
M36,1909-02-01,1909-09-01,1909-06-01,8,0.7983,debil,fuerte
M36,1911-10-01,1912-04-01,1912-04-01,7,0.5387,debil,moderado
M36,1921-12-01,1923-10-01,1923-01-01,23,2.1257,moderado,extremo
M36,1926-11-01,1927-05-01,1927-02-01,7,0.7410,debil,moderado
M36,1935-04-01,1936-10-01,1936-05-01,19,2.5748,fuerte,extremo
M36,1937-10-01,1938-02-01,1937-12-01,5,0.6264,debil,moderado
M36,1944-01-01,1944-09-01,1944-04-01,9,1.2062,debil,fuerte
M36,1945-07-01,1946-02-01,1945-11-01,8,1.0244,debil,fuerte
M36,1947-03-01,1947-05-01,1947-03-01,3,0.5248,debil,moderado
M36,1947-07-01,1948-07-01,1948-03-01,13,1.4204,moderado,fuerte
M36,1951-08-01,1951-10-01,1951-09-01,3,0.6275,debil,moderado
M36,1954-06-01,1955-09-01,1955-06-01,16,1.3948,moderado,fuerte
M36,1957-08-01,1958-08-01,1958-01-01,13,1.1549,debil,fuerte
M36,1962-02-01,1962-07-01,1962-04-01,6,0.8192,debil,fuerte
M36,1963-01-01,1963-03-01,1963-02-01,3,0.6017,debil,moderado
M36,1963-11-01,1964-06-01,1964-01-01,8,0.7247,debil,moderado
M36,1968-02-01,1968-04-01,1968-03-01,3,0.4383,debil,moderado
M36,1970-05-01,1971-04-01,1970-12-01,12,1.4170,moderado,fuerte
M36,1974-04-01,1975-06-01,1975-01-01,15,1.4586,moderado,fuerte
M36,1978-05-01,1979-06-01,1978-08-01,14,1.2953,debil,fuerte
M36,1980-11-01,1981-05-01,1981-03-01,7,0.8488,debil,fuerte
M36,1982-11-01,1983-02-01,1982-12-01,4,0.6557,debil,moderado
M36,1984-10-01,1986-06-01,1985-12-01,21,1.3548,moderado,fuerte
M36,1987-03-01,1988-03-01,1987-09-01,13,1.0223,debil,fuerte
M36,1990-07-01,1991-08-01,1991-01-01,14,1.1405,debil,fuerte
M36,1994-11-01,1995-05-01,1995-02-01,7,1.1117,debil,fuerte
M36,1997-11-01,1998-06-01,1998-04-01,8,0.9983,debil,fuerte
M36,2000-06-01,2001-09-01,2001-06-01,16,2.5598,fuerte,extremo
M36,2004-09-01,2006-02-01,2005-05-01,18,1.7480,moderado,extremo
M36,2007-10-01,2009-05-01,2007-12-01,20,1.5799,moderado,extremo
M36,2012-01-01,2012-03-01,2012-01-01,3,0.5284,debil,moderado
M36,2012-06-01,2013-04-01,2012-12-01,11,0.8071,debil,fuerte
M37,1903-07-01,1904-08-01,1904-01-01,14,1.1018,debil,fuerte
M37,1908-11-01,1909-12-01,1909-06-01,14,1.2535,debil,fuerte
M37,1912-07-01,1913-07-01,1912-09-01,13,2.0360,moderado,extremo
M37,1915-04-01,1916-04-01,1915-09-01,13,1.5138,moderado,extremo
M37,1918-03-01,1918-05-01,1918-03-01,3,0.5448,debil,moderado
M37,1918-09-01,1920-01-01,1919-02-01,17,0.8714,debil,fuerte
M37,1923-03-01,1923-06-01,1923-05-01,4,0.6692,debil,moderado
M37,1923-08-01,1924-04-01,1923-10-01,9,0.6869,debil,moderado
M37,1927-05-01,1927-09-01,1927-07-01,5,0.8479,debil,fuerte
M37,1929-12-01,1930-06-01,1930-04-01,7,1.2536,debil,fuerte
M37,1931-03-01,1932-03-01,1932-01-01,13,1.0349,debil,fuerte
M37,1935-06-01,1936-03-01,1935-08-01,10,1.3022,debil,fuerte
M37,1939-08-01,1939-10-01,1939-09-01,3,0.5390,debil,moderado
M37,1940-05-01,1941-02-01,1940-08-01,10,1.5951,moderado,extremo
M37,1947-07-01,1948-05-01,1947-12-01,11,0.5949,debil,moderado
M37,1949-09-01,1949-12-01,1949-10-01,4,0.5078,debil,moderado
M37,1950-09-01,1950-12-01,1950-12-01,4,0.5136,debil,moderado
M37,1954-04-01,1955-12-01,1954-09-01,21,2.0598,moderado,extremo
M37,1957-03-01,1957-12-01,1957-05-01,10,0.8219,debil,fuerte
M37,1958-05-01,1959-01-01,1958-11-01,9,0.7614,debil,fuerte
M37,1959-05-01,1959-07-01,1959-06-01,3,0.6077,debil,moderado
M37,1964-12-01,1967-01-01,1965-05-01,26,2.0934,moderado,extremo
M37,1970-08-01,1971-02-01,1970-12-01,7,1.3348,debil,fuerte
M37,1974-01-01,1974-07-01,1974-06-01,7,0.7974,debil,fuerte
M37,1976-04-01,1976-09-01,1976-06-01,6,1.0509,debil,fuerte
M37,1980-01-01,1980-03-01,1980-02-01,3,0.5911,debil,moderado
M37,1981-05-01,1983-09-01,1981-12-01,29,1.1031,debil,fuerte
M37,1985-08-01,1985-11-01,1985-10-01,4,0.6004,debil,moderado
M37,1989-08-01,1989-11-01,1989-10-01,4,0.5648,debil,moderado
M37,1990-10-01,1991-07-01,1991-03-01,10,0.6477,debil,moderado
M37,1997-02-01,1997-05-01,1997-03-01,4,0.5470,debil,moderado
M37,1998-12-01,1999-04-01,1999-04-01,5,0.7416,debil,moderado
M37,2000-04-01,2001-08-01,2000-12-01,17,2.0117,moderado,extremo
M37,2003-04-01,2003-11-01,2003-09-01,8,1.3939,moderado,fuerte
M37,2006-07-01,2007-01-01,2006-08-01,7,1.1552,debil,fuerte
M37,2007-05-01,2007-07-01,2007-06-01,3,0.6158,debil,moderado
M37,2008-06-01,2009-05-01,2008-12-01,12,1.2495,debil,fuerte
M37,2010-02-01,2010-05-01,2010-03-01,4,0.7367,debil,moderado
M37,2011-01-01,2011-04-01,2011-03-01,4,0.6935,debil,moderado
M37,2012-11-01,2014-05-01,2013-05-01,19,2.0777,moderado,extremo
M38,1900-05-01,1900-07-01,1900-06-01,3,0.7287,debil,moderado
M38,1902-03-01,1904-01-01,1903-11-01,23,1.9975,moderado,fuerte
M38,1911-01-01,1912-02-01,1911-06-01,14,2.0405,moderado,fuerte
M38,1912-07-01,1914-05-01,1912-11-01,23,1.1146,debil,fuerte
M38,1914-07-01,1914-12-01,1914-10-01,6,0.7351,debil,moderado
M38,1918-03-01,1918-08-01,1918-05-01,6,0.5595,debil,moderado
M38,1919-04-01,1920-07-01,1919-07-01,16,2.7703,fuerte,extremo
M38,1921-04-01,1921-08-01,1921-06-01,5,0.8232,debil,moderado
M38,1930-08-01,1931-06-01,1931-01-01,11,1.6938,moderado,fuerte
M38,1933-02-01,1935-01-01,1933-07-01,24,2.1407,moderado,fuerte
M38,1939-01-01,1940-12-01,1940-01-01,24,1.3068,debil,fuerte
M38,1942-05-01,1942-07-01,1942-05-01,3,0.5472,debil,moderado
M38,1945-07-01,1945-11-01,1945-09-01,5,0.8427,debil,moderado
M38,1947-06-01,1948-08-01,1948-01-01,15,1.5665,moderado,fuerte
M38,1950-02-01,1952-03-01,1950-10-01,26,1.1100,debil,fuerte
M38,1953-03-01,1954-02-01,1953-04-01,12,1.2223,debil,fuerte
M38,1959-07-01,1959-12-01,1959-09-01,6,0.7131,debil,moderado
M38,1960-10-01,1963-01-01,1961-10-01,28,3.4692,fuerte,extremo
M38,1972-03-01,1972-09-01,1972-04-01,7,0.8350,debil,moderado
M38,1974-03-01,1976-02-01,1974-12-01,24,2.7954,fuerte,extremo
M38,1977-01-01,1977-06-01,1977-03-01,6,1.3907,moderado,fuerte
M38,1977-08-01,1980-01-01,1979-10-01,30,2.0133,moderado,fuerte
M38,1989-07-01,1991-02-01,1990-07-01,20,3.1864,fuerte,extremo
M38,1993-05-01,1995-01-01,1994-07-01,21,1.9171,moderado,fuerte
M38,1995-12-01,1997-02-01,1996-11-01,15,1.5758,moderado,fuerte
M38,2003-01-01,2006-02-01,2005-01-01,38,3.1966,fuerte,extremo
M38,2012-05-01,2013-05-01,2012-08-01,13,1.8646,moderado,fuerte
M38,2013-08-01,2014-11-01,2014-08-01,16,2.8166,fuerte,extremo
M39,1900-07-01,1901-01-01,1900-08-01,7,0.5697,debil,moderado
M39,1903-04-01,1904-09-01,1903-11-01,18,1.9869,moderado,extremo
M39,1906-05-01,1907-01-01,1906-08-01,9,0.9565,debil,moderado
M39,1910-04-01,1911-02-01,1910-08-01,11,1.8659,moderado,fuerte
M39,1913-11-01,1914-07-01,1914-01-01,9,0.5627,debil,moderado
M39,1915-08-01,1916-01-01,1915-12-01,6,1.1356,debil,fuerte
M39,1916-07-01,1917-04-01,1916-12-01,10,1.5133,moderado,fuerte
M39,1919-05-01,1920-02-01,1919-08-01,10,1.2574,debil,fuerte
M39,1922-05-01,1922-10-01,1922-07-01,6,1.5589,moderado,fuerte
M39,1923-06-01,1924-07-01,1923-10-01,14,2.5204,fuerte,extremo
M39,1927-05-01,1928-03-01,1927-08-01,11,1.9074,moderado,fuerte
M39,1930-05-01,1931-04-01,1930-11-01,12,1.9159,moderado,fuerte
M39,1933-04-01,1934-06-01,1933-09-01,15,2.5584,fuerte,extremo
M39,1936-06-01,1937-03-01,1936-12-01,10,1.0835,debil,fuerte
M39,1942-05-01,1943-04-01,1942-08-01,12,1.7075,moderado,fuerte
M39,1943-10-01,1944-03-01,1944-01-01,6,0.8050,debil,moderado
M39,1947-04-01,1948-02-01,1947-07-01,11,2.3681,fuerte,extremo
M39,1951-03-01,1952-10-01,1951-11-01,20,3.9572,extraordinario,extremo
M39,1954-05-01,1955-03-01,1954-11-01,11,1.0702,debil,fuerte
M39,1955-09-01,1956-03-01,1955-12-01,7,0.9993,debil,moderado
M39,1956-10-01,1957-02-01,1956-12-01,5,0.9666,debil,moderado
M39,1959-05-01,1959-07-01,1959-06-01,3,0.6858,debil,moderado
M39,1964-06-01,1964-12-01,1964-08-01,7,1.2982,debil,fuerte
M39,1970-05-01,1971-05-01,1970-11-01,13,2.9290,fuerte,extremo
M39,1973-03-01,1974-02-01,1973-06-01,12,0.9579,debil,moderado
M39,1975-05-01,1976-05-01,1975-11-01,13,2.4410,fuerte,extremo
M39,1979-04-01,1980-04-01,1979-07-01,13,2.0320,moderado,extremo
M39,1983-05-01,1984-06-01,1983-12-01,14,2.3555,fuerte,extremo
M39,1987-08-01,1987-12-01,1987-09-01,5,0.5950,debil,moderado
M39,1990-05-01,1991-01-01,1990-07-01,9,1.2212,debil,fuerte
M39,1993-05-01,1994-02-01,1993-12-01,10,0.8456,debil,moderado
M39,1996-06-01,1996-12-01,1996-09-01,7,1.1502,debil,fuerte
M39,1999-01-01,1999-03-01,1999-02-01,3,0.5616,debil,moderado
M39,2002-05-01,2002-07-01,2002-06-01,3,0.5538,debil,moderado
M39,2003-06-01,2004-02-01,2003-08-01,9,1.3607,moderado,fuerte
M39,2004-10-01,2005-02-01,2005-01-01,5,1.0114,debil,fuerte
M39,2006-03-01,2006-07-01,2006-05-01,5,0.9751,debil,moderado
M39,2007-04-01,2007-11-01,2007-07-01,8,1.0753,debil,fuerte
M39,2009-03-01,2011-03-01,2010-08-01,25,1.7519,moderado,fuerte
M39,2011-07-01,2012-05-01,2011-09-01,11,0.6243,debil,moderado
M39,2014-03-01,2014-11-01,2014-07-01,9,0.8527,debil,moderado
M40,1900-02-01,1900-04-01,1900-02-01,3,0.7379,debil,fuerte
M40,1902-05-01,1903-03-01,1902-09-01,11,1.4329,moderado,extremo
M40,1906-05-01,1907-07-01,1907-05-01,15,1.0564,debil,fuerte
M40,1912-04-01,1912-09-01,1912-06-01,6,1.1497,debil,fuerte
M40,1914-01-01,1914-09-01,1914-06-01,9,0.9731,debil,fuerte
M40,1916-03-01,1916-06-01,1916-05-01,4,0.9222,debil,fuerte
M40,1918-08-01,1919-03-01,1918-12-01,8,0.9788,debil,fuerte
M40,1924-03-01,1924-12-01,1924-08-01,10,1.0162,debil,fuerte
M40,1928-12-01,1930-09-01,1930-05-01,22,2.3022,fuerte,extremo
M40,1932-05-01,1932-09-01,1932-06-01,5,1.1248,debil,fuerte
M40,1935-05-01,1936-09-01,1935-08-01,17,2.3253,fuerte,extremo
M40,1941-12-01,1942-06-01,1942-03-01,7,0.6682,debil,fuerte
M40,1942-08-01,1942-10-01,1942-10-01,3,0.5471,debil,moderado
M40,1943-08-01,1944-06-01,1944-04-01,11,1.0632,debil,fuerte
M40,1947-01-01,1947-06-01,1947-05-01,6,0.6050,debil,moderado
M40,1947-10-01,1947-12-01,1947-10-01,3,0.5689,debil,moderado
M40,1948-03-01,1948-06-01,1948-04-01,4,0.9054,debil,fuerte
M40,1953-09-01,1955-02-01,1954-06-01,18,2.0727,moderado,extremo
M40,1957-12-01,1958-02-01,1958-02-01,3,0.5487,debil,moderado
M40,1959-05-01,1959-08-01,1959-06-01,4,0.7832,debil,fuerte
M40,1961-08-01,1961-11-01,1961-09-01,4,0.8255,debil,fuerte
M40,1962-01-01,1962-12-01,1962-09-01,12,1.0296,debil,fuerte
M40,1964-12-01,1966-09-01,1966-06-01,22,2.2080,fuerte,extremo
M40,1969-01-01,1969-04-01,1969-03-01,4,0.5704,debil,moderado
M40,1970-04-01,1970-11-01,1970-06-01,8,0.7605,debil,fuerte
M40,1978-01-01,1978-03-01,1978-02-01,3,0.5063,debil,moderado
M40,1981-07-01,1982-04-01,1981-10-01,10,1.0446,debil,fuerte
M40,1982-07-01,1982-11-01,1982-09-01,5,0.7803,debil,fuerte
M40,1983-09-01,1984-04-01,1983-12-01,8,0.8071,debil,fuerte
M40,1985-12-01,1987-01-01,1986-06-01,14,1.7272,moderado,extremo
M40,1989-09-01,1989-12-01,1989-10-01,4,0.5769,debil,moderado
M40,1990-02-01,1990-04-01,1990-03-01,3,0.5642,debil,moderado
M40,1993-05-01,1993-11-01,1993-08-01,7,1.2112,debil,fuerte
M40,1997-06-01,1998-04-01,1997-07-01,11,0.8235,debil,fuerte
M40,2001-12-01,2002-06-01,2002-04-01,7,0.7077,debil,fuerte
M40,2005-10-01,2006-01-01,2005-12-01,4,0.5415,debil,moderado
M40,2006-04-01,2006-06-01,2006-05-01,3,0.6528,debil,fuerte
M40,2006-11-01,2007-01-01,2006-11-01,3,0.5254,debil,moderado
M40,2009-12-01,2010-10-01,2010-06-01,11,0.8741,debil,fuerte
M40,2012-12-01,2014-02-01,2013-09-01,15,1.1336,debil,fuerte
OBS,1900-02-01,1900-06-01,1900-02-01,5,0.8664,debil,moderado
OBS,1901-10-01,1901-12-01,1901-11-01,3,1.4785,moderado,fuerte
OBS,1902-04-01,1902-12-01,1902-06-01,9,1.3378,debil,fuerte
OBS,1904-06-01,1904-11-01,1904-08-01,6,1.1409,debil,fuerte
OBS,1905-04-01,1906-02-01,1905-06-01,11,1.2354,debil,fuerte
OBS,1911-07-01,1912-04-01,1912-01-01,10,1.4306,moderado,fuerte
OBS,1913-09-01,1914-02-01,1913-12-01,6,1.3658,moderado,fuerte
OBS,1914-11-01,1915-07-01,1915-03-01,9,0.8237,debil,moderado
OBS,1917-05-01,1917-08-01,1917-07-01,4,0.7802,debil,moderado
OBS,1918-03-01,1919-06-01,1918-07-01,16,2.4610,fuerte,extremo
OBS,1923-05-01,1923-08-01,1923-06-01,4,1.1851,debil,fuerte
OBS,1925-02-01,1926-04-01,1925-07-01,15,1.3780,moderado,fuerte
OBS,1930-06-01,1931-03-01,1930-11-01,10,1.7403,moderado,fuerte
OBS,1932-02-01,1932-07-01,1932-05-01,6,1.2018,debil,fuerte
OBS,1939-03-01,1942-01-01,1941-05-01,35,1.7733,moderado,fuerte
OBS,1943-01-01,1943-10-01,1943-07-01,10,0.9174,debil,moderado
OBS,1944-03-01,1944-09-01,1944-07-01,7,0.8104,debil,moderado
OBS,1945-01-01,1946-02-01,1946-01-01,14,2.1393,moderado,extremo
OBS,1951-05-01,1952-01-01,1951-07-01,9,2.0444,moderado,extremo
OBS,1953-02-01,1953-10-01,1953-04-01,9,1.5399,moderado,fuerte
OBS,1957-03-01,1958-07-01,1957-06-01,17,2.7268,fuerte,extremo
OBS,1963-08-01,1963-11-01,1963-09-01,4,0.6851,debil,moderado
OBS,1965-03-01,1966-01-01,1965-05-01,11,2.0048,moderado,extremo
OBS,1968-09-01,1968-12-01,1968-10-01,4,0.4815,debil,moderado
OBS,1969-03-01,1970-01-01,1969-05-01,11,1.5850,moderado,fuerte
OBS,1972-02-01,1973-02-01,1972-07-01,13,2.3228,fuerte,extremo
OBS,1976-04-01,1977-01-01,1976-07-01,10,1.7319,moderado,fuerte
OBS,1979-08-01,1979-11-01,1979-10-01,4,0.6450,debil,moderado
OBS,1982-06-01,1983-11-01,1983-06-01,18,4.2034,extraordinario,extremo
OBS,1986-12-01,1987-12-01,1987-04-01,13,1.5780,moderado,fuerte
OBS,1991-07-01,1992-06-01,1992-04-01,12,1.8977,moderado,extremo
OBS,1993-03-01,1993-09-01,1993-05-01,7,1.1852,debil,fuerte
OBS,1994-11-01,1995-01-01,1994-12-01,3,0.6431,debil,moderado
OBS,1997-03-01,1998-09-01,1997-11-01,19,3.9152,extraordinario,extremo
OBS,2002-03-01,2002-05-01,2002-04-01,3,0.7393,debil,moderado
OBS,2002-10-01,2002-12-01,2002-11-01,3,0.7340,debil,moderado
OBS,2006-08-01,2007-01-01,2006-10-01,6,0.9029,debil,moderado
OBS,2008-05-01,2008-09-01,2008-08-01,5,1.0622,debil,fuerte
OBS,2009-05-01,2009-09-01,2009-07-01,5,0.7097,debil,moderado
OBS,2012-03-01,2012-07-01,2012-05-01,5,0.9083,debil,moderado
OBS,2014-05-01,2014-11-01,2014-06-01,7,1.1515,debil,fuerte
