== Paso 00: bash scripts/00_setup_env.sh ==
Entorno verificado: cdo=Climate Data Operators version 2.4.0 (https://mpimet.mpg.de/cdo), python3=Python 3.12.2
Estructura de carpetas lista bajo /home/jonathan/personal/e1_smn/data y /home/jonathan/personal/e1_smn/logs
Pipeline completo.
== Paso 00: bash scripts/00_setup_env.sh ==
Entorno verificado: cdo=Climate Data Operators version 2.4.0 (https://mpimet.mpg.de/cdo), python3=Python 3.12.2
Estructura de carpetas lista bajo /home/jonathan/personal/e1_smn/data y /home/jonathan/personal/e1_smn/logs
Pipeline completo.
== Paso 00: bash scripts/00_setup_env.sh ==
Entorno verificado: cdo=Climate Data Operators version 2.4.0 (https://mpimet.mpg.de/cdo), python3=Python 3.12.2
Estructura de carpetas lista bajo /home/jonathan/personal/e1_smn/data y /home/jonathan/personal/e1_smn/logs
== Paso 00b: python3 scripts/00b_build_model_list.py config/models_seed_cmip6.csv ==
Modelos CMIP6 con tos/Omon publicado: 102
[1/102] ACCESS-CM2: seleccionado (categoria=completo) -> grid=gn (250.0 km)
[2/102] ACCESS-ESM1-5: seleccionado (categoria=completo) -> grid=gn (250.0 km)
  ESGF respondio 500 en https://esgf-node.ipsl.upmc.fr/esg-search/search -- reintento 1/6 en 6s
  ESGF respondio 500 en https://esgf-node.ipsl.upmc.fr/esg-search/search -- reintento 2/6 en 10s
  ESGF respondio 500 en https://esgf-node.ipsl.upmc.fr/esg-search/search -- reintento 3/6 en 20s
  ESGF respondio 500 en https://esgf-node.ipsl.upmc.fr/esg-search/search -- reintento 4/6 en 40s
  ESGF respondio 500 en https://esgf-node.ipsl.upmc.fr/esg-search/search -- reintento 5/6 en 81s
[3/102] ACCESS-OM2: descartado (categoria=sin_tos)
  ESGF respondio 500 en https://esgf-node.ipsl.upmc.fr/esg-search/search -- reintento 1/6 en 6s
  ESGF respondio 500 en https://esgf-node.ipsl.upmc.fr/esg-search/search -- reintento 2/6 en 10s
  ESGF respondio 500 en https://esgf-node.ipsl.upmc.fr/esg-search/search -- reintento 3/6 en 21s
  ESGF respondio 500 en https://esgf-node.ipsl.upmc.fr/esg-search/search -- reintento 4/6 en 41s
  ESGF respondio 500 en https://esgf-node.ipsl.upmc.fr/esg-search/search -- reintento 5/6 en 81s
[4/102] ACCESS-OM2-025: descartado (categoria=sin_tos)
  ESGF respondio 500 en https://esgf-node.ipsl.upmc.fr/esg-search/search -- reintento 1/6 en 5s
  ESGF respondio 500 en https://esgf-node.ipsl.upmc.fr/esg-search/search -- reintento 2/6 en 10s
  ESGF respondio 500 en https://esgf-node.ipsl.upmc.fr/esg-search/search -- reintento 3/6 en 20s
  ESGF respondio 500 en https://esgf-node.ipsl.upmc.fr/esg-search/search -- reintento 4/6 en 41s
  ESGF respondio 500 en https://esgf-node.ipsl.upmc.fr/esg-search/search -- reintento 5/6 en 80s
[5/102] AWI-CM-1-1-HR: descartado (categoria=sin_tos)
  ESGF respondio 500 en https://esgf-node.ipsl.upmc.fr/esg-search/search -- reintento 1/6 en 6s
  ESGF respondio 500 en https://esgf-node.ipsl.upmc.fr/esg-search/search -- reintento 2/6 en 10s
  ESGF respondio 500 en https://esgf-node.ipsl.upmc.fr/esg-search/search -- reintento 3/6 en 21s
  ESGF respondio 500 en https://esgf-node.ipsl.upmc.fr/esg-search/search -- reintento 4/6 en 40s
  ESGF respondio 500 en https://esgf-node.ipsl.upmc.fr/esg-search/search -- reintento 5/6 en 80s
[6/102] AWI-CM-1-1-LR: descartado (categoria=sin_tos)
[7/102] AWI-CM-1-1-MR: seleccionado (categoria=completo) -> grid=gn (25.0 km)
[8/102] AWI-ESM-1-1-LR: descartado (categoria=solo_historical)
  ESGF respondio 500 en https://esgf-node.ipsl.upmc.fr/esg-search/search -- reintento 1/6 en 5s
  ESGF respondio 500 en https://esgf-node.ipsl.upmc.fr/esg-search/search -- reintento 2/6 en 10s
  ESGF respondio 500 en https://esgf-node.ipsl.upmc.fr/esg-search/search -- reintento 3/6 en 21s
  ESGF respondio 500 en https://esgf-node.ipsl.upmc.fr/esg-search/search -- reintento 4/6 en 41s
  ESGF respondio 500 en https://esgf-node.ipsl.upmc.fr/esg-search/search -- reintento 5/6 en 81s
[9/102] BCC-CSM2-HR: descartado (categoria=sin_tos)
[10/102] BCC-CSM2-MR: descartado (categoria=falta_ssp245_ssp585)
[11/102] BCC-ESM1: descartado (categoria=falta_ssp245_ssp585)
[12/102] CAMS-CSM1-0: seleccionado (categoria=completo) -> grid=gn (100.0 km)
[13/102] CAS-ESM2-0: seleccionado (categoria=completo) -> grid=gn (100.0 km)
  ESGF respondio 500 en https://esgf-node.ipsl.upmc.fr/esg-search/search -- reintento 1/6 en 6s
  ESGF respondio 500 en https://esgf-node.ipsl.upmc.fr/esg-search/search -- reintento 2/6 en 10s
  ESGF respondio 500 en https://esgf-node.ipsl.upmc.fr/esg-search/search -- reintento 3/6 en 21s
  ESGF respondio 500 en https://esgf-node.ipsl.upmc.fr/esg-search/search -- reintento 4/6 en 40s
  ESGF respondio 500 en https://esgf-node.ipsl.upmc.fr/esg-search/search -- reintento 5/6 en 80s
[14/102] CESM1-1-CAM5-CMIP5: descartado (categoria=sin_tos)
  ESGF respondio 500 en https://esgf-node.ipsl.upmc.fr/esg-search/search -- reintento 1/6 en 5s
  ESGF respondio 500 en https://esgf-node.ipsl.upmc.fr/esg-search/search -- reintento 2/6 en 10s
  ESGF respondio 500 en https://esgf-node.ipsl.upmc.fr/esg-search/search -- reintento 3/6 en 20s
  ESGF respondio 500 en https://esgf-node.ipsl.upmc.fr/esg-search/search -- reintento 4/6 en 41s
  ESGF respondio 500 en https://esgf-node.ipsl.upmc.fr/esg-search/search -- reintento 5/6 en 80s
[15/102] CESM1-CAM5-SE-HR: descartado (categoria=sin_tos)
  ESGF respondio 500 en https://esgf-node.ipsl.upmc.fr/esg-search/search -- reintento 1/6 en 6s
  ESGF respondio 500 en https://esgf-node.ipsl.upmc.fr/esg-search/search -- reintento 2/6 en 10s
  ESGF respondio 500 en https://esgf-node.ipsl.upmc.fr/esg-search/search -- reintento 3/6 en 21s
  ESGF respondio 500 en https://esgf-node.ipsl.upmc.fr/esg-search/search -- reintento 4/6 en 40s
  ESGF respondio 500 en https://esgf-node.ipsl.upmc.fr/esg-search/search -- reintento 5/6 en 81s
[16/102] CESM1-CAM5-SE-LR: descartado (categoria=sin_tos)
[17/102] CESM2: seleccionado (categoria=completo) -> grid=gn (100.0 km)
[18/102] CESM2-FV2: descartado (categoria=falta_ssp245)
[19/102] CESM2-WACCM: seleccionado (categoria=completo) -> grid=gn (100.0 km)
[20/102] CESM2-WACCM-FV2: descartado (categoria=solo_historical)
[21/102] CIESM: descartado (categoria=falta_ssp370)
[22/102] CMCC-CM2-HR4: descartado (categoria=solo_historical)
[23/102] CMCC-CM2-SR5: descartado (categoria=solo_historical)
  ESGF respondio 500 en https://esgf-node.ipsl.upmc.fr/esg-search/search -- reintento 1/6 en 6s
  ESGF respondio 500 en https://esgf-node.ipsl.upmc.fr/esg-search/search -- reintento 2/6 en 10s
  ESGF respondio 500 en https://esgf-node.ipsl.upmc.fr/esg-search/search -- reintento 3/6 en 20s
  ESGF respondio 500 en https://esgf-node.ipsl.upmc.fr/esg-search/search -- reintento 4/6 en 41s
  ESGF respondio 500 en https://esgf-node.ipsl.upmc.fr/esg-search/search -- reintento 5/6 en 80s
[24/102] CMCC-CM2-VHR4: descartado (categoria=sin_tos)
[25/102] CMCC-ESM2: seleccionado (categoria=completo) -> grid=gn (100.0 km)
[26/102] CNRM-CM6-1: seleccionado (categoria=completo) -> grid=gn (100.0 km)
[27/102] CNRM-CM6-1-HR: seleccionado (categoria=completo) -> grid=gn (25.0 km)
[28/102] CNRM-ESM2-1: seleccionado (categoria=completo) -> grid=gn (100.0 km)
[29/102] CanESM5: seleccionado (categoria=completo) -> grid=gn (100.0 km)
[30/102] CanESM5-1: seleccionado (categoria=completo) -> grid=gn (100.0 km)
[31/102] CanESM5-CanOE: seleccionado (categoria=completo) -> grid=gn (100.0 km)
[32/102] E3SM-1-0: descartado (categoria=falta_ssp245)
[33/102] E3SM-1-1: descartado (categoria=falta_ssp245_ssp370)
[34/102] E3SM-1-1-ECA: descartado (categoria=falta_ssp245_ssp370)
[35/102] E3SM-2-0: descartado (categoria=falta_ssp245_ssp585)
[36/102] E3SM-2-0-NARRM: descartado (categoria=solo_historical)
[37/102] E3SM-2-1: descartado (categoria=solo_historical)
[38/102] EC-Earth3: seleccionado (categoria=completo) -> grid=gn (100.0 km)
[39/102] EC-Earth3-AerChem: descartado (categoria=falta_ssp245_ssp585)
[40/102] EC-Earth3-CC: descartado (categoria=falta_ssp370)
  ESGF respondio 500 en https://esgf-node.ipsl.upmc.fr/esg-search/search -- reintento 1/6 en 5s
  ESGF respondio 500 en https://esgf-node.ipsl.upmc.fr/esg-search/search -- reintento 2/6 en 10s
  ESGF respondio 500 en https://esgf-node.ipsl.upmc.fr/esg-search/search -- reintento 3/6 en 21s
  ESGF respondio 500 en https://esgf-node.ipsl.upmc.fr/esg-search/search -- reintento 4/6 en 41s
  ESGF respondio 500 en https://esgf-node.ipsl.upmc.fr/esg-search/search -- reintento 5/6 en 81s
[41/102] EC-Earth3-HR: descartado (categoria=sin_tos)
  ESGF respondio 500 en https://esgf-node.ipsl.upmc.fr/esg-search/search -- reintento 1/6 en 5s
  ESGF respondio 500 en https://esgf-node.ipsl.upmc.fr/esg-search/search -- reintento 2/6 en 10s
  ESGF respondio 500 en https://esgf-node.ipsl.upmc.fr/esg-search/search -- reintento 3/6 en 21s
  ESGF respondio 500 en https://esgf-node.ipsl.upmc.fr/esg-search/search -- reintento 4/6 en 41s
  ESGF respondio 500 en https://esgf-node.ipsl.upmc.fr/esg-search/search -- reintento 5/6 en 80s
[42/102] EC-Earth3-LR: descartado (categoria=sin_tos)
[43/102] EC-Earth3-Veg: seleccionado (categoria=completo) -> grid=gn (100.0 km)
[44/102] EC-Earth3-Veg-LR: seleccionado (categoria=completo) -> grid=gn (100.0 km)
  ESGF respondio 500 en https://esgf-node.ipsl.upmc.fr/esg-search/search -- reintento 1/6 en 6s
  ESGF respondio 500 en https://esgf-node.ipsl.upmc.fr/esg-search/search -- reintento 2/6 en 11s
  ESGF respondio 500 en https://esgf-node.ipsl.upmc.fr/esg-search/search -- reintento 3/6 en 21s
  ESGF respondio 500 en https://esgf-node.ipsl.upmc.fr/esg-search/search -- reintento 4/6 en 41s
  ESGF respondio 500 en https://esgf-node.ipsl.upmc.fr/esg-search/search -- reintento 5/6 en 81s
[45/102] EC-Earth3P: descartado (categoria=sin_tos)
  ESGF respondio 500 en https://esgf-node.ipsl.upmc.fr/esg-search/search -- reintento 1/6 en 5s
  ESGF respondio 500 en https://esgf-node.ipsl.upmc.fr/esg-search/search -- reintento 2/6 en 10s
  ESGF respondio 500 en https://esgf-node.ipsl.upmc.fr/esg-search/search -- reintento 3/6 en 20s
  ESGF respondio 500 en https://esgf-node.ipsl.upmc.fr/esg-search/search -- reintento 4/6 en 41s
  ESGF respondio 500 en https://esgf-node.ipsl.upmc.fr/esg-search/search -- reintento 5/6 en 80s
[46/102] EC-Earth3P-HR: descartado (categoria=sin_tos)
  ESGF respondio 500 en https://esgf-node.ipsl.upmc.fr/esg-search/search -- reintento 1/6 en 5s
  ESGF respondio 500 en https://esgf-node.ipsl.upmc.fr/esg-search/search -- reintento 2/6 en 10s
  ESGF respondio 500 en https://esgf-node.ipsl.upmc.fr/esg-search/search -- reintento 3/6 en 21s
  ESGF respondio 500 en https://esgf-node.ipsl.upmc.fr/esg-search/search -- reintento 4/6 en 41s
  ESGF respondio 500 en https://esgf-node.ipsl.upmc.fr/esg-search/search -- reintento 5/6 en 80s
[47/102] ECMWF-IFS-HR: descartado (categoria=sin_tos)
  ESGF respondio 500 en https://esgf-node.ipsl.upmc.fr/esg-search/search -- reintento 1/6 en 6s
  ESGF respondio 500 en https://esgf-node.ipsl.upmc.fr/esg-search/search -- reintento 2/6 en 11s
  ESGF respondio 500 en https://esgf-node.ipsl.upmc.fr/esg-search/search -- reintento 3/6 en 20s
  ESGF respondio 500 en https://esgf-node.ipsl.upmc.fr/esg-search/search -- reintento 4/6 en 41s
  ESGF respondio 500 en https://esgf-node.ipsl.upmc.fr/esg-search/search -- reintento 5/6 en 81s
[48/102] ECMWF-IFS-LR: descartado (categoria=sin_tos)
  ESGF respondio 500 en https://esgf-node.ipsl.upmc.fr/esg-search/search -- reintento 1/6 en 6s
  ESGF respondio 500 en https://esgf-node.ipsl.upmc.fr/esg-search/search -- reintento 2/6 en 10s
  ESGF respondio 500 en https://esgf-node.ipsl.upmc.fr/esg-search/search -- reintento 3/6 en 21s
  ESGF respondio 500 en https://esgf-node.ipsl.upmc.fr/esg-search/search -- reintento 4/6 en 41s
  ESGF respondio 500 en https://esgf-node.ipsl.upmc.fr/esg-search/search -- reintento 5/6 en 81s
[49/102] ECMWF-IFS-MR: descartado (categoria=sin_tos)
  ESGF respondio 500 en https://esgf-node.ipsl.upmc.fr/esg-search/search -- reintento 1/6 en 6s
  ESGF respondio 500 en https://esgf-node.ipsl.upmc.fr/esg-search/search -- reintento 2/6 en 10s
  ESGF respondio 500 en https://esgf-node.ipsl.upmc.fr/esg-search/search -- reintento 3/6 en 20s
  ESGF respondio 500 en https://esgf-node.ipsl.upmc.fr/esg-search/search -- reintento 4/6 en 40s
  ESGF respondio 500 en https://esgf-node.ipsl.upmc.fr/esg-search/search -- reintento 5/6 en 81s
[50/102] FGOALS-f3-H: descartado (categoria=sin_tos)
[51/102] FGOALS-f3-L: descartado (categoria=falta_ssp245)
[52/102] FGOALS-g3: seleccionado (categoria=completo) -> grid=gn (100.0 km)
[53/102] FIO-ESM-2-0: descartado (categoria=falta_ssp370)
[54/102] GFDL-CM4: descartado (categoria=falta_ssp370)
  ESGF respondio 500 en https://esgf-node.ipsl.upmc.fr/esg-search/search -- reintento 1/6 en 6s
  ESGF respondio 500 en https://esgf-node.ipsl.upmc.fr/esg-search/search -- reintento 2/6 en 10s
  ESGF respondio 500 en https://esgf-node.ipsl.upmc.fr/esg-search/search -- reintento 3/6 en 21s
  ESGF respondio 500 en https://esgf-node.ipsl.upmc.fr/esg-search/search -- reintento 4/6 en 40s
  ESGF respondio 500 en https://esgf-node.ipsl.upmc.fr/esg-search/search -- reintento 5/6 en 81s
[55/102] GFDL-ESM2M: descartado (categoria=sin_tos)
[56/102] GFDL-ESM4: seleccionado (categoria=completo) -> grid=gn (50.0 km)
[57/102] GISS-E2-1-G: seleccionado (categoria=completo) -> grid=gn (250.0 km)
[58/102] GISS-E2-1-G-CC: descartado (categoria=falta_ssp370)
[59/102] GISS-E2-1-H: seleccionado (categoria=completo) -> grid=gn (250.0 km)
[60/102] GISS-E2-2-G: seleccionado (categoria=completo) -> grid=gn (250.0 km)
[61/102] GISS-E2-2-H: descartado (categoria=solo_historical)
[62/102] GISS-E3-G: descartado (categoria=solo_historical)
  ESGF respondio 500 en https://esgf-node.ipsl.upmc.fr/esg-search/search -- reintento 1/6 en 6s
  ESGF respondio 500 en https://esgf-node.ipsl.upmc.fr/esg-search/search -- reintento 2/6 en 11s
  ESGF respondio 500 en https://esgf-node.ipsl.upmc.fr/esg-search/search -- reintento 3/6 en 21s
  ESGF respondio 500 en https://esgf-node.ipsl.upmc.fr/esg-search/search -- reintento 4/6 en 41s
  ESGF respondio 500 en https://esgf-node.ipsl.upmc.fr/esg-search/search -- reintento 5/6 en 80s
[63/102] HadGEM3-GC31-HH: descartado (categoria=sin_tos)
  ESGF respondio 500 en https://esgf-node.ipsl.upmc.fr/esg-search/search -- reintento 1/6 en 5s
  ESGF respondio 500 en https://esgf-node.ipsl.upmc.fr/esg-search/search -- reintento 2/6 en 11s
  ESGF respondio 500 en https://esgf-node.ipsl.upmc.fr/esg-search/search -- reintento 3/6 en 20s
  ESGF respondio 500 en https://esgf-node.ipsl.upmc.fr/esg-search/search -- reintento 4/6 en 41s
  ESGF respondio 500 en https://esgf-node.ipsl.upmc.fr/esg-search/search -- reintento 5/6 en 81s
[64/102] HadGEM3-GC31-HM: descartado (categoria=sin_tos)
[65/102] HadGEM3-GC31-LL: descartado (categoria=falta_ssp370)
  ESGF respondio 500 en https://esgf-node.ipsl.upmc.fr/esg-search/search -- reintento 1/6 en 5s
  ESGF respondio 500 en https://esgf-node.ipsl.upmc.fr/esg-search/search -- reintento 2/6 en 10s
  ESGF respondio 500 en https://esgf-node.ipsl.upmc.fr/esg-search/search -- reintento 3/6 en 20s
  ESGF respondio 500 en https://esgf-node.ipsl.upmc.fr/esg-search/search -- reintento 4/6 en 40s
  ESGF respondio 500 en https://esgf-node.ipsl.upmc.fr/esg-search/search -- reintento 5/6 en 80s
[66/102] HadGEM3-GC31-MH: descartado (categoria=sin_tos)
[67/102] HadGEM3-GC31-MM: descartado (categoria=falta_ssp245_ssp370)
[68/102] ICON-ESM-LR: descartado (categoria=solo_historical)
[69/102] IITM-ESM: seleccionado (categoria=completo) -> grid=gn (250.0 km)
[70/102] INM-CM4-8: seleccionado (categoria=completo) -> grid=gr1 (100.0 km)
[71/102] INM-CM5-0: seleccionado (categoria=completo) -> grid=gr1 (100.0 km)
  ESGF respondio 500 en https://esgf-node.ipsl.upmc.fr/esg-search/search -- reintento 1/6 en 6s
  ESGF respondio 500 en https://esgf-node.ipsl.upmc.fr/esg-search/search -- reintento 2/6 en 11s
  ESGF respondio 500 en https://esgf-node.ipsl.upmc.fr/esg-search/search -- reintento 3/6 en 21s
  ESGF respondio 500 en https://esgf-node.ipsl.upmc.fr/esg-search/search -- reintento 4/6 en 40s
  ESGF respondio 500 en https://esgf-node.ipsl.upmc.fr/esg-search/search -- reintento 5/6 en 81s
[72/102] INM-CM5-H: descartado (categoria=sin_tos)
[73/102] IPSL-CM5A2-INCA: descartado (categoria=falta_ssp245_ssp585)
[74/102] IPSL-CM6A-LR: seleccionado (categoria=completo) -> grid=gn (100.0 km)
[75/102] IPSL-CM6A-LR-INCA: descartado (categoria=solo_historical)
  ESGF respondio 500 en https://esgf-node.ipsl.upmc.fr/esg-search/search -- reintento 1/6 en 5s
  ESGF respondio 500 en https://esgf-node.ipsl.upmc.fr/esg-search/search -- reintento 2/6 en 10s
  ESGF respondio 500 en https://esgf-node.ipsl.upmc.fr/esg-search/search -- reintento 3/6 en 20s
  ESGF respondio 500 en https://esgf-node.ipsl.upmc.fr/esg-search/search -- reintento 4/6 en 40s
  ESGF respondio 500 en https://esgf-node.ipsl.upmc.fr/esg-search/search -- reintento 5/6 en 80s
[76/102] IPSL-CM6A-MR1: descartado (categoria=sin_tos)
[77/102] KACE-1-0-G: seleccionado (categoria=completo) -> grid=gr (250.0 km)
[78/102] KIOST-ESM: descartado (categoria=falta_ssp370)
[79/102] MCM-UA-1-0: seleccionado (categoria=completo) -> grid=gn (250.0 km)
[80/102] MIROC-ES2H: seleccionado (categoria=completo) -> grid=gn (100.0 km)
[81/102] MIROC-ES2L: seleccionado (categoria=completo) -> grid=gn (100.0 km)
[82/102] MIROC6: seleccionado (categoria=completo) -> grid=gn (100.0 km)
[83/102] MPI-ESM-1-2-HAM: descartado (categoria=falta_ssp245_ssp585)
[84/102] MPI-ESM1-2-HR: seleccionado (categoria=completo) -> grid=gn (50.0 km)
[85/102] MPI-ESM1-2-LR: seleccionado (categoria=completo) -> grid=gn (250.0 km)
  ESGF respondio 500 en https://esgf-node.ipsl.upmc.fr/esg-search/search -- reintento 1/6 en 5s
  ESGF respondio 500 en https://esgf-node.ipsl.upmc.fr/esg-search/search -- reintento 2/6 en 11s
  ESGF respondio 500 en https://esgf-node.ipsl.upmc.fr/esg-search/search -- reintento 3/6 en 21s
  ESGF respondio 500 en https://esgf-node.ipsl.upmc.fr/esg-search/search -- reintento 4/6 en 41s
  ESGF respondio 500 en https://esgf-node.ipsl.upmc.fr/esg-search/search -- reintento 5/6 en 81s
[86/102] MPI-ESM1-2-XR: descartado (categoria=sin_tos)
[87/102] MRI-ESM2-0: seleccionado (categoria=completo) -> grid=gn (100.0 km)
[88/102] NESM3: descartado (categoria=falta_ssp370)
  ESGF respondio 500 en https://esgf-node.ipsl.upmc.fr/esg-search/search -- reintento 1/6 en 5s
  ESGF respondio 500 en https://esgf-node.ipsl.upmc.fr/esg-search/search -- reintento 2/6 en 10s
  ESGF respondio 500 en https://esgf-node.ipsl.upmc.fr/esg-search/search -- reintento 3/6 en 21s
  ESGF respondio 500 en https://esgf-node.ipsl.upmc.fr/esg-search/search -- reintento 4/6 en 41s
  ESGF respondio 500 en https://esgf-node.ipsl.upmc.fr/esg-search/search -- reintento 5/6 en 80s
[89/102] NICAM16-7S: descartado (categoria=sin_tos)
  ESGF respondio 500 en https://esgf-node.ipsl.upmc.fr/esg-search/search -- reintento 1/6 en 5s
  ESGF respondio 500 en https://esgf-node.ipsl.upmc.fr/esg-search/search -- reintento 2/6 en 10s
  ESGF respondio 500 en https://esgf-node.ipsl.upmc.fr/esg-search/search -- reintento 3/6 en 21s
  ESGF respondio 500 en https://esgf-node.ipsl.upmc.fr/esg-search/search -- reintento 4/6 en 40s
  ESGF respondio 500 en https://esgf-node.ipsl.upmc.fr/esg-search/search -- reintento 5/6 en 80s
[90/102] NICAM16-8S: descartado (categoria=sin_tos)
  ESGF respondio 500 en https://esgf-node.ipsl.upmc.fr/esg-search/search -- reintento 1/6 en 6s
  ESGF respondio 500 en https://esgf-node.ipsl.upmc.fr/esg-search/search -- reintento 2/6 en 10s
  ESGF respondio 500 en https://esgf-node.ipsl.upmc.fr/esg-search/search -- reintento 3/6 en 21s
  ESGF respondio 500 en https://esgf-node.ipsl.upmc.fr/esg-search/search -- reintento 4/6 en 41s
  ESGF respondio 500 en https://esgf-node.ipsl.upmc.fr/esg-search/search -- reintento 5/6 en 80s
[91/102] NICAM16-9S: descartado (categoria=sin_tos)
[92/102] NorCPM1: descartado (categoria=solo_historical)
  ESGF respondio 500 en https://esgf-node.ipsl.upmc.fr/esg-search/search -- reintento 1/6 en 6s
  ESGF respondio 500 en https://esgf-node.ipsl.upmc.fr/esg-search/search -- reintento 2/6 en 10s
  ESGF respondio 500 en https://esgf-node.ipsl.upmc.fr/esg-search/search -- reintento 3/6 en 21s
  ESGF respondio 500 en https://esgf-node.ipsl.upmc.fr/esg-search/search -- reintento 4/6 en 40s
  ESGF respondio 500 en https://esgf-node.ipsl.upmc.fr/esg-search/search -- reintento 5/6 en 80s
[93/102] NorESM1-F: descartado (categoria=sin_tos)
[94/102] NorESM2-LM: seleccionado (categoria=completo) -> grid=gn (100.0 km)
[95/102] NorESM2-MM: seleccionado (categoria=completo) -> grid=gn (100.0 km)
[96/102] SAM0-UNICON: descartado (categoria=solo_historical)
[97/102] TaiESM1: seleccionado (categoria=completo) -> grid=gn (100.0 km)
  ESGF respondio 500 en https://esgf-node.ipsl.upmc.fr/esg-search/search -- reintento 1/6 en 6s
  ESGF respondio 500 en https://esgf-node.ipsl.upmc.fr/esg-search/search -- reintento 2/6 en 10s
  ESGF respondio 500 en https://esgf-node.ipsl.upmc.fr/esg-search/search -- reintento 3/6 en 21s
  ESGF respondio 500 en https://esgf-node.ipsl.upmc.fr/esg-search/search -- reintento 4/6 en 40s
  ESGF respondio 500 en https://esgf-node.ipsl.upmc.fr/esg-search/search -- reintento 5/6 en 80s
[98/102] TaiESM1-TIMCOM: descartado (categoria=sin_tos)
  ESGF respondio 500 en https://esgf-node.ipsl.upmc.fr/esg-search/search -- reintento 1/6 en 5s
  ESGF respondio 500 en https://esgf-node.ipsl.upmc.fr/esg-search/search -- reintento 2/6 en 10s
  ESGF respondio 500 en https://esgf-node.ipsl.upmc.fr/esg-search/search -- reintento 3/6 en 20s
  ESGF respondio 500 en https://esgf-node.ipsl.upmc.fr/esg-search/search -- reintento 4/6 en 40s
  ESGF respondio 500 en https://esgf-node.ipsl.upmc.fr/esg-search/search -- reintento 5/6 en 80s
[99/102] TaiESM1-TIMCOM2: descartado (categoria=sin_tos)
[100/102] UKESM1-0-LL: seleccionado (categoria=completo) -> grid=gn (100.0 km)
[101/102] UKESM1-1-LL: descartado (categoria=falta_ssp245_ssp585)
  ESGF respondio 500 en https://esgf-node.ipsl.upmc.fr/esg-search/search -- reintento 1/6 en 6s
  ESGF respondio 500 en https://esgf-node.ipsl.upmc.fr/esg-search/search -- reintento 2/6 en 11s
  ESGF respondio 500 en https://esgf-node.ipsl.upmc.fr/esg-search/search -- reintento 3/6 en 21s
  ESGF respondio 500 en https://esgf-node.ipsl.upmc.fr/esg-search/search -- reintento 4/6 en 40s
  ESGF respondio 500 en https://esgf-node.ipsl.upmc.fr/esg-search/search -- reintento 5/6 en 80s
[102/102] UKESM1-ice-LL: descartado (categoria=sin_tos)

38/102 modelos seleccionados. Lista escrita en config/models_seed_cmip6.csv

CSV escrito en /home/jonathan/personal/e1_smn/informe/model_availability_report.csv
Reporte legible escrito en /home/jonathan/personal/e1_smn/informe/model_availability_report.md
== Paso 01: python3 scripts/01_query_esgf_catalog.py config/models_seed_cmip6.csv data/interim/models_catalog_status.csv data/interim/esgf_file_urls.json ==
ACCESS-CM2 (grid=gn, miembro=r1i1p1f1): completo=True archivos_por_experimento={'historical': 1, 'ssp245': 1, 'ssp370': 1, 'ssp585': 2}
ACCESS-ESM1-5 (grid=gn, miembro=r1i1p1f1): completo=True archivos_por_experimento={'historical': 1, 'ssp245': 1, 'ssp370': 1, 'ssp585': 2}
AWI-CM-1-1-MR (grid=gn, miembro=r1i1p1f1): completo=True archivos_por_experimento={'historical': 18, 'ssp245': 9, 'ssp370': 9, 'ssp585': 9}
CAMS-CSM1-0 (grid=gn, miembro=r1i1p1f1): completo=True archivos_por_experimento={'historical': 1, 'ssp245': 1, 'ssp370': 1, 'ssp585': 1}
CAS-ESM2-0 (grid=gn, miembro=r1i1p1f1): completo=True archivos_por_experimento={'historical': 1, 'ssp245': 1, 'ssp370': 1, 'ssp585': 1}
CESM2 (grid=gn, miembro=r1i1p1f1): completo=False archivos_por_experimento={'historical': 1, 'ssp245': 0, 'ssp370': 0, 'ssp585': 0}
CESM2-WACCM (grid=gn, miembro=r1i1p1f1): completo=True archivos_por_experimento={'historical': 1, 'ssp245': 2, 'ssp370': 2, 'ssp585': 5}
CMCC-ESM2 (grid=gn, miembro=r1i1p1f1): completo=True archivos_por_experimento={'historical': 1, 'ssp245': 1, 'ssp370': 1, 'ssp585': 1}
CNRM-CM6-1 (grid=gn, miembro=r1i1p1f2): completo=True archivos_por_experimento={'historical': 1, 'ssp245': 1, 'ssp370': 1, 'ssp585': 1}
CNRM-CM6-1-HR (grid=gn, miembro=r1i1p1f2): completo=True archivos_por_experimento={'historical': 1, 'ssp245': 1, 'ssp370': 1, 'ssp585': 1}
CNRM-ESM2-1 (grid=gn, miembro=r1i1p1f2): completo=True archivos_por_experimento={'historical': 1, 'ssp245': 1, 'ssp370': 1, 'ssp585': 1}
CanESM5 (grid=gn, miembro=r1i1p1f1): completo=True archivos_por_experimento={'historical': 1, 'ssp245': 1, 'ssp370': 1, 'ssp585': 3}
CanESM5-1 (grid=gn, miembro=r1i1p1f1): completo=True archivos_por_experimento={'historical': 1, 'ssp245': 1, 'ssp370': 1, 'ssp585': 1}
CanESM5-CanOE (grid=gn, miembro=r1i1p2f1): completo=True archivos_por_experimento={'historical': 1, 'ssp245': 1, 'ssp370': 1, 'ssp585': 1}
EC-Earth3 (grid=gn, miembro=r1i1p1f1): completo=True archivos_por_experimento={'historical': 121, 'ssp245': 81, 'ssp370': 84, 'ssp585': 83}
EC-Earth3-Veg (grid=gn, miembro=r1i1p1f1): completo=True archivos_por_experimento={'historical': 127, 'ssp245': 158, 'ssp370': 150, 'ssp585': 148}
  fallo de red contra https://esgf-node.llnl.gov/esg-search/search (HTTPSConnectionPool(host='esgf-node.llnl.gov', port=443): Max retries exceeded with url: /esg-search/search?project=CMIP6&source_id=EC-Earth3-Veg-LR&experiment_id=ssp245&variable_id=tos&table_id=Omon&type=File&variant_label=r1i1p1f1&format=application%2Fsolr%2Bjson&limit=200&grid_label=gn (Caused by NewConnectionError('<urllib3.connection.HTTPSConnection object at 0x7895ea26fc80>: Failed to establish a new connection: [Errno 111] Connection refused'))) -- reintento 1/6 en 5s
  fallo de red contra https://esgf-node.llnl.gov/esg-search/search (HTTPSConnectionPool(host='esgf-node.llnl.gov', port=443): Max retries exceeded with url: /esg-search/search?project=CMIP6&source_id=EC-Earth3-Veg-LR&experiment_id=ssp245&variable_id=tos&table_id=Omon&type=File&variant_label=r1i1p1f1&format=application%2Fsolr%2Bjson&limit=200&grid_label=gn (Caused by NewConnectionError('<urllib3.connection.HTTPSConnection object at 0x7895ea292540>: Failed to establish a new connection: [Errno 111] Connection refused'))) -- reintento 2/6 en 10s
EC-Earth3-Veg-LR (grid=gn, miembro=r1i1p1f1): completo=True archivos_por_experimento={'historical': 128, 'ssp245': 86, 'ssp370': 85, 'ssp585': 85}
FGOALS-g3 (grid=gn, miembro=r1i1p1f1): completo=True archivos_por_experimento={'historical': 1, 'ssp245': 2, 'ssp370': 2, 'ssp585': 2}
GFDL-ESM4 (grid=gn, miembro=r1i1p1f1): completo=True archivos_por_experimento={'historical': 9, 'ssp245': 5, 'ssp370': 5, 'ssp585': 5}
GISS-E2-1-G (grid=gn, miembro=r1i1p5f1): completo=True archivos_por_experimento={'historical': 4, 'ssp245': 2, 'ssp370': 2, 'ssp585': 2}
GISS-E2-1-H (grid=gn, miembro=r1i1p3f1): completo=True archivos_por_experimento={'historical': 4, 'ssp245': 2, 'ssp370': 2, 'ssp585': 2}
GISS-E2-2-G (grid=gn, miembro=r1i1p3f1): completo=True archivos_por_experimento={'historical': 7, 'ssp245': 12, 'ssp370': 4, 'ssp585': 4}
IITM-ESM (grid=gn, miembro=r1i1p1f1): completo=True archivos_por_experimento={'historical': 23, 'ssp245': 17, 'ssp370': 9, 'ssp585': 17}
INM-CM4-8 (grid=gr1, miembro=r1i1p1f1): completo=True archivos_por_experimento={'historical': 4, 'ssp245': 2, 'ssp370': 2, 'ssp585': 2}
INM-CM5-0 (grid=gr1, miembro=r1i1p1f1): completo=True archivos_por_experimento={'historical': 4, 'ssp245': 2, 'ssp370': 2, 'ssp585': 2}
IPSL-CM6A-LR (grid=gn, miembro=r1i1p1f1): completo=True archivos_por_experimento={'historical': 1, 'ssp245': 1, 'ssp370': 1, 'ssp585': 2}
KACE-1-0-G (grid=gr, miembro=r1i1p1f1): completo=True archivos_por_experimento={'historical': 1, 'ssp245': 1, 'ssp370': 1, 'ssp585': 1}
MCM-UA-1-0 (grid=gn, miembro=r1i1p1f2): completo=True archivos_por_experimento={'historical': 1, 'ssp245': 1, 'ssp370': 1, 'ssp585': 1}
MIROC-ES2H (grid=gn, miembro=r1i1p4f2): completo=True archivos_por_experimento={'historical': 1, 'ssp245': 1, 'ssp370': 1, 'ssp585': 1}
MIROC-ES2L (grid=gn, miembro=r1i1p1f2): completo=True archivos_por_experimento={'historical': 1, 'ssp245': 1, 'ssp370': 1, 'ssp585': 2}
MIROC6 (grid=gn, miembro=r1i1p1f1): completo=True archivos_por_experimento={'historical': 2, 'ssp245': 1, 'ssp370': 1, 'ssp585': 1}
MPI-ESM1-2-HR (grid=gn, miembro=r1i1p1f1): completo=True archivos_por_experimento={'historical': 33, 'ssp245': 18, 'ssp370': 18, 'ssp585': 18}
MPI-ESM1-2-LR (grid=gn, miembro=r1i1p1f1): completo=True archivos_por_experimento={'historical': 9, 'ssp245': 5, 'ssp370': 5, 'ssp585': 5}
MRI-ESM2-0 (grid=gn, miembro=r1i1p1f1): completo=True archivos_por_experimento={'historical': 1, 'ssp245': 1, 'ssp370': 1, 'ssp585': 2}
NorESM2-LM (grid=gn, miembro=r1i1p1f1): completo=True archivos_por_experimento={'historical': 17, 'ssp245': 9, 'ssp370': 9, 'ssp585': 9}
NorESM2-MM (grid=gn, miembro=r1i1p1f1): completo=True archivos_por_experimento={'historical': 17, 'ssp245': 9, 'ssp370': 9, 'ssp585': 29}
TaiESM1 (grid=gn, miembro=r1i1p1f1): completo=True archivos_por_experimento={'historical': 136, 'ssp245': 84, 'ssp370': 86, 'ssp585': 86}
UKESM1-0-LL (grid=gn, miembro=r1i1p1f2): completo=True archivos_por_experimento={'historical': 2, 'ssp245': 2, 'ssp370': 2, 'ssp585': 2}
Catalogo escrito en data/interim/models_catalog_status.csv y data/interim/esgf_file_urls.json (37/38 modelos completos)
Pipeline completo.
== Paso 00: bash scripts/00_setup_env.sh ==
Entorno verificado: cdo=Climate Data Operators version 2.4.0 (https://mpimet.mpg.de/cdo), python3=Python 3.12.2
Estructura de carpetas lista bajo /home/jonathan/personal/e1_smn/data y /home/jonathan/personal/e1_smn/logs
== Paso 00b: python3 scripts/00b_build_model_list.py config/models_seed_cmip6.csv ==
config/models_seed_cmip6.csv ya existe, no se vuelve a inspeccionar el universo CMIP6.
Para forzar un refresco (modelos nuevos en ESGF, o cambios en config/periods.yaml): borra ese archivo (y opcionalmente /home/jonathan/personal/e1_smn/informe/model_availability_report.csv / .md) y volve a correr esto.
== Paso 01: python3 scripts/01_query_esgf_catalog.py config/models_seed_cmip6.csv data/interim/models_catalog_status.csv data/interim/esgf_file_urls.json ==
data/interim/models_catalog_status.csv ya existe, no se vuelve a consultar ESGF.
Para forzar un refresco (por si algun modelo se completo en ESGF desde la ultima vez): borra data/interim/models_catalog_status.csv Y data/interim/esgf_file_urls.json juntos (no uno solo, para que no queden inconsistentes entre si) y volve a correr esto. OJO: si habias resuelto algun modelo a mano por fuera de la semilla (00c + 02b), se pierde del catalogo y hay que correr 02b de nuevo para el.
Pipeline completo.
== Paso 00: bash scripts/00_setup_env.sh ==
Entorno verificado: cdo=Climate Data Operators version 2.4.0 (https://mpimet.mpg.de/cdo), python3=Python 3.12.2
Estructura de carpetas lista bajo /home/jonathan/personal/e1_smn/data y /home/jonathan/personal/e1_smn/logs
Pipeline completo.
== Graficos: plot_maps.py ==
Graficando mapas: 3 modelo(s) + ERSSTv5 ...
  ACCESS-CM2
  ACCESS-CM2: sst_2d_ACCESS-CM2.png ya existe, se omite
  ACCESS-ESM1-5
  ACCESS-ESM1-5: sst_2d_ACCESS-ESM1-5.png ya existe, se omite
  AWI-CM-1-1-MR
  AWI-CM-1-1-MR: sst_2d_AWI-CM-1-1-MR.png ya existe, se omite
  ERSSTv5
  ERSSTv5: sst_2d_ERSSTv5.png ya existe, se omite
Listo, 4 figura(s) en /home/jonathan/personal/e1_smn/figures
== Graficos: plot_box_series.py ==
ACCESS-CM2
  ACCESS-CM2 Nino 1+2: serie_ACCESS-CM2_sst_Nino1+2.png ya existe, se omite
  ACCESS-CM2 Nino 3.4: serie_ACCESS-CM2_sst_Nino3.4.png ya existe, se omite
ACCESS-ESM1-5
  ACCESS-ESM1-5 Nino 1+2: serie_ACCESS-ESM1-5_sst_Nino1+2.png ya existe, se omite
  ACCESS-ESM1-5 Nino 3.4: serie_ACCESS-ESM1-5_sst_Nino3.4.png ya existe, se omite
AWI-CM-1-1-MR
  AWI-CM-1-1-MR Nino 1+2: serie_AWI-CM-1-1-MR_sst_Nino1+2.png ya existe, se omite
  AWI-CM-1-1-MR Nino 3.4: serie_AWI-CM-1-1-MR_sst_Nino3.4.png ya existe, se omite
Listo, 3 modelo(s) graficado(s) (2 figuras cada uno) en /home/jonathan/personal/e1_smn/figures
== Graficos: plot_qc_summary.py ==
sst_QD_vf.png ya existe, se omite. Para regenerarlo (ej. tras una nueva descarga/QC), borralo primero.
== Graficos: plot_boxplot_comparison.py ==
Graficando boxplots comparativos ...
  Nino 3.4: boxplot_Nino3.4.png ya existe, se omite
  Nino 1+2: boxplot_Nino1+2.png ya existe, se omite
Listo.
== Graficos: plot_region_nino_orthographic.py ==
Traceback (most recent call last):
  File "/home/jonathan/personal/e1_smn/scripts/plot_region_nino_orthographic.py", line 32, in <module>
    import cartopy.crs as ccrs  # noqa: E402
    ^^^^^^^^^^^^^^^^^^^^^^^^^^
  File "/home/jonathan/miniconda3/lib/python3.12/site-packages/cartopy/__init__.py", line 108, in <module>
    import cartopy.feature  # noqa: E402,F401  (unused import)
    ^^^^^^^^^^^^^^^^^^^^^^
  File "/home/jonathan/miniconda3/lib/python3.12/site-packages/cartopy/feature/__init__.py", line 19, in <module>
    import cartopy.io.shapereader as shapereader
  File "/home/jonathan/miniconda3/lib/python3.12/site-packages/cartopy/io/shapereader.py", line 44, in <module>
    import fiona
  File "/home/jonathan/miniconda3/lib/python3.12/site-packages/fiona/__init__.py", line 49, in <module>
    from fiona.collection import BytesCollection, Collection
  File "/home/jonathan/miniconda3/lib/python3.12/site-packages/fiona/collection.py", line 10, in <module>
    from fiona.ogrext import Iterator, ItemsIterator, KeysIterator
  File "fiona/ogrext.pyx", line 31, in init fiona.ogrext
  File "/home/jonathan/miniconda3/lib/python3.12/site-packages/fiona/env.py", line 25, in <module>
    from fiona.session import Session, DummySession
  File "/home/jonathan/miniconda3/lib/python3.12/site-packages/fiona/session.py", line 14, in <module>
    import boto3
  File "/home/jonathan/miniconda3/lib/python3.12/site-packages/boto3/__init__.py", line 17, in <module>
    from boto3.session import Session
  File "/home/jonathan/miniconda3/lib/python3.12/site-packages/boto3/session.py", line 17, in <module>
    import botocore.session
  File "/home/jonathan/miniconda3/lib/python3.12/site-packages/botocore/session.py", line 26, in <module>
    import botocore.client
  File "/home/jonathan/miniconda3/lib/python3.12/site-packages/botocore/client.py", line 15, in <module>
    from botocore import waiter, xform_name
  File "/home/jonathan/miniconda3/lib/python3.12/site-packages/botocore/waiter.py", line 18, in <module>
    from botocore.docs.docstring import WaiterDocstring
  File "/home/jonathan/miniconda3/lib/python3.12/site-packages/botocore/docs/__init__.py", line 15, in <module>
    from botocore.docs.service import ServiceDocumenter
  File "/home/jonathan/miniconda3/lib/python3.12/site-packages/botocore/docs/service.py", line 14, in <module>
    from botocore.docs.client import (
  File "/home/jonathan/miniconda3/lib/python3.12/site-packages/botocore/docs/client.py", line 18, in <module>
    from botocore.docs.example import ResponseExampleDocumenter
  File "/home/jonathan/miniconda3/lib/python3.12/site-packages/botocore/docs/example.py", line 13, in <module>
    from botocore.docs.shape import ShapeDocumenter
  File "/home/jonathan/miniconda3/lib/python3.12/site-packages/botocore/docs/shape.py", line 19, in <module>
    from botocore.utils import is_json_value_header
  File "/home/jonathan/miniconda3/lib/python3.12/site-packages/botocore/utils.py", line 39, in <module>
    import botocore.httpsession
  File "/home/jonathan/miniconda3/lib/python3.12/site-packages/botocore/httpsession.py", line 45, in <module>
    from urllib3.contrib.pyopenssl import (
  File "/home/jonathan/miniconda3/lib/python3.12/site-packages/urllib3/contrib/pyopenssl.py", line 43, in <module>
    import OpenSSL.SSL  # type: ignore[import-untyped]
    ^^^^^^^^^^^^^^^^^^
  File "/home/jonathan/miniconda3/lib/python3.12/site-packages/OpenSSL/__init__.py", line 8, in <module>
    from OpenSSL import SSL, crypto
  File "/home/jonathan/miniconda3/lib/python3.12/site-packages/OpenSSL/SSL.py", line 42, in <module>
    from OpenSSL.crypto import (
  File "/home/jonathan/miniconda3/lib/python3.12/site-packages/OpenSSL/crypto.py", line 783, in <module>
    class X509Extension:
  File "/home/jonathan/miniconda3/lib/python3.12/site-packages/OpenSSL/crypto.py", line 867, in X509Extension
    _lib.GEN_EMAIL: "email",
    ^^^^^^^^^^^^^^
AttributeError: module 'lib' has no attribute 'GEN_EMAIL'
  (se omitio plot_region_nino_orthographic.py -- revisar el aviso arriba)
== Paso 00: bash scripts/00_setup_env.sh ==
Entorno verificado: cdo=Climate Data Operators version 2.4.0 (https://mpimet.mpg.de/cdo), python3=Python 3.12.2
Estructura de carpetas lista bajo /home/jonathan/personal/e1_smn/data y /home/jonathan/personal/e1_smn/logs
Pipeline completo.
== Graficos: plot_maps.py ==
Graficando mapas: 3 modelo(s) + ERSSTv5 ...
  ACCESS-CM2
  ACCESS-CM2: sst_2d_ACCESS-CM2.png ya existe, se omite
  ACCESS-ESM1-5
  ACCESS-ESM1-5: sst_2d_ACCESS-ESM1-5.png ya existe, se omite
  AWI-CM-1-1-MR
  AWI-CM-1-1-MR: sst_2d_AWI-CM-1-1-MR.png ya existe, se omite
  ERSSTv5
  ERSSTv5: sst_2d_ERSSTv5.png ya existe, se omite
Listo, 4 figura(s) en /home/jonathan/personal/e1_smn/figures
== Graficos: plot_box_series.py ==
ACCESS-CM2
  ACCESS-CM2 Nino 1+2: serie_ACCESS-CM2_sst_Nino1+2.png ya existe, se omite
  ACCESS-CM2 Nino 3.4: serie_ACCESS-CM2_sst_Nino3.4.png ya existe, se omite
ACCESS-ESM1-5
  ACCESS-ESM1-5 Nino 1+2: serie_ACCESS-ESM1-5_sst_Nino1+2.png ya existe, se omite
  ACCESS-ESM1-5 Nino 3.4: serie_ACCESS-ESM1-5_sst_Nino3.4.png ya existe, se omite
AWI-CM-1-1-MR
  AWI-CM-1-1-MR Nino 1+2: serie_AWI-CM-1-1-MR_sst_Nino1+2.png ya existe, se omite
  AWI-CM-1-1-MR Nino 3.4: serie_AWI-CM-1-1-MR_sst_Nino3.4.png ya existe, se omite
Listo, 3 modelo(s) graficado(s) (2 figuras cada uno) en /home/jonathan/personal/e1_smn/figures
== Graficos: plot_qc_summary.py ==
sst_QD_vf.png ya existe, se omite. Para regenerarlo (ej. tras una nueva descarga/QC), borralo primero.
== Graficos: plot_boxplot_comparison.py ==
Graficando boxplots comparativos ...
  Nino 3.4: boxplot_Nino3.4.png ya existe, se omite
  Nino 1+2: boxplot_Nino1+2.png ya existe, se omite
Listo.
== Graficos: plot_region_nino_orthographic.py ==
Traceback (most recent call last):
  File "/home/jonathan/personal/e1_smn/scripts/plot_region_nino_orthographic.py", line 32, in <module>
    import cartopy.crs as ccrs  # noqa: E402
    ^^^^^^^^^^^^^^^^^^^^^^^^^^
  File "/home/jonathan/miniconda3/lib/python3.12/site-packages/cartopy/__init__.py", line 108, in <module>
    import cartopy.feature  # noqa: E402,F401  (unused import)
    ^^^^^^^^^^^^^^^^^^^^^^
  File "/home/jonathan/miniconda3/lib/python3.12/site-packages/cartopy/feature/__init__.py", line 19, in <module>
    import cartopy.io.shapereader as shapereader
  File "/home/jonathan/miniconda3/lib/python3.12/site-packages/cartopy/io/shapereader.py", line 44, in <module>
    import fiona
  File "/home/jonathan/miniconda3/lib/python3.12/site-packages/fiona/__init__.py", line 49, in <module>
    from fiona.collection import BytesCollection, Collection
  File "/home/jonathan/miniconda3/lib/python3.12/site-packages/fiona/collection.py", line 10, in <module>
    from fiona.ogrext import Iterator, ItemsIterator, KeysIterator
  File "fiona/ogrext.pyx", line 31, in init fiona.ogrext
  File "/home/jonathan/miniconda3/lib/python3.12/site-packages/fiona/env.py", line 25, in <module>
    from fiona.session import Session, DummySession
  File "/home/jonathan/miniconda3/lib/python3.12/site-packages/fiona/session.py", line 14, in <module>
    import boto3
  File "/home/jonathan/miniconda3/lib/python3.12/site-packages/boto3/__init__.py", line 17, in <module>
    from boto3.session import Session
  File "/home/jonathan/miniconda3/lib/python3.12/site-packages/boto3/session.py", line 17, in <module>
    import botocore.session
  File "/home/jonathan/miniconda3/lib/python3.12/site-packages/botocore/session.py", line 26, in <module>
    import botocore.client
  File "/home/jonathan/miniconda3/lib/python3.12/site-packages/botocore/client.py", line 15, in <module>
    from botocore import waiter, xform_name
  File "/home/jonathan/miniconda3/lib/python3.12/site-packages/botocore/waiter.py", line 18, in <module>
    from botocore.docs.docstring import WaiterDocstring
  File "/home/jonathan/miniconda3/lib/python3.12/site-packages/botocore/docs/__init__.py", line 15, in <module>
    from botocore.docs.service import ServiceDocumenter
  File "/home/jonathan/miniconda3/lib/python3.12/site-packages/botocore/docs/service.py", line 14, in <module>
    from botocore.docs.client import (
  File "/home/jonathan/miniconda3/lib/python3.12/site-packages/botocore/docs/client.py", line 18, in <module>
    from botocore.docs.example import ResponseExampleDocumenter
  File "/home/jonathan/miniconda3/lib/python3.12/site-packages/botocore/docs/example.py", line 13, in <module>
    from botocore.docs.shape import ShapeDocumenter
  File "/home/jonathan/miniconda3/lib/python3.12/site-packages/botocore/docs/shape.py", line 19, in <module>
    from botocore.utils import is_json_value_header
  File "/home/jonathan/miniconda3/lib/python3.12/site-packages/botocore/utils.py", line 39, in <module>
    import botocore.httpsession
  File "/home/jonathan/miniconda3/lib/python3.12/site-packages/botocore/httpsession.py", line 45, in <module>
    from urllib3.contrib.pyopenssl import (
  File "/home/jonathan/miniconda3/lib/python3.12/site-packages/urllib3/contrib/pyopenssl.py", line 43, in <module>
    import OpenSSL.SSL  # type: ignore[import-untyped]
    ^^^^^^^^^^^^^^^^^^
  File "/home/jonathan/miniconda3/lib/python3.12/site-packages/OpenSSL/__init__.py", line 8, in <module>
    from OpenSSL import SSL, crypto
  File "/home/jonathan/miniconda3/lib/python3.12/site-packages/OpenSSL/SSL.py", line 42, in <module>
    from OpenSSL.crypto import (
  File "/home/jonathan/miniconda3/lib/python3.12/site-packages/OpenSSL/crypto.py", line 783, in <module>
    class X509Extension:
  File "/home/jonathan/miniconda3/lib/python3.12/site-packages/OpenSSL/crypto.py", line 867, in X509Extension
    _lib.GEN_EMAIL: "email",
    ^^^^^^^^^^^^^^
AttributeError: module 'lib' has no attribute 'GEN_EMAIL'
  (se omitio plot_region_nino_orthographic.py -- revisar el aviso arriba)
== Paso 00: bash scripts/00_setup_env.sh ==
Entorno verificado: cdo=Climate Data Operators version 2.4.0 (https://mpimet.mpg.de/cdo), python3=Python 3.12.2
Estructura de carpetas lista bajo /home/jonathan/personal/e1_smn/data y /home/jonathan/personal/e1_smn/logs
== Paso 00b: python3 scripts/00b_build_model_list.py config/models_seed_cmip6.csv ==
Modelos CMIP6 con tos/Omon publicado: 102
[1/102] ACCESS-CM2: seleccionado (categoria=completo) -> grid=gn (250.0 km)
[2/102] ACCESS-ESM1-5: seleccionado (categoria=completo) -> grid=gn (250.0 km)
  ESGF respondio 500 en https://esgf-node.ipsl.upmc.fr/esg-search/search -- reintento 1/6 en 6s
  ESGF respondio 500 en https://esgf-node.ipsl.upmc.fr/esg-search/search -- reintento 2/6 en 11s
  ESGF respondio 500 en https://esgf-node.ipsl.upmc.fr/esg-search/search -- reintento 3/6 en 21s
  ESGF respondio 500 en https://esgf-node.ipsl.upmc.fr/esg-search/search -- reintento 4/6 en 41s
  ESGF respondio 500 en https://esgf-node.ipsl.upmc.fr/esg-search/search -- reintento 5/6 en 81s
[3/102] ACCESS-OM2: descartado (categoria=sin_tos)
  ESGF respondio 500 en https://esgf-node.ipsl.upmc.fr/esg-search/search -- reintento 1/6 en 6s
  ESGF respondio 500 en https://esgf-node.ipsl.upmc.fr/esg-search/search -- reintento 2/6 en 11s
  ESGF respondio 500 en https://esgf-node.ipsl.upmc.fr/esg-search/search -- reintento 3/6 en 20s
  ESGF respondio 500 en https://esgf-node.ipsl.upmc.fr/esg-search/search -- reintento 4/6 en 41s
  ESGF respondio 500 en https://esgf-node.ipsl.upmc.fr/esg-search/search -- reintento 5/6 en 81s
[4/102] ACCESS-OM2-025: descartado (categoria=sin_tos)
  ESGF respondio 500 en https://esgf-node.ipsl.upmc.fr/esg-search/search -- reintento 1/6 en 5s
  ESGF respondio 500 en https://esgf-node.ipsl.upmc.fr/esg-search/search -- reintento 2/6 en 11s
  ESGF respondio 500 en https://esgf-node.ipsl.upmc.fr/esg-search/search -- reintento 3/6 en 20s
  ESGF respondio 500 en https://esgf-node.ipsl.upmc.fr/esg-search/search -- reintento 4/6 en 40s
  ESGF respondio 500 en https://esgf-node.ipsl.upmc.fr/esg-search/search -- reintento 5/6 en 81s
[5/102] AWI-CM-1-1-HR: descartado (categoria=sin_tos)
  ESGF respondio 500 en https://esgf-node.ipsl.upmc.fr/esg-search/search -- reintento 1/6 en 5s
  ESGF respondio 500 en https://esgf-node.ipsl.upmc.fr/esg-search/search -- reintento 2/6 en 11s
  ESGF respondio 500 en https://esgf-node.ipsl.upmc.fr/esg-search/search -- reintento 3/6 en 21s
  ESGF respondio 500 en https://esgf-node.ipsl.upmc.fr/esg-search/search -- reintento 4/6 en 40s
  ESGF respondio 500 en https://esgf-node.ipsl.upmc.fr/esg-search/search -- reintento 5/6 en 80s
[6/102] AWI-CM-1-1-LR: descartado (categoria=sin_tos)
[7/102] AWI-CM-1-1-MR: seleccionado (categoria=completo) -> grid=gn (25.0 km)
[8/102] AWI-ESM-1-1-LR: descartado (categoria=solo_historical)
  ESGF respondio 500 en https://esgf-node.ipsl.upmc.fr/esg-search/search -- reintento 1/6 en 5s
  ESGF respondio 500 en https://esgf-node.ipsl.upmc.fr/esg-search/search -- reintento 2/6 en 10s
  ESGF respondio 500 en https://esgf-node.ipsl.upmc.fr/esg-search/search -- reintento 3/6 en 21s
  ESGF respondio 500 en https://esgf-node.ipsl.upmc.fr/esg-search/search -- reintento 4/6 en 40s
  ESGF respondio 500 en https://esgf-node.ipsl.upmc.fr/esg-search/search -- reintento 5/6 en 80s
[9/102] BCC-CSM2-HR: descartado (categoria=sin_tos)
[10/102] BCC-CSM2-MR: descartado (categoria=falta_ssp245_ssp585)
[11/102] BCC-ESM1: descartado (categoria=falta_ssp245_ssp585)
[12/102] CAMS-CSM1-0: seleccionado (categoria=completo) -> grid=gn (100.0 km)
[13/102] CAS-ESM2-0: seleccionado (categoria=completo) -> grid=gn (100.0 km)
  ESGF respondio 500 en https://esgf-node.ipsl.upmc.fr/esg-search/search -- reintento 1/6 en 5s
  ESGF respondio 500 en https://esgf-node.ipsl.upmc.fr/esg-search/search -- reintento 2/6 en 11s
  ESGF respondio 500 en https://esgf-node.ipsl.upmc.fr/esg-search/search -- reintento 3/6 en 20s
  ESGF respondio 500 en https://esgf-node.ipsl.upmc.fr/esg-search/search -- reintento 4/6 en 40s
  ESGF respondio 500 en https://esgf-node.ipsl.upmc.fr/esg-search/search -- reintento 5/6 en 81s
[14/102] CESM1-1-CAM5-CMIP5: descartado (categoria=sin_tos)
  ESGF respondio 500 en https://esgf-node.ipsl.upmc.fr/esg-search/search -- reintento 1/6 en 6s
  ESGF respondio 500 en https://esgf-node.ipsl.upmc.fr/esg-search/search -- reintento 2/6 en 10s
  ESGF respondio 500 en https://esgf-node.ipsl.upmc.fr/esg-search/search -- reintento 3/6 en 20s
  ESGF respondio 500 en https://esgf-node.ipsl.upmc.fr/esg-search/search -- reintento 4/6 en 40s
  ESGF respondio 500 en https://esgf-node.ipsl.upmc.fr/esg-search/search -- reintento 5/6 en 81s
[15/102] CESM1-CAM5-SE-HR: descartado (categoria=sin_tos)
  ESGF respondio 500 en https://esgf-node.ipsl.upmc.fr/esg-search/search -- reintento 1/6 en 6s
  ESGF respondio 500 en https://esgf-node.ipsl.upmc.fr/esg-search/search -- reintento 2/6 en 10s
  ESGF respondio 500 en https://esgf-node.ipsl.upmc.fr/esg-search/search -- reintento 3/6 en 21s
  ESGF respondio 500 en https://esgf-node.ipsl.upmc.fr/esg-search/search -- reintento 4/6 en 40s
  ESGF respondio 500 en https://esgf-node.ipsl.upmc.fr/esg-search/search -- reintento 5/6 en 81s
[16/102] CESM1-CAM5-SE-LR: descartado (categoria=sin_tos)
[17/102] CESM2: seleccionado (categoria=completo) -> grid=gn (100.0 km)
[18/102] CESM2-FV2: descartado (categoria=falta_ssp245)
[19/102] CESM2-WACCM: seleccionado (categoria=completo) -> grid=gn (100.0 km)
[20/102] CESM2-WACCM-FV2: descartado (categoria=solo_historical)
[21/102] CIESM: descartado (categoria=falta_ssp370)
[22/102] CMCC-CM2-HR4: descartado (categoria=solo_historical)
[23/102] CMCC-CM2-SR5: descartado (categoria=solo_historical)
  ESGF respondio 500 en https://esgf-node.ipsl.upmc.fr/esg-search/search -- reintento 1/6 en 6s
  ESGF respondio 500 en https://esgf-node.ipsl.upmc.fr/esg-search/search -- reintento 2/6 en 10s
  ESGF respondio 500 en https://esgf-node.ipsl.upmc.fr/esg-search/search -- reintento 3/6 en 21s
  ESGF respondio 500 en https://esgf-node.ipsl.upmc.fr/esg-search/search -- reintento 4/6 en 41s
  ESGF respondio 500 en https://esgf-node.ipsl.upmc.fr/esg-search/search -- reintento 5/6 en 81s
[24/102] CMCC-CM2-VHR4: descartado (categoria=sin_tos)
[25/102] CMCC-ESM2: seleccionado (categoria=completo) -> grid=gn (100.0 km)
[26/102] CNRM-CM6-1: seleccionado (categoria=completo) -> grid=gn (100.0 km)
[27/102] CNRM-CM6-1-HR: seleccionado (categoria=completo) -> grid=gn (25.0 km)
[28/102] CNRM-ESM2-1: seleccionado (categoria=completo) -> grid=gn (100.0 km)
[29/102] CanESM5: seleccionado (categoria=completo) -> grid=gn (100.0 km)
[30/102] CanESM5-1: seleccionado (categoria=completo) -> grid=gn (100.0 km)
[31/102] CanESM5-CanOE: seleccionado (categoria=completo) -> grid=gn (100.0 km)
[32/102] E3SM-1-0: descartado (categoria=falta_ssp245)
[33/102] E3SM-1-1: descartado (categoria=falta_ssp245_ssp370)
[34/102] E3SM-1-1-ECA: descartado (categoria=falta_ssp245_ssp370)
[35/102] E3SM-2-0: descartado (categoria=falta_ssp245_ssp585)
[36/102] E3SM-2-0-NARRM: descartado (categoria=solo_historical)
[37/102] E3SM-2-1: descartado (categoria=solo_historical)
[38/102] EC-Earth3: seleccionado (categoria=completo) -> grid=gn (100.0 km)
[39/102] EC-Earth3-AerChem: descartado (categoria=falta_ssp245_ssp585)
[40/102] EC-Earth3-CC: descartado (categoria=falta_ssp370)
  ESGF respondio 500 en https://esgf-node.ipsl.upmc.fr/esg-search/search -- reintento 1/6 en 5s
  ESGF respondio 500 en https://esgf-node.ipsl.upmc.fr/esg-search/search -- reintento 2/6 en 11s
  ESGF respondio 500 en https://esgf-node.ipsl.upmc.fr/esg-search/search -- reintento 3/6 en 20s
  ESGF respondio 500 en https://esgf-node.ipsl.upmc.fr/esg-search/search -- reintento 4/6 en 40s
  ESGF respondio 500 en https://esgf-node.ipsl.upmc.fr/esg-search/search -- reintento 5/6 en 81s
[41/102] EC-Earth3-HR: descartado (categoria=sin_tos)
  ESGF respondio 500 en https://esgf-node.ipsl.upmc.fr/esg-search/search -- reintento 1/6 en 5s
  ESGF respondio 500 en https://esgf-node.ipsl.upmc.fr/esg-search/search -- reintento 2/6 en 11s
  ESGF respondio 500 en https://esgf-node.ipsl.upmc.fr/esg-search/search -- reintento 3/6 en 21s
  ESGF respondio 500 en https://esgf-node.ipsl.upmc.fr/esg-search/search -- reintento 4/6 en 41s
  ESGF respondio 500 en https://esgf-node.ipsl.upmc.fr/esg-search/search -- reintento 5/6 en 80s
[42/102] EC-Earth3-LR: descartado (categoria=sin_tos)
[43/102] EC-Earth3-Veg: seleccionado (categoria=completo) -> grid=gn (100.0 km)
[44/102] EC-Earth3-Veg-LR: seleccionado (categoria=completo) -> grid=gn (100.0 km)
  ESGF respondio 500 en https://esgf-node.ipsl.upmc.fr/esg-search/search -- reintento 1/6 en 5s
  ESGF respondio 500 en https://esgf-node.ipsl.upmc.fr/esg-search/search -- reintento 2/6 en 11s
  ESGF respondio 500 en https://esgf-node.ipsl.upmc.fr/esg-search/search -- reintento 3/6 en 21s
  ESGF respondio 500 en https://esgf-node.ipsl.upmc.fr/esg-search/search -- reintento 4/6 en 40s
  ESGF respondio 500 en https://esgf-node.ipsl.upmc.fr/esg-search/search -- reintento 5/6 en 80s
[45/102] EC-Earth3P: descartado (categoria=sin_tos)
  ESGF respondio 500 en https://esgf-node.ipsl.upmc.fr/esg-search/search -- reintento 1/6 en 6s
  ESGF respondio 500 en https://esgf-node.ipsl.upmc.fr/esg-search/search -- reintento 2/6 en 10s
  ESGF respondio 500 en https://esgf-node.ipsl.upmc.fr/esg-search/search -- reintento 3/6 en 21s
  ESGF respondio 500 en https://esgf-node.ipsl.upmc.fr/esg-search/search -- reintento 4/6 en 40s
  ESGF respondio 500 en https://esgf-node.ipsl.upmc.fr/esg-search/search -- reintento 5/6 en 81s
[46/102] EC-Earth3P-HR: descartado (categoria=sin_tos)
  ESGF respondio 500 en https://esgf-node.ipsl.upmc.fr/esg-search/search -- reintento 1/6 en 5s
  ESGF respondio 500 en https://esgf-node.ipsl.upmc.fr/esg-search/search -- reintento 2/6 en 11s
  ESGF respondio 500 en https://esgf-node.ipsl.upmc.fr/esg-search/search -- reintento 3/6 en 21s
  ESGF respondio 500 en https://esgf-node.ipsl.upmc.fr/esg-search/search -- reintento 4/6 en 41s
  ESGF respondio 500 en https://esgf-node.ipsl.upmc.fr/esg-search/search -- reintento 5/6 en 80s
[47/102] ECMWF-IFS-HR: descartado (categoria=sin_tos)
  ESGF respondio 500 en https://esgf-node.ipsl.upmc.fr/esg-search/search -- reintento 1/6 en 6s
  ESGF respondio 500 en https://esgf-node.ipsl.upmc.fr/esg-search/search -- reintento 2/6 en 11s
  ESGF respondio 500 en https://esgf-node.ipsl.upmc.fr/esg-search/search -- reintento 3/6 en 21s
  ESGF respondio 500 en https://esgf-node.ipsl.upmc.fr/esg-search/search -- reintento 4/6 en 40s
  ESGF respondio 500 en https://esgf-node.ipsl.upmc.fr/esg-search/search -- reintento 5/6 en 81s
[48/102] ECMWF-IFS-LR: descartado (categoria=sin_tos)
  ESGF respondio 500 en https://esgf-node.ipsl.upmc.fr/esg-search/search -- reintento 1/6 en 5s
  ESGF respondio 500 en https://esgf-node.ipsl.upmc.fr/esg-search/search -- reintento 2/6 en 11s
  ESGF respondio 500 en https://esgf-node.ipsl.upmc.fr/esg-search/search -- reintento 3/6 en 20s
  ESGF respondio 500 en https://esgf-node.ipsl.upmc.fr/esg-search/search -- reintento 4/6 en 41s
  ESGF respondio 500 en https://esgf-node.ipsl.upmc.fr/esg-search/search -- reintento 5/6 en 81s
[49/102] ECMWF-IFS-MR: descartado (categoria=sin_tos)
  ESGF respondio 500 en https://esgf-node.ipsl.upmc.fr/esg-search/search -- reintento 1/6 en 5s
  ESGF respondio 500 en https://esgf-node.ipsl.upmc.fr/esg-search/search -- reintento 2/6 en 10s
  ESGF respondio 500 en https://esgf-node.ipsl.upmc.fr/esg-search/search -- reintento 3/6 en 21s
  ESGF respondio 500 en https://esgf-node.ipsl.upmc.fr/esg-search/search -- reintento 4/6 en 41s
  ESGF respondio 500 en https://esgf-node.ipsl.upmc.fr/esg-search/search -- reintento 5/6 en 80s
[50/102] FGOALS-f3-H: descartado (categoria=sin_tos)
[51/102] FGOALS-f3-L: descartado (categoria=falta_ssp245)
[52/102] FGOALS-g3: seleccionado (categoria=completo) -> grid=gn (100.0 km)
[53/102] FIO-ESM-2-0: descartado (categoria=falta_ssp370)
[54/102] GFDL-CM4: descartado (categoria=falta_ssp370)
  ESGF respondio 500 en https://esgf-node.ipsl.upmc.fr/esg-search/search -- reintento 1/6 en 6s
  ESGF respondio 500 en https://esgf-node.ipsl.upmc.fr/esg-search/search -- reintento 2/6 en 10s
  ESGF respondio 500 en https://esgf-node.ipsl.upmc.fr/esg-search/search -- reintento 3/6 en 20s
  ESGF respondio 500 en https://esgf-node.ipsl.upmc.fr/esg-search/search -- reintento 4/6 en 41s
  ESGF respondio 500 en https://esgf-node.ipsl.upmc.fr/esg-search/search -- reintento 5/6 en 80s
[55/102] GFDL-ESM2M: descartado (categoria=sin_tos)
[56/102] GFDL-ESM4: seleccionado (categoria=completo) -> grid=gn (50.0 km)
[57/102] GISS-E2-1-G: seleccionado (categoria=completo) -> grid=gn (250.0 km)
[58/102] GISS-E2-1-G-CC: descartado (categoria=falta_ssp370)
[59/102] GISS-E2-1-H: seleccionado (categoria=completo) -> grid=gn (250.0 km)
[60/102] GISS-E2-2-G: seleccionado (categoria=completo) -> grid=gn (250.0 km)
[61/102] GISS-E2-2-H: descartado (categoria=solo_historical)
[62/102] GISS-E3-G: descartado (categoria=solo_historical)
  ESGF respondio 500 en https://esgf-node.ipsl.upmc.fr/esg-search/search -- reintento 1/6 en 6s
  ESGF respondio 500 en https://esgf-node.ipsl.upmc.fr/esg-search/search -- reintento 2/6 en 11s
  ESGF respondio 500 en https://esgf-node.ipsl.upmc.fr/esg-search/search -- reintento 3/6 en 20s
  ESGF respondio 500 en https://esgf-node.ipsl.upmc.fr/esg-search/search -- reintento 4/6 en 40s
  ESGF respondio 500 en https://esgf-node.ipsl.upmc.fr/esg-search/search -- reintento 5/6 en 81s
[63/102] HadGEM3-GC31-HH: descartado (categoria=sin_tos)
  ESGF respondio 500 en https://esgf-node.ipsl.upmc.fr/esg-search/search -- reintento 1/6 en 5s
  ESGF respondio 500 en https://esgf-node.ipsl.upmc.fr/esg-search/search -- reintento 2/6 en 11s
  ESGF respondio 500 en https://esgf-node.ipsl.upmc.fr/esg-search/search -- reintento 3/6 en 20s
  ESGF respondio 500 en https://esgf-node.ipsl.upmc.fr/esg-search/search -- reintento 4/6 en 41s
  ESGF respondio 500 en https://esgf-node.ipsl.upmc.fr/esg-search/search -- reintento 5/6 en 81s
[64/102] HadGEM3-GC31-HM: descartado (categoria=sin_tos)
[65/102] HadGEM3-GC31-LL: descartado (categoria=falta_ssp370)
  ESGF respondio 500 en https://esgf-node.ipsl.upmc.fr/esg-search/search -- reintento 1/6 en 5s
  ESGF respondio 500 en https://esgf-node.ipsl.upmc.fr/esg-search/search -- reintento 2/6 en 11s
  ESGF respondio 500 en https://esgf-node.ipsl.upmc.fr/esg-search/search -- reintento 3/6 en 20s
  ESGF respondio 500 en https://esgf-node.ipsl.upmc.fr/esg-search/search -- reintento 4/6 en 41s
  ESGF respondio 500 en https://esgf-node.ipsl.upmc.fr/esg-search/search -- reintento 5/6 en 81s
[66/102] HadGEM3-GC31-MH: descartado (categoria=sin_tos)
[67/102] HadGEM3-GC31-MM: descartado (categoria=falta_ssp245_ssp370)
[68/102] ICON-ESM-LR: descartado (categoria=solo_historical)
[69/102] IITM-ESM: seleccionado (categoria=completo) -> grid=gn (250.0 km)
[70/102] INM-CM4-8: seleccionado (categoria=completo) -> grid=gr1 (100.0 km)
[71/102] INM-CM5-0: seleccionado (categoria=completo) -> grid=gr1 (100.0 km)
  ESGF respondio 500 en https://esgf-node.ipsl.upmc.fr/esg-search/search -- reintento 1/6 en 6s
  ESGF respondio 500 en https://esgf-node.ipsl.upmc.fr/esg-search/search -- reintento 2/6 en 11s
  ESGF respondio 500 en https://esgf-node.ipsl.upmc.fr/esg-search/search -- reintento 3/6 en 21s
  ESGF respondio 500 en https://esgf-node.ipsl.upmc.fr/esg-search/search -- reintento 4/6 en 40s
  ESGF respondio 500 en https://esgf-node.ipsl.upmc.fr/esg-search/search -- reintento 5/6 en 80s
[72/102] INM-CM5-H: descartado (categoria=sin_tos)
[73/102] IPSL-CM5A2-INCA: descartado (categoria=falta_ssp245_ssp585)
[74/102] IPSL-CM6A-LR: seleccionado (categoria=completo) -> grid=gn (100.0 km)
[75/102] IPSL-CM6A-LR-INCA: descartado (categoria=solo_historical)
  ESGF respondio 500 en https://esgf-node.ipsl.upmc.fr/esg-search/search -- reintento 1/6 en 5s
  ESGF respondio 500 en https://esgf-node.ipsl.upmc.fr/esg-search/search -- reintento 2/6 en 10s
  ESGF respondio 500 en https://esgf-node.ipsl.upmc.fr/esg-search/search -- reintento 3/6 en 20s
  ESGF respondio 500 en https://esgf-node.ipsl.upmc.fr/esg-search/search -- reintento 4/6 en 41s
  ESGF respondio 500 en https://esgf-node.ipsl.upmc.fr/esg-search/search -- reintento 5/6 en 81s
[76/102] IPSL-CM6A-MR1: descartado (categoria=sin_tos)
[77/102] KACE-1-0-G: seleccionado (categoria=completo) -> grid=gr (250.0 km)
[78/102] KIOST-ESM: descartado (categoria=falta_ssp370)
[79/102] MCM-UA-1-0: seleccionado (categoria=completo) -> grid=gn (250.0 km)
[80/102] MIROC-ES2H: seleccionado (categoria=completo) -> grid=gn (100.0 km)
[81/102] MIROC-ES2L: seleccionado (categoria=completo) -> grid=gn (100.0 km)
[82/102] MIROC6: seleccionado (categoria=completo) -> grid=gn (100.0 km)
[83/102] MPI-ESM-1-2-HAM: descartado (categoria=falta_ssp245_ssp585)
[84/102] MPI-ESM1-2-HR: seleccionado (categoria=completo) -> grid=gn (50.0 km)
[85/102] MPI-ESM1-2-LR: seleccionado (categoria=completo) -> grid=gn (250.0 km)
  ESGF respondio 500 en https://esgf-node.ipsl.upmc.fr/esg-search/search -- reintento 1/6 en 5s
  ESGF respondio 500 en https://esgf-node.ipsl.upmc.fr/esg-search/search -- reintento 2/6 en 11s
  ESGF respondio 500 en https://esgf-node.ipsl.upmc.fr/esg-search/search -- reintento 3/6 en 20s
  ESGF respondio 500 en https://esgf-node.ipsl.upmc.fr/esg-search/search -- reintento 4/6 en 40s
  ESGF respondio 500 en https://esgf-node.ipsl.upmc.fr/esg-search/search -- reintento 5/6 en 81s
[86/102] MPI-ESM1-2-XR: descartado (categoria=sin_tos)
[87/102] MRI-ESM2-0: seleccionado (categoria=completo) -> grid=gn (100.0 km)
[88/102] NESM3: descartado (categoria=falta_ssp370)
  ESGF respondio 500 en https://esgf-node.ipsl.upmc.fr/esg-search/search -- reintento 1/6 en 5s
  ESGF respondio 500 en https://esgf-node.ipsl.upmc.fr/esg-search/search -- reintento 2/6 en 10s
  ESGF respondio 500 en https://esgf-node.ipsl.upmc.fr/esg-search/search -- reintento 3/6 en 21s
  ESGF respondio 500 en https://esgf-node.ipsl.upmc.fr/esg-search/search -- reintento 4/6 en 41s
  ESGF respondio 500 en https://esgf-node.ipsl.upmc.fr/esg-search/search -- reintento 5/6 en 81s
[89/102] NICAM16-7S: descartado (categoria=sin_tos)
  ESGF respondio 500 en https://esgf-node.ipsl.upmc.fr/esg-search/search -- reintento 1/6 en 5s
  ESGF respondio 500 en https://esgf-node.ipsl.upmc.fr/esg-search/search -- reintento 2/6 en 11s
  ESGF respondio 500 en https://esgf-node.ipsl.upmc.fr/esg-search/search -- reintento 3/6 en 21s
  ESGF respondio 500 en https://esgf-node.ipsl.upmc.fr/esg-search/search -- reintento 4/6 en 41s
  ESGF respondio 500 en https://esgf-node.ipsl.upmc.fr/esg-search/search -- reintento 5/6 en 80s
[90/102] NICAM16-8S: descartado (categoria=sin_tos)
  ESGF respondio 500 en https://esgf-node.ipsl.upmc.fr/esg-search/search -- reintento 1/6 en 6s
  ESGF respondio 500 en https://esgf-node.ipsl.upmc.fr/esg-search/search -- reintento 2/6 en 11s
  ESGF respondio 500 en https://esgf-node.ipsl.upmc.fr/esg-search/search -- reintento 3/6 en 20s
  ESGF respondio 500 en https://esgf-node.ipsl.upmc.fr/esg-search/search -- reintento 4/6 en 41s
  ESGF respondio 500 en https://esgf-node.ipsl.upmc.fr/esg-search/search -- reintento 5/6 en 80s
[91/102] NICAM16-9S: descartado (categoria=sin_tos)
[92/102] NorCPM1: descartado (categoria=solo_historical)
  ESGF respondio 500 en https://esgf-node.ipsl.upmc.fr/esg-search/search -- reintento 1/6 en 6s
  ESGF respondio 500 en https://esgf-node.ipsl.upmc.fr/esg-search/search -- reintento 2/6 en 10s
  ESGF respondio 500 en https://esgf-node.ipsl.upmc.fr/esg-search/search -- reintento 3/6 en 20s
  ESGF respondio 500 en https://esgf-node.ipsl.upmc.fr/esg-search/search -- reintento 4/6 en 41s
  ESGF respondio 500 en https://esgf-node.ipsl.upmc.fr/esg-search/search -- reintento 5/6 en 81s
[93/102] NorESM1-F: descartado (categoria=sin_tos)
[94/102] NorESM2-LM: seleccionado (categoria=completo) -> grid=gn (100.0 km)
[95/102] NorESM2-MM: seleccionado (categoria=completo) -> grid=gn (100.0 km)
[96/102] SAM0-UNICON: descartado (categoria=solo_historical)
[97/102] TaiESM1: seleccionado (categoria=completo) -> grid=gn (100.0 km)
  ESGF respondio 500 en https://esgf-node.ipsl.upmc.fr/esg-search/search -- reintento 1/6 en 5s
  ESGF respondio 500 en https://esgf-node.ipsl.upmc.fr/esg-search/search -- reintento 2/6 en 10s
  ESGF respondio 500 en https://esgf-node.ipsl.upmc.fr/esg-search/search -- reintento 3/6 en 20s
  ESGF respondio 500 en https://esgf-node.ipsl.upmc.fr/esg-search/search -- reintento 4/6 en 41s
  ESGF respondio 500 en https://esgf-node.ipsl.upmc.fr/esg-search/search -- reintento 5/6 en 80s
[98/102] TaiESM1-TIMCOM: descartado (categoria=sin_tos)
  ESGF respondio 500 en https://esgf-node.ipsl.upmc.fr/esg-search/search -- reintento 1/6 en 6s
  ESGF respondio 500 en https://esgf-node.ipsl.upmc.fr/esg-search/search -- reintento 2/6 en 11s
  ESGF respondio 500 en https://esgf-node.ipsl.upmc.fr/esg-search/search -- reintento 3/6 en 21s
  ESGF respondio 500 en https://esgf-node.ipsl.upmc.fr/esg-search/search -- reintento 4/6 en 40s
  ESGF respondio 500 en https://esgf-node.ipsl.upmc.fr/esg-search/search -- reintento 5/6 en 81s
[99/102] TaiESM1-TIMCOM2: descartado (categoria=sin_tos)
[100/102] UKESM1-0-LL: seleccionado (categoria=completo) -> grid=gn (100.0 km)
[101/102] UKESM1-1-LL: descartado (categoria=falta_ssp245_ssp585)
  ESGF respondio 500 en https://esgf-node.ipsl.upmc.fr/esg-search/search -- reintento 1/6 en 5s
  ESGF respondio 500 en https://esgf-node.ipsl.upmc.fr/esg-search/search -- reintento 2/6 en 10s
  ESGF respondio 500 en https://esgf-node.ipsl.upmc.fr/esg-search/search -- reintento 3/6 en 20s
  ESGF respondio 500 en https://esgf-node.ipsl.upmc.fr/esg-search/search -- reintento 4/6 en 41s
  ESGF respondio 500 en https://esgf-node.ipsl.upmc.fr/esg-search/search -- reintento 5/6 en 80s
[102/102] UKESM1-ice-LL: descartado (categoria=sin_tos)

38/102 modelos seleccionados. Lista escrita en config/models_seed_cmip6.csv

CSV escrito en /home/jonathan/personal/e1_smn/informe/model_availability_report.csv
Reporte legible escrito en /home/jonathan/personal/e1_smn/informe/model_availability_report.md
== Paso 01: python3 scripts/01_query_esgf_catalog.py config/models_seed_cmip6.csv data/interim/models_catalog_status.csv data/interim/esgf_file_urls.json ==
ACCESS-CM2 (grid=gn, miembro=r1i1p1f1): completo=True archivos_por_experimento={'historical': 1, 'ssp245': 1, 'ssp370': 1, 'ssp585': 2}
  ESGF respondio 429 en https://esgf-node.llnl.gov/esg-search/search -- reintento 1/6 en 6s
  ESGF respondio 429 en https://esgf-node.llnl.gov/esg-search/search -- reintento 1/6 en 6s
ACCESS-ESM1-5 (grid=gn, miembro=r1i1p1f1): completo=True archivos_por_experimento={'historical': 1, 'ssp245': 1, 'ssp370': 1, 'ssp585': 2}
AWI-CM-1-1-MR (grid=gn, miembro=r1i1p1f1): completo=True archivos_por_experimento={'historical': 18, 'ssp245': 9, 'ssp370': 9, 'ssp585': 9}
CAMS-CSM1-0 (grid=gn, miembro=r1i1p1f1): completo=True archivos_por_experimento={'historical': 1, 'ssp245': 1, 'ssp370': 1, 'ssp585': 1}
CAS-ESM2-0 (grid=gn, miembro=r1i1p1f1): completo=True archivos_por_experimento={'historical': 1, 'ssp245': 1, 'ssp370': 1, 'ssp585': 1}
CESM2 (grid=gn, miembro=r1i1p1f1): completo=False archivos_por_experimento={'historical': 1, 'ssp245': 0, 'ssp370': 0, 'ssp585': 0}
CESM2-WACCM (grid=gn, miembro=r1i1p1f1): completo=True archivos_por_experimento={'historical': 1, 'ssp245': 2, 'ssp370': 2, 'ssp585': 5}
CMCC-ESM2 (grid=gn, miembro=r1i1p1f1): completo=True archivos_por_experimento={'historical': 1, 'ssp245': 1, 'ssp370': 1, 'ssp585': 1}
CNRM-CM6-1 (grid=gn, miembro=r1i1p1f2): completo=True archivos_por_experimento={'historical': 1, 'ssp245': 1, 'ssp370': 1, 'ssp585': 1}
CNRM-CM6-1-HR (grid=gn, miembro=r1i1p1f2): completo=True archivos_por_experimento={'historical': 1, 'ssp245': 1, 'ssp370': 1, 'ssp585': 1}
CNRM-ESM2-1 (grid=gn, miembro=r1i1p1f2): completo=True archivos_por_experimento={'historical': 1, 'ssp245': 1, 'ssp370': 1, 'ssp585': 1}
CanESM5 (grid=gn, miembro=r1i1p1f1): completo=True archivos_por_experimento={'historical': 1, 'ssp245': 1, 'ssp370': 1, 'ssp585': 3}
CanESM5-1 (grid=gn, miembro=r1i1p1f1): completo=True archivos_por_experimento={'historical': 1, 'ssp245': 1, 'ssp370': 1, 'ssp585': 1}
CanESM5-CanOE (grid=gn, miembro=r1i1p2f1): completo=True archivos_por_experimento={'historical': 1, 'ssp245': 1, 'ssp370': 1, 'ssp585': 1}
EC-Earth3 (grid=gn, miembro=r1i1p1f1): completo=True archivos_por_experimento={'historical': 165, 'ssp245': 86, 'ssp370': 86, 'ssp585': 86}
    tos_Omon_EC-Earth3-Veg_ssp245_r1i1p1f1_gn_211501-211512.nc: ningun mirror responde, se descarta
    tos_Omon_EC-Earth3-Veg_ssp245_r1i1p1f1_gn_212501-212512.nc: ningun mirror responde, se descarta
    tos_Omon_EC-Earth3-Veg_ssp245_r1i1p1f1_gn_216101-216112.nc: ningun mirror responde, se descarta
    tos_Omon_EC-Earth3-Veg_ssp245_r1i1p1f1_gn_217001-217012.nc: ningun mirror responde, se descarta
    tos_Omon_EC-Earth3-Veg_ssp245_r1i1p1f1_gn_218901-218912.nc: ningun mirror responde, se descarta
    tos_Omon_EC-Earth3-Veg_ssp245_r1i1p1f1_gn_220101-220112.nc: ningun mirror responde, se descarta
    tos_Omon_EC-Earth3-Veg_ssp245_r1i1p1f1_gn_224101-224112.nc: ningun mirror responde, se descarta
    tos_Omon_EC-Earth3-Veg_ssp245_r1i1p1f1_gn_226201-226212.nc: ningun mirror responde, se descarta
    tos_Omon_EC-Earth3-Veg_ssp245_r1i1p1f1_gn_229001-229012.nc: ningun mirror responde, se descarta
    tos_Omon_EC-Earth3-Veg_ssp245_r1i1p1f1_gn_210301-210312.nc: ningun mirror responde, se descarta
    tos_Omon_EC-Earth3-Veg_ssp245_r1i1p1f1_gn_210901-210912.nc: ningun mirror responde, se descarta
    tos_Omon_EC-Earth3-Veg_ssp245_r1i1p1f1_gn_212301-212312.nc: ningun mirror responde, se descarta
    tos_Omon_EC-Earth3-Veg_ssp245_r1i1p1f1_gn_213701-213712.nc: ningun mirror responde, se descarta
    tos_Omon_EC-Earth3-Veg_ssp245_r1i1p1f1_gn_214701-214712.nc: ningun mirror responde, se descarta
    tos_Omon_EC-Earth3-Veg_ssp245_r1i1p1f1_gn_215701-215712.nc: ningun mirror responde, se descarta
    tos_Omon_EC-Earth3-Veg_ssp245_r1i1p1f1_gn_216501-216512.nc: ningun mirror responde, se descarta
    tos_Omon_EC-Earth3-Veg_ssp245_r1i1p1f1_gn_216801-216812.nc: ningun mirror responde, se descarta
    tos_Omon_EC-Earth3-Veg_ssp245_r1i1p1f1_gn_219201-219212.nc: ningun mirror responde, se descarta
    tos_Omon_EC-Earth3-Veg_ssp245_r1i1p1f1_gn_222001-222012.nc: ningun mirror responde, se descarta
    tos_Omon_EC-Earth3-Veg_ssp245_r1i1p1f1_gn_222301-222312.nc: ningun mirror responde, se descarta
    tos_Omon_EC-Earth3-Veg_ssp245_r1i1p1f1_gn_222501-222512.nc: ningun mirror responde, se descarta
    tos_Omon_EC-Earth3-Veg_ssp245_r1i1p1f1_gn_224001-224012.nc: ningun mirror responde, se descarta
    tos_Omon_EC-Earth3-Veg_ssp245_r1i1p1f1_gn_224801-224812.nc: ningun mirror responde, se descarta
    tos_Omon_EC-Earth3-Veg_ssp245_r1i1p1f1_gn_228201-228212.nc: ningun mirror responde, se descarta
    tos_Omon_EC-Earth3-Veg_ssp245_r1i1p1f1_gn_211301-211312.nc: ningun mirror responde, se descarta
    tos_Omon_EC-Earth3-Veg_ssp245_r1i1p1f1_gn_211901-211912.nc: ningun mirror responde, se descarta
    tos_Omon_EC-Earth3-Veg_ssp245_r1i1p1f1_gn_212401-212412.nc: ningun mirror responde, se descarta
    tos_Omon_EC-Earth3-Veg_ssp245_r1i1p1f1_gn_213101-213112.nc: ningun mirror responde, se descarta
    tos_Omon_EC-Earth3-Veg_ssp245_r1i1p1f1_gn_214201-214212.nc: ningun mirror responde, se descarta
    tos_Omon_EC-Earth3-Veg_ssp245_r1i1p1f1_gn_214401-214412.nc: ningun mirror responde, se descarta
    tos_Omon_EC-Earth3-Veg_ssp245_r1i1p1f1_gn_215601-215612.nc: ningun mirror responde, se descarta
    tos_Omon_EC-Earth3-Veg_ssp245_r1i1p1f1_gn_217501-217512.nc: ningun mirror responde, se descarta
    tos_Omon_EC-Earth3-Veg_ssp245_r1i1p1f1_gn_218001-218012.nc: ningun mirror responde, se descarta
    tos_Omon_EC-Earth3-Veg_ssp245_r1i1p1f1_gn_218301-218312.nc: ningun mirror responde, se descarta
    tos_Omon_EC-Earth3-Veg_ssp245_r1i1p1f1_gn_221601-221612.nc: ningun mirror responde, se descarta
    tos_Omon_EC-Earth3-Veg_ssp245_r1i1p1f1_gn_221701-221712.nc: ningun mirror responde, se descarta
    tos_Omon_EC-Earth3-Veg_ssp245_r1i1p1f1_gn_221901-221912.nc: ningun mirror responde, se descarta
    tos_Omon_EC-Earth3-Veg_ssp245_r1i1p1f1_gn_223601-223612.nc: ningun mirror responde, se descarta
    tos_Omon_EC-Earth3-Veg_ssp245_r1i1p1f1_gn_224501-224512.nc: ningun mirror responde, se descarta
    tos_Omon_EC-Earth3-Veg_ssp245_r1i1p1f1_gn_227901-227912.nc: ningun mirror responde, se descarta
    tos_Omon_EC-Earth3-Veg_ssp245_r1i1p1f1_gn_225801-225812.nc: ningun mirror responde, se descarta
    tos_Omon_EC-Earth3-Veg_ssp245_r1i1p1f1_gn_226901-226912.nc: ningun mirror responde, se descarta
    tos_Omon_EC-Earth3-Veg_ssp245_r1i1p1f1_gn_212601-212612.nc: ningun mirror responde, se descarta
    tos_Omon_EC-Earth3-Veg_ssp245_r1i1p1f1_gn_212701-212712.nc: ningun mirror responde, se descarta
    tos_Omon_EC-Earth3-Veg_ssp245_r1i1p1f1_gn_222601-222612.nc: ningun mirror responde, se descarta
    tos_Omon_EC-Earth3-Veg_ssp245_r1i1p1f1_gn_223701-223712.nc: ningun mirror responde, se descarta
    tos_Omon_EC-Earth3-Veg_ssp245_r1i1p1f1_gn_225501-225512.nc: ningun mirror responde, se descarta
    tos_Omon_EC-Earth3-Veg_ssp245_r1i1p1f1_gn_225601-225612.nc: ningun mirror responde, se descarta
    tos_Omon_EC-Earth3-Veg_ssp245_r1i1p1f1_gn_227701-227712.nc: ningun mirror responde, se descarta
    tos_Omon_EC-Earth3-Veg_ssp245_r1i1p1f1_gn_228601-228612.nc: ningun mirror responde, se descarta
    tos_Omon_EC-Earth3-Veg_ssp245_r1i1p1f1_gn_229601-229612.nc: ningun mirror responde, se descarta
    tos_Omon_EC-Earth3-Veg_ssp245_r1i1p1f1_gn_229801-229812.nc: ningun mirror responde, se descarta
    tos_Omon_EC-Earth3-Veg_ssp245_r1i1p1f1_gn_211101-211112.nc: ningun mirror responde, se descarta
    tos_Omon_EC-Earth3-Veg_ssp245_r1i1p1f1_gn_211401-211412.nc: ningun mirror responde, se descarta
    tos_Omon_EC-Earth3-Veg_ssp245_r1i1p1f1_gn_212901-212912.nc: ningun mirror responde, se descarta
    tos_Omon_EC-Earth3-Veg_ssp245_r1i1p1f1_gn_214101-214112.nc: ningun mirror responde, se descarta
    tos_Omon_EC-Earth3-Veg_ssp245_r1i1p1f1_gn_215001-215012.nc: ningun mirror responde, se descarta
    tos_Omon_EC-Earth3-Veg_ssp245_r1i1p1f1_gn_215501-215512.nc: ningun mirror responde, se descarta
    tos_Omon_EC-Earth3-Veg_ssp245_r1i1p1f1_gn_217701-217712.nc: ningun mirror responde, se descarta
    tos_Omon_EC-Earth3-Veg_ssp245_r1i1p1f1_gn_218601-218612.nc: ningun mirror responde, se descarta
    tos_Omon_EC-Earth3-Veg_ssp245_r1i1p1f1_gn_221401-221412.nc: ningun mirror responde, se descarta
    tos_Omon_EC-Earth3-Veg_ssp245_r1i1p1f1_gn_224601-224612.nc: ningun mirror responde, se descarta
    tos_Omon_EC-Earth3-Veg_ssp245_r1i1p1f1_gn_225201-225212.nc: ningun mirror responde, se descarta
    tos_Omon_EC-Earth3-Veg_ssp245_r1i1p1f1_gn_211601-211612.nc: ningun mirror responde, se descarta
    tos_Omon_EC-Earth3-Veg_ssp245_r1i1p1f1_gn_212801-212812.nc: ningun mirror responde, se descarta
    tos_Omon_EC-Earth3-Veg_ssp245_r1i1p1f1_gn_214001-214012.nc: ningun mirror responde, se descarta
    tos_Omon_EC-Earth3-Veg_ssp245_r1i1p1f1_gn_214301-214312.nc: ningun mirror responde, se descarta
    tos_Omon_EC-Earth3-Veg_ssp245_r1i1p1f1_gn_219101-219112.nc: ningun mirror responde, se descarta
    tos_Omon_EC-Earth3-Veg_ssp245_r1i1p1f1_gn_219401-219412.nc: ningun mirror responde, se descarta
    tos_Omon_EC-Earth3-Veg_ssp245_r1i1p1f1_gn_219901-219912.nc: ningun mirror responde, se descarta
    tos_Omon_EC-Earth3-Veg_ssp245_r1i1p1f1_gn_220401-220412.nc: ningun mirror responde, se descarta
    tos_Omon_EC-Earth3-Veg_ssp245_r1i1p1f1_gn_223001-223012.nc: ningun mirror responde, se descarta
    tos_Omon_EC-Earth3-Veg_ssp245_r1i1p1f1_gn_223401-223412.nc: ningun mirror responde, se descarta
    tos_Omon_EC-Earth3-Veg_ssp245_r1i1p1f1_gn_224301-224312.nc: ningun mirror responde, se descarta
    tos_Omon_EC-Earth3-Veg_ssp245_r1i1p1f1_gn_224701-224712.nc: ningun mirror responde, se descarta
    tos_Omon_EC-Earth3-Veg_ssp245_r1i1p1f1_gn_225301-225312.nc: ningun mirror responde, se descarta
    tos_Omon_EC-Earth3-Veg_ssp245_r1i1p1f1_gn_228701-228712.nc: ningun mirror responde, se descarta
    tos_Omon_EC-Earth3-Veg_ssp245_r1i1p1f1_gn_228801-228812.nc: ningun mirror responde, se descarta
    tos_Omon_EC-Earth3-Veg_ssp245_r1i1p1f1_gn_226301-226312.nc: ningun mirror responde, se descarta
    tos_Omon_EC-Earth3-Veg_ssp245_r1i1p1f1_gn_226701-226712.nc: ningun mirror responde, se descarta
    tos_Omon_EC-Earth3-Veg_ssp245_r1i1p1f1_gn_226801-226812.nc: ningun mirror responde, se descarta
    tos_Omon_EC-Earth3-Veg_ssp245_r1i1p1f1_gn_228001-228012.nc: ningun mirror responde, se descarta
    tos_Omon_EC-Earth3-Veg_ssp245_r1i1p1f1_gn_228401-228412.nc: ningun mirror responde, se descarta
    tos_Omon_EC-Earth3-Veg_ssp245_r1i1p1f1_gn_211801-211812.nc: ningun mirror responde, se descarta
    tos_Omon_EC-Earth3-Veg_ssp245_r1i1p1f1_gn_212201-212212.nc: ningun mirror responde, se descarta
    tos_Omon_EC-Earth3-Veg_ssp245_r1i1p1f1_gn_213801-213812.nc: ningun mirror responde, se descarta
    tos_Omon_EC-Earth3-Veg_ssp245_r1i1p1f1_gn_214601-214612.nc: ningun mirror responde, se descarta
    tos_Omon_EC-Earth3-Veg_ssp245_r1i1p1f1_gn_215301-215312.nc: ningun mirror responde, se descarta
    tos_Omon_EC-Earth3-Veg_ssp245_r1i1p1f1_gn_216001-216012.nc: ningun mirror responde, se descarta
    tos_Omon_EC-Earth3-Veg_ssp245_r1i1p1f1_gn_219301-219312.nc: ningun mirror responde, se descarta
    tos_Omon_EC-Earth3-Veg_ssp245_r1i1p1f1_gn_219701-219712.nc: ningun mirror responde, se descarta
    tos_Omon_EC-Earth3-Veg_ssp245_r1i1p1f1_gn_220001-220012.nc: ningun mirror responde, se descarta
    tos_Omon_EC-Earth3-Veg_ssp245_r1i1p1f1_gn_220301-220312.nc: ningun mirror responde, se descarta
    tos_Omon_EC-Earth3-Veg_ssp245_r1i1p1f1_gn_225401-225412.nc: ningun mirror responde, se descarta
    tos_Omon_EC-Earth3-Veg_ssp245_r1i1p1f1_gn_211001-211012.nc: ningun mirror responde, se descarta
    tos_Omon_EC-Earth3-Veg_ssp245_r1i1p1f1_gn_212001-212012.nc: ningun mirror responde, se descarta
    tos_Omon_EC-Earth3-Veg_ssp245_r1i1p1f1_gn_214901-214912.nc: ningun mirror responde, se descarta
    tos_Omon_EC-Earth3-Veg_ssp245_r1i1p1f1_gn_215101-215112.nc: ningun mirror responde, se descarta
    tos_Omon_EC-Earth3-Veg_ssp245_r1i1p1f1_gn_215201-215212.nc: ningun mirror responde, se descarta
    tos_Omon_EC-Earth3-Veg_ssp245_r1i1p1f1_gn_216301-216312.nc: ningun mirror responde, se descarta
    tos_Omon_EC-Earth3-Veg_ssp245_r1i1p1f1_gn_217201-217212.nc: ningun mirror responde, se descarta
    tos_Omon_EC-Earth3-Veg_ssp245_r1i1p1f1_gn_219001-219012.nc: ningun mirror responde, se descarta
    tos_Omon_EC-Earth3-Veg_ssp245_r1i1p1f1_gn_222101-222112.nc: ningun mirror responde, se descarta
    tos_Omon_EC-Earth3-Veg_ssp245_r1i1p1f1_gn_222201-222212.nc: ningun mirror responde, se descarta
    tos_Omon_EC-Earth3-Veg_ssp245_r1i1p1f1_gn_222701-222712.nc: ningun mirror responde, se descarta
    tos_Omon_EC-Earth3-Veg_ssp245_r1i1p1f1_gn_226501-226512.nc: ningun mirror responde, se descarta
    tos_Omon_EC-Earth3-Veg_ssp245_r1i1p1f1_gn_210101-210112.nc: ningun mirror responde, se descarta
    tos_Omon_EC-Earth3-Veg_ssp245_r1i1p1f1_gn_210401-210412.nc: ningun mirror responde, se descarta
    tos_Omon_EC-Earth3-Veg_ssp245_r1i1p1f1_gn_210501-210512.nc: ningun mirror responde, se descarta
    tos_Omon_EC-Earth3-Veg_ssp245_r1i1p1f1_gn_210701-210712.nc: ningun mirror responde, se descarta
    tos_Omon_EC-Earth3-Veg_ssp245_r1i1p1f1_gn_213001-213012.nc: ningun mirror responde, se descarta
    tos_Omon_EC-Earth3-Veg_ssp245_r1i1p1f1_gn_213401-213412.nc: ningun mirror responde, se descarta
    tos_Omon_EC-Earth3-Veg_ssp245_r1i1p1f1_gn_214801-214812.nc: ningun mirror responde, se descarta
    tos_Omon_EC-Earth3-Veg_ssp245_r1i1p1f1_gn_215901-215912.nc: ningun mirror responde, se descarta
    tos_Omon_EC-Earth3-Veg_ssp245_r1i1p1f1_gn_216601-216612.nc: ningun mirror responde, se descarta
    tos_Omon_EC-Earth3-Veg_ssp245_r1i1p1f1_gn_217401-217412.nc: ningun mirror responde, se descarta
    tos_Omon_EC-Earth3-Veg_ssp245_r1i1p1f1_gn_221501-221512.nc: ningun mirror responde, se descarta
    tos_Omon_EC-Earth3-Veg_ssp245_r1i1p1f1_gn_226401-226412.nc: ningun mirror responde, se descarta
    tos_Omon_EC-Earth3-Veg_ssp245_r1i1p1f1_gn_228301-228312.nc: ningun mirror responde, se descarta
    tos_Omon_EC-Earth3-Veg_ssp245_r1i1p1f1_gn_228501-228512.nc: ningun mirror responde, se descarta
    tos_Omon_EC-Earth3-Veg_ssp245_r1i1p1f1_gn_229201-229212.nc: ningun mirror responde, se descarta
    tos_Omon_EC-Earth3-Veg_ssp245_r1i1p1f1_gn_229701-229712.nc: ningun mirror responde, se descarta
    tos_Omon_EC-Earth3-Veg_ssp245_r1i1p1f1_gn_212101-212112.nc: ningun mirror responde, se descarta
    tos_Omon_EC-Earth3-Veg_ssp245_r1i1p1f1_gn_217801-217812.nc: ningun mirror responde, se descarta
    tos_Omon_EC-Earth3-Veg_ssp245_r1i1p1f1_gn_218201-218212.nc: ningun mirror responde, se descarta
    tos_Omon_EC-Earth3-Veg_ssp245_r1i1p1f1_gn_220501-220512.nc: ningun mirror responde, se descarta
    tos_Omon_EC-Earth3-Veg_ssp245_r1i1p1f1_gn_223101-223112.nc: ningun mirror responde, se descarta
    tos_Omon_EC-Earth3-Veg_ssp245_r1i1p1f1_gn_227501-227512.nc: ningun mirror responde, se descarta
    tos_Omon_EC-Earth3-Veg_ssp245_r1i1p1f1_gn_229401-229412.nc: ningun mirror responde, se descarta
    tos_Omon_EC-Earth3-Veg_ssp245_r1i1p1f1_gn_210601-210612.nc: ningun mirror responde, se descarta
    tos_Omon_EC-Earth3-Veg_ssp245_r1i1p1f1_gn_214501-214512.nc: ningun mirror responde, se descarta
    tos_Omon_EC-Earth3-Veg_ssp245_r1i1p1f1_gn_216701-216712.nc: ningun mirror responde, se descarta
    tos_Omon_EC-Earth3-Veg_ssp245_r1i1p1f1_gn_216901-216912.nc: ningun mirror responde, se descarta
    tos_Omon_EC-Earth3-Veg_ssp245_r1i1p1f1_gn_218801-218812.nc: ningun mirror responde, se descarta
    tos_Omon_EC-Earth3-Veg_ssp245_r1i1p1f1_gn_219501-219512.nc: ningun mirror responde, se descarta
    tos_Omon_EC-Earth3-Veg_ssp245_r1i1p1f1_gn_220701-220712.nc: ningun mirror responde, se descarta
    tos_Omon_EC-Earth3-Veg_ssp245_r1i1p1f1_gn_222801-222812.nc: ningun mirror responde, se descarta
    tos_Omon_EC-Earth3-Veg_ssp245_r1i1p1f1_gn_223901-223912.nc: ningun mirror responde, se descarta
    tos_Omon_EC-Earth3-Veg_ssp245_r1i1p1f1_gn_224901-224912.nc: ningun mirror responde, se descarta
    tos_Omon_EC-Earth3-Veg_ssp245_r1i1p1f1_gn_226601-226612.nc: ningun mirror responde, se descarta
    tos_Omon_EC-Earth3-Veg_ssp245_r1i1p1f1_gn_227601-227612.nc: ningun mirror responde, se descarta
    tos_Omon_EC-Earth3-Veg_ssp245_r1i1p1f1_gn_228101-228112.nc: ningun mirror responde, se descarta
    tos_Omon_EC-Earth3-Veg_ssp245_r1i1p1f1_gn_228901-228912.nc: ningun mirror responde, se descarta
    tos_Omon_EC-Earth3-Veg_ssp245_r1i1p1f1_gn_229301-229312.nc: ningun mirror responde, se descarta
    tos_Omon_EC-Earth3-Veg_ssp245_r1i1p1f1_gn_229501-229512.nc: ningun mirror responde, se descarta
    tos_Omon_EC-Earth3-Veg_ssp245_r1i1p1f1_gn_229901-229912.nc: ningun mirror responde, se descarta
    tos_Omon_EC-Earth3-Veg_ssp245_r1i1p1f1_gn_230001-230012.nc: ningun mirror responde, se descarta
    tos_Omon_EC-Earth3-Veg_ssp245_r1i1p1f1_gn_226001-226012.nc: ningun mirror responde, se descarta
    tos_Omon_EC-Earth3-Veg_ssp245_r1i1p1f1_gn_227401-227412.nc: ningun mirror responde, se descarta
    tos_Omon_EC-Earth3-Veg_ssp245_r1i1p1f1_gn_227801-227812.nc: ningun mirror responde, se descarta
    tos_Omon_EC-Earth3-Veg_ssp245_r1i1p1f1_gn_213501-213512.nc: ningun mirror responde, se descarta
    tos_Omon_EC-Earth3-Veg_ssp245_r1i1p1f1_gn_213601-213612.nc: ningun mirror responde, se descarta
    tos_Omon_EC-Earth3-Veg_ssp245_r1i1p1f1_gn_218401-218412.nc: ningun mirror responde, se descarta
    tos_Omon_EC-Earth3-Veg_ssp245_r1i1p1f1_gn_218501-218512.nc: ningun mirror responde, se descarta
    tos_Omon_EC-Earth3-Veg_ssp245_r1i1p1f1_gn_218701-218712.nc: ningun mirror responde, se descarta
    tos_Omon_EC-Earth3-Veg_ssp245_r1i1p1f1_gn_220201-220212.nc: ningun mirror responde, se descarta
    tos_Omon_EC-Earth3-Veg_ssp245_r1i1p1f1_gn_220901-220912.nc: ningun mirror responde, se descarta
    tos_Omon_EC-Earth3-Veg_ssp245_r1i1p1f1_gn_221201-221212.nc: ningun mirror responde, se descarta
    tos_Omon_EC-Earth3-Veg_ssp245_r1i1p1f1_gn_221301-221312.nc: ningun mirror responde, se descarta
    tos_Omon_EC-Earth3-Veg_ssp245_r1i1p1f1_gn_223301-223312.nc: ningun mirror responde, se descarta
    tos_Omon_EC-Earth3-Veg_ssp245_r1i1p1f1_gn_224401-224412.nc: ningun mirror responde, se descarta
    tos_Omon_EC-Earth3-Veg_ssp245_r1i1p1f1_gn_213201-213212.nc: ningun mirror responde, se descarta
    tos_Omon_EC-Earth3-Veg_ssp245_r1i1p1f1_gn_215401-215412.nc: ningun mirror responde, se descarta
    tos_Omon_EC-Earth3-Veg_ssp245_r1i1p1f1_gn_217101-217112.nc: ningun mirror responde, se descarta
    tos_Omon_EC-Earth3-Veg_ssp245_r1i1p1f1_gn_217301-217312.nc: ningun mirror responde, se descarta
    tos_Omon_EC-Earth3-Veg_ssp245_r1i1p1f1_gn_223501-223512.nc: ningun mirror responde, se descarta
    tos_Omon_EC-Earth3-Veg_ssp245_r1i1p1f1_gn_225001-225012.nc: ningun mirror responde, se descarta
    tos_Omon_EC-Earth3-Veg_ssp245_r1i1p1f1_gn_225901-225912.nc: ningun mirror responde, se descarta
    tos_Omon_EC-Earth3-Veg_ssp245_r1i1p1f1_gn_227101-227112.nc: ningun mirror responde, se descarta
    tos_Omon_EC-Earth3-Veg_ssp245_r1i1p1f1_gn_227201-227212.nc: ningun mirror responde, se descarta
    tos_Omon_EC-Earth3-Veg_ssp245_r1i1p1f1_gn_210201-210212.nc: ningun mirror responde, se descarta
    tos_Omon_EC-Earth3-Veg_ssp245_r1i1p1f1_gn_211201-211212.nc: ningun mirror responde, se descarta
    tos_Omon_EC-Earth3-Veg_ssp245_r1i1p1f1_gn_211701-211712.nc: ningun mirror responde, se descarta
    tos_Omon_EC-Earth3-Veg_ssp245_r1i1p1f1_gn_213301-213312.nc: ningun mirror responde, se descarta
    tos_Omon_EC-Earth3-Veg_ssp245_r1i1p1f1_gn_213901-213912.nc: ningun mirror responde, se descarta
    tos_Omon_EC-Earth3-Veg_ssp245_r1i1p1f1_gn_219801-219812.nc: ningun mirror responde, se descarta
    tos_Omon_EC-Earth3-Veg_ssp245_r1i1p1f1_gn_220601-220612.nc: ningun mirror responde, se descarta
    tos_Omon_EC-Earth3-Veg_ssp245_r1i1p1f1_gn_220801-220812.nc: ningun mirror responde, se descarta
    tos_Omon_EC-Earth3-Veg_ssp245_r1i1p1f1_gn_222401-222412.nc: ningun mirror responde, se descarta
    tos_Omon_EC-Earth3-Veg_ssp245_r1i1p1f1_gn_222901-222912.nc: ningun mirror responde, se descarta
    tos_Omon_EC-Earth3-Veg_ssp245_r1i1p1f1_gn_223201-223212.nc: ningun mirror responde, se descarta
    tos_Omon_EC-Earth3-Veg_ssp245_r1i1p1f1_gn_223801-223812.nc: ningun mirror responde, se descarta
    tos_Omon_EC-Earth3-Veg_ssp245_r1i1p1f1_gn_225701-225712.nc: ningun mirror responde, se descarta
    tos_Omon_EC-Earth3-Veg_ssp245_r1i1p1f1_gn_226101-226112.nc: ningun mirror responde, se descarta
    tos_Omon_EC-Earth3-Veg_ssp245_r1i1p1f1_gn_227001-227012.nc: ningun mirror responde, se descarta
    tos_Omon_EC-Earth3-Veg_ssp245_r1i1p1f1_gn_229101-229112.nc: ningun mirror responde, se descarta
    tos_Omon_EC-Earth3-Veg_ssp245_r1i1p1f1_gn_210801-210812.nc: ningun mirror responde, se descarta
    tos_Omon_EC-Earth3-Veg_ssp245_r1i1p1f1_gn_215801-215812.nc: ningun mirror responde, se descarta
    tos_Omon_EC-Earth3-Veg_ssp245_r1i1p1f1_gn_216201-216212.nc: ningun mirror responde, se descarta
    tos_Omon_EC-Earth3-Veg_ssp245_r1i1p1f1_gn_216401-216412.nc: ningun mirror responde, se descarta
    tos_Omon_EC-Earth3-Veg_ssp245_r1i1p1f1_gn_217601-217612.nc: ningun mirror responde, se descarta
    tos_Omon_EC-Earth3-Veg_ssp245_r1i1p1f1_gn_217901-217912.nc: ningun mirror responde, se descarta
    tos_Omon_EC-Earth3-Veg_ssp245_r1i1p1f1_gn_218101-218112.nc: ningun mirror responde, se descarta
    tos_Omon_EC-Earth3-Veg_ssp245_r1i1p1f1_gn_219601-219612.nc: ningun mirror responde, se descarta
    tos_Omon_EC-Earth3-Veg_ssp245_r1i1p1f1_gn_221001-221012.nc: ningun mirror responde, se descarta
    tos_Omon_EC-Earth3-Veg_ssp245_r1i1p1f1_gn_221101-221112.nc: ningun mirror responde, se descarta
    tos_Omon_EC-Earth3-Veg_ssp245_r1i1p1f1_gn_221801-221812.nc: ningun mirror responde, se descarta
    tos_Omon_EC-Earth3-Veg_ssp245_r1i1p1f1_gn_224201-224212.nc: ningun mirror responde, se descarta
    tos_Omon_EC-Earth3-Veg_ssp245_r1i1p1f1_gn_225101-225112.nc: ningun mirror responde, se descarta
    tos_Omon_EC-Earth3-Veg_ssp245_r1i1p1f1_gn_227301-227312.nc: ningun mirror responde, se descarta
    tos_Omon_EC-Earth3-Veg_ssp370_r1i1p1f1_gn_214001-214012.nc: ningun mirror responde, se descarta
    tos_Omon_EC-Earth3-Veg_ssp370_r1i1p1f1_gn_216101-216112.nc: ningun mirror responde, se descarta
    tos_Omon_EC-Earth3-Veg_ssp370_r1i1p1f1_gn_216501-216512.nc: ningun mirror responde, se descarta
    tos_Omon_EC-Earth3-Veg_ssp370_r1i1p1f1_gn_216801-216812.nc: ningun mirror responde, se descarta
    tos_Omon_EC-Earth3-Veg_ssp370_r1i1p1f1_gn_217901-217912.nc: ningun mirror responde, se descarta
    tos_Omon_EC-Earth3-Veg_ssp370_r1i1p1f1_gn_221501-221512.nc: ningun mirror responde, se descarta
    tos_Omon_EC-Earth3-Veg_ssp370_r1i1p1f1_gn_222201-222212.nc: ningun mirror responde, se descarta
    tos_Omon_EC-Earth3-Veg_ssp370_r1i1p1f1_gn_222301-222312.nc: ningun mirror responde, se descarta
    tos_Omon_EC-Earth3-Veg_ssp370_r1i1p1f1_gn_222701-222712.nc: ningun mirror responde, se descarta
    tos_Omon_EC-Earth3-Veg_ssp370_r1i1p1f1_gn_222801-222812.nc: ningun mirror responde, se descarta
    tos_Omon_EC-Earth3-Veg_ssp370_r1i1p1f1_gn_224301-224312.nc: ningun mirror responde, se descarta
    tos_Omon_EC-Earth3-Veg_ssp370_r1i1p1f1_gn_227701-227712.nc: ningun mirror responde, se descarta
    tos_Omon_EC-Earth3-Veg_ssp370_r1i1p1f1_gn_228001-228012.nc: ningun mirror responde, se descarta
    tos_Omon_EC-Earth3-Veg_ssp370_r1i1p1f1_gn_210401-210412.nc: ningun mirror responde, se descarta
    tos_Omon_EC-Earth3-Veg_ssp370_r1i1p1f1_gn_212001-212012.nc: ningun mirror responde, se descarta
    tos_Omon_EC-Earth3-Veg_ssp370_r1i1p1f1_gn_212901-212912.nc: ningun mirror responde, se descarta
    tos_Omon_EC-Earth3-Veg_ssp370_r1i1p1f1_gn_214701-214712.nc: ningun mirror responde, se descarta
    tos_Omon_EC-Earth3-Veg_ssp370_r1i1p1f1_gn_216201-216212.nc: ningun mirror responde, se descarta
    tos_Omon_EC-Earth3-Veg_ssp370_r1i1p1f1_gn_216601-216612.nc: ningun mirror responde, se descarta
    tos_Omon_EC-Earth3-Veg_ssp370_r1i1p1f1_gn_218601-218612.nc: ningun mirror responde, se descarta
    tos_Omon_EC-Earth3-Veg_ssp370_r1i1p1f1_gn_219601-219612.nc: ningun mirror responde, se descarta
    tos_Omon_EC-Earth3-Veg_ssp370_r1i1p1f1_gn_220401-220412.nc: ningun mirror responde, se descarta
    tos_Omon_EC-Earth3-Veg_ssp370_r1i1p1f1_gn_226201-226212.nc: ningun mirror responde, se descarta
    tos_Omon_EC-Earth3-Veg_ssp370_r1i1p1f1_gn_227401-227412.nc: ningun mirror responde, se descarta
    tos_Omon_EC-Earth3-Veg_ssp370_r1i1p1f1_gn_228801-228812.nc: ningun mirror responde, se descarta
    tos_Omon_EC-Earth3-Veg_ssp370_r1i1p1f1_gn_229701-229712.nc: ningun mirror responde, se descarta
    tos_Omon_EC-Earth3-Veg_ssp370_r1i1p1f1_gn_210101-210112.nc: ningun mirror responde, se descarta
    tos_Omon_EC-Earth3-Veg_ssp370_r1i1p1f1_gn_213101-213112.nc: ningun mirror responde, se descarta
    tos_Omon_EC-Earth3-Veg_ssp370_r1i1p1f1_gn_213701-213712.nc: ningun mirror responde, se descarta
    tos_Omon_EC-Earth3-Veg_ssp370_r1i1p1f1_gn_215701-215712.nc: ningun mirror responde, se descarta
    tos_Omon_EC-Earth3-Veg_ssp370_r1i1p1f1_gn_216701-216712.nc: ningun mirror responde, se descarta
    tos_Omon_EC-Earth3-Veg_ssp370_r1i1p1f1_gn_217001-217012.nc: ningun mirror responde, se descarta
    tos_Omon_EC-Earth3-Veg_ssp370_r1i1p1f1_gn_219801-219812.nc: ningun mirror responde, se descarta
    tos_Omon_EC-Earth3-Veg_ssp370_r1i1p1f1_gn_221301-221312.nc: ningun mirror responde, se descarta
    tos_Omon_EC-Earth3-Veg_ssp370_r1i1p1f1_gn_221401-221412.nc: ningun mirror responde, se descarta
    tos_Omon_EC-Earth3-Veg_ssp370_r1i1p1f1_gn_221701-221712.nc: ningun mirror responde, se descarta
    tos_Omon_EC-Earth3-Veg_ssp370_r1i1p1f1_gn_224801-224812.nc: ningun mirror responde, se descarta
    tos_Omon_EC-Earth3-Veg_ssp370_r1i1p1f1_gn_225501-225512.nc: ningun mirror responde, se descarta
    tos_Omon_EC-Earth3-Veg_ssp370_r1i1p1f1_gn_226601-226612.nc: ningun mirror responde, se descarta
    tos_Omon_EC-Earth3-Veg_ssp370_r1i1p1f1_gn_227001-227012.nc: ningun mirror responde, se descarta
    tos_Omon_EC-Earth3-Veg_ssp370_r1i1p1f1_gn_210601-210612.nc: ningun mirror responde, se descarta
    tos_Omon_EC-Earth3-Veg_ssp370_r1i1p1f1_gn_212201-212212.nc: ningun mirror responde, se descarta
    tos_Omon_EC-Earth3-Veg_ssp370_r1i1p1f1_gn_215601-215612.nc: ningun mirror responde, se descarta
    tos_Omon_EC-Earth3-Veg_ssp370_r1i1p1f1_gn_217601-217612.nc: ningun mirror responde, se descarta
    tos_Omon_EC-Earth3-Veg_ssp370_r1i1p1f1_gn_219301-219312.nc: ningun mirror responde, se descarta
    tos_Omon_EC-Earth3-Veg_ssp370_r1i1p1f1_gn_219701-219712.nc: ningun mirror responde, se descarta
    tos_Omon_EC-Earth3-Veg_ssp370_r1i1p1f1_gn_220101-220112.nc: ningun mirror responde, se descarta
    tos_Omon_EC-Earth3-Veg_ssp370_r1i1p1f1_gn_222901-222912.nc: ningun mirror responde, se descarta
    tos_Omon_EC-Earth3-Veg_ssp370_r1i1p1f1_gn_224901-224912.nc: ningun mirror responde, se descarta
    tos_Omon_EC-Earth3-Veg_ssp370_r1i1p1f1_gn_226101-226112.nc: ningun mirror responde, se descarta
    tos_Omon_EC-Earth3-Veg_ssp370_r1i1p1f1_gn_227901-227912.nc: ningun mirror responde, se descarta
    tos_Omon_EC-Earth3-Veg_ssp370_r1i1p1f1_gn_228401-228412.nc: ningun mirror responde, se descarta
    tos_Omon_EC-Earth3-Veg_ssp370_r1i1p1f1_gn_210501-210512.nc: ningun mirror responde, se descarta
    tos_Omon_EC-Earth3-Veg_ssp370_r1i1p1f1_gn_212801-212812.nc: ningun mirror responde, se descarta
    tos_Omon_EC-Earth3-Veg_ssp370_r1i1p1f1_gn_213401-213412.nc: ningun mirror responde, se descarta
    tos_Omon_EC-Earth3-Veg_ssp370_r1i1p1f1_gn_218301-218312.nc: ningun mirror responde, se descarta
    tos_Omon_EC-Earth3-Veg_ssp370_r1i1p1f1_gn_219901-219912.nc: ningun mirror responde, se descarta
    tos_Omon_EC-Earth3-Veg_ssp370_r1i1p1f1_gn_220001-220012.nc: ningun mirror responde, se descarta
    tos_Omon_EC-Earth3-Veg_ssp370_r1i1p1f1_gn_221101-221112.nc: ningun mirror responde, se descarta
    tos_Omon_EC-Earth3-Veg_ssp370_r1i1p1f1_gn_225201-225212.nc: ningun mirror responde, se descarta
    tos_Omon_EC-Earth3-Veg_ssp370_r1i1p1f1_gn_227801-227812.nc: ningun mirror responde, se descarta
    tos_Omon_EC-Earth3-Veg_ssp370_r1i1p1f1_gn_228901-228912.nc: ningun mirror responde, se descarta
    tos_Omon_EC-Earth3-Veg_ssp370_r1i1p1f1_gn_211901-211912.nc: ningun mirror responde, se descarta
    tos_Omon_EC-Earth3-Veg_ssp370_r1i1p1f1_gn_212601-212612.nc: ningun mirror responde, se descarta
    tos_Omon_EC-Earth3-Veg_ssp370_r1i1p1f1_gn_223701-223712.nc: ningun mirror responde, se descarta
    tos_Omon_EC-Earth3-Veg_ssp370_r1i1p1f1_gn_226501-226512.nc: ningun mirror responde, se descarta
    tos_Omon_EC-Earth3-Veg_ssp370_r1i1p1f1_gn_226901-226912.nc: ningun mirror responde, se descarta
    tos_Omon_EC-Earth3-Veg_ssp370_r1i1p1f1_gn_229201-229212.nc: ningun mirror responde, se descarta
    tos_Omon_EC-Earth3-Veg_ssp370_r1i1p1f1_gn_229401-229412.nc: ningun mirror responde, se descarta
    tos_Omon_EC-Earth3-Veg_ssp370_r1i1p1f1_gn_210301-210312.nc: ningun mirror responde, se descarta
    tos_Omon_EC-Earth3-Veg_ssp370_r1i1p1f1_gn_210801-210812.nc: ningun mirror responde, se descarta
    tos_Omon_EC-Earth3-Veg_ssp370_r1i1p1f1_gn_211701-211712.nc: ningun mirror responde, se descarta
    tos_Omon_EC-Earth3-Veg_ssp370_r1i1p1f1_gn_212101-212112.nc: ningun mirror responde, se descarta
    tos_Omon_EC-Earth3-Veg_ssp370_r1i1p1f1_gn_213201-213212.nc: ningun mirror responde, se descarta
    tos_Omon_EC-Earth3-Veg_ssp370_r1i1p1f1_gn_214901-214912.nc: ningun mirror responde, se descarta
    tos_Omon_EC-Earth3-Veg_ssp370_r1i1p1f1_gn_215001-215012.nc: ningun mirror responde, se descarta
    tos_Omon_EC-Earth3-Veg_ssp370_r1i1p1f1_gn_215801-215812.nc: ningun mirror responde, se descarta
    tos_Omon_EC-Earth3-Veg_ssp370_r1i1p1f1_gn_219401-219412.nc: ningun mirror responde, se descarta
    tos_Omon_EC-Earth3-Veg_ssp370_r1i1p1f1_gn_221801-221812.nc: ningun mirror responde, se descarta
    tos_Omon_EC-Earth3-Veg_ssp370_r1i1p1f1_gn_223501-223512.nc: ningun mirror responde, se descarta
    tos_Omon_EC-Earth3-Veg_ssp370_r1i1p1f1_gn_227101-227112.nc: ningun mirror responde, se descarta
    tos_Omon_EC-Earth3-Veg_ssp370_r1i1p1f1_gn_227301-227312.nc: ningun mirror responde, se descarta
    tos_Omon_EC-Earth3-Veg_ssp370_r1i1p1f1_gn_227501-227512.nc: ningun mirror responde, se descarta
    tos_Omon_EC-Earth3-Veg_ssp370_r1i1p1f1_gn_228101-228112.nc: ningun mirror responde, se descarta
    tos_Omon_EC-Earth3-Veg_ssp370_r1i1p1f1_gn_210901-210912.nc: ningun mirror responde, se descarta
    tos_Omon_EC-Earth3-Veg_ssp370_r1i1p1f1_gn_211401-211412.nc: ningun mirror responde, se descarta
    tos_Omon_EC-Earth3-Veg_ssp370_r1i1p1f1_gn_211501-211512.nc: ningun mirror responde, se descarta
    tos_Omon_EC-Earth3-Veg_ssp370_r1i1p1f1_gn_213501-213512.nc: ningun mirror responde, se descarta
    tos_Omon_EC-Earth3-Veg_ssp370_r1i1p1f1_gn_213901-213912.nc: ningun mirror responde, se descarta
    tos_Omon_EC-Earth3-Veg_ssp370_r1i1p1f1_gn_217101-217112.nc: ningun mirror responde, se descarta
    tos_Omon_EC-Earth3-Veg_ssp370_r1i1p1f1_gn_219201-219212.nc: ningun mirror responde, se descarta
    tos_Omon_EC-Earth3-Veg_ssp370_r1i1p1f1_gn_220701-220712.nc: ningun mirror responde, se descarta
    tos_Omon_EC-Earth3-Veg_ssp370_r1i1p1f1_gn_220901-220912.nc: ningun mirror responde, se descarta
    tos_Omon_EC-Earth3-Veg_ssp370_r1i1p1f1_gn_221901-221912.nc: ningun mirror responde, se descarta
    tos_Omon_EC-Earth3-Veg_ssp370_r1i1p1f1_gn_222001-222012.nc: ningun mirror responde, se descarta
    tos_Omon_EC-Earth3-Veg_ssp370_r1i1p1f1_gn_222101-222112.nc: ningun mirror responde, se descarta
    tos_Omon_EC-Earth3-Veg_ssp370_r1i1p1f1_gn_223101-223112.nc: ningun mirror responde, se descarta
    tos_Omon_EC-Earth3-Veg_ssp370_r1i1p1f1_gn_223601-223612.nc: ningun mirror responde, se descarta
    tos_Omon_EC-Earth3-Veg_ssp370_r1i1p1f1_gn_224601-224612.nc: ningun mirror responde, se descarta
    tos_Omon_EC-Earth3-Veg_ssp370_r1i1p1f1_gn_226301-226312.nc: ningun mirror responde, se descarta
    tos_Omon_EC-Earth3-Veg_ssp370_r1i1p1f1_gn_227601-227612.nc: ningun mirror responde, se descarta
    tos_Omon_EC-Earth3-Veg_ssp370_r1i1p1f1_gn_228501-228512.nc: ningun mirror responde, se descarta
    tos_Omon_EC-Earth3-Veg_ssp370_r1i1p1f1_gn_228601-228612.nc: ningun mirror responde, se descarta
    tos_Omon_EC-Earth3-Veg_ssp370_r1i1p1f1_gn_229001-229012.nc: ningun mirror responde, se descarta
    tos_Omon_EC-Earth3-Veg_ssp370_r1i1p1f1_gn_230001-230012.nc: ningun mirror responde, se descarta
    tos_Omon_EC-Earth3-Veg_ssp370_r1i1p1f1_gn_211001-211012.nc: ningun mirror responde, se descarta
    tos_Omon_EC-Earth3-Veg_ssp370_r1i1p1f1_gn_211101-211112.nc: ningun mirror responde, se descarta
    tos_Omon_EC-Earth3-Veg_ssp370_r1i1p1f1_gn_213601-213612.nc: ningun mirror responde, se descarta
    tos_Omon_EC-Earth3-Veg_ssp370_r1i1p1f1_gn_215401-215412.nc: ningun mirror responde, se descarta
    tos_Omon_EC-Earth3-Veg_ssp370_r1i1p1f1_gn_215901-215912.nc: ningun mirror responde, se descarta
    tos_Omon_EC-Earth3-Veg_ssp370_r1i1p1f1_gn_218101-218112.nc: ningun mirror responde, se descarta
    tos_Omon_EC-Earth3-Veg_ssp370_r1i1p1f1_gn_218201-218212.nc: ningun mirror responde, se descarta
    tos_Omon_EC-Earth3-Veg_ssp370_r1i1p1f1_gn_219001-219012.nc: ningun mirror responde, se descarta
    tos_Omon_EC-Earth3-Veg_ssp370_r1i1p1f1_gn_219501-219512.nc: ningun mirror responde, se descarta
    tos_Omon_EC-Earth3-Veg_ssp370_r1i1p1f1_gn_220801-220812.nc: ningun mirror responde, se descarta
    tos_Omon_EC-Earth3-Veg_ssp370_r1i1p1f1_gn_226001-226012.nc: ningun mirror responde, se descarta
    tos_Omon_EC-Earth3-Veg_ssp370_r1i1p1f1_gn_228701-228712.nc: ningun mirror responde, se descarta
    tos_Omon_EC-Earth3-Veg_ssp370_r1i1p1f1_gn_229101-229112.nc: ningun mirror responde, se descarta
    tos_Omon_EC-Earth3-Veg_ssp370_r1i1p1f1_gn_211301-211312.nc: ningun mirror responde, se descarta
    tos_Omon_EC-Earth3-Veg_ssp370_r1i1p1f1_gn_212401-212412.nc: ningun mirror responde, se descarta
    tos_Omon_EC-Earth3-Veg_ssp370_r1i1p1f1_gn_213801-213812.nc: ningun mirror responde, se descarta
    tos_Omon_EC-Earth3-Veg_ssp370_r1i1p1f1_gn_214101-214112.nc: ningun mirror responde, se descarta
    tos_Omon_EC-Earth3-Veg_ssp370_r1i1p1f1_gn_214501-214512.nc: ningun mirror responde, se descarta
    tos_Omon_EC-Earth3-Veg_ssp370_r1i1p1f1_gn_214801-214812.nc: ningun mirror responde, se descarta
    tos_Omon_EC-Earth3-Veg_ssp370_r1i1p1f1_gn_217301-217312.nc: ningun mirror responde, se descarta
    tos_Omon_EC-Earth3-Veg_ssp370_r1i1p1f1_gn_218001-218012.nc: ningun mirror responde, se descarta
    tos_Omon_EC-Earth3-Veg_ssp370_r1i1p1f1_gn_218801-218812.nc: ningun mirror responde, se descarta
    tos_Omon_EC-Earth3-Veg_ssp370_r1i1p1f1_gn_219101-219112.nc: ningun mirror responde, se descarta
    tos_Omon_EC-Earth3-Veg_ssp370_r1i1p1f1_gn_221201-221212.nc: ningun mirror responde, se descarta
    tos_Omon_EC-Earth3-Veg_ssp370_r1i1p1f1_gn_222501-222512.nc: ningun mirror responde, se descarta
    tos_Omon_EC-Earth3-Veg_ssp370_r1i1p1f1_gn_223401-223412.nc: ningun mirror responde, se descarta
    tos_Omon_EC-Earth3-Veg_ssp370_r1i1p1f1_gn_225101-225112.nc: ningun mirror responde, se descarta
    tos_Omon_EC-Earth3-Veg_ssp370_r1i1p1f1_gn_225601-225612.nc: ningun mirror responde, se descarta
    tos_Omon_EC-Earth3-Veg_ssp370_r1i1p1f1_gn_228201-228212.nc: ningun mirror responde, se descarta
    tos_Omon_EC-Earth3-Veg_ssp370_r1i1p1f1_gn_210201-210212.nc: ningun mirror responde, se descarta
    tos_Omon_EC-Earth3-Veg_ssp370_r1i1p1f1_gn_212501-212512.nc: ningun mirror responde, se descarta
    tos_Omon_EC-Earth3-Veg_ssp370_r1i1p1f1_gn_213301-213312.nc: ningun mirror responde, se descarta
    tos_Omon_EC-Earth3-Veg_ssp370_r1i1p1f1_gn_214601-214612.nc: ningun mirror responde, se descarta
    tos_Omon_EC-Earth3-Veg_ssp370_r1i1p1f1_gn_216401-216412.nc: ningun mirror responde, se descarta
    tos_Omon_EC-Earth3-Veg_ssp370_r1i1p1f1_gn_221601-221612.nc: ningun mirror responde, se descarta
    tos_Omon_EC-Earth3-Veg_ssp370_r1i1p1f1_gn_223201-223212.nc: ningun mirror responde, se descarta
    tos_Omon_EC-Earth3-Veg_ssp370_r1i1p1f1_gn_225801-225812.nc: ningun mirror responde, se descarta
    tos_Omon_EC-Earth3-Veg_ssp370_r1i1p1f1_gn_229501-229512.nc: ningun mirror responde, se descarta
    tos_Omon_EC-Earth3-Veg_ssp370_r1i1p1f1_gn_210701-210712.nc: ningun mirror responde, se descarta
    tos_Omon_EC-Earth3-Veg_ssp370_r1i1p1f1_gn_212701-212712.nc: ningun mirror responde, se descarta
    tos_Omon_EC-Earth3-Veg_ssp370_r1i1p1f1_gn_214201-214212.nc: ningun mirror responde, se descarta
    tos_Omon_EC-Earth3-Veg_ssp370_r1i1p1f1_gn_214301-214312.nc: ningun mirror responde, se descarta
    tos_Omon_EC-Earth3-Veg_ssp370_r1i1p1f1_gn_214401-214412.nc: ningun mirror responde, se descarta
    tos_Omon_EC-Earth3-Veg_ssp370_r1i1p1f1_gn_215201-215212.nc: ningun mirror responde, se descarta
    tos_Omon_EC-Earth3-Veg_ssp370_r1i1p1f1_gn_215301-215312.nc: ningun mirror responde, se descarta
    tos_Omon_EC-Earth3-Veg_ssp370_r1i1p1f1_gn_217201-217212.nc: ningun mirror responde, se descarta
    tos_Omon_EC-Earth3-Veg_ssp370_r1i1p1f1_gn_218501-218512.nc: ningun mirror responde, se descarta
    tos_Omon_EC-Earth3-Veg_ssp370_r1i1p1f1_gn_220201-220212.nc: ningun mirror responde, se descarta
    tos_Omon_EC-Earth3-Veg_ssp370_r1i1p1f1_gn_223001-223012.nc: ningun mirror responde, se descarta
    tos_Omon_EC-Earth3-Veg_ssp370_r1i1p1f1_gn_228301-228312.nc: ningun mirror responde, se descarta
    tos_Omon_EC-Earth3-Veg_ssp370_r1i1p1f1_gn_229801-229812.nc: ningun mirror responde, se descarta
    tos_Omon_EC-Earth3-Veg_ssp370_r1i1p1f1_gn_215101-215112.nc: ningun mirror responde, se descarta
    tos_Omon_EC-Earth3-Veg_ssp370_r1i1p1f1_gn_216001-216012.nc: ningun mirror responde, se descarta
    tos_Omon_EC-Earth3-Veg_ssp370_r1i1p1f1_gn_217501-217512.nc: ningun mirror responde, se descarta
    tos_Omon_EC-Earth3-Veg_ssp370_r1i1p1f1_gn_217701-217712.nc: ningun mirror responde, se descarta
    tos_Omon_EC-Earth3-Veg_ssp370_r1i1p1f1_gn_218701-218712.nc: ningun mirror responde, se descarta
    tos_Omon_EC-Earth3-Veg_ssp370_r1i1p1f1_gn_224401-224412.nc: ningun mirror responde, se descarta
    tos_Omon_EC-Earth3-Veg_ssp370_r1i1p1f1_gn_224701-224712.nc: ningun mirror responde, se descarta
    tos_Omon_EC-Earth3-Veg_ssp370_r1i1p1f1_gn_225001-225012.nc: ningun mirror responde, se descarta
    tos_Omon_EC-Earth3-Veg_ssp370_r1i1p1f1_gn_225701-225712.nc: ningun mirror responde, se descarta
    tos_Omon_EC-Earth3-Veg_ssp370_r1i1p1f1_gn_226401-226412.nc: ningun mirror responde, se descarta
    tos_Omon_EC-Earth3-Veg_ssp370_r1i1p1f1_gn_226801-226812.nc: ningun mirror responde, se descarta
    tos_Omon_EC-Earth3-Veg_ssp370_r1i1p1f1_gn_229601-229612.nc: ningun mirror responde, se descarta
    tos_Omon_EC-Earth3-Veg_ssp370_r1i1p1f1_gn_229901-229912.nc: ningun mirror responde, se descarta
    tos_Omon_EC-Earth3-Veg_ssp370_r1i1p1f1_gn_211201-211212.nc: ningun mirror responde, se descarta
    tos_Omon_EC-Earth3-Veg_ssp370_r1i1p1f1_gn_211801-211812.nc: ningun mirror responde, se descarta
    tos_Omon_EC-Earth3-Veg_ssp370_r1i1p1f1_gn_213001-213012.nc: ningun mirror responde, se descarta
    tos_Omon_EC-Earth3-Veg_ssp370_r1i1p1f1_gn_216301-216312.nc: ningun mirror responde, se descarta
    tos_Omon_EC-Earth3-Veg_ssp370_r1i1p1f1_gn_216901-216912.nc: ningun mirror responde, se descarta
    tos_Omon_EC-Earth3-Veg_ssp370_r1i1p1f1_gn_217401-217412.nc: ningun mirror responde, se descarta
    tos_Omon_EC-Earth3-Veg_ssp370_r1i1p1f1_gn_218901-218912.nc: ningun mirror responde, se descarta
    tos_Omon_EC-Earth3-Veg_ssp370_r1i1p1f1_gn_220301-220312.nc: ningun mirror responde, se descarta
    tos_Omon_EC-Earth3-Veg_ssp370_r1i1p1f1_gn_220501-220512.nc: ningun mirror responde, se descarta
    tos_Omon_EC-Earth3-Veg_ssp370_r1i1p1f1_gn_222401-222412.nc: ningun mirror responde, se descarta
    tos_Omon_EC-Earth3-Veg_ssp370_r1i1p1f1_gn_222601-222612.nc: ningun mirror responde, se descarta
    tos_Omon_EC-Earth3-Veg_ssp370_r1i1p1f1_gn_223301-223312.nc: ningun mirror responde, se descarta
    tos_Omon_EC-Earth3-Veg_ssp370_r1i1p1f1_gn_223901-223912.nc: ningun mirror responde, se descarta
    tos_Omon_EC-Earth3-Veg_ssp370_r1i1p1f1_gn_224201-224212.nc: ningun mirror responde, se descarta
    tos_Omon_EC-Earth3-Veg_ssp370_r1i1p1f1_gn_225901-225912.nc: ningun mirror responde, se descarta
    tos_Omon_EC-Earth3-Veg_ssp370_r1i1p1f1_gn_226701-226712.nc: ningun mirror responde, se descarta
    tos_Omon_EC-Earth3-Veg_ssp370_r1i1p1f1_gn_211601-211612.nc: ningun mirror responde, se descarta
    tos_Omon_EC-Earth3-Veg_ssp370_r1i1p1f1_gn_212301-212312.nc: ningun mirror responde, se descarta
    tos_Omon_EC-Earth3-Veg_ssp370_r1i1p1f1_gn_215501-215512.nc: ningun mirror responde, se descarta
    tos_Omon_EC-Earth3-Veg_ssp370_r1i1p1f1_gn_217801-217812.nc: ningun mirror responde, se descarta
    tos_Omon_EC-Earth3-Veg_ssp370_r1i1p1f1_gn_218401-218412.nc: ningun mirror responde, se descarta
    tos_Omon_EC-Earth3-Veg_ssp370_r1i1p1f1_gn_220601-220612.nc: ningun mirror responde, se descarta
    tos_Omon_EC-Earth3-Veg_ssp370_r1i1p1f1_gn_221001-221012.nc: ningun mirror responde, se descarta
    tos_Omon_EC-Earth3-Veg_ssp370_r1i1p1f1_gn_223801-223812.nc: ningun mirror responde, se descarta
    tos_Omon_EC-Earth3-Veg_ssp370_r1i1p1f1_gn_224001-224012.nc: ningun mirror responde, se descarta
    tos_Omon_EC-Earth3-Veg_ssp370_r1i1p1f1_gn_224101-224112.nc: ningun mirror responde, se descarta
    tos_Omon_EC-Earth3-Veg_ssp370_r1i1p1f1_gn_224501-224512.nc: ningun mirror responde, se descarta
    tos_Omon_EC-Earth3-Veg_ssp370_r1i1p1f1_gn_225301-225312.nc: ningun mirror responde, se descarta
    tos_Omon_EC-Earth3-Veg_ssp370_r1i1p1f1_gn_225401-225412.nc: ningun mirror responde, se descarta
    tos_Omon_EC-Earth3-Veg_ssp370_r1i1p1f1_gn_227201-227212.nc: ningun mirror responde, se descarta
    tos_Omon_EC-Earth3-Veg_ssp370_r1i1p1f1_gn_229301-229312.nc: ningun mirror responde, se descarta
    tos_Omon_EC-Earth3-Veg_ssp585_r1i1p1f1_gn_211401-211412.nc: ningun mirror responde, se descarta
    tos_Omon_EC-Earth3-Veg_ssp585_r1i1p1f1_gn_212701-212712.nc: ningun mirror responde, se descarta
    tos_Omon_EC-Earth3-Veg_ssp585_r1i1p1f1_gn_213401-213412.nc: ningun mirror responde, se descarta
    tos_Omon_EC-Earth3-Veg_ssp585_r1i1p1f1_gn_213501-213512.nc: ningun mirror responde, se descarta
    tos_Omon_EC-Earth3-Veg_ssp585_r1i1p1f1_gn_216501-216512.nc: ningun mirror responde, se descarta
    tos_Omon_EC-Earth3-Veg_ssp585_r1i1p1f1_gn_218301-218312.nc: ningun mirror responde, se descarta
    tos_Omon_EC-Earth3-Veg_ssp585_r1i1p1f1_gn_220401-220412.nc: ningun mirror responde, se descarta
    tos_Omon_EC-Earth3-Veg_ssp585_r1i1p1f1_gn_225101-225112.nc: ningun mirror responde, se descarta
    tos_Omon_EC-Earth3-Veg_ssp585_r1i1p1f1_gn_225601-225612.nc: ningun mirror responde, se descarta
    tos_Omon_EC-Earth3-Veg_ssp585_r1i1p1f1_gn_228001-228012.nc: ningun mirror responde, se descarta
    tos_Omon_EC-Earth3-Veg_ssp585_r1i1p1f1_gn_229201-229212.nc: ningun mirror responde, se descarta
    tos_Omon_EC-Earth3-Veg_ssp585_r1i1p1f1_gn_210401-210412.nc: ningun mirror responde, se descarta
    tos_Omon_EC-Earth3-Veg_ssp585_r1i1p1f1_gn_211301-211312.nc: ningun mirror responde, se descarta
    tos_Omon_EC-Earth3-Veg_ssp585_r1i1p1f1_gn_214001-214012.nc: ningun mirror responde, se descarta
    tos_Omon_EC-Earth3-Veg_ssp585_r1i1p1f1_gn_214901-214912.nc: ningun mirror responde, se descarta
    tos_Omon_EC-Earth3-Veg_ssp585_r1i1p1f1_gn_215001-215012.nc: ningun mirror responde, se descarta
    tos_Omon_EC-Earth3-Veg_ssp585_r1i1p1f1_gn_215201-215212.nc: ningun mirror responde, se descarta
    tos_Omon_EC-Earth3-Veg_ssp585_r1i1p1f1_gn_215301-215312.nc: ningun mirror responde, se descarta
    tos_Omon_EC-Earth3-Veg_ssp585_r1i1p1f1_gn_215501-215512.nc: ningun mirror responde, se descarta
    tos_Omon_EC-Earth3-Veg_ssp585_r1i1p1f1_gn_216001-216012.nc: ningun mirror responde, se descarta
    tos_Omon_EC-Earth3-Veg_ssp585_r1i1p1f1_gn_217701-217712.nc: ningun mirror responde, se descarta
    tos_Omon_EC-Earth3-Veg_ssp585_r1i1p1f1_gn_218601-218612.nc: ningun mirror responde, se descarta
    tos_Omon_EC-Earth3-Veg_ssp585_r1i1p1f1_gn_220701-220712.nc: ningun mirror responde, se descarta
    tos_Omon_EC-Earth3-Veg_ssp585_r1i1p1f1_gn_222001-222012.nc: ningun mirror responde, se descarta
    tos_Omon_EC-Earth3-Veg_ssp585_r1i1p1f1_gn_223501-223512.nc: ningun mirror responde, se descarta
    tos_Omon_EC-Earth3-Veg_ssp585_r1i1p1f1_gn_226301-226312.nc: ningun mirror responde, se descarta
    tos_Omon_EC-Earth3-Veg_ssp585_r1i1p1f1_gn_227501-227512.nc: ningun mirror responde, se descarta
    tos_Omon_EC-Earth3-Veg_ssp585_r1i1p1f1_gn_228601-228612.nc: ningun mirror responde, se descarta
    tos_Omon_EC-Earth3-Veg_ssp585_r1i1p1f1_gn_210801-210812.nc: ningun mirror responde, se descarta
    tos_Omon_EC-Earth3-Veg_ssp585_r1i1p1f1_gn_214801-214812.nc: ningun mirror responde, se descarta
    tos_Omon_EC-Earth3-Veg_ssp585_r1i1p1f1_gn_218101-218112.nc: ningun mirror responde, se descarta
    tos_Omon_EC-Earth3-Veg_ssp585_r1i1p1f1_gn_220901-220912.nc: ningun mirror responde, se descarta
    tos_Omon_EC-Earth3-Veg_ssp585_r1i1p1f1_gn_224001-224012.nc: ningun mirror responde, se descarta
    tos_Omon_EC-Earth3-Veg_ssp585_r1i1p1f1_gn_225001-225012.nc: ningun mirror responde, se descarta
    tos_Omon_EC-Earth3-Veg_ssp585_r1i1p1f1_gn_227401-227412.nc: ningun mirror responde, se descarta
    tos_Omon_EC-Earth3-Veg_ssp585_r1i1p1f1_gn_228401-228412.nc: ningun mirror responde, se descarta
    tos_Omon_EC-Earth3-Veg_ssp585_r1i1p1f1_gn_229501-229512.nc: ningun mirror responde, se descarta
    tos_Omon_EC-Earth3-Veg_ssp585_r1i1p1f1_gn_230001-230012.nc: ningun mirror responde, se descarta
    tos_Omon_EC-Earth3-Veg_ssp585_r1i1p1f1_gn_210101-210112.nc: ningun mirror responde, se descarta
    tos_Omon_EC-Earth3-Veg_ssp585_r1i1p1f1_gn_211201-211212.nc: ningun mirror responde, se descarta
    tos_Omon_EC-Earth3-Veg_ssp585_r1i1p1f1_gn_214401-214412.nc: ningun mirror responde, se descarta
    tos_Omon_EC-Earth3-Veg_ssp585_r1i1p1f1_gn_215701-215712.nc: ningun mirror responde, se descarta
    tos_Omon_EC-Earth3-Veg_ssp585_r1i1p1f1_gn_216201-216212.nc: ningun mirror responde, se descarta
    tos_Omon_EC-Earth3-Veg_ssp585_r1i1p1f1_gn_216301-216312.nc: ningun mirror responde, se descarta
    tos_Omon_EC-Earth3-Veg_ssp585_r1i1p1f1_gn_217901-217912.nc: ningun mirror responde, se descarta
    tos_Omon_EC-Earth3-Veg_ssp585_r1i1p1f1_gn_225201-225212.nc: ningun mirror responde, se descarta
    tos_Omon_EC-Earth3-Veg_ssp585_r1i1p1f1_gn_226801-226812.nc: ningun mirror responde, se descarta
    tos_Omon_EC-Earth3-Veg_ssp585_r1i1p1f1_gn_226901-226912.nc: ningun mirror responde, se descarta
    tos_Omon_EC-Earth3-Veg_ssp585_r1i1p1f1_gn_227901-227912.nc: ningun mirror responde, se descarta
    tos_Omon_EC-Earth3-Veg_ssp585_r1i1p1f1_gn_229701-229712.nc: ningun mirror responde, se descarta
    tos_Omon_EC-Earth3-Veg_ssp585_r1i1p1f1_gn_211601-211612.nc: ningun mirror responde, se descarta
    tos_Omon_EC-Earth3-Veg_ssp585_r1i1p1f1_gn_211901-211912.nc: ningun mirror responde, se descarta
    tos_Omon_EC-Earth3-Veg_ssp585_r1i1p1f1_gn_213801-213812.nc: ningun mirror responde, se descarta
    tos_Omon_EC-Earth3-Veg_ssp585_r1i1p1f1_gn_218801-218812.nc: ningun mirror responde, se descarta
    tos_Omon_EC-Earth3-Veg_ssp585_r1i1p1f1_gn_221201-221212.nc: ningun mirror responde, se descarta
    tos_Omon_EC-Earth3-Veg_ssp585_r1i1p1f1_gn_223901-223912.nc: ningun mirror responde, se descarta
    tos_Omon_EC-Earth3-Veg_ssp585_r1i1p1f1_gn_224101-224112.nc: ningun mirror responde, se descarta
    tos_Omon_EC-Earth3-Veg_ssp585_r1i1p1f1_gn_224901-224912.nc: ningun mirror responde, se descarta
    tos_Omon_EC-Earth3-Veg_ssp585_r1i1p1f1_gn_225401-225412.nc: ningun mirror responde, se descarta
    tos_Omon_EC-Earth3-Veg_ssp585_r1i1p1f1_gn_226001-226012.nc: ningun mirror responde, se descarta
    tos_Omon_EC-Earth3-Veg_ssp585_r1i1p1f1_gn_212201-212212.nc: ningun mirror responde, se descarta
    tos_Omon_EC-Earth3-Veg_ssp585_r1i1p1f1_gn_213601-213612.nc: ningun mirror responde, se descarta
    tos_Omon_EC-Earth3-Veg_ssp585_r1i1p1f1_gn_213701-213712.nc: ningun mirror responde, se descarta
    tos_Omon_EC-Earth3-Veg_ssp585_r1i1p1f1_gn_214201-214212.nc: ningun mirror responde, se descarta
    tos_Omon_EC-Earth3-Veg_ssp585_r1i1p1f1_gn_214501-214512.nc: ningun mirror responde, se descarta
    tos_Omon_EC-Earth3-Veg_ssp585_r1i1p1f1_gn_215801-215812.nc: ningun mirror responde, se descarta
    tos_Omon_EC-Earth3-Veg_ssp585_r1i1p1f1_gn_222101-222112.nc: ningun mirror responde, se descarta
    tos_Omon_EC-Earth3-Veg_ssp585_r1i1p1f1_gn_222901-222912.nc: ningun mirror responde, se descarta
    tos_Omon_EC-Earth3-Veg_ssp585_r1i1p1f1_gn_223701-223712.nc: ningun mirror responde, se descarta
    tos_Omon_EC-Earth3-Veg_ssp585_r1i1p1f1_gn_226501-226512.nc: ningun mirror responde, se descarta
    tos_Omon_EC-Earth3-Veg_ssp585_r1i1p1f1_gn_228501-228512.nc: ningun mirror responde, se descarta
    tos_Omon_EC-Earth3-Veg_ssp585_r1i1p1f1_gn_214301-214312.nc: ningun mirror responde, se descarta
    tos_Omon_EC-Earth3-Veg_ssp585_r1i1p1f1_gn_217201-217212.nc: ningun mirror responde, se descarta
    tos_Omon_EC-Earth3-Veg_ssp585_r1i1p1f1_gn_217801-217812.nc: ningun mirror responde, se descarta
    tos_Omon_EC-Earth3-Veg_ssp585_r1i1p1f1_gn_218201-218212.nc: ningun mirror responde, se descarta
    tos_Omon_EC-Earth3-Veg_ssp585_r1i1p1f1_gn_220601-220612.nc: ningun mirror responde, se descarta
    tos_Omon_EC-Earth3-Veg_ssp585_r1i1p1f1_gn_221701-221712.nc: ningun mirror responde, se descarta
    tos_Omon_EC-Earth3-Veg_ssp585_r1i1p1f1_gn_222201-222212.nc: ningun mirror responde, se descarta
    tos_Omon_EC-Earth3-Veg_ssp585_r1i1p1f1_gn_222301-222312.nc: ningun mirror responde, se descarta
    tos_Omon_EC-Earth3-Veg_ssp585_r1i1p1f1_gn_222601-222612.nc: ningun mirror responde, se descarta
    tos_Omon_EC-Earth3-Veg_ssp585_r1i1p1f1_gn_224501-224512.nc: ningun mirror responde, se descarta
    tos_Omon_EC-Earth3-Veg_ssp585_r1i1p1f1_gn_210601-210612.nc: ningun mirror responde, se descarta
    tos_Omon_EC-Earth3-Veg_ssp585_r1i1p1f1_gn_212601-212612.nc: ningun mirror responde, se descarta
    tos_Omon_EC-Earth3-Veg_ssp585_r1i1p1f1_gn_213901-213912.nc: ningun mirror responde, se descarta
    tos_Omon_EC-Earth3-Veg_ssp585_r1i1p1f1_gn_214101-214112.nc: ningun mirror responde, se descarta
    tos_Omon_EC-Earth3-Veg_ssp585_r1i1p1f1_gn_216601-216612.nc: ningun mirror responde, se descarta
    tos_Omon_EC-Earth3-Veg_ssp585_r1i1p1f1_gn_219601-219612.nc: ningun mirror responde, se descarta
    tos_Omon_EC-Earth3-Veg_ssp585_r1i1p1f1_gn_221401-221412.nc: ningun mirror responde, se descarta
    tos_Omon_EC-Earth3-Veg_ssp585_r1i1p1f1_gn_226201-226212.nc: ningun mirror responde, se descarta
    tos_Omon_EC-Earth3-Veg_ssp585_r1i1p1f1_gn_226401-226412.nc: ningun mirror responde, se descarta
    tos_Omon_EC-Earth3-Veg_ssp585_r1i1p1f1_gn_228701-228712.nc: ningun mirror responde, se descarta
    tos_Omon_EC-Earth3-Veg_ssp585_r1i1p1f1_gn_210201-210212.nc: ningun mirror responde, se descarta
    tos_Omon_EC-Earth3-Veg_ssp585_r1i1p1f1_gn_212101-212112.nc: ningun mirror responde, se descarta
    tos_Omon_EC-Earth3-Veg_ssp585_r1i1p1f1_gn_212301-212312.nc: ningun mirror responde, se descarta
    tos_Omon_EC-Earth3-Veg_ssp585_r1i1p1f1_gn_212501-212512.nc: ningun mirror responde, se descarta
    tos_Omon_EC-Earth3-Veg_ssp585_r1i1p1f1_gn_212901-212912.nc: ningun mirror responde, se descarta
    tos_Omon_EC-Earth3-Veg_ssp585_r1i1p1f1_gn_214601-214612.nc: ningun mirror responde, se descarta
    tos_Omon_EC-Earth3-Veg_ssp585_r1i1p1f1_gn_215101-215112.nc: ningun mirror responde, se descarta
    tos_Omon_EC-Earth3-Veg_ssp585_r1i1p1f1_gn_215601-215612.nc: ningun mirror responde, se descarta
    tos_Omon_EC-Earth3-Veg_ssp585_r1i1p1f1_gn_216701-216712.nc: ningun mirror responde, se descarta
    tos_Omon_EC-Earth3-Veg_ssp585_r1i1p1f1_gn_217301-217312.nc: ningun mirror responde, se descarta
    tos_Omon_EC-Earth3-Veg_ssp585_r1i1p1f1_gn_220201-220212.nc: ningun mirror responde, se descarta
    tos_Omon_EC-Earth3-Veg_ssp585_r1i1p1f1_gn_221301-221312.nc: ningun mirror responde, se descarta
    tos_Omon_EC-Earth3-Veg_ssp585_r1i1p1f1_gn_222501-222512.nc: ningun mirror responde, se descarta
    tos_Omon_EC-Earth3-Veg_ssp585_r1i1p1f1_gn_223801-223812.nc: ningun mirror responde, se descarta
    tos_Omon_EC-Earth3-Veg_ssp585_r1i1p1f1_gn_224401-224412.nc: ningun mirror responde, se descarta
    tos_Omon_EC-Earth3-Veg_ssp585_r1i1p1f1_gn_225801-225812.nc: ningun mirror responde, se descarta
    tos_Omon_EC-Earth3-Veg_ssp585_r1i1p1f1_gn_226101-226112.nc: ningun mirror responde, se descarta
    tos_Omon_EC-Earth3-Veg_ssp585_r1i1p1f1_gn_226601-226612.nc: ningun mirror responde, se descarta
    tos_Omon_EC-Earth3-Veg_ssp585_r1i1p1f1_gn_227201-227212.nc: ningun mirror responde, se descarta
    tos_Omon_EC-Earth3-Veg_ssp585_r1i1p1f1_gn_229301-229312.nc: ningun mirror responde, se descarta
    tos_Omon_EC-Earth3-Veg_ssp585_r1i1p1f1_gn_210501-210512.nc: ningun mirror responde, se descarta
    tos_Omon_EC-Earth3-Veg_ssp585_r1i1p1f1_gn_211701-211712.nc: ningun mirror responde, se descarta
    tos_Omon_EC-Earth3-Veg_ssp585_r1i1p1f1_gn_211801-211812.nc: ningun mirror responde, se descarta
    tos_Omon_EC-Earth3-Veg_ssp585_r1i1p1f1_gn_214701-214712.nc: ningun mirror responde, se descarta
    tos_Omon_EC-Earth3-Veg_ssp585_r1i1p1f1_gn_216101-216112.nc: ningun mirror responde, se descarta
    tos_Omon_EC-Earth3-Veg_ssp585_r1i1p1f1_gn_217001-217012.nc: ningun mirror responde, se descarta
    tos_Omon_EC-Earth3-Veg_ssp585_r1i1p1f1_gn_217101-217112.nc: ningun mirror responde, se descarta
    tos_Omon_EC-Earth3-Veg_ssp585_r1i1p1f1_gn_217401-217412.nc: ningun mirror responde, se descarta
    tos_Omon_EC-Earth3-Veg_ssp585_r1i1p1f1_gn_218001-218012.nc: ningun mirror responde, se descarta
    tos_Omon_EC-Earth3-Veg_ssp585_r1i1p1f1_gn_220801-220812.nc: ningun mirror responde, se descarta
    tos_Omon_EC-Earth3-Veg_ssp585_r1i1p1f1_gn_221601-221612.nc: ningun mirror responde, se descarta
    tos_Omon_EC-Earth3-Veg_ssp585_r1i1p1f1_gn_222701-222712.nc: ningun mirror responde, se descarta
    tos_Omon_EC-Earth3-Veg_ssp585_r1i1p1f1_gn_224801-224812.nc: ningun mirror responde, se descarta
    tos_Omon_EC-Earth3-Veg_ssp585_r1i1p1f1_gn_226701-226712.nc: ningun mirror responde, se descarta
    tos_Omon_EC-Earth3-Veg_ssp585_r1i1p1f1_gn_228301-228312.nc: ningun mirror responde, se descarta
    tos_Omon_EC-Earth3-Veg_ssp585_r1i1p1f1_gn_229901-229912.nc: ningun mirror responde, se descarta
    tos_Omon_EC-Earth3-Veg_ssp585_r1i1p1f1_gn_210701-210712.nc: ningun mirror responde, se descarta
    tos_Omon_EC-Earth3-Veg_ssp585_r1i1p1f1_gn_213001-213012.nc: ningun mirror responde, se descarta
    tos_Omon_EC-Earth3-Veg_ssp585_r1i1p1f1_gn_213101-213112.nc: ningun mirror responde, se descarta
    tos_Omon_EC-Earth3-Veg_ssp585_r1i1p1f1_gn_213201-213212.nc: ningun mirror responde, se descarta
    tos_Omon_EC-Earth3-Veg_ssp585_r1i1p1f1_gn_216901-216912.nc: ningun mirror responde, se descarta
    tos_Omon_EC-Earth3-Veg_ssp585_r1i1p1f1_gn_219101-219112.nc: ningun mirror responde, se descarta
    tos_Omon_EC-Earth3-Veg_ssp585_r1i1p1f1_gn_219301-219312.nc: ningun mirror responde, se descarta
    tos_Omon_EC-Earth3-Veg_ssp585_r1i1p1f1_gn_219501-219512.nc: ningun mirror responde, se descarta
    tos_Omon_EC-Earth3-Veg_ssp585_r1i1p1f1_gn_220501-220512.nc: ningun mirror responde, se descarta
    tos_Omon_EC-Earth3-Veg_ssp585_r1i1p1f1_gn_221101-221112.nc: ningun mirror responde, se descarta
    tos_Omon_EC-Earth3-Veg_ssp585_r1i1p1f1_gn_221901-221912.nc: ningun mirror responde, se descarta
    tos_Omon_EC-Earth3-Veg_ssp585_r1i1p1f1_gn_222801-222812.nc: ningun mirror responde, se descarta
    tos_Omon_EC-Earth3-Veg_ssp585_r1i1p1f1_gn_223601-223612.nc: ningun mirror responde, se descarta
    tos_Omon_EC-Earth3-Veg_ssp585_r1i1p1f1_gn_224701-224712.nc: ningun mirror responde, se descarta
    tos_Omon_EC-Earth3-Veg_ssp585_r1i1p1f1_gn_227601-227612.nc: ningun mirror responde, se descarta
    tos_Omon_EC-Earth3-Veg_ssp585_r1i1p1f1_gn_227701-227712.nc: ningun mirror responde, se descarta
    tos_Omon_EC-Earth3-Veg_ssp585_r1i1p1f1_gn_227801-227812.nc: ningun mirror responde, se descarta
    tos_Omon_EC-Earth3-Veg_ssp585_r1i1p1f1_gn_210301-210312.nc: ningun mirror responde, se descarta
    tos_Omon_EC-Earth3-Veg_ssp585_r1i1p1f1_gn_210901-210912.nc: ningun mirror responde, se descarta
    tos_Omon_EC-Earth3-Veg_ssp585_r1i1p1f1_gn_211501-211512.nc: ningun mirror responde, se descarta
    tos_Omon_EC-Earth3-Veg_ssp585_r1i1p1f1_gn_212001-212012.nc: ningun mirror responde, se descarta
    tos_Omon_EC-Earth3-Veg_ssp585_r1i1p1f1_gn_213301-213312.nc: ningun mirror responde, se descarta
    tos_Omon_EC-Earth3-Veg_ssp585_r1i1p1f1_gn_215401-215412.nc: ningun mirror responde, se descarta
    tos_Omon_EC-Earth3-Veg_ssp585_r1i1p1f1_gn_216401-216412.nc: ningun mirror responde, se descarta
    tos_Omon_EC-Earth3-Veg_ssp585_r1i1p1f1_gn_217501-217512.nc: ningun mirror responde, se descarta
    tos_Omon_EC-Earth3-Veg_ssp585_r1i1p1f1_gn_218701-218712.nc: ningun mirror responde, se descarta
    tos_Omon_EC-Earth3-Veg_ssp585_r1i1p1f1_gn_219001-219012.nc: ningun mirror responde, se descarta
    tos_Omon_EC-Earth3-Veg_ssp585_r1i1p1f1_gn_219201-219212.nc: ningun mirror responde, se descarta
    tos_Omon_EC-Earth3-Veg_ssp585_r1i1p1f1_gn_219901-219912.nc: ningun mirror responde, se descarta
    tos_Omon_EC-Earth3-Veg_ssp585_r1i1p1f1_gn_221801-221812.nc: ningun mirror responde, se descarta
    tos_Omon_EC-Earth3-Veg_ssp585_r1i1p1f1_gn_224201-224212.nc: ningun mirror responde, se descarta
    tos_Omon_EC-Earth3-Veg_ssp585_r1i1p1f1_gn_225301-225312.nc: ningun mirror responde, se descarta
    tos_Omon_EC-Earth3-Veg_ssp585_r1i1p1f1_gn_228901-228912.nc: ningun mirror responde, se descarta
    tos_Omon_EC-Earth3-Veg_ssp585_r1i1p1f1_gn_229601-229612.nc: ningun mirror responde, se descarta
    tos_Omon_EC-Earth3-Veg_ssp585_r1i1p1f1_gn_215901-215912.nc: ningun mirror responde, se descarta
    tos_Omon_EC-Earth3-Veg_ssp585_r1i1p1f1_gn_218401-218412.nc: ningun mirror responde, se descarta
    tos_Omon_EC-Earth3-Veg_ssp585_r1i1p1f1_gn_218901-218912.nc: ningun mirror responde, se descarta
    tos_Omon_EC-Earth3-Veg_ssp585_r1i1p1f1_gn_223101-223112.nc: ningun mirror responde, se descarta
    tos_Omon_EC-Earth3-Veg_ssp585_r1i1p1f1_gn_227001-227012.nc: ningun mirror responde, se descarta
    tos_Omon_EC-Earth3-Veg_ssp585_r1i1p1f1_gn_227101-227112.nc: ningun mirror responde, se descarta
    tos_Omon_EC-Earth3-Veg_ssp585_r1i1p1f1_gn_228101-228112.nc: ningun mirror responde, se descarta
    tos_Omon_EC-Earth3-Veg_ssp585_r1i1p1f1_gn_228201-228212.nc: ningun mirror responde, se descarta
    tos_Omon_EC-Earth3-Veg_ssp585_r1i1p1f1_gn_229101-229112.nc: ningun mirror responde, se descarta
    tos_Omon_EC-Earth3-Veg_ssp585_r1i1p1f1_gn_212801-212812.nc: ningun mirror responde, se descarta
    tos_Omon_EC-Earth3-Veg_ssp585_r1i1p1f1_gn_219401-219412.nc: ningun mirror responde, se descarta
    tos_Omon_EC-Earth3-Veg_ssp585_r1i1p1f1_gn_219801-219812.nc: ningun mirror responde, se descarta
    tos_Omon_EC-Earth3-Veg_ssp585_r1i1p1f1_gn_220001-220012.nc: ningun mirror responde, se descarta
    tos_Omon_EC-Earth3-Veg_ssp585_r1i1p1f1_gn_220301-220312.nc: ningun mirror responde, se descarta
    tos_Omon_EC-Earth3-Veg_ssp585_r1i1p1f1_gn_221001-221012.nc: ningun mirror responde, se descarta
    tos_Omon_EC-Earth3-Veg_ssp585_r1i1p1f1_gn_221501-221512.nc: ningun mirror responde, se descarta
    tos_Omon_EC-Earth3-Veg_ssp585_r1i1p1f1_gn_223301-223312.nc: ningun mirror responde, se descarta
    tos_Omon_EC-Earth3-Veg_ssp585_r1i1p1f1_gn_224301-224312.nc: ningun mirror responde, se descarta
    tos_Omon_EC-Earth3-Veg_ssp585_r1i1p1f1_gn_224601-224612.nc: ningun mirror responde, se descarta
    tos_Omon_EC-Earth3-Veg_ssp585_r1i1p1f1_gn_225701-225712.nc: ningun mirror responde, se descarta
    tos_Omon_EC-Earth3-Veg_ssp585_r1i1p1f1_gn_225901-225912.nc: ningun mirror responde, se descarta
    tos_Omon_EC-Earth3-Veg_ssp585_r1i1p1f1_gn_228801-228812.nc: ningun mirror responde, se descarta
    tos_Omon_EC-Earth3-Veg_ssp585_r1i1p1f1_gn_229401-229412.nc: ningun mirror responde, se descarta
    tos_Omon_EC-Earth3-Veg_ssp585_r1i1p1f1_gn_229801-229812.nc: ningun mirror responde, se descarta
    tos_Omon_EC-Earth3-Veg_ssp585_r1i1p1f1_gn_211001-211012.nc: ningun mirror responde, se descarta
    tos_Omon_EC-Earth3-Veg_ssp585_r1i1p1f1_gn_211101-211112.nc: ningun mirror responde, se descarta
    tos_Omon_EC-Earth3-Veg_ssp585_r1i1p1f1_gn_212401-212412.nc: ningun mirror responde, se descarta
    tos_Omon_EC-Earth3-Veg_ssp585_r1i1p1f1_gn_216801-216812.nc: ningun mirror responde, se descarta
    tos_Omon_EC-Earth3-Veg_ssp585_r1i1p1f1_gn_217601-217612.nc: ningun mirror responde, se descarta
    tos_Omon_EC-Earth3-Veg_ssp585_r1i1p1f1_gn_218501-218512.nc: ningun mirror responde, se descarta
    tos_Omon_EC-Earth3-Veg_ssp585_r1i1p1f1_gn_219701-219712.nc: ningun mirror responde, se descarta
    tos_Omon_EC-Earth3-Veg_ssp585_r1i1p1f1_gn_220101-220112.nc: ningun mirror responde, se descarta
    tos_Omon_EC-Earth3-Veg_ssp585_r1i1p1f1_gn_222401-222412.nc: ningun mirror responde, se descarta
    tos_Omon_EC-Earth3-Veg_ssp585_r1i1p1f1_gn_223001-223012.nc: ningun mirror responde, se descarta
    tos_Omon_EC-Earth3-Veg_ssp585_r1i1p1f1_gn_223201-223212.nc: ningun mirror responde, se descarta
    tos_Omon_EC-Earth3-Veg_ssp585_r1i1p1f1_gn_223401-223412.nc: ningun mirror responde, se descarta
    tos_Omon_EC-Earth3-Veg_ssp585_r1i1p1f1_gn_225501-225512.nc: ningun mirror responde, se descarta
    tos_Omon_EC-Earth3-Veg_ssp585_r1i1p1f1_gn_227301-227312.nc: ningun mirror responde, se descarta
    tos_Omon_EC-Earth3-Veg_ssp585_r1i1p1f1_gn_229001-229012.nc: ningun mirror responde, se descarta
EC-Earth3-Veg (grid=gn, miembro=r1i1p1f1): completo=True archivos_por_experimento={'historical': 165, 'ssp245': 86, 'ssp370': 86, 'ssp585': 86}
EC-Earth3-Veg-LR (grid=gn, miembro=r1i1p1f1): completo=True archivos_por_experimento={'historical': 165, 'ssp245': 86, 'ssp370': 86, 'ssp585': 86}
FGOALS-g3 (grid=gn, miembro=r1i1p1f1): completo=True archivos_por_experimento={'historical': 1, 'ssp245': 2, 'ssp370': 2, 'ssp585': 2}
GFDL-ESM4 (grid=gn, miembro=r1i1p1f1): completo=True archivos_por_experimento={'historical': 9, 'ssp245': 5, 'ssp370': 5, 'ssp585': 5}
GISS-E2-1-G (grid=gn, miembro=r1i1p1f2): completo=True archivos_por_experimento={'historical': 4, 'ssp245': 10, 'ssp370': 10, 'ssp585': 10}
GISS-E2-1-H (grid=gn, miembro=r1i1p1f2): completo=True archivos_por_experimento={'historical': 4, 'ssp245': 10, 'ssp370': 2, 'ssp585': 10}
GISS-E2-2-G (grid=gn, miembro=r1i1p3f1): completo=True archivos_por_experimento={'historical': 7, 'ssp245': 12, 'ssp370': 4, 'ssp585': 4}
IITM-ESM (grid=gn, miembro=r1i1p1f1): completo=True archivos_por_experimento={'historical': 23, 'ssp245': 17, 'ssp370': 9, 'ssp585': 17}
INM-CM4-8 (grid=gr1, miembro=r1i1p1f1): completo=True archivos_por_experimento={'historical': 4, 'ssp245': 2, 'ssp370': 2, 'ssp585': 2}
INM-CM5-0 (grid=gr1, miembro=r1i1p1f1): completo=True archivos_por_experimento={'historical': 4, 'ssp245': 2, 'ssp370': 2, 'ssp585': 2}
IPSL-CM6A-LR (grid=gn, miembro=r1i1p1f1): completo=True archivos_por_experimento={'historical': 1, 'ssp245': 1, 'ssp370': 1, 'ssp585': 2}
    tos_Omon_KACE-1-0-G_historical_r1i1p1f1_gr_185001-201412.nc: ningun mirror responde, se descarta
KACE-1-0-G (grid=gr, miembro=r1i1p1f1): completo=False archivos_por_experimento={'historical': 0, 'ssp245': 1, 'ssp370': 1, 'ssp585': 1}
MCM-UA-1-0 (grid=gn, miembro=r1i1p1f2): completo=True archivos_por_experimento={'historical': 1, 'ssp245': 1, 'ssp370': 1, 'ssp585': 1}
    tos_Omon_MIROC-ES2H_ssp245_r1i1p4f2_gn_201501-210012.nc: ningun mirror responde, se descarta
    tos_Omon_MIROC-ES2H_ssp370_r1i1p4f2_gn_201501-210012.nc: ningun mirror responde, se descarta
    tos_Omon_MIROC-ES2H_ssp585_r1i1p4f2_gn_201501-210012.nc: ningun mirror responde, se descarta
MIROC-ES2H (grid=gn, miembro=r1i1p4f2): completo=False archivos_por_experimento={'historical': 1, 'ssp245': 0, 'ssp370': 0, 'ssp585': 0}
MIROC-ES2L (grid=gn, miembro=r1i1p1f2): completo=True archivos_por_experimento={'historical': 1, 'ssp245': 1, 'ssp370': 1, 'ssp585': 2}
MIROC6 (grid=gn, miembro=r1i1p1f1): completo=True archivos_por_experimento={'historical': 2, 'ssp245': 1, 'ssp370': 1, 'ssp585': 1}
MPI-ESM1-2-HR (grid=gn, miembro=r1i1p1f1): completo=True archivos_por_experimento={'historical': 33, 'ssp245': 18, 'ssp370': 18, 'ssp585': 18}
MPI-ESM1-2-LR (grid=gn, miembro=r1i1p1f1): completo=True archivos_por_experimento={'historical': 9, 'ssp245': 5, 'ssp370': 5, 'ssp585': 5}
MRI-ESM2-0 (grid=gn, miembro=r1i1p1f1): completo=True archivos_por_experimento={'historical': 1, 'ssp245': 1, 'ssp370': 1, 'ssp585': 2}
NorESM2-LM (grid=gn, miembro=r1i1p1f1): completo=True archivos_por_experimento={'historical': 17, 'ssp245': 9, 'ssp370': 9, 'ssp585': 9}
NorESM2-MM (grid=gn, miembro=r1i1p1f1): completo=True archivos_por_experimento={'historical': 17, 'ssp245': 9, 'ssp370': 9, 'ssp585': 29}
TaiESM1 (grid=gn, miembro=r1i1p1f1): completo=True archivos_por_experimento={'historical': 165, 'ssp245': 86, 'ssp370': 86, 'ssp585': 86}
UKESM1-0-LL (grid=gn, miembro=r1i1p1f2): completo=True archivos_por_experimento={'historical': 2, 'ssp245': 2, 'ssp370': 2, 'ssp585': 2}
Catalogo escrito en data/interim/models_catalog_status.csv y data/interim/esgf_file_urls.json (35/38 modelos completos)
Pipeline completo.
== Graficos: plot_maps.py ==
Graficando mapas: 4 modelo(s) + ERSSTv5 ...
  ACCESS-CM2
  ACCESS-CM2: sst_2d_ACCESS-CM2.png ya existe, se omite
  ACCESS-ESM1-5
  ACCESS-ESM1-5: sst_2d_ACCESS-ESM1-5.png ya existe, se omite
  AWI-CM-1-1-MR
  AWI-CM-1-1-MR: sst_2d_AWI-CM-1-1-MR.png ya existe, se omite
  EC-Earth3-Veg
  EC-Earth3-Veg: sst_2d_EC-Earth3-Veg.png ya existe, se omite
  ERSSTv5
  ERSSTv5: sst_2d_ERSSTv5.png ya existe, se omite
Listo, 5 figura(s) en /home/jonathan/personal/e1_smn/figures
== Graficos: plot_box_series.py ==
ACCESS-CM2
  ACCESS-CM2 Nino 1+2: serie_ACCESS-CM2_sst_Nino1+2.png ya existe, se omite
  ACCESS-CM2 Nino 3.4: serie_ACCESS-CM2_sst_Nino3.4.png ya existe, se omite
ACCESS-ESM1-5
  ACCESS-ESM1-5 Nino 1+2: serie_ACCESS-ESM1-5_sst_Nino1+2.png ya existe, se omite
  ACCESS-ESM1-5 Nino 3.4: serie_ACCESS-ESM1-5_sst_Nino3.4.png ya existe, se omite
AWI-CM-1-1-MR
  AWI-CM-1-1-MR Nino 1+2: serie_AWI-CM-1-1-MR_sst_Nino1+2.png ya existe, se omite
  AWI-CM-1-1-MR Nino 3.4: serie_AWI-CM-1-1-MR_sst_Nino3.4.png ya existe, se omite
EC-Earth3-Veg
  EC-Earth3-Veg Nino 1+2: serie_EC-Earth3-Veg_sst_Nino1+2.png ya existe, se omite
  EC-Earth3-Veg Nino 3.4: serie_EC-Earth3-Veg_sst_Nino3.4.png ya existe, se omite
Listo, 4 modelo(s) graficado(s) (2 figuras cada uno) en /home/jonathan/personal/e1_smn/figures
== Graficos: plot_qc_summary.py ==
sst_QD_vf.png ya existe, se omite. Para regenerarlo (ej. tras una nueva descarga/QC), borralo primero.
== Graficos: plot_boxplot_comparison.py ==
Graficando boxplots comparativos ...
  Nino 3.4: boxplot_Nino3.4.png ya existe, se omite
  Nino 1+2: boxplot_Nino1+2.png ya existe, se omite
Listo.
== Graficos: plot_region_nino_orthographic.py ==
Traceback (most recent call last):
  File "/home/jonathan/personal/e1_smn/scripts/plot_region_nino_orthographic.py", line 32, in <module>
    import cartopy.crs as ccrs  # noqa: E402
    ^^^^^^^^^^^^^^^^^^^^^^^^^^
  File "/home/jonathan/miniconda3/lib/python3.12/site-packages/cartopy/__init__.py", line 108, in <module>
    import cartopy.feature  # noqa: E402,F401  (unused import)
    ^^^^^^^^^^^^^^^^^^^^^^
  File "/home/jonathan/miniconda3/lib/python3.12/site-packages/cartopy/feature/__init__.py", line 19, in <module>
    import cartopy.io.shapereader as shapereader
  File "/home/jonathan/miniconda3/lib/python3.12/site-packages/cartopy/io/shapereader.py", line 44, in <module>
    import fiona
  File "/home/jonathan/miniconda3/lib/python3.12/site-packages/fiona/__init__.py", line 49, in <module>
    from fiona.collection import BytesCollection, Collection
  File "/home/jonathan/miniconda3/lib/python3.12/site-packages/fiona/collection.py", line 10, in <module>
    from fiona.ogrext import Iterator, ItemsIterator, KeysIterator
  File "fiona/ogrext.pyx", line 31, in init fiona.ogrext
  File "/home/jonathan/miniconda3/lib/python3.12/site-packages/fiona/env.py", line 25, in <module>
    from fiona.session import Session, DummySession
  File "/home/jonathan/miniconda3/lib/python3.12/site-packages/fiona/session.py", line 14, in <module>
    import boto3
  File "/home/jonathan/miniconda3/lib/python3.12/site-packages/boto3/__init__.py", line 17, in <module>
    from boto3.session import Session
  File "/home/jonathan/miniconda3/lib/python3.12/site-packages/boto3/session.py", line 17, in <module>
    import botocore.session
  File "/home/jonathan/miniconda3/lib/python3.12/site-packages/botocore/session.py", line 26, in <module>
    import botocore.client
  File "/home/jonathan/miniconda3/lib/python3.12/site-packages/botocore/client.py", line 15, in <module>
    from botocore import waiter, xform_name
  File "/home/jonathan/miniconda3/lib/python3.12/site-packages/botocore/waiter.py", line 18, in <module>
    from botocore.docs.docstring import WaiterDocstring
  File "/home/jonathan/miniconda3/lib/python3.12/site-packages/botocore/docs/__init__.py", line 15, in <module>
    from botocore.docs.service import ServiceDocumenter
  File "/home/jonathan/miniconda3/lib/python3.12/site-packages/botocore/docs/service.py", line 14, in <module>
    from botocore.docs.client import (
  File "/home/jonathan/miniconda3/lib/python3.12/site-packages/botocore/docs/client.py", line 18, in <module>
    from botocore.docs.example import ResponseExampleDocumenter
  File "/home/jonathan/miniconda3/lib/python3.12/site-packages/botocore/docs/example.py", line 13, in <module>
    from botocore.docs.shape import ShapeDocumenter
  File "/home/jonathan/miniconda3/lib/python3.12/site-packages/botocore/docs/shape.py", line 19, in <module>
    from botocore.utils import is_json_value_header
  File "/home/jonathan/miniconda3/lib/python3.12/site-packages/botocore/utils.py", line 39, in <module>
    import botocore.httpsession
  File "/home/jonathan/miniconda3/lib/python3.12/site-packages/botocore/httpsession.py", line 45, in <module>
    from urllib3.contrib.pyopenssl import (
  File "/home/jonathan/miniconda3/lib/python3.12/site-packages/urllib3/contrib/pyopenssl.py", line 43, in <module>
    import OpenSSL.SSL  # type: ignore[import-untyped]
    ^^^^^^^^^^^^^^^^^^
  File "/home/jonathan/miniconda3/lib/python3.12/site-packages/OpenSSL/__init__.py", line 8, in <module>
    from OpenSSL import SSL, crypto
  File "/home/jonathan/miniconda3/lib/python3.12/site-packages/OpenSSL/SSL.py", line 42, in <module>
    from OpenSSL.crypto import (
  File "/home/jonathan/miniconda3/lib/python3.12/site-packages/OpenSSL/crypto.py", line 783, in <module>
    class X509Extension:
  File "/home/jonathan/miniconda3/lib/python3.12/site-packages/OpenSSL/crypto.py", line 867, in X509Extension
    _lib.GEN_EMAIL: "email",
    ^^^^^^^^^^^^^^
AttributeError: module 'lib' has no attribute 'GEN_EMAIL'
  (se omitio plot_region_nino_orthographic.py -- revisar el aviso arriba)
== Paso 00: bash scripts/00_setup_env.sh ==
Entorno verificado: cdo=Climate Data Operators version 2.4.0 (https://mpimet.mpg.de/cdo), python3=Python 3.12.2
Estructura de carpetas lista bajo /home/jonathan/personal/e1_smn/data y /home/jonathan/personal/e1_smn/logs
== Paso 00b: python3 scripts/00b_build_model_list.py config/models_seed_cmip6.csv ==
Modelos CMIP6 con tos/Omon publicado: 102
[1/102] ACCESS-CM2: seleccionado (categoria=completo) -> grid=gn (250.0 km)
[2/102] ACCESS-ESM1-5: seleccionado (categoria=completo) -> grid=gn (250.0 km)
  ESGF respondio 500 en https://esgf-node.ipsl.upmc.fr/esg-search/search -- reintento 1/6 en 5s
  ESGF respondio 500 en https://esgf-node.ipsl.upmc.fr/esg-search/search -- reintento 2/6 en 11s
  ESGF respondio 500 en https://esgf-node.ipsl.upmc.fr/esg-search/search -- reintento 3/6 en 20s
  ESGF respondio 500 en https://esgf-node.ipsl.upmc.fr/esg-search/search -- reintento 4/6 en 40s
  ESGF respondio 500 en https://esgf-node.ipsl.upmc.fr/esg-search/search -- reintento 5/6 en 80s
  https://esgf-node.ipsl.upmc.fr/esg-search/search: parando la paginacion en offset=0 (500 Server Error: 500 for url: https://esgf-node.ipsl.upmc.fr/esg-search/search?project=CMIP6&source_id=ACCESS-OM2&variable_id=tos&table_id=Omon&type=Dataset&format=application%2Fsolr%2Bjson&limit=500&offset=0) -- se sigue con los 0 registros ya juntados
[3/102] ACCESS-OM2: descartado (categoria=sin_tos)
  ESGF respondio 500 en https://esgf-node.ipsl.upmc.fr/esg-search/search -- reintento 1/6 en 6s
  ESGF respondio 500 en https://esgf-node.ipsl.upmc.fr/esg-search/search -- reintento 2/6 en 10s
  ESGF respondio 500 en https://esgf-node.ipsl.upmc.fr/esg-search/search -- reintento 3/6 en 21s
  ESGF respondio 500 en https://esgf-node.ipsl.upmc.fr/esg-search/search -- reintento 4/6 en 41s
  ESGF respondio 500 en https://esgf-node.ipsl.upmc.fr/esg-search/search -- reintento 5/6 en 80s
  https://esgf-node.ipsl.upmc.fr/esg-search/search: parando la paginacion en offset=0 (500 Server Error: 500 for url: https://esgf-node.ipsl.upmc.fr/esg-search/search?project=CMIP6&source_id=ACCESS-OM2-025&variable_id=tos&table_id=Omon&type=Dataset&format=application%2Fsolr%2Bjson&limit=500&offset=0) -- se sigue con los 0 registros ya juntados
[4/102] ACCESS-OM2-025: descartado (categoria=sin_tos)
  ESGF respondio 500 en https://esgf-node.ipsl.upmc.fr/esg-search/search -- reintento 1/6 en 6s
  ESGF respondio 500 en https://esgf-node.ipsl.upmc.fr/esg-search/search -- reintento 2/6 en 10s
  ESGF respondio 500 en https://esgf-node.ipsl.upmc.fr/esg-search/search -- reintento 3/6 en 20s
  ESGF respondio 500 en https://esgf-node.ipsl.upmc.fr/esg-search/search -- reintento 4/6 en 41s
  ESGF respondio 500 en https://esgf-node.ipsl.upmc.fr/esg-search/search -- reintento 5/6 en 80s
  https://esgf-node.ipsl.upmc.fr/esg-search/search: parando la paginacion en offset=0 (500 Server Error: 500 for url: https://esgf-node.ipsl.upmc.fr/esg-search/search?project=CMIP6&source_id=AWI-CM-1-1-HR&variable_id=tos&table_id=Omon&type=Dataset&format=application%2Fsolr%2Bjson&limit=500&offset=0) -- se sigue con los 0 registros ya juntados
[5/102] AWI-CM-1-1-HR: descartado (categoria=sin_tos)
  ESGF respondio 500 en https://esgf-node.ipsl.upmc.fr/esg-search/search -- reintento 1/6 en 5s
  ESGF respondio 500 en https://esgf-node.ipsl.upmc.fr/esg-search/search -- reintento 2/6 en 10s
  ESGF respondio 500 en https://esgf-node.ipsl.upmc.fr/esg-search/search -- reintento 3/6 en 20s
  ESGF respondio 500 en https://esgf-node.ipsl.upmc.fr/esg-search/search -- reintento 4/6 en 40s
  ESGF respondio 500 en https://esgf-node.ipsl.upmc.fr/esg-search/search -- reintento 5/6 en 81s
  https://esgf-node.ipsl.upmc.fr/esg-search/search: parando la paginacion en offset=0 (500 Server Error: 500 for url: https://esgf-node.ipsl.upmc.fr/esg-search/search?project=CMIP6&source_id=AWI-CM-1-1-LR&variable_id=tos&table_id=Omon&type=Dataset&format=application%2Fsolr%2Bjson&limit=500&offset=0) -- se sigue con los 0 registros ya juntados
[6/102] AWI-CM-1-1-LR: descartado (categoria=sin_tos)
[7/102] AWI-CM-1-1-MR: seleccionado (categoria=completo) -> grid=gn (25.0 km)
[8/102] AWI-ESM-1-1-LR: descartado (categoria=solo_historical)
  ESGF respondio 500 en https://esgf-node.ipsl.upmc.fr/esg-search/search -- reintento 1/6 en 6s
  ESGF respondio 500 en https://esgf-node.ipsl.upmc.fr/esg-search/search -- reintento 2/6 en 10s
  ESGF respondio 500 en https://esgf-node.ipsl.upmc.fr/esg-search/search -- reintento 3/6 en 21s
  ESGF respondio 500 en https://esgf-node.ipsl.upmc.fr/esg-search/search -- reintento 4/6 en 41s
  ESGF respondio 500 en https://esgf-node.ipsl.upmc.fr/esg-search/search -- reintento 5/6 en 80s
  https://esgf-node.ipsl.upmc.fr/esg-search/search: parando la paginacion en offset=0 (500 Server Error: 500 for url: https://esgf-node.ipsl.upmc.fr/esg-search/search?project=CMIP6&source_id=BCC-CSM2-HR&variable_id=tos&table_id=Omon&type=Dataset&format=application%2Fsolr%2Bjson&limit=500&offset=0) -- se sigue con los 0 registros ya juntados
[9/102] BCC-CSM2-HR: descartado (categoria=sin_tos)
[10/102] BCC-CSM2-MR: seleccionado (categoria=completo) -> grid=gn (100.0 km)
[11/102] BCC-ESM1: descartado (categoria=falta_ssp245_ssp585)
[12/102] CAMS-CSM1-0: seleccionado (categoria=completo) -> grid=gn (100.0 km)
[13/102] CAS-ESM2-0: seleccionado (categoria=completo) -> grid=gn (100.0 km)
  https://esgf-node.llnl.gov/esg-search/search: parando la paginacion en offset=10000 (422 Client Error: Unprocessable Content for url: https://esgf-node.ornl.gov/esgf-1-5-bridge?project=CMIP6&source_id=CESM1-1-CAM5-CMIP5&variable_id=tos&table_id=Omon&type=Dataset&format=application%2Fsolr%2Bjson&limit=500&offset=10000) -- se sigue con los 10000 registros ya juntados
  ESGF respondio 500 en https://esgf-node.ipsl.upmc.fr/esg-search/search -- reintento 1/6 en 5s
  ESGF respondio 500 en https://esgf-node.ipsl.upmc.fr/esg-search/search -- reintento 2/6 en 11s
  ESGF respondio 500 en https://esgf-node.ipsl.upmc.fr/esg-search/search -- reintento 3/6 en 20s
  ESGF respondio 500 en https://esgf-node.ipsl.upmc.fr/esg-search/search -- reintento 4/6 en 40s
  ESGF respondio 500 en https://esgf-node.ipsl.upmc.fr/esg-search/search -- reintento 5/6 en 81s
  https://esgf-node.ipsl.upmc.fr/esg-search/search: parando la paginacion en offset=0 (500 Server Error: 500 for url: https://esgf-node.ipsl.upmc.fr/esg-search/search?project=CMIP6&source_id=CESM1-1-CAM5-CMIP5&variable_id=tos&table_id=Omon&type=Dataset&format=application%2Fsolr%2Bjson&limit=500&offset=0) -- se sigue con los 0 registros ya juntados
  https://metagrid.esgf-west.org/proxy/search: parando la paginacion en offset=10000 (422 Client Error: Unprocessable Entity for url: https://metagrid.esgf-west.org/proxy/search?project=CMIP6&source_id=CESM1-1-CAM5-CMIP5&variable_id=tos&table_id=Omon&type=Dataset&format=application%2Fsolr%2Bjson&limit=500&offset=10000) -- se sigue con los 10000 registros ya juntados
  https://esgf-node.ornl.gov/proxy/search: parando la paginacion en offset=10000 (422 Client Error: Unprocessable Entity for url: https://esgf-node.ornl.gov/proxy/search?project=CMIP6&source_id=CESM1-1-CAM5-CMIP5&variable_id=tos&table_id=Omon&type=Dataset&format=application%2Fsolr%2Bjson&limit=500&offset=10000) -- se sigue con los 10000 registros ya juntados
[14/102] CESM1-1-CAM5-CMIP5: descartado (categoria=sin_tos)
  ESGF respondio 500 en https://esgf-node.ipsl.upmc.fr/esg-search/search -- reintento 1/6 en 5s
  ESGF respondio 500 en https://esgf-node.ipsl.upmc.fr/esg-search/search -- reintento 2/6 en 10s
  ESGF respondio 500 en https://esgf-node.ipsl.upmc.fr/esg-search/search -- reintento 3/6 en 20s
  ESGF respondio 500 en https://esgf-node.ipsl.upmc.fr/esg-search/search -- reintento 4/6 en 40s
  ESGF respondio 500 en https://esgf-node.ipsl.upmc.fr/esg-search/search -- reintento 5/6 en 80s
  https://esgf-node.ipsl.upmc.fr/esg-search/search: parando la paginacion en offset=0 (500 Server Error: 500 for url: https://esgf-node.ipsl.upmc.fr/esg-search/search?project=CMIP6&source_id=CESM1-CAM5-SE-HR&variable_id=tos&table_id=Omon&type=Dataset&format=application%2Fsolr%2Bjson&limit=500&offset=0) -- se sigue con los 0 registros ya juntados
[15/102] CESM1-CAM5-SE-HR: descartado (categoria=sin_tos)
  ESGF respondio 500 en https://esgf-node.ipsl.upmc.fr/esg-search/search -- reintento 1/6 en 6s
  ESGF respondio 500 en https://esgf-node.ipsl.upmc.fr/esg-search/search -- reintento 2/6 en 11s
  ESGF respondio 500 en https://esgf-node.ipsl.upmc.fr/esg-search/search -- reintento 3/6 en 21s
  ESGF respondio 500 en https://esgf-node.ipsl.upmc.fr/esg-search/search -- reintento 4/6 en 40s
  ESGF respondio 500 en https://esgf-node.ipsl.upmc.fr/esg-search/search -- reintento 5/6 en 80s
  https://esgf-node.ipsl.upmc.fr/esg-search/search: parando la paginacion en offset=0 (500 Server Error: 500 for url: https://esgf-node.ipsl.upmc.fr/esg-search/search?project=CMIP6&source_id=CESM1-CAM5-SE-LR&variable_id=tos&table_id=Omon&type=Dataset&format=application%2Fsolr%2Bjson&limit=500&offset=0) -- se sigue con los 0 registros ya juntados
[16/102] CESM1-CAM5-SE-LR: descartado (categoria=sin_tos)
[17/102] CESM2: seleccionado (categoria=completo) -> grid=gr (111.0 km)
[18/102] CESM2-FV2: descartado (categoria=falta_ssp245)
[19/102] CESM2-WACCM: seleccionado (categoria=completo) -> grid=gr (111.0 km)
[20/102] CESM2-WACCM-FV2: descartado (categoria=solo_historical)
[21/102] CIESM: descartado (categoria=falta_ssp370)
[22/102] CMCC-CM2-HR4: descartado (categoria=solo_historical)
[23/102] CMCC-CM2-SR5: seleccionado (categoria=completo) -> grid=gn (100.0 km)
  ESGF respondio 500 en https://esgf-node.ipsl.upmc.fr/esg-search/search -- reintento 1/6 en 6s
  ESGF respondio 500 en https://esgf-node.ipsl.upmc.fr/esg-search/search -- reintento 2/6 en 10s
  ESGF respondio 500 en https://esgf-node.ipsl.upmc.fr/esg-search/search -- reintento 3/6 en 20s
  ESGF respondio 500 en https://esgf-node.ipsl.upmc.fr/esg-search/search -- reintento 4/6 en 40s
  ESGF respondio 500 en https://esgf-node.ipsl.upmc.fr/esg-search/search -- reintento 5/6 en 81s
  https://esgf-node.ipsl.upmc.fr/esg-search/search: parando la paginacion en offset=0 (500 Server Error: 500 for url: https://esgf-node.ipsl.upmc.fr/esg-search/search?project=CMIP6&source_id=CMCC-CM2-VHR4&variable_id=tos&table_id=Omon&type=Dataset&format=application%2Fsolr%2Bjson&limit=500&offset=0) -- se sigue con los 0 registros ya juntados
[24/102] CMCC-CM2-VHR4: descartado (categoria=sin_tos)
[25/102] CMCC-ESM2: seleccionado (categoria=completo) -> grid=gn (100.0 km)
[26/102] CNRM-CM6-1: seleccionado (categoria=completo) -> grid=gn (100.0 km)
[27/102] CNRM-CM6-1-HR: seleccionado (categoria=completo) -> grid=gn (25.0 km)
[28/102] CNRM-ESM2-1: seleccionado (categoria=completo) -> grid=gn (100.0 km)
  https://esgf-node.llnl.gov/esg-search/search: parando la paginacion en offset=10000 (422 Client Error: Unprocessable Content for url: https://esgf-node.ornl.gov/esgf-1-5-bridge?project=CMIP6&source_id=CanESM5&variable_id=tos&table_id=Omon&type=Dataset&format=application%2Fsolr%2Bjson&limit=500&offset=10000) -- se sigue con los 10000 registros ya juntados
[29/102] CanESM5: seleccionado (categoria=completo) -> grid=gn (100.0 km)
[30/102] CanESM5-1: seleccionado (categoria=completo) -> grid=gn (100.0 km)
[31/102] CanESM5-CanOE: seleccionado (categoria=completo) -> grid=gn (100.0 km)
[32/102] E3SM-1-0: descartado (categoria=falta_ssp245)
[33/102] E3SM-1-1: descartado (categoria=falta_ssp245_ssp370)
[34/102] E3SM-1-1-ECA: descartado (categoria=falta_ssp245_ssp370)
[35/102] E3SM-2-0: descartado (categoria=falta_ssp245_ssp585)
[36/102] E3SM-2-0-NARRM: descartado (categoria=solo_historical)
[37/102] E3SM-2-1: descartado (categoria=solo_historical)
[38/102] EC-Earth3: seleccionado (categoria=completo) -> grid=gn (100.0 km)
[39/102] EC-Earth3-AerChem: descartado (categoria=falta_ssp245_ssp585)
[40/102] EC-Earth3-CC: descartado (categoria=falta_ssp370)
[41/102] EC-Earth3-HR: descartado (categoria=falta_ssp370_ssp585, historical via esgf_alt_node)
  ESGF respondio 500 en https://esgf-node.ipsl.upmc.fr/esg-search/search -- reintento 1/6 en 6s
  ESGF respondio 500 en https://esgf-node.ipsl.upmc.fr/esg-search/search -- reintento 2/6 en 11s
  ESGF respondio 500 en https://esgf-node.ipsl.upmc.fr/esg-search/search -- reintento 3/6 en 20s
  ESGF respondio 500 en https://esgf-node.ipsl.upmc.fr/esg-search/search -- reintento 4/6 en 40s
  ESGF respondio 500 en https://esgf-node.ipsl.upmc.fr/esg-search/search -- reintento 5/6 en 81s
  https://esgf-node.ipsl.upmc.fr/esg-search/search: parando la paginacion en offset=0 (500 Server Error: 500 for url: https://esgf-node.ipsl.upmc.fr/esg-search/search?project=CMIP6&source_id=EC-Earth3-LR&variable_id=tos&table_id=Omon&type=Dataset&format=application%2Fsolr%2Bjson&limit=500&offset=0) -- se sigue con los 0 registros ya juntados
[42/102] EC-Earth3-LR: descartado (categoria=sin_tos)
[43/102] EC-Earth3-Veg: seleccionado (categoria=completo) -> grid=gn (100.0 km)
[44/102] EC-Earth3-Veg-LR: seleccionado (categoria=completo) -> grid=gn (100.0 km)
  ESGF respondio 500 en https://esgf-node.ipsl.upmc.fr/esg-search/search -- reintento 1/6 en 6s
  ESGF respondio 500 en https://esgf-node.ipsl.upmc.fr/esg-search/search -- reintento 2/6 en 11s
  ESGF respondio 500 en https://esgf-node.ipsl.upmc.fr/esg-search/search -- reintento 3/6 en 21s
  ESGF respondio 500 en https://esgf-node.ipsl.upmc.fr/esg-search/search -- reintento 4/6 en 41s
  ESGF respondio 500 en https://esgf-node.ipsl.upmc.fr/esg-search/search -- reintento 5/6 en 81s
  https://esgf-node.ipsl.upmc.fr/esg-search/search: parando la paginacion en offset=0 (500 Server Error: 500 for url: https://esgf-node.ipsl.upmc.fr/esg-search/search?project=CMIP6&source_id=EC-Earth3P&variable_id=tos&table_id=Omon&type=Dataset&format=application%2Fsolr%2Bjson&limit=500&offset=0) -- se sigue con los 0 registros ya juntados
[45/102] EC-Earth3P: descartado (categoria=sin_tos)
  ESGF respondio 500 en https://esgf-node.ipsl.upmc.fr/esg-search/search -- reintento 1/6 en 6s
  ESGF respondio 500 en https://esgf-node.ipsl.upmc.fr/esg-search/search -- reintento 2/6 en 11s
  ESGF respondio 500 en https://esgf-node.ipsl.upmc.fr/esg-search/search -- reintento 3/6 en 21s
  ESGF respondio 500 en https://esgf-node.ipsl.upmc.fr/esg-search/search -- reintento 4/6 en 40s
  ESGF respondio 500 en https://esgf-node.ipsl.upmc.fr/esg-search/search -- reintento 5/6 en 80s
  https://esgf-node.ipsl.upmc.fr/esg-search/search: parando la paginacion en offset=0 (500 Server Error: 500 for url: https://esgf-node.ipsl.upmc.fr/esg-search/search?project=CMIP6&source_id=EC-Earth3P-HR&variable_id=tos&table_id=Omon&type=Dataset&format=application%2Fsolr%2Bjson&limit=500&offset=0) -- se sigue con los 0 registros ya juntados
[46/102] EC-Earth3P-HR: descartado (categoria=sin_tos)
  ESGF respondio 500 en https://esgf-node.ipsl.upmc.fr/esg-search/search -- reintento 1/6 en 6s
  ESGF respondio 500 en https://esgf-node.ipsl.upmc.fr/esg-search/search -- reintento 2/6 en 10s
  ESGF respondio 500 en https://esgf-node.ipsl.upmc.fr/esg-search/search -- reintento 3/6 en 20s
  ESGF respondio 500 en https://esgf-node.ipsl.upmc.fr/esg-search/search -- reintento 4/6 en 41s
  ESGF respondio 500 en https://esgf-node.ipsl.upmc.fr/esg-search/search -- reintento 5/6 en 80s
  https://esgf-node.ipsl.upmc.fr/esg-search/search: parando la paginacion en offset=0 (500 Server Error: 500 for url: https://esgf-node.ipsl.upmc.fr/esg-search/search?project=CMIP6&source_id=ECMWF-IFS-HR&variable_id=tos&table_id=Omon&type=Dataset&format=application%2Fsolr%2Bjson&limit=500&offset=0) -- se sigue con los 0 registros ya juntados
[47/102] ECMWF-IFS-HR: descartado (categoria=sin_tos)
  ESGF respondio 500 en https://esgf-node.ipsl.upmc.fr/esg-search/search -- reintento 1/6 en 6s
  ESGF respondio 500 en https://esgf-node.ipsl.upmc.fr/esg-search/search -- reintento 2/6 en 10s
  ESGF respondio 500 en https://esgf-node.ipsl.upmc.fr/esg-search/search -- reintento 3/6 en 20s
  ESGF respondio 500 en https://esgf-node.ipsl.upmc.fr/esg-search/search -- reintento 4/6 en 41s
  ESGF respondio 500 en https://esgf-node.ipsl.upmc.fr/esg-search/search -- reintento 5/6 en 80s
  https://esgf-node.ipsl.upmc.fr/esg-search/search: parando la paginacion en offset=0 (500 Server Error: 500 for url: https://esgf-node.ipsl.upmc.fr/esg-search/search?project=CMIP6&source_id=ECMWF-IFS-LR&variable_id=tos&table_id=Omon&type=Dataset&format=application%2Fsolr%2Bjson&limit=500&offset=0) -- se sigue con los 0 registros ya juntados
[48/102] ECMWF-IFS-LR: descartado (categoria=sin_tos)
  ESGF respondio 500 en https://esgf-node.ipsl.upmc.fr/esg-search/search -- reintento 1/6 en 5s
  ESGF respondio 500 en https://esgf-node.ipsl.upmc.fr/esg-search/search -- reintento 2/6 en 11s
  ESGF respondio 500 en https://esgf-node.ipsl.upmc.fr/esg-search/search -- reintento 3/6 en 20s
  ESGF respondio 500 en https://esgf-node.ipsl.upmc.fr/esg-search/search -- reintento 4/6 en 40s
  ESGF respondio 500 en https://esgf-node.ipsl.upmc.fr/esg-search/search -- reintento 5/6 en 81s
  https://esgf-node.ipsl.upmc.fr/esg-search/search: parando la paginacion en offset=0 (500 Server Error: 500 for url: https://esgf-node.ipsl.upmc.fr/esg-search/search?project=CMIP6&source_id=ECMWF-IFS-MR&variable_id=tos&table_id=Omon&type=Dataset&format=application%2Fsolr%2Bjson&limit=500&offset=0) -- se sigue con los 0 registros ya juntados
[49/102] ECMWF-IFS-MR: descartado (categoria=sin_tos)
  ESGF respondio 500 en https://esgf-node.ipsl.upmc.fr/esg-search/search -- reintento 1/6 en 6s
  ESGF respondio 500 en https://esgf-node.ipsl.upmc.fr/esg-search/search -- reintento 2/6 en 10s
  ESGF respondio 500 en https://esgf-node.ipsl.upmc.fr/esg-search/search -- reintento 3/6 en 20s
  ESGF respondio 500 en https://esgf-node.ipsl.upmc.fr/esg-search/search -- reintento 4/6 en 41s
  ESGF respondio 500 en https://esgf-node.ipsl.upmc.fr/esg-search/search -- reintento 5/6 en 80s
  https://esgf-node.ipsl.upmc.fr/esg-search/search: parando la paginacion en offset=0 (500 Server Error: 500 for url: https://esgf-node.ipsl.upmc.fr/esg-search/search?project=CMIP6&source_id=FGOALS-f3-H&variable_id=tos&table_id=Omon&type=Dataset&format=application%2Fsolr%2Bjson&limit=500&offset=0) -- se sigue con los 0 registros ya juntados
[50/102] FGOALS-f3-H: descartado (categoria=sin_tos)
[51/102] FGOALS-f3-L: seleccionado (categoria=completo) -> grid=gn (100.0 km)
[52/102] FGOALS-g3: seleccionado (categoria=completo) -> grid=gn (100.0 km)
[53/102] FIO-ESM-2-0: descartado (categoria=falta_ssp370)
[54/102] GFDL-CM4: descartado (categoria=falta_ssp370)
  ESGF respondio 500 en https://esgf-node.ipsl.upmc.fr/esg-search/search -- reintento 1/6 en 5s
  ESGF respondio 500 en https://esgf-node.ipsl.upmc.fr/esg-search/search -- reintento 2/6 en 11s
  ESGF respondio 500 en https://esgf-node.ipsl.upmc.fr/esg-search/search -- reintento 3/6 en 21s
  ESGF respondio 500 en https://esgf-node.ipsl.upmc.fr/esg-search/search -- reintento 4/6 en 40s
  ESGF respondio 500 en https://esgf-node.ipsl.upmc.fr/esg-search/search -- reintento 5/6 en 80s
  https://esgf-node.ipsl.upmc.fr/esg-search/search: parando la paginacion en offset=0 (500 Server Error: 500 for url: https://esgf-node.ipsl.upmc.fr/esg-search/search?project=CMIP6&source_id=GFDL-ESM2M&variable_id=tos&table_id=Omon&type=Dataset&format=application%2Fsolr%2Bjson&limit=500&offset=0) -- se sigue con los 0 registros ya juntados
[55/102] GFDL-ESM2M: descartado (categoria=sin_tos)
[56/102] GFDL-ESM4: seleccionado (categoria=completo) -> grid=gr (111.0 km)
[57/102] GISS-E2-1-G: seleccionado (categoria=completo) -> grid=gn (250.0 km)
[58/102] GISS-E2-1-G-CC: descartado (categoria=falta_ssp370)
[59/102] GISS-E2-1-H: seleccionado (categoria=completo) -> grid=gn (250.0 km)
[60/102] GISS-E2-2-G: seleccionado (categoria=completo) -> grid=gn (250.0 km)
[61/102] GISS-E2-2-H: descartado (categoria=solo_historical)
[62/102] GISS-E3-G: descartado (categoria=solo_historical)
  ESGF respondio 500 en https://esgf-node.ipsl.upmc.fr/esg-search/search -- reintento 1/6 en 6s
  ESGF respondio 500 en https://esgf-node.ipsl.upmc.fr/esg-search/search -- reintento 2/6 en 11s
  ESGF respondio 500 en https://esgf-node.ipsl.upmc.fr/esg-search/search -- reintento 3/6 en 20s
  ESGF respondio 500 en https://esgf-node.ipsl.upmc.fr/esg-search/search -- reintento 4/6 en 41s
  ESGF respondio 500 en https://esgf-node.ipsl.upmc.fr/esg-search/search -- reintento 5/6 en 80s
  https://esgf-node.ipsl.upmc.fr/esg-search/search: parando la paginacion en offset=0 (500 Server Error: 500 for url: https://esgf-node.ipsl.upmc.fr/esg-search/search?project=CMIP6&source_id=HadGEM3-GC31-HH&variable_id=tos&table_id=Omon&type=Dataset&format=application%2Fsolr%2Bjson&limit=500&offset=0) -- se sigue con los 0 registros ya juntados
[63/102] HadGEM3-GC31-HH: descartado (categoria=sin_tos)
  ESGF respondio 500 en https://esgf-node.ipsl.upmc.fr/esg-search/search -- reintento 1/6 en 6s
  ESGF respondio 500 en https://esgf-node.ipsl.upmc.fr/esg-search/search -- reintento 2/6 en 10s
  ESGF respondio 500 en https://esgf-node.ipsl.upmc.fr/esg-search/search -- reintento 3/6 en 21s
  ESGF respondio 500 en https://esgf-node.ipsl.upmc.fr/esg-search/search -- reintento 4/6 en 40s
  ESGF respondio 500 en https://esgf-node.ipsl.upmc.fr/esg-search/search -- reintento 5/6 en 80s
  https://esgf-node.ipsl.upmc.fr/esg-search/search: parando la paginacion en offset=0 (500 Server Error: 500 for url: https://esgf-node.ipsl.upmc.fr/esg-search/search?project=CMIP6&source_id=HadGEM3-GC31-HM&variable_id=tos&table_id=Omon&type=Dataset&format=application%2Fsolr%2Bjson&limit=500&offset=0) -- se sigue con los 0 registros ya juntados
[64/102] HadGEM3-GC31-HM: descartado (categoria=sin_tos)
[65/102] HadGEM3-GC31-LL: descartado (categoria=falta_ssp370)
  ESGF respondio 500 en https://esgf-node.ipsl.upmc.fr/esg-search/search -- reintento 1/6 en 6s
  ESGF respondio 500 en https://esgf-node.ipsl.upmc.fr/esg-search/search -- reintento 2/6 en 11s
  ESGF respondio 500 en https://esgf-node.ipsl.upmc.fr/esg-search/search -- reintento 3/6 en 20s
  ESGF respondio 500 en https://esgf-node.ipsl.upmc.fr/esg-search/search -- reintento 4/6 en 40s
  ESGF respondio 500 en https://esgf-node.ipsl.upmc.fr/esg-search/search -- reintento 5/6 en 80s
  https://esgf-node.ipsl.upmc.fr/esg-search/search: parando la paginacion en offset=0 (500 Server Error: 500 for url: https://esgf-node.ipsl.upmc.fr/esg-search/search?project=CMIP6&source_id=HadGEM3-GC31-MH&variable_id=tos&table_id=Omon&type=Dataset&format=application%2Fsolr%2Bjson&limit=500&offset=0) -- se sigue con los 0 registros ya juntados
[66/102] HadGEM3-GC31-MH: descartado (categoria=sin_tos)
[67/102] HadGEM3-GC31-MM: descartado (categoria=falta_ssp245_ssp370)
[68/102] ICON-ESM-LR: descartado (categoria=solo_historical)
[69/102] IITM-ESM: seleccionado (categoria=completo) -> grid=gn (250.0 km)
[70/102] INM-CM4-8: seleccionado (categoria=completo) -> grid=gr1 (100.0 km)
[71/102] INM-CM5-0: seleccionado (categoria=completo) -> grid=gr1 (100.0 km)
  ESGF respondio 500 en https://esgf-node.ipsl.upmc.fr/esg-search/search -- reintento 1/6 en 5s
  ESGF respondio 500 en https://esgf-node.ipsl.upmc.fr/esg-search/search -- reintento 2/6 en 10s
  ESGF respondio 500 en https://esgf-node.ipsl.upmc.fr/esg-search/search -- reintento 3/6 en 21s
  ESGF respondio 500 en https://esgf-node.ipsl.upmc.fr/esg-search/search -- reintento 4/6 en 40s
  ESGF respondio 500 en https://esgf-node.ipsl.upmc.fr/esg-search/search -- reintento 5/6 en 81s
  https://esgf-node.ipsl.upmc.fr/esg-search/search: parando la paginacion en offset=0 (500 Server Error: 500 for url: https://esgf-node.ipsl.upmc.fr/esg-search/search?project=CMIP6&source_id=INM-CM5-H&variable_id=tos&table_id=Omon&type=Dataset&format=application%2Fsolr%2Bjson&limit=500&offset=0) -- se sigue con los 0 registros ya juntados
[72/102] INM-CM5-H: descartado (categoria=sin_tos)
[73/102] IPSL-CM5A2-INCA: descartado (categoria=falta_ssp245_ssp585)
[74/102] IPSL-CM6A-LR: seleccionado (categoria=completo) -> grid=gn (100.0 km)
[75/102] IPSL-CM6A-LR-INCA: descartado (categoria=solo_historical)
  ESGF respondio 500 en https://esgf-node.ipsl.upmc.fr/esg-search/search -- reintento 1/6 en 6s
  ESGF respondio 500 en https://esgf-node.ipsl.upmc.fr/esg-search/search -- reintento 2/6 en 10s
  ESGF respondio 500 en https://esgf-node.ipsl.upmc.fr/esg-search/search -- reintento 3/6 en 21s
  ESGF respondio 500 en https://esgf-node.ipsl.upmc.fr/esg-search/search -- reintento 4/6 en 41s
  ESGF respondio 500 en https://esgf-node.ipsl.upmc.fr/esg-search/search -- reintento 5/6 en 80s
  https://esgf-node.ipsl.upmc.fr/esg-search/search: parando la paginacion en offset=0 (500 Server Error: 500 for url: https://esgf-node.ipsl.upmc.fr/esg-search/search?project=CMIP6&source_id=IPSL-CM6A-MR1&variable_id=tos&table_id=Omon&type=Dataset&format=application%2Fsolr%2Bjson&limit=500&offset=0) -- se sigue con los 0 registros ya juntados
[76/102] IPSL-CM6A-MR1: descartado (categoria=sin_tos)
[77/102] KACE-1-0-G: seleccionado (categoria=completo) -> grid=gr (250.0 km)
[78/102] KIOST-ESM: descartado (categoria=falta_ssp370)
[79/102] MCM-UA-1-0: seleccionado (categoria=completo) -> grid=gn (250.0 km)
[80/102] MIROC-ES2H: seleccionado (categoria=completo) -> grid=gr1 (111.0 km)
[81/102] MIROC-ES2L: seleccionado (categoria=completo) -> grid=gr1 (111.0 km)
[82/102] MIROC6: seleccionado (categoria=completo) -> grid=gn (100.0 km)
[83/102] MPI-ESM-1-2-HAM: descartado (categoria=falta_ssp245_ssp585)
[84/102] MPI-ESM1-2-HR: seleccionado (categoria=completo) -> grid=gn (50.0 km)
[85/102] MPI-ESM1-2-LR: seleccionado (categoria=completo) -> grid=gn (250.0 km)
  ESGF respondio 500 en https://esgf-node.ipsl.upmc.fr/esg-search/search -- reintento 1/6 en 6s
  ESGF respondio 500 en https://esgf-node.ipsl.upmc.fr/esg-search/search -- reintento 2/6 en 10s
  ESGF respondio 500 en https://esgf-node.ipsl.upmc.fr/esg-search/search -- reintento 3/6 en 21s
  ESGF respondio 500 en https://esgf-node.ipsl.upmc.fr/esg-search/search -- reintento 4/6 en 41s
  ESGF respondio 500 en https://esgf-node.ipsl.upmc.fr/esg-search/search -- reintento 5/6 en 80s
  https://esgf-node.ipsl.upmc.fr/esg-search/search: parando la paginacion en offset=0 (500 Server Error: 500 for url: https://esgf-node.ipsl.upmc.fr/esg-search/search?project=CMIP6&source_id=MPI-ESM1-2-XR&variable_id=tos&table_id=Omon&type=Dataset&format=application%2Fsolr%2Bjson&limit=500&offset=0) -- se sigue con los 0 registros ya juntados
[86/102] MPI-ESM1-2-XR: descartado (categoria=sin_tos)
[87/102] MRI-ESM2-0: seleccionado (categoria=completo) -> grid=gn (100.0 km)
[88/102] NESM3: descartado (categoria=falta_ssp370)
  ESGF respondio 500 en https://esgf-node.ipsl.upmc.fr/esg-search/search -- reintento 1/6 en 6s
  ESGF respondio 500 en https://esgf-node.ipsl.upmc.fr/esg-search/search -- reintento 2/6 en 10s
  ESGF respondio 500 en https://esgf-node.ipsl.upmc.fr/esg-search/search -- reintento 3/6 en 20s
  ESGF respondio 500 en https://esgf-node.ipsl.upmc.fr/esg-search/search -- reintento 4/6 en 40s
  ESGF respondio 500 en https://esgf-node.ipsl.upmc.fr/esg-search/search -- reintento 5/6 en 81s
  https://esgf-node.ipsl.upmc.fr/esg-search/search: parando la paginacion en offset=0 (500 Server Error: 500 for url: https://esgf-node.ipsl.upmc.fr/esg-search/search?project=CMIP6&source_id=NICAM16-7S&variable_id=tos&table_id=Omon&type=Dataset&format=application%2Fsolr%2Bjson&limit=500&offset=0) -- se sigue con los 0 registros ya juntados
[89/102] NICAM16-7S: descartado (categoria=sin_tos)
  ESGF respondio 500 en https://esgf-node.ipsl.upmc.fr/esg-search/search -- reintento 1/6 en 6s
  ESGF respondio 500 en https://esgf-node.ipsl.upmc.fr/esg-search/search -- reintento 2/6 en 11s
  ESGF respondio 500 en https://esgf-node.ipsl.upmc.fr/esg-search/search -- reintento 3/6 en 21s
  ESGF respondio 500 en https://esgf-node.ipsl.upmc.fr/esg-search/search -- reintento 4/6 en 40s
  ESGF respondio 500 en https://esgf-node.ipsl.upmc.fr/esg-search/search -- reintento 5/6 en 80s
  https://esgf-node.ipsl.upmc.fr/esg-search/search: parando la paginacion en offset=0 (500 Server Error: 500 for url: https://esgf-node.ipsl.upmc.fr/esg-search/search?project=CMIP6&source_id=NICAM16-8S&variable_id=tos&table_id=Omon&type=Dataset&format=application%2Fsolr%2Bjson&limit=500&offset=0) -- se sigue con los 0 registros ya juntados
[90/102] NICAM16-8S: descartado (categoria=sin_tos)
  ESGF respondio 500 en https://esgf-node.ipsl.upmc.fr/esg-search/search -- reintento 1/6 en 6s
  ESGF respondio 500 en https://esgf-node.ipsl.upmc.fr/esg-search/search -- reintento 2/6 en 10s
  ESGF respondio 500 en https://esgf-node.ipsl.upmc.fr/esg-search/search -- reintento 3/6 en 21s
  ESGF respondio 500 en https://esgf-node.ipsl.upmc.fr/esg-search/search -- reintento 4/6 en 40s
  ESGF respondio 500 en https://esgf-node.ipsl.upmc.fr/esg-search/search -- reintento 5/6 en 81s
  https://esgf-node.ipsl.upmc.fr/esg-search/search: parando la paginacion en offset=0 (500 Server Error: 500 for url: https://esgf-node.ipsl.upmc.fr/esg-search/search?project=CMIP6&source_id=NICAM16-9S&variable_id=tos&table_id=Omon&type=Dataset&format=application%2Fsolr%2Bjson&limit=500&offset=0) -- se sigue con los 0 registros ya juntados
[91/102] NICAM16-9S: descartado (categoria=sin_tos)
[92/102] NorCPM1: descartado (categoria=solo_historical)
  ESGF respondio 500 en https://esgf-node.ipsl.upmc.fr/esg-search/search -- reintento 1/6 en 5s
  ESGF respondio 500 en https://esgf-node.ipsl.upmc.fr/esg-search/search -- reintento 2/6 en 11s
  ESGF respondio 500 en https://esgf-node.ipsl.upmc.fr/esg-search/search -- reintento 3/6 en 21s
  ESGF respondio 500 en https://esgf-node.ipsl.upmc.fr/esg-search/search -- reintento 4/6 en 41s
  ESGF respondio 500 en https://esgf-node.ipsl.upmc.fr/esg-search/search -- reintento 5/6 en 81s
  https://esgf-node.ipsl.upmc.fr/esg-search/search: parando la paginacion en offset=0 (500 Server Error: 500 for url: https://esgf-node.ipsl.upmc.fr/esg-search/search?project=CMIP6&source_id=NorESM1-F&variable_id=tos&table_id=Omon&type=Dataset&format=application%2Fsolr%2Bjson&limit=500&offset=0) -- se sigue con los 0 registros ya juntados
[93/102] NorESM1-F: descartado (categoria=sin_tos)
[94/102] NorESM2-LM: seleccionado (categoria=completo) -> grid=gn (100.0 km)
[95/102] NorESM2-MM: seleccionado (categoria=completo) -> grid=gn (100.0 km)
[96/102] SAM0-UNICON: descartado (categoria=solo_historical)
[97/102] TaiESM1: seleccionado (categoria=completo) -> grid=gn (100.0 km)
  ESGF respondio 500 en https://esgf-node.ipsl.upmc.fr/esg-search/search -- reintento 1/6 en 5s
  ESGF respondio 500 en https://esgf-node.ipsl.upmc.fr/esg-search/search -- reintento 2/6 en 10s
  ESGF respondio 500 en https://esgf-node.ipsl.upmc.fr/esg-search/search -- reintento 3/6 en 20s
  ESGF respondio 500 en https://esgf-node.ipsl.upmc.fr/esg-search/search -- reintento 4/6 en 40s
  ESGF respondio 500 en https://esgf-node.ipsl.upmc.fr/esg-search/search -- reintento 5/6 en 81s
  https://esgf-node.ipsl.upmc.fr/esg-search/search: parando la paginacion en offset=0 (500 Server Error: 500 for url: https://esgf-node.ipsl.upmc.fr/esg-search/search?project=CMIP6&source_id=TaiESM1-TIMCOM&variable_id=tos&table_id=Omon&type=Dataset&format=application%2Fsolr%2Bjson&limit=500&offset=0) -- se sigue con los 0 registros ya juntados
[98/102] TaiESM1-TIMCOM: descartado (categoria=sin_tos)
  ESGF respondio 500 en https://esgf-node.ipsl.upmc.fr/esg-search/search -- reintento 1/6 en 6s
  ESGF respondio 500 en https://esgf-node.ipsl.upmc.fr/esg-search/search -- reintento 2/6 en 11s
  ESGF respondio 500 en https://esgf-node.ipsl.upmc.fr/esg-search/search -- reintento 3/6 en 21s
  ESGF respondio 500 en https://esgf-node.ipsl.upmc.fr/esg-search/search -- reintento 4/6 en 40s
  ESGF respondio 500 en https://esgf-node.ipsl.upmc.fr/esg-search/search -- reintento 5/6 en 80s
  https://esgf-node.ipsl.upmc.fr/esg-search/search: parando la paginacion en offset=0 (500 Server Error: 500 for url: https://esgf-node.ipsl.upmc.fr/esg-search/search?project=CMIP6&source_id=TaiESM1-TIMCOM2&variable_id=tos&table_id=Omon&type=Dataset&format=application%2Fsolr%2Bjson&limit=500&offset=0) -- se sigue con los 0 registros ya juntados
[99/102] TaiESM1-TIMCOM2: descartado (categoria=sin_tos)
[100/102] UKESM1-0-LL: seleccionado (categoria=completo) -> grid=gn (100.0 km)
[101/102] UKESM1-1-LL: descartado (categoria=falta_ssp245_ssp585)
  ESGF respondio 500 en https://esgf-node.ipsl.upmc.fr/esg-search/search -- reintento 1/6 en 5s
  ESGF respondio 500 en https://esgf-node.ipsl.upmc.fr/esg-search/search -- reintento 2/6 en 11s
  ESGF respondio 500 en https://esgf-node.ipsl.upmc.fr/esg-search/search -- reintento 3/6 en 20s
  ESGF respondio 500 en https://esgf-node.ipsl.upmc.fr/esg-search/search -- reintento 4/6 en 41s
  ESGF respondio 500 en https://esgf-node.ipsl.upmc.fr/esg-search/search -- reintento 5/6 en 80s
  https://esgf-node.ipsl.upmc.fr/esg-search/search: parando la paginacion en offset=0 (500 Server Error: 500 for url: https://esgf-node.ipsl.upmc.fr/esg-search/search?project=CMIP6&source_id=UKESM1-ice-LL&variable_id=tos&table_id=Omon&type=Dataset&format=application%2Fsolr%2Bjson&limit=500&offset=0) -- se sigue con los 0 registros ya juntados
[102/102] UKESM1-ice-LL: descartado (categoria=sin_tos)

41/102 modelos seleccionados. Lista escrita en config/models_seed_cmip6.csv

CSV escrito en /home/jonathan/personal/e1_smn/informe/model_availability_report.csv
Reporte legible escrito en /home/jonathan/personal/e1_smn/informe/model_availability_report.md
== Paso 01: python3 scripts/01_query_esgf_catalog.py config/models_seed_cmip6.csv data/interim/models_catalog_status.csv data/interim/esgf_file_urls.json ==
ACCESS-CM2 (grid=gn, miembro=r1i1p1f1): completo=True archivos_por_experimento={'historical': 1, 'ssp245': 1, 'ssp370': 1, 'ssp585': 1}
ACCESS-ESM1-5 (grid=gn, miembro=r1i1p1f1): completo=True archivos_por_experimento={'historical': 1, 'ssp245': 1, 'ssp370': 1, 'ssp585': 1}
AWI-CM-1-1-MR (grid=gn, miembro=r1i1p1f1): completo=True archivos_por_experimento={'historical': 18, 'ssp245': 9, 'ssp370': 9, 'ssp585': 9}
BCC-CSM2-MR (grid=gn, miembro=r1i1p1f1): completo=True archivos_por_experimento={'historical': 1, 'ssp245': 1, 'ssp370': 1, 'ssp585': 1}
CAMS-CSM1-0 (grid=gn, miembro=r1i1p1f1): completo=True archivos_por_experimento={'historical': 1, 'ssp245': 1, 'ssp370': 1, 'ssp585': 1}
CAS-ESM2-0 (grid=gn, miembro=r1i1p1f1): completo=True archivos_por_experimento={'historical': 1, 'ssp245': 1, 'ssp370': 1, 'ssp585': 1}
CESM2 (grid=gr, miembro=r1i1p1f1): completo=True archivos_por_experimento={'historical': 1, 'ssp245': 2, 'ssp370': 2, 'ssp585': 2}
CESM2-WACCM (grid=gr, miembro=r1i1p1f1): completo=True archivos_por_experimento={'historical': 1, 'ssp245': 2, 'ssp370': 2, 'ssp585': 1}
CMCC-CM2-SR5 (grid=gn, miembro=r1i1p1f1): completo=True archivos_por_experimento={'historical': 1, 'ssp245': 1, 'ssp370': 1, 'ssp585': 1}
CMCC-ESM2 (grid=gn, miembro=r1i1p1f1): completo=True archivos_por_experimento={'historical': 1, 'ssp245': 1, 'ssp370': 1, 'ssp585': 1}
CNRM-CM6-1 (grid=gn, miembro=r1i1p1f2): completo=True archivos_por_experimento={'historical': 1, 'ssp245': 1, 'ssp370': 1, 'ssp585': 1}
CNRM-CM6-1-HR (grid=gn, miembro=r1i1p1f2): completo=True archivos_por_experimento={'historical': 1, 'ssp245': 1, 'ssp370': 1, 'ssp585': 1}
CNRM-ESM2-1 (grid=gn, miembro=r1i1p1f2): completo=True archivos_por_experimento={'historical': 1, 'ssp245': 1, 'ssp370': 1, 'ssp585': 1}
CanESM5 (grid=gn, miembro=r1i1p1f1): completo=True archivos_por_experimento={'historical': 1, 'ssp245': 1, 'ssp370': 1, 'ssp585': 1}
CanESM5-1 (grid=gn, miembro=r1i1p1f1): completo=True archivos_por_experimento={'historical': 1, 'ssp245': 1, 'ssp370': 1, 'ssp585': 1}
CanESM5-CanOE (grid=gn, miembro=r1i1p2f1): completo=True archivos_por_experimento={'historical': 1, 'ssp245': 1, 'ssp370': 1, 'ssp585': 1}
EC-Earth3 (grid=gn, miembro=r1i1p1f1): completo=True archivos_por_experimento={'historical': 165, 'ssp245': 86, 'ssp370': 86, 'ssp585': 86}
EC-Earth3-Veg (grid=gn, miembro=r1i1p1f1): completo=True archivos_por_experimento={'historical': 165, 'ssp245': 86, 'ssp370': 86, 'ssp585': 86}
EC-Earth3-Veg-LR (grid=gn, miembro=r1i1p1f1): completo=True archivos_por_experimento={'historical': 165, 'ssp245': 86, 'ssp370': 86, 'ssp585': 86}
FGOALS-f3-L (grid=gn, miembro=r1i1p1f1): completo=True archivos_por_experimento={'historical': 1, 'ssp245': 2, 'ssp370': 2, 'ssp585': 2}
FGOALS-g3 (grid=gn, miembro=r1i1p1f1): completo=True archivos_por_experimento={'historical': 1, 'ssp245': 2, 'ssp370': 2, 'ssp585': 2}
GFDL-ESM4 (grid=gr, miembro=r1i1p1f1): completo=True archivos_por_experimento={'historical': 9, 'ssp245': 5, 'ssp370': 5, 'ssp585': 5}
GISS-E2-1-G (grid=gn, miembro=r1i1p1f2): completo=True archivos_por_experimento={'historical': 4, 'ssp245': 2, 'ssp370': 2, 'ssp585': 2}
GISS-E2-1-H (grid=gn, miembro=r1i1p1f2): completo=True archivos_por_experimento={'historical': 4, 'ssp245': 2, 'ssp370': 2, 'ssp585': 2}
GISS-E2-2-G (grid=gn, miembro=r1i1p3f1): completo=True archivos_por_experimento={'historical': 7, 'ssp245': 4, 'ssp370': 4, 'ssp585': 4}
IITM-ESM (grid=gn, miembro=r1i1p1f1): completo=True archivos_por_experimento={'historical': 23, 'ssp245': 17, 'ssp370': 9, 'ssp585': 17}
INM-CM4-8 (grid=gr1, miembro=r1i1p1f1): completo=True archivos_por_experimento={'historical': 4, 'ssp245': 2, 'ssp370': 2, 'ssp585': 2}
INM-CM5-0 (grid=gr1, miembro=r1i1p1f1): completo=True archivos_por_experimento={'historical': 4, 'ssp245': 2, 'ssp370': 2, 'ssp585': 2}
IPSL-CM6A-LR (grid=gn, miembro=r1i1p1f1): completo=True archivos_por_experimento={'historical': 1, 'ssp245': 1, 'ssp370': 1, 'ssp585': 1}
    tos_Omon_KACE-1-0-G_historical_r1i1p1f1_gr_185001-201412.nc: ningun mirror responde, se descarta
KACE-1-0-G (grid=gr, miembro=r1i1p1f1): completo=False archivos_por_experimento={'historical': 0, 'ssp245': 1, 'ssp370': 1, 'ssp585': 1}
MCM-UA-1-0 (grid=gn, miembro=r1i1p1f2): completo=True archivos_por_experimento={'historical': 1, 'ssp245': 1, 'ssp370': 1, 'ssp585': 1}
    tos_Omon_MIROC-ES2H_ssp245_r1i1p4f2_gr1_201501-210012.nc: ningun mirror responde, se descarta
    tos_Omon_MIROC-ES2H_ssp370_r1i1p4f2_gr1_201501-210012.nc: ningun mirror responde, se descarta
    tos_Omon_MIROC-ES2H_ssp585_r1i1p4f2_gr1_201501-210012.nc: ningun mirror responde, se descarta
MIROC-ES2H (grid=gr1, miembro=r1i1p4f2): completo=False archivos_por_experimento={'historical': 1, 'ssp245': 0, 'ssp370': 0, 'ssp585': 0}
MIROC-ES2L (grid=gr1, miembro=r1i1p1f2): completo=True archivos_por_experimento={'historical': 1, 'ssp245': 1, 'ssp370': 1, 'ssp585': 1}
MIROC6 (grid=gn, miembro=r1i1p1f1): completo=True archivos_por_experimento={'historical': 2, 'ssp245': 1, 'ssp370': 1, 'ssp585': 1}
MPI-ESM1-2-HR (grid=gn, miembro=r1i1p1f1): completo=True archivos_por_experimento={'historical': 33, 'ssp245': 18, 'ssp370': 18, 'ssp585': 18}
MPI-ESM1-2-LR (grid=gn, miembro=r1i1p1f1): completo=True archivos_por_experimento={'historical': 9, 'ssp245': 5, 'ssp370': 5, 'ssp585': 5}
MRI-ESM2-0 (grid=gn, miembro=r1i1p1f1): completo=True archivos_por_experimento={'historical': 1, 'ssp245': 1, 'ssp370': 1, 'ssp585': 1}
NorESM2-LM (grid=gn, miembro=r1i1p1f1): completo=True archivos_por_experimento={'historical': 17, 'ssp245': 9, 'ssp370': 9, 'ssp585': 9}
NorESM2-MM (grid=gn, miembro=r1i1p1f1): completo=True archivos_por_experimento={'historical': 17, 'ssp245': 9, 'ssp370': 9, 'ssp585': 9}
TaiESM1 (grid=gn, miembro=r1i1p1f1): completo=True archivos_por_experimento={'historical': 165, 'ssp245': 86, 'ssp370': 86, 'ssp585': 86}
UKESM1-0-LL (grid=gn, miembro=r1i1p1f2): completo=True archivos_por_experimento={'historical': 2, 'ssp245': 2, 'ssp370': 2, 'ssp585': 2}
Catalogo escrito en data/interim/models_catalog_status.csv y data/interim/esgf_file_urls.json (39/41 modelos completos)
Pipeline completo.
== Graficos: plot_maps.py ==
Graficando mapas: 4 modelo(s) + ERSSTv5 ...
  ACCESS-CM2
  ACCESS-CM2: sst_2d_ACCESS-CM2.png ya existe, se omite
  ACCESS-ESM1-5
  ACCESS-ESM1-5: sst_2d_ACCESS-ESM1-5.png ya existe, se omite
  AWI-CM-1-1-MR
  AWI-CM-1-1-MR: sst_2d_AWI-CM-1-1-MR.png ya existe, se omite
  EC-Earth3-Veg
  EC-Earth3-Veg: sst_2d_EC-Earth3-Veg.png ya existe, se omite
  ERSSTv5
  ERSSTv5: sst_2d_ERSSTv5.png ya existe, se omite
Listo, 5 figura(s) en /home/jonathan/personal/e1_smn/figures
== Graficos: plot_box_series.py ==
ACCESS-CM2
  ACCESS-CM2 Nino 1+2: serie_ACCESS-CM2_sst_Nino1+2.png ya existe, se omite
  ACCESS-CM2 Nino 3.4: serie_ACCESS-CM2_sst_Nino3.4.png ya existe, se omite
ACCESS-ESM1-5
  ACCESS-ESM1-5 Nino 1+2: serie_ACCESS-ESM1-5_sst_Nino1+2.png ya existe, se omite
  ACCESS-ESM1-5 Nino 3.4: serie_ACCESS-ESM1-5_sst_Nino3.4.png ya existe, se omite
AWI-CM-1-1-MR
  AWI-CM-1-1-MR Nino 1+2: serie_AWI-CM-1-1-MR_sst_Nino1+2.png ya existe, se omite
  AWI-CM-1-1-MR Nino 3.4: serie_AWI-CM-1-1-MR_sst_Nino3.4.png ya existe, se omite
EC-Earth3-Veg
  EC-Earth3-Veg Nino 1+2: serie_EC-Earth3-Veg_sst_Nino1+2.png ya existe, se omite
  EC-Earth3-Veg Nino 3.4: serie_EC-Earth3-Veg_sst_Nino3.4.png ya existe, se omite
Listo, 4 modelo(s) graficado(s) (2 figuras cada uno) en /home/jonathan/personal/e1_smn/figures
== Graficos: plot_qc_summary.py ==
sst_QD_vf.png ya existe, se omite. Para regenerarlo (ej. tras una nueva descarga/QC), borralo primero.
== Graficos: plot_boxplot_comparison.py ==
Graficando boxplots comparativos ...
  Nino 3.4: boxplot_Nino3.4.png ya existe, se omite
  Nino 1+2: boxplot_Nino1+2.png ya existe, se omite
Listo.
== Graficos: plot_region_nino_orthographic.py ==
Traceback (most recent call last):
  File "/home/jonathan/personal/e1_smn/scripts/plot_region_nino_orthographic.py", line 32, in <module>
    import cartopy.crs as ccrs  # noqa: E402
    ^^^^^^^^^^^^^^^^^^^^^^^^^^
  File "/home/jonathan/miniconda3/lib/python3.12/site-packages/cartopy/__init__.py", line 108, in <module>
    import cartopy.feature  # noqa: E402,F401  (unused import)
    ^^^^^^^^^^^^^^^^^^^^^^
  File "/home/jonathan/miniconda3/lib/python3.12/site-packages/cartopy/feature/__init__.py", line 19, in <module>
    import cartopy.io.shapereader as shapereader
  File "/home/jonathan/miniconda3/lib/python3.12/site-packages/cartopy/io/shapereader.py", line 44, in <module>
    import fiona
  File "/home/jonathan/miniconda3/lib/python3.12/site-packages/fiona/__init__.py", line 49, in <module>
    from fiona.collection import BytesCollection, Collection
  File "/home/jonathan/miniconda3/lib/python3.12/site-packages/fiona/collection.py", line 10, in <module>
    from fiona.ogrext import Iterator, ItemsIterator, KeysIterator
  File "fiona/ogrext.pyx", line 31, in init fiona.ogrext
  File "/home/jonathan/miniconda3/lib/python3.12/site-packages/fiona/env.py", line 25, in <module>
    from fiona.session import Session, DummySession
  File "/home/jonathan/miniconda3/lib/python3.12/site-packages/fiona/session.py", line 14, in <module>
    import boto3
  File "/home/jonathan/miniconda3/lib/python3.12/site-packages/boto3/__init__.py", line 17, in <module>
    from boto3.session import Session
  File "/home/jonathan/miniconda3/lib/python3.12/site-packages/boto3/session.py", line 17, in <module>
    import botocore.session
  File "/home/jonathan/miniconda3/lib/python3.12/site-packages/botocore/session.py", line 26, in <module>
    import botocore.client
  File "/home/jonathan/miniconda3/lib/python3.12/site-packages/botocore/client.py", line 15, in <module>
    from botocore import waiter, xform_name
  File "/home/jonathan/miniconda3/lib/python3.12/site-packages/botocore/waiter.py", line 18, in <module>
    from botocore.docs.docstring import WaiterDocstring
  File "/home/jonathan/miniconda3/lib/python3.12/site-packages/botocore/docs/__init__.py", line 15, in <module>
    from botocore.docs.service import ServiceDocumenter
  File "/home/jonathan/miniconda3/lib/python3.12/site-packages/botocore/docs/service.py", line 14, in <module>
    from botocore.docs.client import (
  File "/home/jonathan/miniconda3/lib/python3.12/site-packages/botocore/docs/client.py", line 18, in <module>
    from botocore.docs.example import ResponseExampleDocumenter
  File "/home/jonathan/miniconda3/lib/python3.12/site-packages/botocore/docs/example.py", line 13, in <module>
    from botocore.docs.shape import ShapeDocumenter
  File "/home/jonathan/miniconda3/lib/python3.12/site-packages/botocore/docs/shape.py", line 19, in <module>
    from botocore.utils import is_json_value_header
  File "/home/jonathan/miniconda3/lib/python3.12/site-packages/botocore/utils.py", line 39, in <module>
    import botocore.httpsession
  File "/home/jonathan/miniconda3/lib/python3.12/site-packages/botocore/httpsession.py", line 45, in <module>
    from urllib3.contrib.pyopenssl import (
  File "/home/jonathan/miniconda3/lib/python3.12/site-packages/urllib3/contrib/pyopenssl.py", line 43, in <module>
    import OpenSSL.SSL  # type: ignore[import-untyped]
    ^^^^^^^^^^^^^^^^^^
  File "/home/jonathan/miniconda3/lib/python3.12/site-packages/OpenSSL/__init__.py", line 8, in <module>
    from OpenSSL import SSL, crypto
  File "/home/jonathan/miniconda3/lib/python3.12/site-packages/OpenSSL/SSL.py", line 42, in <module>
    from OpenSSL.crypto import (
  File "/home/jonathan/miniconda3/lib/python3.12/site-packages/OpenSSL/crypto.py", line 783, in <module>
    class X509Extension:
  File "/home/jonathan/miniconda3/lib/python3.12/site-packages/OpenSSL/crypto.py", line 867, in X509Extension
    _lib.GEN_EMAIL: "email",
    ^^^^^^^^^^^^^^
AttributeError: module 'lib' has no attribute 'GEN_EMAIL'
  (se omitio plot_region_nino_orthographic.py -- revisar el aviso arriba)
== Paso 00: bash scripts/00_setup_env.sh ==
Entorno verificado: cdo=Climate Data Operators version 2.4.0 (https://mpimet.mpg.de/cdo), python3=Python 3.12.2
Estructura de carpetas lista bajo /home/jonathan/personal/e1_smn/data y /home/jonathan/personal/e1_smn/logs
== Paso 00b: python3 scripts/00b_build_model_list.py config/models_seed_cmip6.csv ==
  fallo de red contra https://esgf-node.llnl.gov/esg-search/search (HTTPSConnectionPool(host='esgf-node.llnl.gov', port=443): Max retries exceeded with url: /esg-search/search?project=CMIP6&variable_id=tos&table_id=Omon&facets=source_id&limit=0&format=application%2Fsolr%2Bjson (Caused by NameResolutionError("<urllib3.connection.HTTPSConnection object at 0x7d668633b440>: Failed to resolve 'esgf-node.llnl.gov' ([Errno -3] Temporary failure in name resolution)"))) -- reintento 1/6 en 5s
Modelos CMIP6 con tos/Omon publicado: 102
[1/102] ACCESS-CM2: seleccionado (categoria=completo) -> grid=gn (250.0 km)
[2/102] ACCESS-ESM1-5: seleccionado (categoria=completo) -> grid=gn (250.0 km)
  ESGF respondio 500 en https://esgf-node.ipsl.upmc.fr/esg-search/search -- reintento 1/6 en 5s
  ESGF respondio 500 en https://esgf-node.ipsl.upmc.fr/esg-search/search -- reintento 2/6 en 10s
  ESGF respondio 500 en https://esgf-node.ipsl.upmc.fr/esg-search/search -- reintento 3/6 en 21s
  ESGF respondio 500 en https://esgf-node.ipsl.upmc.fr/esg-search/search -- reintento 4/6 en 41s
  ESGF respondio 500 en https://esgf-node.ipsl.upmc.fr/esg-search/search -- reintento 5/6 en 81s
  https://esgf-node.ipsl.upmc.fr/esg-search/search: parando la paginacion en offset=0 (500 Server Error: 500 for url: https://esgf-node.ipsl.upmc.fr/esg-search/search?project=CMIP6&source_id=ACCESS-OM2&variable_id=tos&table_id=Omon&type=Dataset&format=application%2Fsolr%2Bjson&limit=500&offset=0) -- se sigue con los 0 registros ya juntados
[3/102] ACCESS-OM2: descartado (categoria=sin_tos)
  ESGF respondio 500 en https://esgf-node.ipsl.upmc.fr/esg-search/search -- reintento 1/6 en 5s
  ESGF respondio 500 en https://esgf-node.ipsl.upmc.fr/esg-search/search -- reintento 2/6 en 11s
  ESGF respondio 500 en https://esgf-node.ipsl.upmc.fr/esg-search/search -- reintento 3/6 en 20s
  ESGF respondio 500 en https://esgf-node.ipsl.upmc.fr/esg-search/search -- reintento 4/6 en 40s
  ESGF respondio 500 en https://esgf-node.ipsl.upmc.fr/esg-search/search -- reintento 5/6 en 80s
  https://esgf-node.ipsl.upmc.fr/esg-search/search: parando la paginacion en offset=0 (500 Server Error: 500 for url: https://esgf-node.ipsl.upmc.fr/esg-search/search?project=CMIP6&source_id=ACCESS-OM2-025&variable_id=tos&table_id=Omon&type=Dataset&format=application%2Fsolr%2Bjson&limit=500&offset=0) -- se sigue con los 0 registros ya juntados
[4/102] ACCESS-OM2-025: descartado (categoria=sin_tos)
  ESGF respondio 500 en https://esgf-node.ipsl.upmc.fr/esg-search/search -- reintento 1/6 en 5s
  ESGF respondio 500 en https://esgf-node.ipsl.upmc.fr/esg-search/search -- reintento 2/6 en 10s
  ESGF respondio 500 en https://esgf-node.ipsl.upmc.fr/esg-search/search -- reintento 3/6 en 21s
  ESGF respondio 500 en https://esgf-node.ipsl.upmc.fr/esg-search/search -- reintento 4/6 en 41s
  ESGF respondio 500 en https://esgf-node.ipsl.upmc.fr/esg-search/search -- reintento 5/6 en 81s
  https://esgf-node.ipsl.upmc.fr/esg-search/search: parando la paginacion en offset=0 (500 Server Error: 500 for url: https://esgf-node.ipsl.upmc.fr/esg-search/search?project=CMIP6&source_id=AWI-CM-1-1-HR&variable_id=tos&table_id=Omon&type=Dataset&format=application%2Fsolr%2Bjson&limit=500&offset=0) -- se sigue con los 0 registros ya juntados
[5/102] AWI-CM-1-1-HR: descartado (categoria=sin_tos)
  ESGF respondio 500 en https://esgf-node.ipsl.upmc.fr/esg-search/search -- reintento 1/6 en 6s
  ESGF respondio 500 en https://esgf-node.ipsl.upmc.fr/esg-search/search -- reintento 2/6 en 10s
  ESGF respondio 500 en https://esgf-node.ipsl.upmc.fr/esg-search/search -- reintento 3/6 en 21s
  ESGF respondio 500 en https://esgf-node.ipsl.upmc.fr/esg-search/search -- reintento 4/6 en 41s
  ESGF respondio 500 en https://esgf-node.ipsl.upmc.fr/esg-search/search -- reintento 5/6 en 81s
  https://esgf-node.ipsl.upmc.fr/esg-search/search: parando la paginacion en offset=0 (500 Server Error: 500 for url: https://esgf-node.ipsl.upmc.fr/esg-search/search?project=CMIP6&source_id=AWI-CM-1-1-LR&variable_id=tos&table_id=Omon&type=Dataset&format=application%2Fsolr%2Bjson&limit=500&offset=0) -- se sigue con los 0 registros ya juntados
[6/102] AWI-CM-1-1-LR: descartado (categoria=sin_tos)
[7/102] AWI-CM-1-1-MR: seleccionado (categoria=completo) -> grid=gn (25.0 km)
[8/102] AWI-ESM-1-1-LR: descartado (categoria=solo_historical)
  ESGF respondio 500 en https://esgf-node.ipsl.upmc.fr/esg-search/search -- reintento 1/6 en 6s
  ESGF respondio 500 en https://esgf-node.ipsl.upmc.fr/esg-search/search -- reintento 2/6 en 11s
  ESGF respondio 500 en https://esgf-node.ipsl.upmc.fr/esg-search/search -- reintento 3/6 en 20s
  ESGF respondio 500 en https://esgf-node.ipsl.upmc.fr/esg-search/search -- reintento 4/6 en 41s
  ESGF respondio 500 en https://esgf-node.ipsl.upmc.fr/esg-search/search -- reintento 5/6 en 81s
  https://esgf-node.ipsl.upmc.fr/esg-search/search: parando la paginacion en offset=0 (500 Server Error: 500 for url: https://esgf-node.ipsl.upmc.fr/esg-search/search?project=CMIP6&source_id=BCC-CSM2-HR&variable_id=tos&table_id=Omon&type=Dataset&format=application%2Fsolr%2Bjson&limit=500&offset=0) -- se sigue con los 0 registros ya juntados
[9/102] BCC-CSM2-HR: descartado (categoria=sin_tos)
[10/102] BCC-CSM2-MR: seleccionado (categoria=completo) -> grid=gn (100.0 km)
[11/102] BCC-ESM1: descartado (categoria=falta_ssp245_ssp585)
[12/102] CAMS-CSM1-0: seleccionado (categoria=completo) -> grid=gn (100.0 km)
[13/102] CAS-ESM2-0: seleccionado (categoria=completo) -> grid=gn (100.0 km)
  https://esgf-node.llnl.gov/esg-search/search: parando la paginacion en offset=10000 (422 Client Error: Unprocessable Content for url: https://esgf-node.ornl.gov/esgf-1-5-bridge?project=CMIP6&source_id=CESM1-1-CAM5-CMIP5&variable_id=tos&table_id=Omon&type=Dataset&format=application%2Fsolr%2Bjson&limit=500&offset=10000) -- se sigue con los 10000 registros ya juntados
  ESGF respondio 500 en https://esgf-node.ipsl.upmc.fr/esg-search/search -- reintento 1/6 en 6s
  ESGF respondio 500 en https://esgf-node.ipsl.upmc.fr/esg-search/search -- reintento 2/6 en 10s
  ESGF respondio 500 en https://esgf-node.ipsl.upmc.fr/esg-search/search -- reintento 3/6 en 21s
  ESGF respondio 500 en https://esgf-node.ipsl.upmc.fr/esg-search/search -- reintento 4/6 en 40s
  ESGF respondio 500 en https://esgf-node.ipsl.upmc.fr/esg-search/search -- reintento 5/6 en 80s
  https://esgf-node.ipsl.upmc.fr/esg-search/search: parando la paginacion en offset=0 (500 Server Error: 500 for url: https://esgf-node.ipsl.upmc.fr/esg-search/search?project=CMIP6&source_id=CESM1-1-CAM5-CMIP5&variable_id=tos&table_id=Omon&type=Dataset&format=application%2Fsolr%2Bjson&limit=500&offset=0) -- se sigue con los 0 registros ya juntados
  https://metagrid.esgf-west.org/proxy/search: parando la paginacion en offset=10000 (422 Client Error: Unprocessable Entity for url: https://metagrid.esgf-west.org/proxy/search?project=CMIP6&source_id=CESM1-1-CAM5-CMIP5&variable_id=tos&table_id=Omon&type=Dataset&format=application%2Fsolr%2Bjson&limit=500&offset=10000) -- se sigue con los 10000 registros ya juntados
  https://esgf-node.ornl.gov/proxy/search: parando la paginacion en offset=10000 (422 Client Error: Unprocessable Entity for url: https://esgf-node.ornl.gov/proxy/search?project=CMIP6&source_id=CESM1-1-CAM5-CMIP5&variable_id=tos&table_id=Omon&type=Dataset&format=application%2Fsolr%2Bjson&limit=500&offset=10000) -- se sigue con los 10000 registros ya juntados
[14/102] CESM1-1-CAM5-CMIP5: descartado (categoria=sin_tos)
  ESGF respondio 500 en https://esgf-node.ipsl.upmc.fr/esg-search/search -- reintento 1/6 en 5s
  ESGF respondio 500 en https://esgf-node.ipsl.upmc.fr/esg-search/search -- reintento 2/6 en 11s
  ESGF respondio 500 en https://esgf-node.ipsl.upmc.fr/esg-search/search -- reintento 3/6 en 21s
  ESGF respondio 500 en https://esgf-node.ipsl.upmc.fr/esg-search/search -- reintento 4/6 en 40s
  ESGF respondio 500 en https://esgf-node.ipsl.upmc.fr/esg-search/search -- reintento 5/6 en 80s
  https://esgf-node.ipsl.upmc.fr/esg-search/search: parando la paginacion en offset=0 (500 Server Error: 500 for url: https://esgf-node.ipsl.upmc.fr/esg-search/search?project=CMIP6&source_id=CESM1-CAM5-SE-HR&variable_id=tos&table_id=Omon&type=Dataset&format=application%2Fsolr%2Bjson&limit=500&offset=0) -- se sigue con los 0 registros ya juntados
[15/102] CESM1-CAM5-SE-HR: descartado (categoria=sin_tos)
  ESGF respondio 500 en https://esgf-node.ipsl.upmc.fr/esg-search/search -- reintento 1/6 en 5s
  ESGF respondio 500 en https://esgf-node.ipsl.upmc.fr/esg-search/search -- reintento 2/6 en 11s
  ESGF respondio 500 en https://esgf-node.ipsl.upmc.fr/esg-search/search -- reintento 3/6 en 21s
  ESGF respondio 500 en https://esgf-node.ipsl.upmc.fr/esg-search/search -- reintento 4/6 en 40s
  ESGF respondio 500 en https://esgf-node.ipsl.upmc.fr/esg-search/search -- reintento 5/6 en 81s
  https://esgf-node.ipsl.upmc.fr/esg-search/search: parando la paginacion en offset=0 (500 Server Error: 500 for url: https://esgf-node.ipsl.upmc.fr/esg-search/search?project=CMIP6&source_id=CESM1-CAM5-SE-LR&variable_id=tos&table_id=Omon&type=Dataset&format=application%2Fsolr%2Bjson&limit=500&offset=0) -- se sigue con los 0 registros ya juntados
[16/102] CESM1-CAM5-SE-LR: descartado (categoria=sin_tos)
[17/102] CESM2: seleccionado (categoria=completo) -> grid=gr (111.0 km)
[18/102] CESM2-FV2: descartado (categoria=falta_ssp245)
[19/102] CESM2-WACCM: seleccionado (categoria=completo) -> grid=gr (111.0 km)
[20/102] CESM2-WACCM-FV2: descartado (categoria=solo_historical)
[21/102] CIESM: descartado (categoria=falta_ssp370)
[22/102] CMCC-CM2-HR4: descartado (categoria=solo_historical)
[23/102] CMCC-CM2-SR5: seleccionado (categoria=completo) -> grid=gn (100.0 km)
  ESGF respondio 500 en https://esgf-node.ipsl.upmc.fr/esg-search/search -- reintento 1/6 en 5s
  ESGF respondio 500 en https://esgf-node.ipsl.upmc.fr/esg-search/search -- reintento 2/6 en 10s
  ESGF respondio 500 en https://esgf-node.ipsl.upmc.fr/esg-search/search -- reintento 3/6 en 20s
  ESGF respondio 500 en https://esgf-node.ipsl.upmc.fr/esg-search/search -- reintento 4/6 en 41s
  ESGF respondio 500 en https://esgf-node.ipsl.upmc.fr/esg-search/search -- reintento 5/6 en 80s
  https://esgf-node.ipsl.upmc.fr/esg-search/search: parando la paginacion en offset=0 (500 Server Error: 500 for url: https://esgf-node.ipsl.upmc.fr/esg-search/search?project=CMIP6&source_id=CMCC-CM2-VHR4&variable_id=tos&table_id=Omon&type=Dataset&format=application%2Fsolr%2Bjson&limit=500&offset=0) -- se sigue con los 0 registros ya juntados
[24/102] CMCC-CM2-VHR4: descartado (categoria=sin_tos)
[25/102] CMCC-ESM2: seleccionado (categoria=completo) -> grid=gn (100.0 km)
[26/102] CNRM-CM6-1: seleccionado (categoria=completo) -> grid=gn (100.0 km)
[27/102] CNRM-CM6-1-HR: seleccionado (categoria=completo) -> grid=gn (25.0 km)
[28/102] CNRM-ESM2-1: seleccionado (categoria=completo) -> grid=gn (100.0 km)
  https://esgf-node.llnl.gov/esg-search/search: parando la paginacion en offset=10000 (422 Client Error: Unprocessable Content for url: https://esgf-node.ornl.gov/esgf-1-5-bridge?project=CMIP6&source_id=CanESM5&variable_id=tos&table_id=Omon&type=Dataset&format=application%2Fsolr%2Bjson&limit=500&offset=10000) -- se sigue con los 10000 registros ya juntados
[29/102] CanESM5: seleccionado (categoria=completo) -> grid=gn (100.0 km)
[30/102] CanESM5-1: seleccionado (categoria=completo) -> grid=gn (100.0 km)
[31/102] CanESM5-CanOE: seleccionado (categoria=completo) -> grid=gn (100.0 km)
[32/102] E3SM-1-0: descartado (categoria=falta_ssp245)
[33/102] E3SM-1-1: descartado (categoria=falta_ssp245_ssp370)
[34/102] E3SM-1-1-ECA: descartado (categoria=falta_ssp245_ssp370)
[35/102] E3SM-2-0: descartado (categoria=falta_ssp245_ssp585)
[36/102] E3SM-2-0-NARRM: descartado (categoria=solo_historical)
[37/102] E3SM-2-1: descartado (categoria=solo_historical)
[38/102] EC-Earth3: seleccionado (categoria=completo) -> grid=gn (100.0 km)
[39/102] EC-Earth3-AerChem: descartado (categoria=falta_ssp245_ssp585)
[40/102] EC-Earth3-CC: descartado (categoria=falta_ssp370)
[41/102] EC-Earth3-HR: descartado (categoria=falta_ssp370_ssp585, historical via esgf_alt_node)
  ESGF respondio 500 en https://esgf-node.ipsl.upmc.fr/esg-search/search -- reintento 1/6 en 6s
  ESGF respondio 500 en https://esgf-node.ipsl.upmc.fr/esg-search/search -- reintento 2/6 en 10s
  ESGF respondio 500 en https://esgf-node.ipsl.upmc.fr/esg-search/search -- reintento 3/6 en 20s
  ESGF respondio 500 en https://esgf-node.ipsl.upmc.fr/esg-search/search -- reintento 4/6 en 40s
  ESGF respondio 500 en https://esgf-node.ipsl.upmc.fr/esg-search/search -- reintento 5/6 en 81s
  https://esgf-node.ipsl.upmc.fr/esg-search/search: parando la paginacion en offset=0 (500 Server Error: 500 for url: https://esgf-node.ipsl.upmc.fr/esg-search/search?project=CMIP6&source_id=EC-Earth3-LR&variable_id=tos&table_id=Omon&type=Dataset&format=application%2Fsolr%2Bjson&limit=500&offset=0) -- se sigue con los 0 registros ya juntados
[42/102] EC-Earth3-LR: descartado (categoria=sin_tos)
[43/102] EC-Earth3-Veg: seleccionado (categoria=completo) -> grid=gn (100.0 km)
[44/102] EC-Earth3-Veg-LR: seleccionado (categoria=completo) -> grid=gn (100.0 km)
  ESGF respondio 500 en https://esgf-node.ipsl.upmc.fr/esg-search/search -- reintento 1/6 en 6s
  ESGF respondio 500 en https://esgf-node.ipsl.upmc.fr/esg-search/search -- reintento 2/6 en 11s
  ESGF respondio 500 en https://esgf-node.ipsl.upmc.fr/esg-search/search -- reintento 3/6 en 21s
  ESGF respondio 500 en https://esgf-node.ipsl.upmc.fr/esg-search/search -- reintento 4/6 en 40s
  ESGF respondio 500 en https://esgf-node.ipsl.upmc.fr/esg-search/search -- reintento 5/6 en 80s
  https://esgf-node.ipsl.upmc.fr/esg-search/search: parando la paginacion en offset=0 (500 Server Error: 500 for url: https://esgf-node.ipsl.upmc.fr/esg-search/search?project=CMIP6&source_id=EC-Earth3P&variable_id=tos&table_id=Omon&type=Dataset&format=application%2Fsolr%2Bjson&limit=500&offset=0) -- se sigue con los 0 registros ya juntados
[45/102] EC-Earth3P: descartado (categoria=sin_tos)
  ESGF respondio 500 en https://esgf-node.ipsl.upmc.fr/esg-search/search -- reintento 1/6 en 6s
  ESGF respondio 500 en https://esgf-node.ipsl.upmc.fr/esg-search/search -- reintento 2/6 en 11s
  ESGF respondio 500 en https://esgf-node.ipsl.upmc.fr/esg-search/search -- reintento 3/6 en 21s
  ESGF respondio 500 en https://esgf-node.ipsl.upmc.fr/esg-search/search -- reintento 4/6 en 41s
  ESGF respondio 500 en https://esgf-node.ipsl.upmc.fr/esg-search/search -- reintento 5/6 en 81s
  https://esgf-node.ipsl.upmc.fr/esg-search/search: parando la paginacion en offset=0 (500 Server Error: 500 for url: https://esgf-node.ipsl.upmc.fr/esg-search/search?project=CMIP6&source_id=EC-Earth3P-HR&variable_id=tos&table_id=Omon&type=Dataset&format=application%2Fsolr%2Bjson&limit=500&offset=0) -- se sigue con los 0 registros ya juntados
[46/102] EC-Earth3P-HR: descartado (categoria=sin_tos)
  ESGF respondio 500 en https://esgf-node.ipsl.upmc.fr/esg-search/search -- reintento 1/6 en 6s
  ESGF respondio 500 en https://esgf-node.ipsl.upmc.fr/esg-search/search -- reintento 2/6 en 11s
  ESGF respondio 500 en https://esgf-node.ipsl.upmc.fr/esg-search/search -- reintento 3/6 en 21s
  ESGF respondio 500 en https://esgf-node.ipsl.upmc.fr/esg-search/search -- reintento 4/6 en 41s
  ESGF respondio 500 en https://esgf-node.ipsl.upmc.fr/esg-search/search -- reintento 5/6 en 81s
  https://esgf-node.ipsl.upmc.fr/esg-search/search: parando la paginacion en offset=0 (500 Server Error: 500 for url: https://esgf-node.ipsl.upmc.fr/esg-search/search?project=CMIP6&source_id=ECMWF-IFS-HR&variable_id=tos&table_id=Omon&type=Dataset&format=application%2Fsolr%2Bjson&limit=500&offset=0) -- se sigue con los 0 registros ya juntados
[47/102] ECMWF-IFS-HR: descartado (categoria=sin_tos)
  ESGF respondio 500 en https://esgf-node.ipsl.upmc.fr/esg-search/search -- reintento 1/6 en 6s
  ESGF respondio 500 en https://esgf-node.ipsl.upmc.fr/esg-search/search -- reintento 2/6 en 10s
  ESGF respondio 500 en https://esgf-node.ipsl.upmc.fr/esg-search/search -- reintento 3/6 en 20s
  ESGF respondio 500 en https://esgf-node.ipsl.upmc.fr/esg-search/search -- reintento 4/6 en 41s
  ESGF respondio 500 en https://esgf-node.ipsl.upmc.fr/esg-search/search -- reintento 5/6 en 81s
  https://esgf-node.ipsl.upmc.fr/esg-search/search: parando la paginacion en offset=0 (500 Server Error: 500 for url: https://esgf-node.ipsl.upmc.fr/esg-search/search?project=CMIP6&source_id=ECMWF-IFS-LR&variable_id=tos&table_id=Omon&type=Dataset&format=application%2Fsolr%2Bjson&limit=500&offset=0) -- se sigue con los 0 registros ya juntados
[48/102] ECMWF-IFS-LR: descartado (categoria=sin_tos)
  ESGF respondio 500 en https://esgf-node.ipsl.upmc.fr/esg-search/search -- reintento 1/6 en 6s
  ESGF respondio 500 en https://esgf-node.ipsl.upmc.fr/esg-search/search -- reintento 2/6 en 10s
  ESGF respondio 500 en https://esgf-node.ipsl.upmc.fr/esg-search/search -- reintento 3/6 en 20s
  ESGF respondio 500 en https://esgf-node.ipsl.upmc.fr/esg-search/search -- reintento 4/6 en 41s
  ESGF respondio 500 en https://esgf-node.ipsl.upmc.fr/esg-search/search -- reintento 5/6 en 81s
  https://esgf-node.ipsl.upmc.fr/esg-search/search: parando la paginacion en offset=0 (500 Server Error: 500 for url: https://esgf-node.ipsl.upmc.fr/esg-search/search?project=CMIP6&source_id=ECMWF-IFS-MR&variable_id=tos&table_id=Omon&type=Dataset&format=application%2Fsolr%2Bjson&limit=500&offset=0) -- se sigue con los 0 registros ya juntados
[49/102] ECMWF-IFS-MR: descartado (categoria=sin_tos)
  ESGF respondio 500 en https://esgf-node.ipsl.upmc.fr/esg-search/search -- reintento 1/6 en 5s
  ESGF respondio 500 en https://esgf-node.ipsl.upmc.fr/esg-search/search -- reintento 2/6 en 11s
  ESGF respondio 500 en https://esgf-node.ipsl.upmc.fr/esg-search/search -- reintento 3/6 en 20s
  ESGF respondio 500 en https://esgf-node.ipsl.upmc.fr/esg-search/search -- reintento 4/6 en 40s
  ESGF respondio 500 en https://esgf-node.ipsl.upmc.fr/esg-search/search -- reintento 5/6 en 80s
  https://esgf-node.ipsl.upmc.fr/esg-search/search: parando la paginacion en offset=0 (500 Server Error: 500 for url: https://esgf-node.ipsl.upmc.fr/esg-search/search?project=CMIP6&source_id=FGOALS-f3-H&variable_id=tos&table_id=Omon&type=Dataset&format=application%2Fsolr%2Bjson&limit=500&offset=0) -- se sigue con los 0 registros ya juntados
[50/102] FGOALS-f3-H: descartado (categoria=sin_tos)
[51/102] FGOALS-f3-L: seleccionado (categoria=completo) -> grid=gn (100.0 km)
[52/102] FGOALS-g3: seleccionado (categoria=completo) -> grid=gn (100.0 km)
[53/102] FIO-ESM-2-0: descartado (categoria=falta_ssp370)
[54/102] GFDL-CM4: descartado (categoria=falta_ssp370)
  ESGF respondio 500 en https://esgf-node.ipsl.upmc.fr/esg-search/search -- reintento 1/6 en 6s
  ESGF respondio 500 en https://esgf-node.ipsl.upmc.fr/esg-search/search -- reintento 2/6 en 10s
  ESGF respondio 500 en https://esgf-node.ipsl.upmc.fr/esg-search/search -- reintento 3/6 en 21s
  ESGF respondio 500 en https://esgf-node.ipsl.upmc.fr/esg-search/search -- reintento 4/6 en 40s
  ESGF respondio 500 en https://esgf-node.ipsl.upmc.fr/esg-search/search -- reintento 5/6 en 80s
  https://esgf-node.ipsl.upmc.fr/esg-search/search: parando la paginacion en offset=0 (500 Server Error: 500 for url: https://esgf-node.ipsl.upmc.fr/esg-search/search?project=CMIP6&source_id=GFDL-ESM2M&variable_id=tos&table_id=Omon&type=Dataset&format=application%2Fsolr%2Bjson&limit=500&offset=0) -- se sigue con los 0 registros ya juntados
[55/102] GFDL-ESM2M: descartado (categoria=sin_tos)
[56/102] GFDL-ESM4: seleccionado (categoria=completo) -> grid=gr (111.0 km)
[57/102] GISS-E2-1-G: seleccionado (categoria=completo) -> grid=gn (250.0 km)
[58/102] GISS-E2-1-G-CC: descartado (categoria=falta_ssp370)
[59/102] GISS-E2-1-H: seleccionado (categoria=completo) -> grid=gn (250.0 km)
[60/102] GISS-E2-2-G: seleccionado (categoria=completo) -> grid=gn (250.0 km)
[61/102] GISS-E2-2-H: descartado (categoria=solo_historical)
[62/102] GISS-E3-G: descartado (categoria=solo_historical)
  ESGF respondio 500 en https://esgf-node.ipsl.upmc.fr/esg-search/search -- reintento 1/6 en 6s
  ESGF respondio 500 en https://esgf-node.ipsl.upmc.fr/esg-search/search -- reintento 2/6 en 10s
  ESGF respondio 500 en https://esgf-node.ipsl.upmc.fr/esg-search/search -- reintento 3/6 en 20s
  ESGF respondio 500 en https://esgf-node.ipsl.upmc.fr/esg-search/search -- reintento 4/6 en 40s
  ESGF respondio 500 en https://esgf-node.ipsl.upmc.fr/esg-search/search -- reintento 5/6 en 80s
  https://esgf-node.ipsl.upmc.fr/esg-search/search: parando la paginacion en offset=0 (500 Server Error: 500 for url: https://esgf-node.ipsl.upmc.fr/esg-search/search?project=CMIP6&source_id=HadGEM3-GC31-HH&variable_id=tos&table_id=Omon&type=Dataset&format=application%2Fsolr%2Bjson&limit=500&offset=0) -- se sigue con los 0 registros ya juntados
[63/102] HadGEM3-GC31-HH: descartado (categoria=sin_tos)
  ESGF respondio 500 en https://esgf-node.ipsl.upmc.fr/esg-search/search -- reintento 1/6 en 5s
  ESGF respondio 500 en https://esgf-node.ipsl.upmc.fr/esg-search/search -- reintento 2/6 en 11s
  ESGF respondio 500 en https://esgf-node.ipsl.upmc.fr/esg-search/search -- reintento 3/6 en 21s
  ESGF respondio 500 en https://esgf-node.ipsl.upmc.fr/esg-search/search -- reintento 4/6 en 41s
  ESGF respondio 500 en https://esgf-node.ipsl.upmc.fr/esg-search/search -- reintento 5/6 en 80s
  https://esgf-node.ipsl.upmc.fr/esg-search/search: parando la paginacion en offset=0 (500 Server Error: 500 for url: https://esgf-node.ipsl.upmc.fr/esg-search/search?project=CMIP6&source_id=HadGEM3-GC31-HM&variable_id=tos&table_id=Omon&type=Dataset&format=application%2Fsolr%2Bjson&limit=500&offset=0) -- se sigue con los 0 registros ya juntados
[64/102] HadGEM3-GC31-HM: descartado (categoria=sin_tos)
[65/102] HadGEM3-GC31-LL: descartado (categoria=falta_ssp370)
  ESGF respondio 500 en https://esgf-node.ipsl.upmc.fr/esg-search/search -- reintento 1/6 en 5s
  ESGF respondio 500 en https://esgf-node.ipsl.upmc.fr/esg-search/search -- reintento 2/6 en 10s
  ESGF respondio 500 en https://esgf-node.ipsl.upmc.fr/esg-search/search -- reintento 3/6 en 21s
  ESGF respondio 500 en https://esgf-node.ipsl.upmc.fr/esg-search/search -- reintento 4/6 en 40s
  ESGF respondio 500 en https://esgf-node.ipsl.upmc.fr/esg-search/search -- reintento 5/6 en 81s
  https://esgf-node.ipsl.upmc.fr/esg-search/search: parando la paginacion en offset=0 (500 Server Error: 500 for url: https://esgf-node.ipsl.upmc.fr/esg-search/search?project=CMIP6&source_id=HadGEM3-GC31-MH&variable_id=tos&table_id=Omon&type=Dataset&format=application%2Fsolr%2Bjson&limit=500&offset=0) -- se sigue con los 0 registros ya juntados
[66/102] HadGEM3-GC31-MH: descartado (categoria=sin_tos)
[67/102] HadGEM3-GC31-MM: descartado (categoria=falta_ssp245_ssp370)
[68/102] ICON-ESM-LR: descartado (categoria=solo_historical)
[69/102] IITM-ESM: seleccionado (categoria=completo) -> grid=gn (250.0 km)
[70/102] INM-CM4-8: seleccionado (categoria=completo) -> grid=gr1 (100.0 km)
[71/102] INM-CM5-0: seleccionado (categoria=completo) -> grid=gr1 (100.0 km)
  ESGF respondio 500 en https://esgf-node.ipsl.upmc.fr/esg-search/search -- reintento 1/6 en 5s
  ESGF respondio 500 en https://esgf-node.ipsl.upmc.fr/esg-search/search -- reintento 2/6 en 11s
  ESGF respondio 500 en https://esgf-node.ipsl.upmc.fr/esg-search/search -- reintento 3/6 en 20s
  ESGF respondio 500 en https://esgf-node.ipsl.upmc.fr/esg-search/search -- reintento 4/6 en 40s
  ESGF respondio 500 en https://esgf-node.ipsl.upmc.fr/esg-search/search -- reintento 5/6 en 80s
  https://esgf-node.ipsl.upmc.fr/esg-search/search: parando la paginacion en offset=0 (500 Server Error: 500 for url: https://esgf-node.ipsl.upmc.fr/esg-search/search?project=CMIP6&source_id=INM-CM5-H&variable_id=tos&table_id=Omon&type=Dataset&format=application%2Fsolr%2Bjson&limit=500&offset=0) -- se sigue con los 0 registros ya juntados
[72/102] INM-CM5-H: descartado (categoria=sin_tos)
[73/102] IPSL-CM5A2-INCA: descartado (categoria=falta_ssp245_ssp585)
[74/102] IPSL-CM6A-LR: seleccionado (categoria=completo) -> grid=gn (100.0 km)
[75/102] IPSL-CM6A-LR-INCA: descartado (categoria=solo_historical)
  ESGF respondio 500 en https://esgf-node.ipsl.upmc.fr/esg-search/search -- reintento 1/6 en 6s
  ESGF respondio 500 en https://esgf-node.ipsl.upmc.fr/esg-search/search -- reintento 2/6 en 11s
  ESGF respondio 500 en https://esgf-node.ipsl.upmc.fr/esg-search/search -- reintento 3/6 en 21s
  ESGF respondio 500 en https://esgf-node.ipsl.upmc.fr/esg-search/search -- reintento 4/6 en 41s
  ESGF respondio 500 en https://esgf-node.ipsl.upmc.fr/esg-search/search -- reintento 5/6 en 80s
  https://esgf-node.ipsl.upmc.fr/esg-search/search: parando la paginacion en offset=0 (500 Server Error: 500 for url: https://esgf-node.ipsl.upmc.fr/esg-search/search?project=CMIP6&source_id=IPSL-CM6A-MR1&variable_id=tos&table_id=Omon&type=Dataset&format=application%2Fsolr%2Bjson&limit=500&offset=0) -- se sigue con los 0 registros ya juntados
[76/102] IPSL-CM6A-MR1: descartado (categoria=sin_tos)
[77/102] KACE-1-0-G: seleccionado (categoria=completo) -> grid=gr (250.0 km)
[78/102] KIOST-ESM: descartado (categoria=falta_ssp370)
[79/102] MCM-UA-1-0: seleccionado (categoria=completo) -> grid=gn (250.0 km)
[80/102] MIROC-ES2H: seleccionado (categoria=completo) -> grid=gr1 (111.0 km)
[81/102] MIROC-ES2L: seleccionado (categoria=completo) -> grid=gr1 (111.0 km)
[82/102] MIROC6: seleccionado (categoria=completo) -> grid=gn (100.0 km)
[83/102] MPI-ESM-1-2-HAM: descartado (categoria=falta_ssp245_ssp585)
[84/102] MPI-ESM1-2-HR: seleccionado (categoria=completo) -> grid=gn (50.0 km)
[85/102] MPI-ESM1-2-LR: seleccionado (categoria=completo) -> grid=gn (250.0 km)
  ESGF respondio 500 en https://esgf-node.ipsl.upmc.fr/esg-search/search -- reintento 1/6 en 6s
  ESGF respondio 500 en https://esgf-node.ipsl.upmc.fr/esg-search/search -- reintento 2/6 en 10s
  ESGF respondio 500 en https://esgf-node.ipsl.upmc.fr/esg-search/search -- reintento 3/6 en 21s
  ESGF respondio 500 en https://esgf-node.ipsl.upmc.fr/esg-search/search -- reintento 4/6 en 41s
  ESGF respondio 500 en https://esgf-node.ipsl.upmc.fr/esg-search/search -- reintento 5/6 en 81s
  https://esgf-node.ipsl.upmc.fr/esg-search/search: parando la paginacion en offset=0 (500 Server Error: 500 for url: https://esgf-node.ipsl.upmc.fr/esg-search/search?project=CMIP6&source_id=MPI-ESM1-2-XR&variable_id=tos&table_id=Omon&type=Dataset&format=application%2Fsolr%2Bjson&limit=500&offset=0) -- se sigue con los 0 registros ya juntados
[86/102] MPI-ESM1-2-XR: descartado (categoria=sin_tos)
[87/102] MRI-ESM2-0: seleccionado (categoria=completo) -> grid=gn (100.0 km)
[88/102] NESM3: descartado (categoria=falta_ssp370)
  ESGF respondio 500 en https://esgf-node.ipsl.upmc.fr/esg-search/search -- reintento 1/6 en 6s
  ESGF respondio 500 en https://esgf-node.ipsl.upmc.fr/esg-search/search -- reintento 2/6 en 11s
  ESGF respondio 500 en https://esgf-node.ipsl.upmc.fr/esg-search/search -- reintento 3/6 en 20s
  ESGF respondio 500 en https://esgf-node.ipsl.upmc.fr/esg-search/search -- reintento 4/6 en 41s
  ESGF respondio 500 en https://esgf-node.ipsl.upmc.fr/esg-search/search -- reintento 5/6 en 81s
  https://esgf-node.ipsl.upmc.fr/esg-search/search: parando la paginacion en offset=0 (500 Server Error: 500 for url: https://esgf-node.ipsl.upmc.fr/esg-search/search?project=CMIP6&source_id=NICAM16-7S&variable_id=tos&table_id=Omon&type=Dataset&format=application%2Fsolr%2Bjson&limit=500&offset=0) -- se sigue con los 0 registros ya juntados
[89/102] NICAM16-7S: descartado (categoria=sin_tos)
  ESGF respondio 500 en https://esgf-node.ipsl.upmc.fr/esg-search/search -- reintento 1/6 en 6s
  ESGF respondio 500 en https://esgf-node.ipsl.upmc.fr/esg-search/search -- reintento 2/6 en 10s
  ESGF respondio 500 en https://esgf-node.ipsl.upmc.fr/esg-search/search -- reintento 3/6 en 21s
  ESGF respondio 500 en https://esgf-node.ipsl.upmc.fr/esg-search/search -- reintento 4/6 en 40s
  ESGF respondio 500 en https://esgf-node.ipsl.upmc.fr/esg-search/search -- reintento 5/6 en 81s
  https://esgf-node.ipsl.upmc.fr/esg-search/search: parando la paginacion en offset=0 (500 Server Error: 500 for url: https://esgf-node.ipsl.upmc.fr/esg-search/search?project=CMIP6&source_id=NICAM16-8S&variable_id=tos&table_id=Omon&type=Dataset&format=application%2Fsolr%2Bjson&limit=500&offset=0) -- se sigue con los 0 registros ya juntados
[90/102] NICAM16-8S: descartado (categoria=sin_tos)
  ESGF respondio 500 en https://esgf-node.ipsl.upmc.fr/esg-search/search -- reintento 1/6 en 6s
  ESGF respondio 500 en https://esgf-node.ipsl.upmc.fr/esg-search/search -- reintento 2/6 en 11s
  ESGF respondio 500 en https://esgf-node.ipsl.upmc.fr/esg-search/search -- reintento 3/6 en 20s
  ESGF respondio 500 en https://esgf-node.ipsl.upmc.fr/esg-search/search -- reintento 4/6 en 40s
  ESGF respondio 500 en https://esgf-node.ipsl.upmc.fr/esg-search/search -- reintento 5/6 en 81s
  https://esgf-node.ipsl.upmc.fr/esg-search/search: parando la paginacion en offset=0 (500 Server Error: 500 for url: https://esgf-node.ipsl.upmc.fr/esg-search/search?project=CMIP6&source_id=NICAM16-9S&variable_id=tos&table_id=Omon&type=Dataset&format=application%2Fsolr%2Bjson&limit=500&offset=0) -- se sigue con los 0 registros ya juntados
[91/102] NICAM16-9S: descartado (categoria=sin_tos)
[92/102] NorCPM1: descartado (categoria=solo_historical)
  ESGF respondio 500 en https://esgf-node.ipsl.upmc.fr/esg-search/search -- reintento 1/6 en 6s
  ESGF respondio 500 en https://esgf-node.ipsl.upmc.fr/esg-search/search -- reintento 2/6 en 11s
  ESGF respondio 500 en https://esgf-node.ipsl.upmc.fr/esg-search/search -- reintento 3/6 en 21s
  ESGF respondio 500 en https://esgf-node.ipsl.upmc.fr/esg-search/search -- reintento 4/6 en 40s
  ESGF respondio 500 en https://esgf-node.ipsl.upmc.fr/esg-search/search -- reintento 5/6 en 81s
  https://esgf-node.ipsl.upmc.fr/esg-search/search: parando la paginacion en offset=0 (500 Server Error: 500 for url: https://esgf-node.ipsl.upmc.fr/esg-search/search?project=CMIP6&source_id=NorESM1-F&variable_id=tos&table_id=Omon&type=Dataset&format=application%2Fsolr%2Bjson&limit=500&offset=0) -- se sigue con los 0 registros ya juntados
[93/102] NorESM1-F: descartado (categoria=sin_tos)
[94/102] NorESM2-LM: seleccionado (categoria=completo) -> grid=gn (100.0 km)
[95/102] NorESM2-MM: seleccionado (categoria=completo) -> grid=gn (100.0 km)
[96/102] SAM0-UNICON: descartado (categoria=solo_historical)
[97/102] TaiESM1: seleccionado (categoria=completo) -> grid=gn (100.0 km)
  ESGF respondio 500 en https://esgf-node.ipsl.upmc.fr/esg-search/search -- reintento 1/6 en 6s
  ESGF respondio 500 en https://esgf-node.ipsl.upmc.fr/esg-search/search -- reintento 2/6 en 10s
  ESGF respondio 500 en https://esgf-node.ipsl.upmc.fr/esg-search/search -- reintento 3/6 en 20s
  ESGF respondio 500 en https://esgf-node.ipsl.upmc.fr/esg-search/search -- reintento 4/6 en 40s
  ESGF respondio 500 en https://esgf-node.ipsl.upmc.fr/esg-search/search -- reintento 5/6 en 81s
  https://esgf-node.ipsl.upmc.fr/esg-search/search: parando la paginacion en offset=0 (500 Server Error: 500 for url: https://esgf-node.ipsl.upmc.fr/esg-search/search?project=CMIP6&source_id=TaiESM1-TIMCOM&variable_id=tos&table_id=Omon&type=Dataset&format=application%2Fsolr%2Bjson&limit=500&offset=0) -- se sigue con los 0 registros ya juntados
[98/102] TaiESM1-TIMCOM: descartado (categoria=sin_tos)
  ESGF respondio 500 en https://esgf-node.ipsl.upmc.fr/esg-search/search -- reintento 1/6 en 6s
  ESGF respondio 500 en https://esgf-node.ipsl.upmc.fr/esg-search/search -- reintento 2/6 en 10s
  ESGF respondio 500 en https://esgf-node.ipsl.upmc.fr/esg-search/search -- reintento 3/6 en 21s
  ESGF respondio 500 en https://esgf-node.ipsl.upmc.fr/esg-search/search -- reintento 4/6 en 40s
  ESGF respondio 500 en https://esgf-node.ipsl.upmc.fr/esg-search/search -- reintento 5/6 en 80s
  https://esgf-node.ipsl.upmc.fr/esg-search/search: parando la paginacion en offset=0 (500 Server Error: 500 for url: https://esgf-node.ipsl.upmc.fr/esg-search/search?project=CMIP6&source_id=TaiESM1-TIMCOM2&variable_id=tos&table_id=Omon&type=Dataset&format=application%2Fsolr%2Bjson&limit=500&offset=0) -- se sigue con los 0 registros ya juntados
[99/102] TaiESM1-TIMCOM2: descartado (categoria=sin_tos)
[100/102] UKESM1-0-LL: seleccionado (categoria=completo) -> grid=gn (100.0 km)
[101/102] UKESM1-1-LL: descartado (categoria=falta_ssp245_ssp585)
  ESGF respondio 500 en https://esgf-node.ipsl.upmc.fr/esg-search/search -- reintento 1/6 en 5s
  ESGF respondio 500 en https://esgf-node.ipsl.upmc.fr/esg-search/search -- reintento 2/6 en 11s
  ESGF respondio 500 en https://esgf-node.ipsl.upmc.fr/esg-search/search -- reintento 3/6 en 21s
  ESGF respondio 500 en https://esgf-node.ipsl.upmc.fr/esg-search/search -- reintento 4/6 en 40s
  ESGF respondio 500 en https://esgf-node.ipsl.upmc.fr/esg-search/search -- reintento 5/6 en 81s
  https://esgf-node.ipsl.upmc.fr/esg-search/search: parando la paginacion en offset=0 (500 Server Error: 500 for url: https://esgf-node.ipsl.upmc.fr/esg-search/search?project=CMIP6&source_id=UKESM1-ice-LL&variable_id=tos&table_id=Omon&type=Dataset&format=application%2Fsolr%2Bjson&limit=500&offset=0) -- se sigue con los 0 registros ya juntados
[102/102] UKESM1-ice-LL: descartado (categoria=sin_tos)

41/102 modelos seleccionados. Lista escrita en config/models_seed_cmip6.csv

CSV escrito en /home/jonathan/personal/e1_smn/informe/model_availability_report.csv
Reporte legible escrito en /home/jonathan/personal/e1_smn/informe/model_availability_report.md
== Paso 01: python3 scripts/01_query_esgf_catalog.py config/models_seed_cmip6.csv data/interim/models_catalog_status.csv data/interim/esgf_file_urls.json ==
ACCESS-CM2 (grid=gn, miembro=r1i1p1f1): completo=True archivos_por_experimento={'historical': 1, 'ssp245': 1, 'ssp370': 1, 'ssp585': 1}
ACCESS-ESM1-5 (grid=gn, miembro=r1i1p1f1): completo=True archivos_por_experimento={'historical': 1, 'ssp245': 1, 'ssp370': 1, 'ssp585': 1}
AWI-CM-1-1-MR (grid=gn, miembro=r1i1p1f1): completo=True archivos_por_experimento={'historical': 18, 'ssp245': 9, 'ssp370': 9, 'ssp585': 9}
BCC-CSM2-MR (grid=gn, miembro=r1i1p1f1): completo=True archivos_por_experimento={'historical': 1, 'ssp245': 1, 'ssp370': 1, 'ssp585': 1}
CAMS-CSM1-0 (grid=gn, miembro=r1i1p1f1): completo=True archivos_por_experimento={'historical': 1, 'ssp245': 1, 'ssp370': 1, 'ssp585': 1}
CAS-ESM2-0 (grid=gn, miembro=r1i1p1f1): completo=True archivos_por_experimento={'historical': 1, 'ssp245': 1, 'ssp370': 1, 'ssp585': 1}
CESM2 (grid=gr, miembro=r1i1p1f1): completo=True archivos_por_experimento={'historical': 1, 'ssp245': 2, 'ssp370': 2, 'ssp585': 2}
CESM2-WACCM (grid=gr, miembro=r1i1p1f1): completo=True archivos_por_experimento={'historical': 1, 'ssp245': 2, 'ssp370': 2, 'ssp585': 1}
CMCC-CM2-SR5 (grid=gn, miembro=r1i1p1f1): completo=True archivos_por_experimento={'historical': 1, 'ssp245': 1, 'ssp370': 1, 'ssp585': 1}
CMCC-ESM2 (grid=gn, miembro=r1i1p1f1): completo=True archivos_por_experimento={'historical': 1, 'ssp245': 1, 'ssp370': 1, 'ssp585': 1}
CNRM-CM6-1 (grid=gn, miembro=r1i1p1f2): completo=True archivos_por_experimento={'historical': 1, 'ssp245': 1, 'ssp370': 1, 'ssp585': 1}
CNRM-CM6-1-HR (grid=gn, miembro=r1i1p1f2): completo=True archivos_por_experimento={'historical': 1, 'ssp245': 1, 'ssp370': 1, 'ssp585': 1}
CNRM-ESM2-1 (grid=gn, miembro=r1i1p1f2): completo=True archivos_por_experimento={'historical': 1, 'ssp245': 1, 'ssp370': 1, 'ssp585': 1}
CanESM5 (grid=gn, miembro=r1i1p1f1): completo=True archivos_por_experimento={'historical': 1, 'ssp245': 1, 'ssp370': 1, 'ssp585': 1}
CanESM5-1 (grid=gn, miembro=r1i1p1f1): completo=True archivos_por_experimento={'historical': 1, 'ssp245': 1, 'ssp370': 1, 'ssp585': 1}
CanESM5-CanOE (grid=gn, miembro=r1i1p2f1): completo=True archivos_por_experimento={'historical': 1, 'ssp245': 1, 'ssp370': 1, 'ssp585': 1}
EC-Earth3 (grid=gn, miembro=r1i1p1f1): completo=True archivos_por_experimento={'historical': 165, 'ssp245': 86, 'ssp370': 86, 'ssp585': 86}
EC-Earth3-Veg (grid=gn, miembro=r1i1p1f1): completo=True archivos_por_experimento={'historical': 165, 'ssp245': 86, 'ssp370': 86, 'ssp585': 86}
EC-Earth3-Veg-LR (grid=gn, miembro=r1i1p1f1): completo=True archivos_por_experimento={'historical': 165, 'ssp245': 86, 'ssp370': 86, 'ssp585': 86}
FGOALS-f3-L (grid=gn, miembro=r1i1p1f1): completo=True archivos_por_experimento={'historical': 1, 'ssp245': 2, 'ssp370': 2, 'ssp585': 2}
FGOALS-g3 (grid=gn, miembro=r1i1p1f1): completo=True archivos_por_experimento={'historical': 1, 'ssp245': 2, 'ssp370': 2, 'ssp585': 2}
GFDL-ESM4 (grid=gr, miembro=r1i1p1f1): completo=True archivos_por_experimento={'historical': 9, 'ssp245': 5, 'ssp370': 5, 'ssp585': 5}
GISS-E2-1-G (grid=gn, miembro=r1i1p3f1): completo=True archivos_por_experimento={'historical': 4, 'ssp245': 2, 'ssp370': 2, 'ssp585': 2}
GISS-E2-1-H (grid=gn, miembro=r1i1p3f1): completo=True archivos_por_experimento={'historical': 4, 'ssp245': 2, 'ssp370': 2, 'ssp585': 2}
GISS-E2-2-G (grid=gn, miembro=r1i1p3f1): completo=True archivos_por_experimento={'historical': 7, 'ssp245': 4, 'ssp370': 4, 'ssp585': 4}
IITM-ESM (grid=gn, miembro=r1i1p1f1): completo=True archivos_por_experimento={'historical': 23, 'ssp245': 17, 'ssp370': 9, 'ssp585': 17}
INM-CM4-8 (grid=gr1, miembro=r1i1p1f1): completo=True archivos_por_experimento={'historical': 4, 'ssp245': 2, 'ssp370': 2, 'ssp585': 2}
INM-CM5-0 (grid=gr1, miembro=r1i1p1f1): completo=True archivos_por_experimento={'historical': 4, 'ssp245': 2, 'ssp370': 2, 'ssp585': 2}
IPSL-CM6A-LR (grid=gn, miembro=r1i1p1f1): completo=True archivos_por_experimento={'historical': 1, 'ssp245': 1, 'ssp370': 1, 'ssp585': 1}
    historical: el archivo de empalme no responde, se descarta todo el experimento
KACE-1-0-G (grid=gr, miembro=r1i1p1f1): completo=False archivos_por_experimento={'historical': 0, 'ssp245': 1, 'ssp370': 1, 'ssp585': 1}
MCM-UA-1-0 (grid=gn, miembro=r1i1p1f2): completo=True archivos_por_experimento={'historical': 1, 'ssp245': 1, 'ssp370': 1, 'ssp585': 1}
    ssp245: el archivo de empalme no responde, se descarta todo el experimento
    ssp370: el archivo de empalme no responde, se descarta todo el experimento
    ssp585: el archivo de empalme no responde, se descarta todo el experimento
MIROC-ES2H (grid=gr1, miembro=r1i1p4f2): completo=False archivos_por_experimento={'historical': 1, 'ssp245': 0, 'ssp370': 0, 'ssp585': 0}
MIROC-ES2L (grid=gr1, miembro=r1i1p1f2): completo=True archivos_por_experimento={'historical': 1, 'ssp245': 1, 'ssp370': 1, 'ssp585': 1}
MIROC6 (grid=gn, miembro=r1i1p1f1): completo=True archivos_por_experimento={'historical': 2, 'ssp245': 1, 'ssp370': 1, 'ssp585': 1}
MPI-ESM1-2-HR (grid=gn, miembro=r1i1p1f1): completo=True archivos_por_experimento={'historical': 33, 'ssp245': 18, 'ssp370': 18, 'ssp585': 18}
MPI-ESM1-2-LR (grid=gn, miembro=r1i1p1f1): completo=True archivos_por_experimento={'historical': 9, 'ssp245': 5, 'ssp370': 5, 'ssp585': 5}
MRI-ESM2-0 (grid=gn, miembro=r1i1p1f1): completo=True archivos_por_experimento={'historical': 1, 'ssp245': 1, 'ssp370': 1, 'ssp585': 1}
NorESM2-LM (grid=gn, miembro=r1i1p1f1): completo=True archivos_por_experimento={'historical': 17, 'ssp245': 9, 'ssp370': 9, 'ssp585': 9}
NorESM2-MM (grid=gn, miembro=r1i1p1f1): completo=True archivos_por_experimento={'historical': 17, 'ssp245': 9, 'ssp370': 9, 'ssp585': 9}
TaiESM1 (grid=gn, miembro=r1i1p1f1): completo=True archivos_por_experimento={'historical': 165, 'ssp245': 86, 'ssp370': 86, 'ssp585': 86}
UKESM1-0-LL (grid=gn, miembro=r1i1p1f2): completo=True archivos_por_experimento={'historical': 2, 'ssp245': 2, 'ssp370': 2, 'ssp585': 2}
Catalogo escrito en data/interim/models_catalog_status.csv y data/interim/esgf_file_urls.json (39/41 modelos completos)
Pipeline completo.
== Graficos: plot_maps.py ==
Graficando mapas: 4 modelo(s) + ERSSTv5 ...
  ACCESS-CM2
  ACCESS-CM2: sst_2d_ACCESS-CM2.png ya existe, se omite
  ACCESS-ESM1-5
  ACCESS-ESM1-5: sst_2d_ACCESS-ESM1-5.png ya existe, se omite
  AWI-CM-1-1-MR
  AWI-CM-1-1-MR: sst_2d_AWI-CM-1-1-MR.png ya existe, se omite
  EC-Earth3-Veg
  EC-Earth3-Veg: sst_2d_EC-Earth3-Veg.png ya existe, se omite
  ERSSTv5
  ERSSTv5: sst_2d_ERSSTv5.png ya existe, se omite
Listo, 5 figura(s) en /home/jonathan/personal/e1_smn/figures
== Graficos: plot_box_series.py ==
ACCESS-CM2
  ACCESS-CM2 Nino 1+2: serie_ACCESS-CM2_sst_Nino1+2.png ya existe, se omite
  ACCESS-CM2 Nino 3.4: serie_ACCESS-CM2_sst_Nino3.4.png ya existe, se omite
ACCESS-ESM1-5
  ACCESS-ESM1-5 Nino 1+2: serie_ACCESS-ESM1-5_sst_Nino1+2.png ya existe, se omite
  ACCESS-ESM1-5 Nino 3.4: serie_ACCESS-ESM1-5_sst_Nino3.4.png ya existe, se omite
AWI-CM-1-1-MR
  AWI-CM-1-1-MR Nino 1+2: serie_AWI-CM-1-1-MR_sst_Nino1+2.png ya existe, se omite
  AWI-CM-1-1-MR Nino 3.4: serie_AWI-CM-1-1-MR_sst_Nino3.4.png ya existe, se omite
EC-Earth3-Veg
  EC-Earth3-Veg Nino 1+2: serie_EC-Earth3-Veg_sst_Nino1+2.png ya existe, se omite
  EC-Earth3-Veg Nino 3.4: serie_EC-Earth3-Veg_sst_Nino3.4.png ya existe, se omite
Listo, 4 modelo(s) graficado(s) (2 figuras cada uno) en /home/jonathan/personal/e1_smn/figures
== Graficos: plot_qc_summary.py ==
sst_QD_vf.png ya existe, se omite. Para regenerarlo (ej. tras una nueva descarga/QC), borralo primero.
== Graficos: plot_boxplot_comparison.py ==
Graficando boxplots comparativos ...
  Nino 3.4: boxplot_Nino3.4.png ya existe, se omite
  Nino 1+2: boxplot_Nino1+2.png ya existe, se omite
Listo.
== Graficos: plot_region_nino_orthographic.py ==
Centro de proyeccion (desde el dominio de los NetCDF): lon=-165.0, lat=0.0
Figura guardada en /home/jonathan/personal/e1_smn/figures/region_nino_orthographic.png
== Paso 00: bash scripts/00_setup_env.sh ==
Entorno verificado: cdo=Climate Data Operators version 2.4.0 (https://mpimet.mpg.de/cdo), python3=Python 3.12.2
Estructura de carpetas lista bajo /home/jonathan/personal/e1_smn/data y /home/jonathan/personal/e1_smn/logs
== Paso 00b: python3 scripts/00b_build_model_list.py config/models_seed_cmip6.csv ==
Modelos CMIP6 con tos/Omon publicado (nodo principal): 102
config/models_seed_cmip6.csv ya existe y el universo de modelos con tos/Omon sigue en 102 -- no se vuelve a inspeccionar. Para forzar un refresco de todas formas (ej. cambio en config/periods.yaml): borra config/models_seed_cmip6.csv y /home/jonathan/personal/e1_smn/informe/model_availability_priority.csv y volve a correr esto.
== Paso 01: python3 scripts/01_query_esgf_catalog.py config/models_seed_cmip6.csv data/interim/models_catalog_status.csv data/interim/esgf_file_urls.json ==
data/interim/models_catalog_status.csv ya existe, no se vuelve a consultar ESGF.
Para forzar un refresco (por si algun modelo se completo en ESGF desde la ultima vez): borra data/interim/models_catalog_status.csv Y data/interim/esgf_file_urls.json juntos (no uno solo, para que no queden inconsistentes entre si) y volve a correr esto. OJO: si habias resuelto algun modelo a mano por fuera de la semilla (00c + 02b), se pierde del catalogo y hay que correr 02b de nuevo para el.
== Paso 02: bash scripts/run_download_if_idle.sh ==
Descarga ya en curso en otro proceso -- no se lanza otra (ver reporte de estado).
== Paso 03: bash scripts/03_download_ersstv5.sh ==
Ya existe data/raw/ersstv5/ersstv5_region.nc, se omite.
== Paso 04: bash scripts/04_process_to_common_grid.sh ==
Preparando pesos de regrilla para EC-Earth3-Veg ...
Procesando EC-Earth3-Veg historical ...
Ya procesado, se omite: tos_EC-Earth3-Veg_historical.nc
Procesando EC-Earth3-Veg ssp245 ...
Ya procesado, se omite: tos_EC-Earth3-Veg_ssp245.nc
Procesando EC-Earth3-Veg ssp370 ...
Ya procesado, se omite: tos_EC-Earth3-Veg_ssp370.nc
Procesando EC-Earth3-Veg ssp585 ...
Ya procesado, se omite: tos_EC-Earth3-Veg_ssp585.nc
Preparando pesos de regrilla para GISS-E2-1-G ...
Procesando GISS-E2-1-G historical ...
Ya procesado, se omite: tos_GISS-E2-1-G_historical.nc
Procesando GISS-E2-1-G ssp245 ...
Ya procesado, se omite: tos_GISS-E2-1-G_ssp245.nc
Procesando GISS-E2-1-G ssp370 ...
Ya procesado, se omite: tos_GISS-E2-1-G_ssp370.nc
Procesando GISS-E2-1-G ssp585 ...
Ya procesado, se omite: tos_GISS-E2-1-G_ssp585.nc
Preparando pesos de regrilla para GISS-E2-1-H ...
Procesando GISS-E2-1-H historical ...
Ya procesado, se omite: tos_GISS-E2-1-H_historical.nc
Procesando GISS-E2-1-H ssp245 ...
Ya procesado, se omite: tos_GISS-E2-1-H_ssp245.nc
Procesando GISS-E2-1-H ssp370 ...
Ya procesado, se omite: tos_GISS-E2-1-H_ssp370.nc
Procesando GISS-E2-1-H ssp585 ...
Ya procesado, se omite: tos_GISS-E2-1-H_ssp585.nc
Preparando pesos de regrilla para MCM-UA-1-0 ...
Procesando MCM-UA-1-0 historical ...
Ya procesado, se omite: tos_MCM-UA-1-0_historical.nc
Procesando MCM-UA-1-0 ssp245 ...
Ya procesado, se omite: tos_MCM-UA-1-0_ssp245.nc
Procesando MCM-UA-1-0 ssp370 ...
Ya procesado, se omite: tos_MCM-UA-1-0_ssp370.nc
Procesando MCM-UA-1-0 ssp585 ...
Ya procesado, se omite: tos_MCM-UA-1-0_ssp585.nc
== Paso 05: python3 scripts/05_apply_ocean_mask.py ==
Ya procesado, se omite: tos_EC-Earth3-Veg_historical.nc
Ya procesado, se omite: tos_EC-Earth3-Veg_ssp245.nc
Ya procesado, se omite: tos_EC-Earth3-Veg_ssp370.nc
Ya procesado, se omite: tos_EC-Earth3-Veg_ssp585.nc
Ya procesado, se omite: tos_GISS-E2-1-G_historical.nc
Ya procesado, se omite: tos_GISS-E2-1-G_ssp245.nc
Ya procesado, se omite: tos_GISS-E2-1-G_ssp370.nc
Ya procesado, se omite: tos_GISS-E2-1-G_ssp585.nc
Ya procesado, se omite: tos_GISS-E2-1-H_historical.nc
Ya procesado, se omite: tos_GISS-E2-1-H_ssp245.nc
Ya procesado, se omite: tos_GISS-E2-1-H_ssp370.nc
Ya procesado, se omite: tos_GISS-E2-1-H_ssp585.nc
Ya procesado, se omite: tos_MCM-UA-1-0_historical.nc
Ya procesado, se omite: tos_MCM-UA-1-0_ssp245.nc
Ya procesado, se omite: tos_MCM-UA-1-0_ssp370.nc
Ya procesado, se omite: tos_MCM-UA-1-0_ssp585.nc
== Paso 06: python3 scripts/06_qc_checks.py data/processed/masked data/processed/qc_report.csv ==
QC escrito en data/processed/qc_report.csv (25 archivos, 25 reusados de una corrida anterior, 0 con fallas)
== Paso 07: python3 scripts/07_build_inventory_report.py data/processed/qc_report.csv data/processed/masked data/processed/models_inventory_final.csv ==
Inventario final escrito en data/processed/models_inventory_final.csv (7/7 modelos seleccionados)
Pipeline completo.
== Graficos: plot_maps.py ==
Graficando mapas: 7 modelo(s) + ERSSTv5 ...
  ACCESS-CM2
  ACCESS-CM2: sst_2d_ACCESS-CM2.png ya existe, se omite
  ACCESS-ESM1-5
  ACCESS-ESM1-5: sst_2d_ACCESS-ESM1-5.png ya existe, se omite
  AWI-CM-1-1-MR
  AWI-CM-1-1-MR: sst_2d_AWI-CM-1-1-MR.png ya existe, se omite
  EC-Earth3-Veg
  EC-Earth3-Veg: sst_2d_EC-Earth3-Veg.png ya existe, se omite
  GISS-E2-1-G
  GISS-E2-1-G: sst_2d_GISS-E2-1-G.png ya existe, se omite
  GISS-E2-1-H
  GISS-E2-1-H: sst_2d_GISS-E2-1-H.png ya existe, se omite
  MCM-UA-1-0
  MCM-UA-1-0: sst_2d_MCM-UA-1-0.png ya existe, se omite
  ERSSTv5
  ERSSTv5: sst_2d_ERSSTv5.png ya existe, se omite
Listo, 8 figura(s) en /home/jonathan/personal/e1_smn/figures
== Graficos: plot_box_series.py ==
ACCESS-CM2
  ACCESS-CM2 Nino 1+2: serie_ACCESS-CM2_sst_Nino1+2.png ya existe, se omite
  ACCESS-CM2 Nino 3.4: serie_ACCESS-CM2_sst_Nino3.4.png ya existe, se omite
ACCESS-ESM1-5
  ACCESS-ESM1-5 Nino 1+2: serie_ACCESS-ESM1-5_sst_Nino1+2.png ya existe, se omite
  ACCESS-ESM1-5 Nino 3.4: serie_ACCESS-ESM1-5_sst_Nino3.4.png ya existe, se omite
AWI-CM-1-1-MR
  AWI-CM-1-1-MR Nino 1+2: serie_AWI-CM-1-1-MR_sst_Nino1+2.png ya existe, se omite
  AWI-CM-1-1-MR Nino 3.4: serie_AWI-CM-1-1-MR_sst_Nino3.4.png ya existe, se omite
EC-Earth3-Veg
  EC-Earth3-Veg Nino 1+2: serie_EC-Earth3-Veg_sst_Nino1+2.png ya existe, se omite
  EC-Earth3-Veg Nino 3.4: serie_EC-Earth3-Veg_sst_Nino3.4.png ya existe, se omite
GISS-E2-1-G
  GISS-E2-1-G Nino 1+2: serie_GISS-E2-1-G_sst_Nino1+2.png ya existe, se omite
  GISS-E2-1-G Nino 3.4: serie_GISS-E2-1-G_sst_Nino3.4.png ya existe, se omite
GISS-E2-1-H
  GISS-E2-1-H Nino 1+2: serie_GISS-E2-1-H_sst_Nino1+2.png ya existe, se omite
  GISS-E2-1-H Nino 3.4: serie_GISS-E2-1-H_sst_Nino3.4.png ya existe, se omite
MCM-UA-1-0
  MCM-UA-1-0 Nino 1+2: serie_MCM-UA-1-0_sst_Nino1+2.png ya existe, se omite
  MCM-UA-1-0 Nino 3.4: serie_MCM-UA-1-0_sst_Nino3.4.png ya existe, se omite
Listo, 7 modelo(s) graficado(s) (2 figuras cada uno) en /home/jonathan/personal/e1_smn/figures
== Graficos: plot_qc_summary.py ==
sst_QD_vf.png ya existe, se omite. Para regenerarlo (ej. tras una nueva descarga/QC), borralo primero.
== Graficos: plot_boxplot_comparison.py ==
Graficando boxplots comparativos ...
  Nino 3.4: boxplot_Nino3.4.png ya existe, se omite
  Nino 1+2: boxplot_Nino1+2.png ya existe, se omite
Listo.
== Graficos: plot_region_nino_orthographic.py ==
/home/jonathan/personal/e1_smn/figures/region_nino_orthographic.png ya existe, se omite. Para regenerarlo, borralo primero.
== Paso 00: bash scripts/00_setup_env.sh ==
Entorno verificado: cdo=Climate Data Operators version 2.4.0 (https://mpimet.mpg.de/cdo), python3=Python 3.12.2
Estructura de carpetas lista bajo /home/jonathan/personal/e1_smn/data y /home/jonathan/personal/e1_smn/logs
== Paso 00b: python3 scripts/00b_build_model_list.py config/models_seed_cmip6.csv ==
Modelos CMIP6 con tos/Omon publicado (nodo principal): 102
config/models_seed_cmip6.csv ya existe y el universo de modelos con tos/Omon sigue en 102 -- no se vuelve a inspeccionar. Para forzar un refresco de todas formas (ej. cambio en config/periods.yaml): borra config/models_seed_cmip6.csv y /home/jonathan/personal/e1_smn/informe/model_availability_priority.csv y volve a correr esto.
== Paso 01: python3 scripts/01_query_esgf_catalog.py config/models_seed_cmip6.csv data/interim/models_catalog_status.csv data/interim/esgf_file_urls.json ==
data/interim/models_catalog_status.csv ya existe, no se vuelve a consultar ESGF.
Para forzar un refresco (por si algun modelo se completo en ESGF desde la ultima vez): borra data/interim/models_catalog_status.csv Y data/interim/esgf_file_urls.json juntos (no uno solo, para que no queden inconsistentes entre si) y volve a correr esto. OJO: si habias resuelto algun modelo a mano por fuera de la semilla (00c + 02b), se pierde del catalogo y hay que correr 02b de nuevo para el.
== Paso 02: bash scripts/run_download_if_idle.sh ==
Descarga ya en curso en otro proceso -- no se lanza otra (ver reporte de estado).
== Paso 03: bash scripts/03_download_ersstv5.sh ==
Ya existe data/raw/ersstv5/ersstv5_region.nc, se omite.
== Paso 04: bash scripts/04_process_to_common_grid.sh ==
Preparando pesos de regrilla para EC-Earth3-Veg ...
Procesando EC-Earth3-Veg historical ...
Ya procesado, se omite: tos_EC-Earth3-Veg_historical.nc
Procesando EC-Earth3-Veg ssp245 ...
Ya procesado, se omite: tos_EC-Earth3-Veg_ssp245.nc
Procesando EC-Earth3-Veg ssp370 ...
Ya procesado, se omite: tos_EC-Earth3-Veg_ssp370.nc
Procesando EC-Earth3-Veg ssp585 ...
Ya procesado, se omite: tos_EC-Earth3-Veg_ssp585.nc
Preparando pesos de regrilla para GISS-E2-1-G ...
Procesando GISS-E2-1-G historical ...
Ya procesado, se omite: tos_GISS-E2-1-G_historical.nc
Procesando GISS-E2-1-G ssp245 ...
Ya procesado, se omite: tos_GISS-E2-1-G_ssp245.nc
Procesando GISS-E2-1-G ssp370 ...
Ya procesado, se omite: tos_GISS-E2-1-G_ssp370.nc
Procesando GISS-E2-1-G ssp585 ...
Ya procesado, se omite: tos_GISS-E2-1-G_ssp585.nc
Preparando pesos de regrilla para GISS-E2-1-H ...
Procesando GISS-E2-1-H historical ...
Ya procesado, se omite: tos_GISS-E2-1-H_historical.nc
Procesando GISS-E2-1-H ssp245 ...
Ya procesado, se omite: tos_GISS-E2-1-H_ssp245.nc
Procesando GISS-E2-1-H ssp370 ...
Ya procesado, se omite: tos_GISS-E2-1-H_ssp370.nc
Procesando GISS-E2-1-H ssp585 ...
Ya procesado, se omite: tos_GISS-E2-1-H_ssp585.nc
Preparando pesos de regrilla para MCM-UA-1-0 ...
Procesando MCM-UA-1-0 historical ...
Ya procesado, se omite: tos_MCM-UA-1-0_historical.nc
Procesando MCM-UA-1-0 ssp245 ...
Ya procesado, se omite: tos_MCM-UA-1-0_ssp245.nc
Procesando MCM-UA-1-0 ssp370 ...
Ya procesado, se omite: tos_MCM-UA-1-0_ssp370.nc
Procesando MCM-UA-1-0 ssp585 ...
Ya procesado, se omite: tos_MCM-UA-1-0_ssp585.nc
== Paso 05: python3 scripts/05_apply_ocean_mask.py ==
Ya procesado, se omite: tos_EC-Earth3-Veg_historical.nc
Ya procesado, se omite: tos_EC-Earth3-Veg_ssp245.nc
Ya procesado, se omite: tos_EC-Earth3-Veg_ssp370.nc
Ya procesado, se omite: tos_EC-Earth3-Veg_ssp585.nc
Ya procesado, se omite: tos_GISS-E2-1-G_historical.nc
Ya procesado, se omite: tos_GISS-E2-1-G_ssp245.nc
Ya procesado, se omite: tos_GISS-E2-1-G_ssp370.nc
Ya procesado, se omite: tos_GISS-E2-1-G_ssp585.nc
Ya procesado, se omite: tos_GISS-E2-1-H_historical.nc
Ya procesado, se omite: tos_GISS-E2-1-H_ssp245.nc
Ya procesado, se omite: tos_GISS-E2-1-H_ssp370.nc
Ya procesado, se omite: tos_GISS-E2-1-H_ssp585.nc
Ya procesado, se omite: tos_MCM-UA-1-0_historical.nc
Ya procesado, se omite: tos_MCM-UA-1-0_ssp245.nc
Ya procesado, se omite: tos_MCM-UA-1-0_ssp370.nc
Ya procesado, se omite: tos_MCM-UA-1-0_ssp585.nc
== Paso 06: python3 scripts/06_qc_checks.py data/processed/masked data/processed/qc_report.csv ==
QC escrito en data/processed/qc_report.csv (25 archivos, 25 reusados de una corrida anterior, 0 con fallas)
== Paso 07: python3 scripts/07_build_inventory_report.py data/processed/qc_report.csv data/processed/masked data/processed/models_inventory_final.csv ==
Inventario final escrito en data/processed/models_inventory_final.csv (7/7 modelos seleccionados)
Pipeline completo.
== Graficos: plot_maps.py ==
Graficando mapas: 7 modelo(s) + ERSSTv5 ...
  ACCESS-CM2
  ACCESS-CM2: sst_2d_ACCESS-CM2.png ya existe, se omite
  ACCESS-ESM1-5
  ACCESS-ESM1-5: sst_2d_ACCESS-ESM1-5.png ya existe, se omite
  AWI-CM-1-1-MR
  AWI-CM-1-1-MR: sst_2d_AWI-CM-1-1-MR.png ya existe, se omite
  EC-Earth3-Veg
  EC-Earth3-Veg: sst_2d_EC-Earth3-Veg.png ya existe, se omite
  GISS-E2-1-G
  GISS-E2-1-G: sst_2d_GISS-E2-1-G.png ya existe, se omite
  GISS-E2-1-H
  GISS-E2-1-H: sst_2d_GISS-E2-1-H.png ya existe, se omite
  MCM-UA-1-0
  MCM-UA-1-0: sst_2d_MCM-UA-1-0.png ya existe, se omite
  ERSSTv5
  ERSSTv5: sst_2d_ERSSTv5.png ya existe, se omite
Listo, 8 figura(s) en /home/jonathan/personal/e1_smn/figures
== Graficos: plot_box_series.py ==
ACCESS-CM2
  ACCESS-CM2 Nino 1+2: serie_ACCESS-CM2_sst_Nino1+2.png ya existe, se omite
  ACCESS-CM2 Nino 3.4: serie_ACCESS-CM2_sst_Nino3.4.png ya existe, se omite
ACCESS-ESM1-5
  ACCESS-ESM1-5 Nino 1+2: serie_ACCESS-ESM1-5_sst_Nino1+2.png ya existe, se omite
  ACCESS-ESM1-5 Nino 3.4: serie_ACCESS-ESM1-5_sst_Nino3.4.png ya existe, se omite
AWI-CM-1-1-MR
  AWI-CM-1-1-MR Nino 1+2: serie_AWI-CM-1-1-MR_sst_Nino1+2.png ya existe, se omite
  AWI-CM-1-1-MR Nino 3.4: serie_AWI-CM-1-1-MR_sst_Nino3.4.png ya existe, se omite
EC-Earth3-Veg
  EC-Earth3-Veg Nino 1+2: serie_EC-Earth3-Veg_sst_Nino1+2.png ya existe, se omite
  EC-Earth3-Veg Nino 3.4: serie_EC-Earth3-Veg_sst_Nino3.4.png ya existe, se omite
GISS-E2-1-G
  GISS-E2-1-G Nino 1+2: serie_GISS-E2-1-G_sst_Nino1+2.png ya existe, se omite
  GISS-E2-1-G Nino 3.4: serie_GISS-E2-1-G_sst_Nino3.4.png ya existe, se omite
GISS-E2-1-H
  GISS-E2-1-H Nino 1+2: serie_GISS-E2-1-H_sst_Nino1+2.png ya existe, se omite
  GISS-E2-1-H Nino 3.4: serie_GISS-E2-1-H_sst_Nino3.4.png ya existe, se omite
MCM-UA-1-0
  MCM-UA-1-0 Nino 1+2: serie_MCM-UA-1-0_sst_Nino1+2.png ya existe, se omite
  MCM-UA-1-0 Nino 3.4: serie_MCM-UA-1-0_sst_Nino3.4.png ya existe, se omite
Listo, 7 modelo(s) graficado(s) (2 figuras cada uno) en /home/jonathan/personal/e1_smn/figures
== Graficos: plot_qc_summary.py ==
sst_QD_vf.png ya existe, se omite. Para regenerarlo (ej. tras una nueva descarga/QC), borralo primero.
== Graficos: plot_boxplot_comparison.py ==
Graficando boxplots comparativos ...
  Nino 3.4: boxplot_Nino3.4.png ya existe, se omite
  Nino 1+2: boxplot_Nino1+2.png ya existe, se omite
Listo.
== Graficos: plot_region_nino_orthographic.py ==
/home/jonathan/personal/e1_smn/figures/region_nino_orthographic.png ya existe, se omite. Para regenerarlo, borralo primero.
== Paso 00: bash scripts/00_setup_env.sh ==
Entorno verificado: cdo=Climate Data Operators version 2.4.0 (https://mpimet.mpg.de/cdo), python3=Python 3.12.2
Estructura de carpetas lista bajo /home/jonathan/personal/e1_smn/data y /home/jonathan/personal/e1_smn/logs
== Paso 00b: python3 scripts/00b_build_model_list.py config/models_seed_cmip6.csv ==
Modelos CMIP6 con tos/Omon publicado (nodo principal): 102
config/models_seed_cmip6.csv ya existe y el universo de modelos con tos/Omon sigue en 102 -- no se vuelve a inspeccionar. Para forzar un refresco de todas formas (ej. cambio en config/periods.yaml): borra config/models_seed_cmip6.csv y /home/jonathan/personal/e1_smn/informe/model_availability_priority.csv y volve a correr esto.
== Paso 01: python3 scripts/01_query_esgf_catalog.py config/models_seed_cmip6.csv data/interim/models_catalog_status.csv data/interim/esgf_file_urls.json ==
data/interim/models_catalog_status.csv ya existe, no se vuelve a consultar ESGF.
Para forzar un refresco (por si algun modelo se completo en ESGF desde la ultima vez): borra data/interim/models_catalog_status.csv Y data/interim/esgf_file_urls.json juntos (no uno solo, para que no queden inconsistentes entre si) y volve a correr esto. OJO: si habias resuelto algun modelo a mano por fuera de la semilla (00c + 02b), se pierde del catalogo y hay que correr 02b de nuevo para el.
== Paso 02: bash scripts/run_download_if_idle.sh ==
Descarga ya en curso en otro proceso -- no se lanza otra (ver reporte de estado).
== Paso 03: bash scripts/03_download_ersstv5.sh ==
Ya existe data/raw/ersstv5/ersstv5_region.nc, se omite.
== Paso 04: bash scripts/04_process_to_common_grid.sh ==
Preparando pesos de regrilla para EC-Earth3-Veg ...
Procesando EC-Earth3-Veg historical ...
Ya procesado, se omite: tos_EC-Earth3-Veg_historical.nc
Procesando EC-Earth3-Veg ssp245 ...
Ya procesado, se omite: tos_EC-Earth3-Veg_ssp245.nc
Procesando EC-Earth3-Veg ssp370 ...
Ya procesado, se omite: tos_EC-Earth3-Veg_ssp370.nc
Procesando EC-Earth3-Veg ssp585 ...
Ya procesado, se omite: tos_EC-Earth3-Veg_ssp585.nc
Preparando pesos de regrilla para GISS-E2-1-G ...
Procesando GISS-E2-1-G historical ...
Ya procesado, se omite: tos_GISS-E2-1-G_historical.nc
Procesando GISS-E2-1-G ssp245 ...
Ya procesado, se omite: tos_GISS-E2-1-G_ssp245.nc
Procesando GISS-E2-1-G ssp370 ...
Ya procesado, se omite: tos_GISS-E2-1-G_ssp370.nc
Procesando GISS-E2-1-G ssp585 ...
Ya procesado, se omite: tos_GISS-E2-1-G_ssp585.nc
Preparando pesos de regrilla para GISS-E2-1-H ...
Procesando GISS-E2-1-H historical ...
Ya procesado, se omite: tos_GISS-E2-1-H_historical.nc
Procesando GISS-E2-1-H ssp245 ...
Ya procesado, se omite: tos_GISS-E2-1-H_ssp245.nc
Procesando GISS-E2-1-H ssp370 ...
Ya procesado, se omite: tos_GISS-E2-1-H_ssp370.nc
Procesando GISS-E2-1-H ssp585 ...
Ya procesado, se omite: tos_GISS-E2-1-H_ssp585.nc
Preparando pesos de regrilla para MCM-UA-1-0 ...
Procesando MCM-UA-1-0 historical ...
Ya procesado, se omite: tos_MCM-UA-1-0_historical.nc
Procesando MCM-UA-1-0 ssp245 ...
Ya procesado, se omite: tos_MCM-UA-1-0_ssp245.nc
Procesando MCM-UA-1-0 ssp370 ...
Ya procesado, se omite: tos_MCM-UA-1-0_ssp370.nc
Procesando MCM-UA-1-0 ssp585 ...
Ya procesado, se omite: tos_MCM-UA-1-0_ssp585.nc
== Paso 05: python3 scripts/05_apply_ocean_mask.py ==
Ya procesado, se omite: tos_EC-Earth3-Veg_historical.nc
Ya procesado, se omite: tos_EC-Earth3-Veg_ssp245.nc
Ya procesado, se omite: tos_EC-Earth3-Veg_ssp370.nc
Ya procesado, se omite: tos_EC-Earth3-Veg_ssp585.nc
Ya procesado, se omite: tos_GISS-E2-1-G_historical.nc
Ya procesado, se omite: tos_GISS-E2-1-G_ssp245.nc
Ya procesado, se omite: tos_GISS-E2-1-G_ssp370.nc
Ya procesado, se omite: tos_GISS-E2-1-G_ssp585.nc
Ya procesado, se omite: tos_GISS-E2-1-H_historical.nc
Ya procesado, se omite: tos_GISS-E2-1-H_ssp245.nc
Ya procesado, se omite: tos_GISS-E2-1-H_ssp370.nc
Ya procesado, se omite: tos_GISS-E2-1-H_ssp585.nc
Ya procesado, se omite: tos_MCM-UA-1-0_historical.nc
Ya procesado, se omite: tos_MCM-UA-1-0_ssp245.nc
Ya procesado, se omite: tos_MCM-UA-1-0_ssp370.nc
Ya procesado, se omite: tos_MCM-UA-1-0_ssp585.nc
== Paso 06: python3 scripts/06_qc_checks.py data/processed/masked data/processed/qc_report.csv ==
QC escrito en data/processed/qc_report.csv (25 archivos, 25 reusados de una corrida anterior, 0 con fallas)
== Paso 07: python3 scripts/07_build_inventory_report.py data/processed/qc_report.csv data/processed/masked data/processed/models_inventory_final.csv ==
Inventario final escrito en data/processed/models_inventory_final.csv (7/7 modelos seleccionados)
Pipeline completo.
== Graficos: plot_maps.py ==
Graficando mapas: 7 modelo(s) + ERSSTv5 ...
  ACCESS-CM2
  ACCESS-CM2: sst_2d_ACCESS-CM2.png ya existe, se omite
  ACCESS-ESM1-5
  ACCESS-ESM1-5: sst_2d_ACCESS-ESM1-5.png ya existe, se omite
  AWI-CM-1-1-MR
  AWI-CM-1-1-MR: sst_2d_AWI-CM-1-1-MR.png ya existe, se omite
  EC-Earth3-Veg
  EC-Earth3-Veg: sst_2d_EC-Earth3-Veg.png ya existe, se omite
  GISS-E2-1-G
  GISS-E2-1-G: sst_2d_GISS-E2-1-G.png ya existe, se omite
  GISS-E2-1-H
  GISS-E2-1-H: sst_2d_GISS-E2-1-H.png ya existe, se omite
  MCM-UA-1-0
  MCM-UA-1-0: sst_2d_MCM-UA-1-0.png ya existe, se omite
  ERSSTv5
  ERSSTv5: sst_2d_ERSSTv5.png ya existe, se omite
Listo, 8 figura(s) en /home/jonathan/personal/e1_smn/figures
== Graficos: plot_box_series.py ==
ACCESS-CM2
  ACCESS-CM2 Nino 1+2: serie_ACCESS-CM2_sst_Nino1+2.png ya existe, se omite
  ACCESS-CM2 Nino 3.4: serie_ACCESS-CM2_sst_Nino3.4.png ya existe, se omite
ACCESS-ESM1-5
  ACCESS-ESM1-5 Nino 1+2: serie_ACCESS-ESM1-5_sst_Nino1+2.png ya existe, se omite
  ACCESS-ESM1-5 Nino 3.4: serie_ACCESS-ESM1-5_sst_Nino3.4.png ya existe, se omite
AWI-CM-1-1-MR
  AWI-CM-1-1-MR Nino 1+2: serie_AWI-CM-1-1-MR_sst_Nino1+2.png ya existe, se omite
  AWI-CM-1-1-MR Nino 3.4: serie_AWI-CM-1-1-MR_sst_Nino3.4.png ya existe, se omite
EC-Earth3-Veg
  EC-Earth3-Veg Nino 1+2: serie_EC-Earth3-Veg_sst_Nino1+2.png ya existe, se omite
  EC-Earth3-Veg Nino 3.4: serie_EC-Earth3-Veg_sst_Nino3.4.png ya existe, se omite
GISS-E2-1-G
  GISS-E2-1-G Nino 1+2: serie_GISS-E2-1-G_sst_Nino1+2.png ya existe, se omite
  GISS-E2-1-G Nino 3.4: serie_GISS-E2-1-G_sst_Nino3.4.png ya existe, se omite
GISS-E2-1-H
  GISS-E2-1-H Nino 1+2: serie_GISS-E2-1-H_sst_Nino1+2.png ya existe, se omite
  GISS-E2-1-H Nino 3.4: serie_GISS-E2-1-H_sst_Nino3.4.png ya existe, se omite
MCM-UA-1-0
  MCM-UA-1-0 Nino 1+2: serie_MCM-UA-1-0_sst_Nino1+2.png ya existe, se omite
  MCM-UA-1-0 Nino 3.4: serie_MCM-UA-1-0_sst_Nino3.4.png ya existe, se omite
Listo, 7 modelo(s) graficado(s) (2 figuras cada uno) en /home/jonathan/personal/e1_smn/figures
== Graficos: plot_qc_summary.py ==
sst_QD_vf.png ya existe, se omite. Para regenerarlo (ej. tras una nueva descarga/QC), borralo primero.
== Graficos: plot_boxplot_comparison.py ==
Graficando boxplots comparativos ...
  Nino 3.4: boxplot_Nino3.4.png ya existe, se omite
  Nino 1+2: boxplot_Nino1+2.png ya existe, se omite
Listo.
== Graficos: plot_region_nino_orthographic.py ==
/home/jonathan/personal/e1_smn/figures/region_nino_orthographic.png ya existe, se omite. Para regenerarlo, borralo primero.
== Paso 00: bash scripts/00_setup_env.sh ==
Entorno verificado: cdo=Climate Data Operators version 2.4.0 (https://mpimet.mpg.de/cdo), python3=Python 3.12.2
Estructura de carpetas lista bajo /home/jonathan/personal/e1_smn/data y /home/jonathan/personal/e1_smn/logs
== Paso 00b: python3 scripts/00b_build_model_list.py config/models_seed_cmip6.csv ==
Modelos CMIP6 con tos/Omon publicado (nodo principal): 102
config/models_seed_cmip6.csv ya existe y el universo de modelos con tos/Omon sigue en 102 -- no se vuelve a inspeccionar. Para forzar un refresco de todas formas (ej. cambio en config/periods.yaml): borra config/models_seed_cmip6.csv y /home/jonathan/personal/e1_smn/informe/model_availability_priority.csv y volve a correr esto.
== Paso 01: python3 scripts/01_query_esgf_catalog.py config/models_seed_cmip6.csv data/interim/models_catalog_status.csv data/interim/esgf_file_urls.json ==
data/interim/models_catalog_status.csv ya existe, no se vuelve a consultar ESGF.
Para forzar un refresco (por si algun modelo se completo en ESGF desde la ultima vez): borra data/interim/models_catalog_status.csv Y data/interim/esgf_file_urls.json juntos (no uno solo, para que no queden inconsistentes entre si) y volve a correr esto. OJO: si habias resuelto algun modelo a mano por fuera de la semilla (00c + 02b), se pierde del catalogo y hay que correr 02b de nuevo para el.
== Paso 02: bash scripts/run_download_if_idle.sh ==
Descarga ya en curso en otro proceso -- no se lanza otra (ver reporte de estado).
== Paso 03: bash scripts/03_download_ersstv5.sh ==
Ya existe data/raw/ersstv5/ersstv5_region.nc, se omite.
== Paso 04: bash scripts/04_process_to_common_grid.sh ==
Preparando pesos de regrilla para EC-Earth3-Veg ...
Procesando EC-Earth3-Veg historical ...
Ya procesado, se omite: tos_EC-Earth3-Veg_historical.nc
Procesando EC-Earth3-Veg ssp245 ...
Ya procesado, se omite: tos_EC-Earth3-Veg_ssp245.nc
Procesando EC-Earth3-Veg ssp370 ...
Ya procesado, se omite: tos_EC-Earth3-Veg_ssp370.nc
Procesando EC-Earth3-Veg ssp585 ...
Ya procesado, se omite: tos_EC-Earth3-Veg_ssp585.nc
Preparando pesos de regrilla para GISS-E2-1-G ...
Procesando GISS-E2-1-G historical ...
Ya procesado, se omite: tos_GISS-E2-1-G_historical.nc
Procesando GISS-E2-1-G ssp245 ...
Ya procesado, se omite: tos_GISS-E2-1-G_ssp245.nc
Procesando GISS-E2-1-G ssp370 ...
Ya procesado, se omite: tos_GISS-E2-1-G_ssp370.nc
Procesando GISS-E2-1-G ssp585 ...
Ya procesado, se omite: tos_GISS-E2-1-G_ssp585.nc
Preparando pesos de regrilla para GISS-E2-1-H ...
Procesando GISS-E2-1-H historical ...
Ya procesado, se omite: tos_GISS-E2-1-H_historical.nc
Procesando GISS-E2-1-H ssp245 ...
Ya procesado, se omite: tos_GISS-E2-1-H_ssp245.nc
Procesando GISS-E2-1-H ssp370 ...
Ya procesado, se omite: tos_GISS-E2-1-H_ssp370.nc
Procesando GISS-E2-1-H ssp585 ...
Ya procesado, se omite: tos_GISS-E2-1-H_ssp585.nc
Preparando pesos de regrilla para MCM-UA-1-0 ...
Procesando MCM-UA-1-0 historical ...
Ya procesado, se omite: tos_MCM-UA-1-0_historical.nc
Procesando MCM-UA-1-0 ssp245 ...
Ya procesado, se omite: tos_MCM-UA-1-0_ssp245.nc
Procesando MCM-UA-1-0 ssp370 ...
Ya procesado, se omite: tos_MCM-UA-1-0_ssp370.nc
Procesando MCM-UA-1-0 ssp585 ...
Ya procesado, se omite: tos_MCM-UA-1-0_ssp585.nc
== Paso 05: python3 scripts/05_apply_ocean_mask.py ==
Ya procesado, se omite: tos_EC-Earth3-Veg_historical.nc
Ya procesado, se omite: tos_EC-Earth3-Veg_ssp245.nc
Ya procesado, se omite: tos_EC-Earth3-Veg_ssp370.nc
Ya procesado, se omite: tos_EC-Earth3-Veg_ssp585.nc
Ya procesado, se omite: tos_GISS-E2-1-G_historical.nc
Ya procesado, se omite: tos_GISS-E2-1-G_ssp245.nc
Ya procesado, se omite: tos_GISS-E2-1-G_ssp370.nc
Ya procesado, se omite: tos_GISS-E2-1-G_ssp585.nc
Ya procesado, se omite: tos_GISS-E2-1-H_historical.nc
Ya procesado, se omite: tos_GISS-E2-1-H_ssp245.nc
Ya procesado, se omite: tos_GISS-E2-1-H_ssp370.nc
Ya procesado, se omite: tos_GISS-E2-1-H_ssp585.nc
Ya procesado, se omite: tos_MCM-UA-1-0_historical.nc
Ya procesado, se omite: tos_MCM-UA-1-0_ssp245.nc
Ya procesado, se omite: tos_MCM-UA-1-0_ssp370.nc
Ya procesado, se omite: tos_MCM-UA-1-0_ssp585.nc
== Paso 06: python3 scripts/06_qc_checks.py data/processed/masked data/processed/qc_report.csv ==
QC escrito en data/processed/qc_report.csv (25 archivos, 25 reusados de una corrida anterior, 0 con fallas)
== Paso 07: python3 scripts/07_build_inventory_report.py data/processed/qc_report.csv data/processed/masked data/processed/models_inventory_final.csv ==
Inventario final escrito en data/processed/models_inventory_final.csv (7/7 modelos seleccionados)
Pipeline completo.
== Graficos: plot_maps.py ==
Graficando mapas: 7 modelo(s) + ERSSTv5 ...
  ACCESS-CM2
  ACCESS-CM2: sst_2d_ACCESS-CM2.png ya existe, se omite
  ACCESS-ESM1-5
  ACCESS-ESM1-5: sst_2d_ACCESS-ESM1-5.png ya existe, se omite
  AWI-CM-1-1-MR
  AWI-CM-1-1-MR: sst_2d_AWI-CM-1-1-MR.png ya existe, se omite
  EC-Earth3-Veg
  EC-Earth3-Veg: sst_2d_EC-Earth3-Veg.png ya existe, se omite
  GISS-E2-1-G
  GISS-E2-1-G: sst_2d_GISS-E2-1-G.png ya existe, se omite
  GISS-E2-1-H
  GISS-E2-1-H: sst_2d_GISS-E2-1-H.png ya existe, se omite
  MCM-UA-1-0
  MCM-UA-1-0: sst_2d_MCM-UA-1-0.png ya existe, se omite
  ERSSTv5
  ERSSTv5: sst_2d_ERSSTv5.png ya existe, se omite
Listo, 8 figura(s) en /home/jonathan/personal/e1_smn/figures
== Graficos: plot_box_series.py ==
ACCESS-CM2
  ACCESS-CM2 Nino 1+2: serie_ACCESS-CM2_sst_Nino1+2.png ya existe, se omite
  ACCESS-CM2 Nino 3.4: serie_ACCESS-CM2_sst_Nino3.4.png ya existe, se omite
ACCESS-ESM1-5
  ACCESS-ESM1-5 Nino 1+2: serie_ACCESS-ESM1-5_sst_Nino1+2.png ya existe, se omite
  ACCESS-ESM1-5 Nino 3.4: serie_ACCESS-ESM1-5_sst_Nino3.4.png ya existe, se omite
AWI-CM-1-1-MR
  AWI-CM-1-1-MR Nino 1+2: serie_AWI-CM-1-1-MR_sst_Nino1+2.png ya existe, se omite
  AWI-CM-1-1-MR Nino 3.4: serie_AWI-CM-1-1-MR_sst_Nino3.4.png ya existe, se omite
EC-Earth3-Veg
  EC-Earth3-Veg Nino 1+2: serie_EC-Earth3-Veg_sst_Nino1+2.png ya existe, se omite
  EC-Earth3-Veg Nino 3.4: serie_EC-Earth3-Veg_sst_Nino3.4.png ya existe, se omite
GISS-E2-1-G
  GISS-E2-1-G Nino 1+2: serie_GISS-E2-1-G_sst_Nino1+2.png ya existe, se omite
  GISS-E2-1-G Nino 3.4: serie_GISS-E2-1-G_sst_Nino3.4.png ya existe, se omite
GISS-E2-1-H
  GISS-E2-1-H Nino 1+2: serie_GISS-E2-1-H_sst_Nino1+2.png ya existe, se omite
  GISS-E2-1-H Nino 3.4: serie_GISS-E2-1-H_sst_Nino3.4.png ya existe, se omite
MCM-UA-1-0
  MCM-UA-1-0 Nino 1+2: serie_MCM-UA-1-0_sst_Nino1+2.png ya existe, se omite
  MCM-UA-1-0 Nino 3.4: serie_MCM-UA-1-0_sst_Nino3.4.png ya existe, se omite
Listo, 7 modelo(s) graficado(s) (2 figuras cada uno) en /home/jonathan/personal/e1_smn/figures
== Graficos: plot_qc_summary.py ==

216 caso(s) NO_DESCARGADO (disponible en ESGF, todavia sin bajar):
   - ACCESS-CM2 / ssp370
   - ACCESS-ESM1-5 / ssp370
   - AWI-CM-1-1-HR / historical
   - AWI-CM-1-1-LR / historical
   - AWI-CM-1-1-MR / ssp370
   - AWI-ESM-1-1-LR / historical
   - BCC-CSM2-HR / historical
   - BCC-CSM2-MR / historical
   - BCC-CSM2-MR / ssp245
   - BCC-CSM2-MR / ssp370
   - BCC-CSM2-MR / ssp585
   - BCC-ESM1 / historical
   - BCC-ESM1 / ssp370
   - CAMS-CSM1-0 / historical
   - CAMS-CSM1-0 / ssp245
   - CAMS-CSM1-0 / ssp370
   - CAMS-CSM1-0 / ssp585
   - CAS-ESM2-0 / historical
   - CAS-ESM2-0 / ssp245
   - CAS-ESM2-0 / ssp370
   - CAS-ESM2-0 / ssp585
   - CESM1-CAM5-SE-HR / historical
   - CESM1-CAM5-SE-LR / historical
   - CESM2 / historical
   - CESM2 / ssp245
   - CESM2 / ssp370
   - CESM2 / ssp585
   - CESM2-FV2 / historical
   - CESM2-FV2 / ssp370
   - CESM2-FV2 / ssp585
   - CESM2-WACCM / historical
   - CESM2-WACCM / ssp245
   - CESM2-WACCM / ssp370
   - CESM2-WACCM / ssp585
   - CESM2-WACCM-FV2 / historical
   - CIESM / historical
   - CIESM / ssp245
   - CIESM / ssp585
   - CMCC-CM2-HR4 / historical
   - CMCC-CM2-SR5 / historical
   - CMCC-CM2-SR5 / ssp245
   - CMCC-CM2-SR5 / ssp370
   - CMCC-CM2-SR5 / ssp585
   - CMCC-CM2-VHR4 / historical
   - CMCC-ESM2 / historical
   - CMCC-ESM2 / ssp245
   - CMCC-ESM2 / ssp370
   - CMCC-ESM2 / ssp585
   - CNRM-CM6-1 / historical
   - CNRM-CM6-1 / ssp245
   - CNRM-CM6-1 / ssp370
   - CNRM-CM6-1 / ssp585
   - CNRM-CM6-1-HR / historical
   - CNRM-CM6-1-HR / ssp245
   - CNRM-CM6-1-HR / ssp370
   - CNRM-CM6-1-HR / ssp585
   - CNRM-ESM2-1 / historical
   - CNRM-ESM2-1 / ssp245
   - CNRM-ESM2-1 / ssp370
   - CNRM-ESM2-1 / ssp585
   - CanESM5 / historical
   - CanESM5 / ssp245
   - CanESM5 / ssp370
   - CanESM5 / ssp585
   - CanESM5-1 / historical
   - CanESM5-1 / ssp245
   - CanESM5-1 / ssp370
   - CanESM5-1 / ssp585
   - CanESM5-CanOE / historical
   - CanESM5-CanOE / ssp245
   - CanESM5-CanOE / ssp370
   - CanESM5-CanOE / ssp585
   - E3SM-1-0 / historical
   - E3SM-1-0 / ssp370
   - E3SM-1-0 / ssp585
   - E3SM-1-1 / historical
   - E3SM-1-1 / ssp585
   - E3SM-1-1-ECA / historical
   - E3SM-1-1-ECA / ssp585
   - E3SM-2-0 / historical
   - E3SM-2-0 / ssp370
   - E3SM-2-0-NARRM / historical
   - E3SM-2-1 / historical
   - EC-Earth3 / historical
   - EC-Earth3 / ssp245
   - EC-Earth3 / ssp370
   - EC-Earth3 / ssp585
   - EC-Earth3-AerChem / historical
   - EC-Earth3-AerChem / ssp370
   - EC-Earth3-CC / historical
   - EC-Earth3-CC / ssp245
   - EC-Earth3-CC / ssp585
   - EC-Earth3-HR / historical
   - EC-Earth3-HR / ssp245
   - EC-Earth3-Veg-LR / historical
   - EC-Earth3-Veg-LR / ssp245
   - EC-Earth3-Veg-LR / ssp370
   - EC-Earth3-Veg-LR / ssp585
   - EC-Earth3P / historical
   - EC-Earth3P-HR / historical
   - ECMWF-IFS-HR / historical
   - ECMWF-IFS-LR / historical
   - ECMWF-IFS-MR / historical
   - FGOALS-f3-H / historical
   - FGOALS-f3-L / historical
   - FGOALS-f3-L / ssp245
   - FGOALS-f3-L / ssp370
   - FGOALS-f3-L / ssp585
   - FGOALS-g3 / historical
   - FGOALS-g3 / ssp245
   - FGOALS-g3 / ssp370
   - FGOALS-g3 / ssp585
   - FIO-ESM-2-0 / historical
   - FIO-ESM-2-0 / ssp245
   - FIO-ESM-2-0 / ssp585
   - GFDL-CM4 / historical
   - GFDL-CM4 / ssp245
   - GFDL-CM4 / ssp585
   - GFDL-ESM4 / historical
   - GFDL-ESM4 / ssp245
   - GFDL-ESM4 / ssp370
   - GFDL-ESM4 / ssp585
   - GISS-E2-1-G-CC / historical
   - GISS-E2-1-G-CC / ssp245
   - GISS-E2-1-G-CC / ssp585
   - GISS-E2-2-G / historical
   - GISS-E2-2-G / ssp245
   - GISS-E2-2-G / ssp370
   - GISS-E2-2-G / ssp585
   - GISS-E2-2-H / historical
   - GISS-E3-G / historical
   - HadGEM3-GC31-HH / historical
   - HadGEM3-GC31-HM / historical
   - HadGEM3-GC31-LL / historical
   - HadGEM3-GC31-LL / ssp245
   - HadGEM3-GC31-LL / ssp585
   - HadGEM3-GC31-MM / historical
   - HadGEM3-GC31-MM / ssp585
   - ICON-ESM-LR / historical
   - IITM-ESM / historical
   - IITM-ESM / ssp245
   - IITM-ESM / ssp370
   - IITM-ESM / ssp585
   - INM-CM4-8 / historical
   - INM-CM4-8 / ssp245
   - INM-CM4-8 / ssp370
   - INM-CM4-8 / ssp585
   - INM-CM5-0 / historical
   - INM-CM5-0 / ssp245
   - INM-CM5-0 / ssp370
   - INM-CM5-0 / ssp585
   - INM-CM5-H / historical
   - IPSL-CM5A2-INCA / historical
   - IPSL-CM5A2-INCA / ssp370
   - IPSL-CM6A-LR / historical
   - IPSL-CM6A-LR / ssp245
   - IPSL-CM6A-LR / ssp370
   - IPSL-CM6A-LR / ssp585
   - IPSL-CM6A-LR-INCA / historical
   - KACE-1-0-G / historical
   - KACE-1-0-G / ssp245
   - KACE-1-0-G / ssp370
   - KACE-1-0-G / ssp585
   - KIOST-ESM / historical
   - KIOST-ESM / ssp245
   - KIOST-ESM / ssp585
   - MIROC-ES2H / historical
   - MIROC-ES2H / ssp245
   - MIROC-ES2H / ssp370
   - MIROC-ES2H / ssp585
   - MIROC-ES2L / historical
   - MIROC-ES2L / ssp245
   - MIROC-ES2L / ssp370
   - MIROC-ES2L / ssp585
   - MIROC6 / historical
   - MIROC6 / ssp245
   - MIROC6 / ssp370
   - MIROC6 / ssp585
   - MPI-ESM-1-2-HAM / historical
   - MPI-ESM-1-2-HAM / ssp370
   - MPI-ESM1-2-HR / historical
   - MPI-ESM1-2-HR / ssp245
   - MPI-ESM1-2-HR / ssp370
   - MPI-ESM1-2-HR / ssp585
   - MPI-ESM1-2-LR / historical
   - MPI-ESM1-2-LR / ssp245
   - MPI-ESM1-2-LR / ssp370
   - MPI-ESM1-2-LR / ssp585
   - MPI-ESM1-2-XR / historical
   - MRI-ESM2-0 / historical
   - MRI-ESM2-0 / ssp245
   - MRI-ESM2-0 / ssp370
   - MRI-ESM2-0 / ssp585
   - NESM3 / historical
   - NESM3 / ssp245
   - NESM3 / ssp585
   - NorCPM1 / historical
   - NorESM2-LM / historical
   - NorESM2-LM / ssp245
   - NorESM2-LM / ssp370
   - NorESM2-LM / ssp585
   - NorESM2-MM / historical
   - NorESM2-MM / ssp245
   - NorESM2-MM / ssp370
   - NorESM2-MM / ssp585
   - SAM0-UNICON / historical
   - TaiESM1 / historical
   - TaiESM1 / ssp245
   - TaiESM1 / ssp370
   - TaiESM1 / ssp585
   - UKESM1-0-LL / historical
   - UKESM1-0-LL / ssp245
   - UKESM1-0-LL / ssp370
   - UKESM1-0-LL / ssp585
   - UKESM1-1-LL / historical
   - UKESM1-1-LL / ssp370

Listo: 25 filas de QC procesadas, figura en /home/jonathan/personal/e1_smn/figures/sst_QD_vf.png
== Graficos: plot_boxplot_comparison.py ==
Graficando boxplots comparativos ...
  Nino 3.4: boxplot_Nino3.4.png ya existe, se omite
  Nino 1+2: boxplot_Nino1+2.png ya existe, se omite
Listo.
== Graficos: plot_region_nino_orthographic.py ==
/home/jonathan/personal/e1_smn/figures/region_nino_orthographic.png ya existe, se omite. Para regenerarlo, borralo primero.
== Paso 00: bash scripts/00_setup_env.sh ==
Entorno verificado: cdo=Climate Data Operators version 2.4.0 (https://mpimet.mpg.de/cdo), python3=Python 3.12.2
Estructura de carpetas lista bajo /home/jonathan/personal/e1_smn/data y /home/jonathan/personal/e1_smn/logs
== Paso 00b: python3 scripts/00b_build_model_list.py config/models_seed_cmip6.csv ==
Modelos CMIP6 con tos/Omon publicado (nodo principal): 102
config/models_seed_cmip6.csv ya existe y el universo de modelos con tos/Omon sigue en 102 -- no se vuelve a inspeccionar. Para forzar un refresco de todas formas (ej. cambio en config/periods.yaml): borra config/models_seed_cmip6.csv y /home/jonathan/personal/e1_smn/informe/model_availability_priority.csv y volve a correr esto.
== Paso 01: python3 scripts/01_query_esgf_catalog.py config/models_seed_cmip6.csv data/interim/models_catalog_status.csv data/interim/esgf_file_urls.json ==
data/interim/models_catalog_status.csv ya existe, no se vuelve a consultar ESGF.
Para forzar un refresco (por si algun modelo se completo en ESGF desde la ultima vez): borra data/interim/models_catalog_status.csv Y data/interim/esgf_file_urls.json juntos (no uno solo, para que no queden inconsistentes entre si) y volve a correr esto. OJO: si habias resuelto algun modelo a mano por fuera de la semilla (00c + 02b), se pierde del catalogo y hay que correr 02b de nuevo para el.
== Paso 02: bash scripts/run_download_if_idle.sh ==
Descarga ya en curso en otro proceso -- no se lanza otra (ver reporte de estado).
== Paso 03: bash scripts/03_download_ersstv5.sh ==
Ya existe data/raw/ersstv5/ersstv5_region.nc, se omite.
Pipeline completo.
== Graficos: plot_maps.py ==
Graficando mapas: 7 modelo(s) + ERSSTv5 ...
  ACCESS-CM2
  ACCESS-CM2: sst_2d_ACCESS-CM2.png ya existe, se omite
  ACCESS-ESM1-5
  ACCESS-ESM1-5: sst_2d_ACCESS-ESM1-5.png ya existe, se omite
  AWI-CM-1-1-MR
  AWI-CM-1-1-MR: sst_2d_AWI-CM-1-1-MR.png ya existe, se omite
  EC-Earth3-Veg
  EC-Earth3-Veg: sst_2d_EC-Earth3-Veg.png ya existe, se omite
  GISS-E2-1-G
  GISS-E2-1-G: sst_2d_GISS-E2-1-G.png ya existe, se omite
  GISS-E2-1-H
  GISS-E2-1-H: sst_2d_GISS-E2-1-H.png ya existe, se omite
  MCM-UA-1-0
  MCM-UA-1-0: sst_2d_MCM-UA-1-0.png ya existe, se omite
  ERSSTv5
  ERSSTv5: sst_2d_ERSSTv5.png ya existe, se omite
Listo, 8 figura(s) en /home/jonathan/personal/e1_smn/figures
== Graficos: plot_box_series.py ==
ACCESS-CM2
  ACCESS-CM2 Nino 1+2: serie_ACCESS-CM2_sst_Nino1+2.png ya existe, se omite
  ACCESS-CM2 Nino 3.4: serie_ACCESS-CM2_sst_Nino3.4.png ya existe, se omite
ACCESS-ESM1-5
  ACCESS-ESM1-5 Nino 1+2: serie_ACCESS-ESM1-5_sst_Nino1+2.png ya existe, se omite
  ACCESS-ESM1-5 Nino 3.4: serie_ACCESS-ESM1-5_sst_Nino3.4.png ya existe, se omite
AWI-CM-1-1-MR
  AWI-CM-1-1-MR Nino 1+2: serie_AWI-CM-1-1-MR_sst_Nino1+2.png ya existe, se omite
  AWI-CM-1-1-MR Nino 3.4: serie_AWI-CM-1-1-MR_sst_Nino3.4.png ya existe, se omite
EC-Earth3-Veg
  EC-Earth3-Veg Nino 1+2: serie_EC-Earth3-Veg_sst_Nino1+2.png ya existe, se omite
  EC-Earth3-Veg Nino 3.4: serie_EC-Earth3-Veg_sst_Nino3.4.png ya existe, se omite
GISS-E2-1-G
  GISS-E2-1-G Nino 1+2: serie_GISS-E2-1-G_sst_Nino1+2.png ya existe, se omite
  GISS-E2-1-G Nino 3.4: serie_GISS-E2-1-G_sst_Nino3.4.png ya existe, se omite
GISS-E2-1-H
  GISS-E2-1-H Nino 1+2: serie_GISS-E2-1-H_sst_Nino1+2.png ya existe, se omite
  GISS-E2-1-H Nino 3.4: serie_GISS-E2-1-H_sst_Nino3.4.png ya existe, se omite
MCM-UA-1-0
  MCM-UA-1-0 Nino 1+2: serie_MCM-UA-1-0_sst_Nino1+2.png ya existe, se omite
  MCM-UA-1-0 Nino 3.4: serie_MCM-UA-1-0_sst_Nino3.4.png ya existe, se omite
Listo, 7 modelo(s) graficado(s) (2 figuras cada uno) en /home/jonathan/personal/e1_smn/figures
== Graficos: plot_qc_summary.py ==
sst_QD_vf.png ya existe, se omite. Para regenerarlo (ej. tras una nueva descarga/QC), borralo primero.
== Graficos: plot_boxplot_comparison.py ==
Graficando boxplots comparativos ...
  Nino 3.4: boxplot_Nino3.4.png ya existe, se omite
  Nino 1+2: boxplot_Nino1+2.png ya existe, se omite
Listo.
== Graficos: plot_region_nino_orthographic.py ==
/home/jonathan/personal/e1_smn/figures/region_nino_orthographic.png ya existe, se omite. Para regenerarlo, borralo primero.
== Paso 00: bash scripts/00_setup_env.sh ==
Entorno verificado: cdo=Climate Data Operators version 2.4.0 (https://mpimet.mpg.de/cdo), python3=Python 3.12.2
Estructura de carpetas lista bajo /home/jonathan/personal/e1_smn/data y /home/jonathan/personal/e1_smn/logs
== Paso 00b: python3 scripts/00b_build_model_list.py config/models_seed_cmip6.csv ==
Modelos CMIP6 con tos/Omon publicado (nodo principal): 102
config/models_seed_cmip6.csv ya existe y el universo de modelos con tos/Omon sigue en 102 -- no se vuelve a inspeccionar. Para forzar un refresco de todas formas (ej. cambio en config/periods.yaml): borra config/models_seed_cmip6.csv y /home/jonathan/personal/e1_smn/informe/model_availability_priority.csv y volve a correr esto.
== Paso 01: python3 scripts/01_query_esgf_catalog.py config/models_seed_cmip6.csv data/interim/models_catalog_status.csv data/interim/esgf_file_urls.json ==
data/interim/models_catalog_status.csv ya existe, no se vuelve a consultar ESGF.
Para forzar un refresco (por si algun modelo se completo en ESGF desde la ultima vez): borra data/interim/models_catalog_status.csv Y data/interim/esgf_file_urls.json juntos (no uno solo, para que no queden inconsistentes entre si) y volve a correr esto. OJO: si habias resuelto algun modelo a mano por fuera de la semilla (00c + 02b), se pierde del catalogo y hay que correr 02b de nuevo para el.
== Paso 02: bash scripts/run_download_if_idle.sh ==
Descarga ya en curso en otro proceso -- no se lanza otra (ver reporte de estado).
== Paso 03: bash scripts/03_download_ersstv5.sh ==
Ya existe data/raw/ersstv5/ersstv5_region.nc, se omite.
Pipeline completo.
== Graficos: plot_maps.py ==
Graficando mapas: 7 modelo(s) + ERSSTv5 ...
  ACCESS-CM2
  ACCESS-CM2: sst_2d_ACCESS-CM2.png ya existe, se omite
  ACCESS-ESM1-5
  ACCESS-ESM1-5: sst_2d_ACCESS-ESM1-5.png ya existe, se omite
  AWI-CM-1-1-MR
  AWI-CM-1-1-MR: sst_2d_AWI-CM-1-1-MR.png ya existe, se omite
  EC-Earth3-Veg
  EC-Earth3-Veg: sst_2d_EC-Earth3-Veg.png ya existe, se omite
  GISS-E2-1-G
  GISS-E2-1-G: sst_2d_GISS-E2-1-G.png ya existe, se omite
  GISS-E2-1-H
  GISS-E2-1-H: sst_2d_GISS-E2-1-H.png ya existe, se omite
  MCM-UA-1-0
  MCM-UA-1-0: sst_2d_MCM-UA-1-0.png ya existe, se omite
  ERSSTv5
  ERSSTv5: sst_2d_ERSSTv5.png ya existe, se omite
Listo, 8 figura(s) en /home/jonathan/personal/e1_smn/figures
== Graficos: plot_box_series.py ==
ACCESS-CM2
  ACCESS-CM2 Nino 1+2: serie_ACCESS-CM2_sst_Nino1+2.png ya existe, se omite
  ACCESS-CM2 Nino 3.4: serie_ACCESS-CM2_sst_Nino3.4.png ya existe, se omite
ACCESS-ESM1-5
  ACCESS-ESM1-5 Nino 1+2: serie_ACCESS-ESM1-5_sst_Nino1+2.png ya existe, se omite
  ACCESS-ESM1-5 Nino 3.4: serie_ACCESS-ESM1-5_sst_Nino3.4.png ya existe, se omite
AWI-CM-1-1-MR
  AWI-CM-1-1-MR Nino 1+2: serie_AWI-CM-1-1-MR_sst_Nino1+2.png ya existe, se omite
  AWI-CM-1-1-MR Nino 3.4: serie_AWI-CM-1-1-MR_sst_Nino3.4.png ya existe, se omite
EC-Earth3-Veg
  EC-Earth3-Veg Nino 1+2: serie_EC-Earth3-Veg_sst_Nino1+2.png ya existe, se omite
  EC-Earth3-Veg Nino 3.4: serie_EC-Earth3-Veg_sst_Nino3.4.png ya existe, se omite
GISS-E2-1-G
  GISS-E2-1-G Nino 1+2: serie_GISS-E2-1-G_sst_Nino1+2.png ya existe, se omite
  GISS-E2-1-G Nino 3.4: serie_GISS-E2-1-G_sst_Nino3.4.png ya existe, se omite
GISS-E2-1-H
  GISS-E2-1-H Nino 1+2: serie_GISS-E2-1-H_sst_Nino1+2.png ya existe, se omite
  GISS-E2-1-H Nino 3.4: serie_GISS-E2-1-H_sst_Nino3.4.png ya existe, se omite
MCM-UA-1-0
  MCM-UA-1-0 Nino 1+2: serie_MCM-UA-1-0_sst_Nino1+2.png ya existe, se omite
  MCM-UA-1-0 Nino 3.4: serie_MCM-UA-1-0_sst_Nino3.4.png ya existe, se omite
Listo, 7 modelo(s) graficado(s) (2 figuras cada uno) en /home/jonathan/personal/e1_smn/figures
== Graficos: plot_qc_summary.py ==

216 caso(s) NO_DESCARGADO (disponible en ESGF, todavia sin bajar):
   - ACCESS-CM2 / ssp370
   - ACCESS-ESM1-5 / ssp370
   - AWI-CM-1-1-HR / historical
   - AWI-CM-1-1-LR / historical
   - AWI-CM-1-1-MR / ssp370
   - AWI-ESM-1-1-LR / historical
   - BCC-CSM2-HR / historical
   - BCC-CSM2-MR / historical
   - BCC-CSM2-MR / ssp245
   - BCC-CSM2-MR / ssp370
   - BCC-CSM2-MR / ssp585
   - BCC-ESM1 / historical
   - BCC-ESM1 / ssp370
   - CAMS-CSM1-0 / historical
   - CAMS-CSM1-0 / ssp245
   - CAMS-CSM1-0 / ssp370
   - CAMS-CSM1-0 / ssp585
   - CAS-ESM2-0 / historical
   - CAS-ESM2-0 / ssp245
   - CAS-ESM2-0 / ssp370
   - CAS-ESM2-0 / ssp585
   - CESM1-CAM5-SE-HR / historical
   - CESM1-CAM5-SE-LR / historical
   - CESM2 / historical
   - CESM2 / ssp245
   - CESM2 / ssp370
   - CESM2 / ssp585
   - CESM2-FV2 / historical
   - CESM2-FV2 / ssp370
   - CESM2-FV2 / ssp585
   - CESM2-WACCM / historical
   - CESM2-WACCM / ssp245
   - CESM2-WACCM / ssp370
   - CESM2-WACCM / ssp585
   - CESM2-WACCM-FV2 / historical
   - CIESM / historical
   - CIESM / ssp245
   - CIESM / ssp585
   - CMCC-CM2-HR4 / historical
   - CMCC-CM2-SR5 / historical
   - CMCC-CM2-SR5 / ssp245
   - CMCC-CM2-SR5 / ssp370
   - CMCC-CM2-SR5 / ssp585
   - CMCC-CM2-VHR4 / historical
   - CMCC-ESM2 / historical
   - CMCC-ESM2 / ssp245
   - CMCC-ESM2 / ssp370
   - CMCC-ESM2 / ssp585
   - CNRM-CM6-1 / historical
   - CNRM-CM6-1 / ssp245
   - CNRM-CM6-1 / ssp370
   - CNRM-CM6-1 / ssp585
   - CNRM-CM6-1-HR / historical
   - CNRM-CM6-1-HR / ssp245
   - CNRM-CM6-1-HR / ssp370
   - CNRM-CM6-1-HR / ssp585
   - CNRM-ESM2-1 / historical
   - CNRM-ESM2-1 / ssp245
   - CNRM-ESM2-1 / ssp370
   - CNRM-ESM2-1 / ssp585
   - CanESM5 / historical
   - CanESM5 / ssp245
   - CanESM5 / ssp370
   - CanESM5 / ssp585
   - CanESM5-1 / historical
   - CanESM5-1 / ssp245
   - CanESM5-1 / ssp370
   - CanESM5-1 / ssp585
   - CanESM5-CanOE / historical
   - CanESM5-CanOE / ssp245
   - CanESM5-CanOE / ssp370
   - CanESM5-CanOE / ssp585
   - E3SM-1-0 / historical
   - E3SM-1-0 / ssp370
   - E3SM-1-0 / ssp585
   - E3SM-1-1 / historical
   - E3SM-1-1 / ssp585
   - E3SM-1-1-ECA / historical
   - E3SM-1-1-ECA / ssp585
   - E3SM-2-0 / historical
   - E3SM-2-0 / ssp370
   - E3SM-2-0-NARRM / historical
   - E3SM-2-1 / historical
   - EC-Earth3 / historical
   - EC-Earth3 / ssp245
   - EC-Earth3 / ssp370
   - EC-Earth3 / ssp585
   - EC-Earth3-AerChem / historical
   - EC-Earth3-AerChem / ssp370
   - EC-Earth3-CC / historical
   - EC-Earth3-CC / ssp245
   - EC-Earth3-CC / ssp585
   - EC-Earth3-HR / historical
   - EC-Earth3-HR / ssp245
   - EC-Earth3-Veg-LR / historical
   - EC-Earth3-Veg-LR / ssp245
   - EC-Earth3-Veg-LR / ssp370
   - EC-Earth3-Veg-LR / ssp585
   - EC-Earth3P / historical
   - EC-Earth3P-HR / historical
   - ECMWF-IFS-HR / historical
   - ECMWF-IFS-LR / historical
   - ECMWF-IFS-MR / historical
   - FGOALS-f3-H / historical
   - FGOALS-f3-L / historical
   - FGOALS-f3-L / ssp245
   - FGOALS-f3-L / ssp370
   - FGOALS-f3-L / ssp585
   - FGOALS-g3 / historical
   - FGOALS-g3 / ssp245
   - FGOALS-g3 / ssp370
   - FGOALS-g3 / ssp585
   - FIO-ESM-2-0 / historical
   - FIO-ESM-2-0 / ssp245
   - FIO-ESM-2-0 / ssp585
   - GFDL-CM4 / historical
   - GFDL-CM4 / ssp245
   - GFDL-CM4 / ssp585
   - GFDL-ESM4 / historical
   - GFDL-ESM4 / ssp245
   - GFDL-ESM4 / ssp370
   - GFDL-ESM4 / ssp585
   - GISS-E2-1-G-CC / historical
   - GISS-E2-1-G-CC / ssp245
   - GISS-E2-1-G-CC / ssp585
   - GISS-E2-2-G / historical
   - GISS-E2-2-G / ssp245
   - GISS-E2-2-G / ssp370
   - GISS-E2-2-G / ssp585
   - GISS-E2-2-H / historical
   - GISS-E3-G / historical
   - HadGEM3-GC31-HH / historical
   - HadGEM3-GC31-HM / historical
   - HadGEM3-GC31-LL / historical
   - HadGEM3-GC31-LL / ssp245
   - HadGEM3-GC31-LL / ssp585
   - HadGEM3-GC31-MM / historical
   - HadGEM3-GC31-MM / ssp585
   - ICON-ESM-LR / historical
   - IITM-ESM / historical
   - IITM-ESM / ssp245
   - IITM-ESM / ssp370
   - IITM-ESM / ssp585
   - INM-CM4-8 / historical
   - INM-CM4-8 / ssp245
   - INM-CM4-8 / ssp370
   - INM-CM4-8 / ssp585
   - INM-CM5-0 / historical
   - INM-CM5-0 / ssp245
   - INM-CM5-0 / ssp370
   - INM-CM5-0 / ssp585
   - INM-CM5-H / historical
   - IPSL-CM5A2-INCA / historical
   - IPSL-CM5A2-INCA / ssp370
   - IPSL-CM6A-LR / historical
   - IPSL-CM6A-LR / ssp245
   - IPSL-CM6A-LR / ssp370
   - IPSL-CM6A-LR / ssp585
   - IPSL-CM6A-LR-INCA / historical
   - KACE-1-0-G / historical
   - KACE-1-0-G / ssp245
   - KACE-1-0-G / ssp370
   - KACE-1-0-G / ssp585
   - KIOST-ESM / historical
   - KIOST-ESM / ssp245
   - KIOST-ESM / ssp585
   - MIROC-ES2H / historical
   - MIROC-ES2H / ssp245
   - MIROC-ES2H / ssp370
   - MIROC-ES2H / ssp585
   - MIROC-ES2L / historical
   - MIROC-ES2L / ssp245
   - MIROC-ES2L / ssp370
   - MIROC-ES2L / ssp585
   - MIROC6 / historical
   - MIROC6 / ssp245
   - MIROC6 / ssp370
   - MIROC6 / ssp585
   - MPI-ESM-1-2-HAM / historical
   - MPI-ESM-1-2-HAM / ssp370
   - MPI-ESM1-2-HR / historical
   - MPI-ESM1-2-HR / ssp245
   - MPI-ESM1-2-HR / ssp370
   - MPI-ESM1-2-HR / ssp585
   - MPI-ESM1-2-LR / historical
   - MPI-ESM1-2-LR / ssp245
   - MPI-ESM1-2-LR / ssp370
   - MPI-ESM1-2-LR / ssp585
   - MPI-ESM1-2-XR / historical
   - MRI-ESM2-0 / historical
   - MRI-ESM2-0 / ssp245
   - MRI-ESM2-0 / ssp370
   - MRI-ESM2-0 / ssp585
   - NESM3 / historical
   - NESM3 / ssp245
   - NESM3 / ssp585
   - NorCPM1 / historical
   - NorESM2-LM / historical
   - NorESM2-LM / ssp245
   - NorESM2-LM / ssp370
   - NorESM2-LM / ssp585
   - NorESM2-MM / historical
   - NorESM2-MM / ssp245
   - NorESM2-MM / ssp370
   - NorESM2-MM / ssp585
   - SAM0-UNICON / historical
   - TaiESM1 / historical
   - TaiESM1 / ssp245
   - TaiESM1 / ssp370
   - TaiESM1 / ssp585
   - UKESM1-0-LL / historical
   - UKESM1-0-LL / ssp245
   - UKESM1-0-LL / ssp370
   - UKESM1-0-LL / ssp585
   - UKESM1-1-LL / historical
   - UKESM1-1-LL / ssp370

Listo: 25 filas de QC procesadas, figura en /home/jonathan/personal/e1_smn/figures/sst_QD_vf.png
== Graficos: plot_boxplot_comparison.py ==
Graficando boxplots comparativos ...
  Nino 3.4: boxplot_Nino3.4.png ya existe, se omite
  Nino 1+2: boxplot_Nino1+2.png ya existe, se omite
Listo.
== Graficos: plot_region_nino_orthographic.py ==
/home/jonathan/personal/e1_smn/figures/region_nino_orthographic.png ya existe, se omite. Para regenerarlo, borralo primero.
== Paso 00: bash scripts/00_setup_env.sh ==
Entorno verificado: cdo=Climate Data Operators version 2.4.0 (https://mpimet.mpg.de/cdo), python3=Python 3.12.2
Estructura de carpetas lista bajo /home/jonathan/personal/e1_smn/data y /home/jonathan/personal/e1_smn/logs
== Paso 00b: python3 scripts/00b_build_model_list.py config/models_seed_cmip6.csv ==
Modelos CMIP6 con tos/Omon publicado (nodo principal): 102
config/models_seed_cmip6.csv ya existe y el universo de modelos con tos/Omon sigue en 102 -- no se vuelve a inspeccionar. Para forzar un refresco de todas formas (ej. cambio en config/periods.yaml): borra config/models_seed_cmip6.csv y /home/jonathan/personal/e1_smn/informe/model_availability_priority.csv y volve a correr esto.
== Paso 01: python3 scripts/01_query_esgf_catalog.py config/models_seed_cmip6.csv data/interim/models_catalog_status.csv data/interim/esgf_file_urls.json ==
data/interim/models_catalog_status.csv ya existe, no se vuelve a consultar ESGF.
Para forzar un refresco (por si algun modelo se completo en ESGF desde la ultima vez): borra data/interim/models_catalog_status.csv Y data/interim/esgf_file_urls.json juntos (no uno solo, para que no queden inconsistentes entre si) y volve a correr esto. OJO: si habias resuelto algun modelo a mano por fuera de la semilla (00c + 02b), se pierde del catalogo y hay que correr 02b de nuevo para el.
== Paso 02: bash scripts/run_download_if_idle.sh ==
Descarga ya en curso en otro proceso -- no se lanza otra (ver reporte de estado).
== Paso 03: bash scripts/03_download_ersstv5.sh ==
Ya existe data/raw/ersstv5/ersstv5_region.nc, se omite.
Pipeline completo.
== Graficos: plot_maps.py ==
Graficando mapas: 7 modelo(s) + ERSSTv5 ...
  ACCESS-CM2
  ACCESS-CM2: sst_2d_ACCESS-CM2.png ya existe, se omite
  ACCESS-ESM1-5
  ACCESS-ESM1-5: sst_2d_ACCESS-ESM1-5.png ya existe, se omite
  AWI-CM-1-1-MR
  AWI-CM-1-1-MR: sst_2d_AWI-CM-1-1-MR.png ya existe, se omite
  EC-Earth3-Veg
  EC-Earth3-Veg: sst_2d_EC-Earth3-Veg.png ya existe, se omite
  GISS-E2-1-G
  GISS-E2-1-G: sst_2d_GISS-E2-1-G.png ya existe, se omite
  GISS-E2-1-H
  GISS-E2-1-H: sst_2d_GISS-E2-1-H.png ya existe, se omite
  MCM-UA-1-0
  MCM-UA-1-0: sst_2d_MCM-UA-1-0.png ya existe, se omite
  ERSSTv5
  ERSSTv5: sst_2d_ERSSTv5.png ya existe, se omite
Listo, 8 figura(s) en /home/jonathan/personal/e1_smn/figures
== Graficos: plot_box_series.py ==
ACCESS-CM2
  ACCESS-CM2 Nino 1+2: serie_ACCESS-CM2_sst_Nino1+2.png ya existe, se omite
  ACCESS-CM2 Nino 3.4: serie_ACCESS-CM2_sst_Nino3.4.png ya existe, se omite
ACCESS-ESM1-5
  ACCESS-ESM1-5 Nino 1+2: serie_ACCESS-ESM1-5_sst_Nino1+2.png ya existe, se omite
  ACCESS-ESM1-5 Nino 3.4: serie_ACCESS-ESM1-5_sst_Nino3.4.png ya existe, se omite
AWI-CM-1-1-MR
  AWI-CM-1-1-MR Nino 1+2: serie_AWI-CM-1-1-MR_sst_Nino1+2.png ya existe, se omite
  AWI-CM-1-1-MR Nino 3.4: serie_AWI-CM-1-1-MR_sst_Nino3.4.png ya existe, se omite
EC-Earth3-Veg
  EC-Earth3-Veg Nino 1+2: serie_EC-Earth3-Veg_sst_Nino1+2.png ya existe, se omite
  EC-Earth3-Veg Nino 3.4: serie_EC-Earth3-Veg_sst_Nino3.4.png ya existe, se omite
GISS-E2-1-G
  GISS-E2-1-G Nino 1+2: serie_GISS-E2-1-G_sst_Nino1+2.png ya existe, se omite
  GISS-E2-1-G Nino 3.4: serie_GISS-E2-1-G_sst_Nino3.4.png ya existe, se omite
GISS-E2-1-H
  GISS-E2-1-H Nino 1+2: serie_GISS-E2-1-H_sst_Nino1+2.png ya existe, se omite
  GISS-E2-1-H Nino 3.4: serie_GISS-E2-1-H_sst_Nino3.4.png ya existe, se omite
MCM-UA-1-0
  MCM-UA-1-0 Nino 1+2: serie_MCM-UA-1-0_sst_Nino1+2.png ya existe, se omite
  MCM-UA-1-0 Nino 3.4: serie_MCM-UA-1-0_sst_Nino3.4.png ya existe, se omite
Listo, 7 modelo(s) graficado(s) (2 figuras cada uno) en /home/jonathan/personal/e1_smn/figures
== Graficos: plot_qc_summary.py ==
sst_QD_vf.png ya existe, se omite. Para regenerarlo (ej. tras una nueva descarga/QC), borralo primero.
== Graficos: plot_boxplot_comparison.py ==
Graficando boxplots comparativos ...
  Nino 3.4: boxplot_Nino3.4.png ya existe, se omite
  Nino 1+2: boxplot_Nino1+2.png ya existe, se omite
Listo.
== Graficos: plot_region_nino_orthographic.py ==
/home/jonathan/personal/e1_smn/figures/region_nino_orthographic.png ya existe, se omite. Para regenerarlo, borralo primero.
== Paso 00: bash scripts/00_setup_env.sh ==
Entorno verificado: cdo=Climate Data Operators version 2.4.0 (https://mpimet.mpg.de/cdo), python3=Python 3.12.2
Estructura de carpetas lista bajo /home/jonathan/personal/e1_smn/data y /home/jonathan/personal/e1_smn/logs
== Paso 00b: python3 scripts/00b_build_model_list.py config/models_seed_cmip6.csv ==
Modelos CMIP6 con tos/Omon publicado (nodo principal): 102
config/models_seed_cmip6.csv ya existe y el universo de modelos con tos/Omon sigue en 102 -- no se vuelve a inspeccionar. Para forzar un refresco de todas formas (ej. cambio en config/periods.yaml): borra config/models_seed_cmip6.csv y /home/jonathan/personal/e1_smn/informe/model_availability_priority.csv y volve a correr esto.
== Paso 01: python3 scripts/01_query_esgf_catalog.py config/models_seed_cmip6.csv data/interim/models_catalog_status.csv data/interim/esgf_file_urls.json ==
data/interim/models_catalog_status.csv ya existe, no se vuelve a consultar ESGF.
Para forzar un refresco (por si algun modelo se completo en ESGF desde la ultima vez): borra data/interim/models_catalog_status.csv Y data/interim/esgf_file_urls.json juntos (no uno solo, para que no queden inconsistentes entre si) y volve a correr esto. OJO: si habias resuelto algun modelo a mano por fuera de la semilla (00c + 02b), se pierde del catalogo y hay que correr 02b de nuevo para el.
== Paso 02: bash scripts/run_download_if_idle.sh ==
Descarga ya en curso en otro proceso -- no se lanza otra (ver reporte de estado).
== Paso 03: bash scripts/03_download_ersstv5.sh ==
Ya existe data/raw/ersstv5/ersstv5_region.nc, se omite.
== Paso 04: bash scripts/04_process_to_common_grid.sh ==
Preparando pesos de regrilla para EC-Earth3-Veg ...
Procesando EC-Earth3-Veg historical ...
Ya procesado, se omite: tos_EC-Earth3-Veg_historical.nc
Procesando EC-Earth3-Veg ssp245 ...
Ya procesado, se omite: tos_EC-Earth3-Veg_ssp245.nc
Procesando EC-Earth3-Veg ssp370 ...
Ya procesado, se omite: tos_EC-Earth3-Veg_ssp370.nc
Procesando EC-Earth3-Veg ssp585 ...
Ya procesado, se omite: tos_EC-Earth3-Veg_ssp585.nc
Preparando pesos de regrilla para GISS-E2-1-G ...
Procesando GISS-E2-1-G historical ...
Ya procesado, se omite: tos_GISS-E2-1-G_historical.nc
Procesando GISS-E2-1-G ssp245 ...
Ya procesado, se omite: tos_GISS-E2-1-G_ssp245.nc
Procesando GISS-E2-1-G ssp370 ...
Ya procesado, se omite: tos_GISS-E2-1-G_ssp370.nc
Procesando GISS-E2-1-G ssp585 ...
Ya procesado, se omite: tos_GISS-E2-1-G_ssp585.nc
Preparando pesos de regrilla para GISS-E2-1-H ...
Procesando GISS-E2-1-H historical ...
Ya procesado, se omite: tos_GISS-E2-1-H_historical.nc
Procesando GISS-E2-1-H ssp245 ...
Ya procesado, se omite: tos_GISS-E2-1-H_ssp245.nc
Procesando GISS-E2-1-H ssp370 ...
Ya procesado, se omite: tos_GISS-E2-1-H_ssp370.nc
Procesando GISS-E2-1-H ssp585 ...
Ya procesado, se omite: tos_GISS-E2-1-H_ssp585.nc
Preparando pesos de regrilla para MCM-UA-1-0 ...
Procesando MCM-UA-1-0 historical ...
Ya procesado, se omite: tos_MCM-UA-1-0_historical.nc
Procesando MCM-UA-1-0 ssp245 ...
Ya procesado, se omite: tos_MCM-UA-1-0_ssp245.nc
Procesando MCM-UA-1-0 ssp370 ...
Ya procesado, se omite: tos_MCM-UA-1-0_ssp370.nc
Procesando MCM-UA-1-0 ssp585 ...
Ya procesado, se omite: tos_MCM-UA-1-0_ssp585.nc
== Paso 05: python3 scripts/05_apply_ocean_mask.py ==
Ya procesado, se omite: tos_EC-Earth3-Veg_historical.nc
Ya procesado, se omite: tos_EC-Earth3-Veg_ssp245.nc
Ya procesado, se omite: tos_EC-Earth3-Veg_ssp370.nc
Ya procesado, se omite: tos_EC-Earth3-Veg_ssp585.nc
Ya procesado, se omite: tos_GISS-E2-1-G_historical.nc
Ya procesado, se omite: tos_GISS-E2-1-G_ssp245.nc
Ya procesado, se omite: tos_GISS-E2-1-G_ssp370.nc
Ya procesado, se omite: tos_GISS-E2-1-G_ssp585.nc
Ya procesado, se omite: tos_GISS-E2-1-H_historical.nc
Ya procesado, se omite: tos_GISS-E2-1-H_ssp245.nc
Ya procesado, se omite: tos_GISS-E2-1-H_ssp370.nc
Ya procesado, se omite: tos_GISS-E2-1-H_ssp585.nc
Ya procesado, se omite: tos_MCM-UA-1-0_historical.nc
Ya procesado, se omite: tos_MCM-UA-1-0_ssp245.nc
Ya procesado, se omite: tos_MCM-UA-1-0_ssp370.nc
Ya procesado, se omite: tos_MCM-UA-1-0_ssp585.nc
== Paso 06: python3 scripts/06_qc_checks.py data/processed/masked data/processed/qc_report.csv ==
QC escrito en data/processed/qc_report.csv (25 archivos, 25 reusados de una corrida anterior, 0 con fallas)
Pipeline completo.
== Graficos: plot_maps.py ==
Graficando mapas: 7 modelo(s) + ERSSTv5 ...
  ACCESS-CM2
  ACCESS-CM2: sst_2d_ACCESS-CM2.png ya existe, se omite
  ACCESS-ESM1-5
  ACCESS-ESM1-5: sst_2d_ACCESS-ESM1-5.png ya existe, se omite
  AWI-CM-1-1-MR
  AWI-CM-1-1-MR: sst_2d_AWI-CM-1-1-MR.png ya existe, se omite
  EC-Earth3-Veg
  EC-Earth3-Veg: sst_2d_EC-Earth3-Veg.png ya existe, se omite
  GISS-E2-1-G
  GISS-E2-1-G: sst_2d_GISS-E2-1-G.png ya existe, se omite
  GISS-E2-1-H
  GISS-E2-1-H: sst_2d_GISS-E2-1-H.png ya existe, se omite
  MCM-UA-1-0
  MCM-UA-1-0: sst_2d_MCM-UA-1-0.png ya existe, se omite
  ERSSTv5
  ERSSTv5: sst_2d_ERSSTv5.png ya existe, se omite
Listo, 8 figura(s) en /home/jonathan/personal/e1_smn/figures
== Graficos: plot_box_series.py ==
ACCESS-CM2
  ACCESS-CM2 Nino 1+2: serie_ACCESS-CM2_sst_Nino1+2.png ya existe, se omite
  ACCESS-CM2 Nino 3.4: serie_ACCESS-CM2_sst_Nino3.4.png ya existe, se omite
ACCESS-ESM1-5
  ACCESS-ESM1-5 Nino 1+2: serie_ACCESS-ESM1-5_sst_Nino1+2.png ya existe, se omite
  ACCESS-ESM1-5 Nino 3.4: serie_ACCESS-ESM1-5_sst_Nino3.4.png ya existe, se omite
AWI-CM-1-1-MR
  AWI-CM-1-1-MR Nino 1+2: serie_AWI-CM-1-1-MR_sst_Nino1+2.png ya existe, se omite
  AWI-CM-1-1-MR Nino 3.4: serie_AWI-CM-1-1-MR_sst_Nino3.4.png ya existe, se omite
EC-Earth3-Veg
  EC-Earth3-Veg Nino 1+2: serie_EC-Earth3-Veg_sst_Nino1+2.png ya existe, se omite
  EC-Earth3-Veg Nino 3.4: serie_EC-Earth3-Veg_sst_Nino3.4.png ya existe, se omite
GISS-E2-1-G
  GISS-E2-1-G Nino 1+2: serie_GISS-E2-1-G_sst_Nino1+2.png ya existe, se omite
  GISS-E2-1-G Nino 3.4: serie_GISS-E2-1-G_sst_Nino3.4.png ya existe, se omite
GISS-E2-1-H
  GISS-E2-1-H Nino 1+2: serie_GISS-E2-1-H_sst_Nino1+2.png ya existe, se omite
  GISS-E2-1-H Nino 3.4: serie_GISS-E2-1-H_sst_Nino3.4.png ya existe, se omite
MCM-UA-1-0
  MCM-UA-1-0 Nino 1+2: serie_MCM-UA-1-0_sst_Nino1+2.png ya existe, se omite
  MCM-UA-1-0 Nino 3.4: serie_MCM-UA-1-0_sst_Nino3.4.png ya existe, se omite
Listo, 7 modelo(s) graficado(s) (2 figuras cada uno) en /home/jonathan/personal/e1_smn/figures
== Graficos: plot_qc_summary.py ==
sst_QD_vf.png ya existe, se omite. Para regenerarlo (ej. tras una nueva descarga/QC), borralo primero.
== Graficos: plot_boxplot_comparison.py ==
Graficando boxplots comparativos ...
  Nino 3.4: boxplot_Nino3.4.png ya existe, se omite
  Nino 1+2: boxplot_Nino1+2.png ya existe, se omite
Listo.
== Graficos: plot_region_nino_orthographic.py ==
/home/jonathan/personal/e1_smn/figures/region_nino_orthographic.png ya existe, se omite. Para regenerarlo, borralo primero.
== Paso 00: bash scripts/00_setup_env.sh ==
Entorno verificado: cdo=Climate Data Operators version 2.4.0 (https://mpimet.mpg.de/cdo), python3=Python 3.12.2
Estructura de carpetas lista bajo /home/jonathan/personal/e1_smn/data y /home/jonathan/personal/e1_smn/logs
== Paso 00b: python3 scripts/00b_build_model_list.py config/models_seed_cmip6.csv ==
Modelos CMIP6 con tos/Omon publicado (nodo principal): 102
config/models_seed_cmip6.csv ya existe y el universo de modelos con tos/Omon sigue en 102 -- no se vuelve a inspeccionar. Para forzar un refresco de todas formas (ej. cambio en config/periods.yaml): borra config/models_seed_cmip6.csv y /home/jonathan/personal/e1_smn/informe/model_availability_priority.csv y volve a correr esto.
== Paso 01: python3 scripts/01_query_esgf_catalog.py config/models_seed_cmip6.csv data/interim/models_catalog_status.csv data/interim/esgf_file_urls.json ==
data/interim/models_catalog_status.csv ya existe, no se vuelve a consultar ESGF.
Para forzar un refresco (por si algun modelo se completo en ESGF desde la ultima vez): borra data/interim/models_catalog_status.csv Y data/interim/esgf_file_urls.json juntos (no uno solo, para que no queden inconsistentes entre si) y volve a correr esto. OJO: si habias resuelto algun modelo a mano por fuera de la semilla (00c + 02b), se pierde del catalogo y hay que correr 02b de nuevo para el.
== Paso 02: bash scripts/run_download_if_idle.sh ==
== 02a: descarga CMIP6 via ESGF (nodo principal) ==
ACCESS-CM2 historical: ya procesado (paso 04/05), se omite la descarga de crudos
ACCESS-CM2 ssp245: ya procesado (paso 04/05), se omite la descarga de crudos
Procesando ACCESS-CM2 ssp370 (1) ...
  descargando archivo 1/1: tos_Omon_ACCESS-CM2_ssp370_r1i1p1f1_gn_201501-210012.nc
ACCESS-CM2 ssp585: ya procesado (paso 04/05), se omite la descarga de crudos
ACCESS-ESM1-5 historical: ya procesado (paso 04/05), se omite la descarga de crudos
ACCESS-ESM1-5 ssp245: ya procesado (paso 04/05), se omite la descarga de crudos
Procesando ACCESS-ESM1-5 ssp370 (2) ...
  descargando archivo 1/1: tos_Omon_ACCESS-ESM1-5_ssp370_r1i1p1f1_gn_201501-210012.nc
ACCESS-ESM1-5 ssp585: ya procesado (paso 04/05), se omite la descarga de crudos
AWI-CM-1-1-MR historical: ya procesado (paso 04/05), se omite la descarga de crudos
AWI-CM-1-1-MR ssp245: ya procesado (paso 04/05), se omite la descarga de crudos
Procesando AWI-CM-1-1-MR ssp370 (3) ...
  descargando archivo 1/9: tos_Omon_AWI-CM-1-1-MR_ssp370_r1i1p1f1_gn_201501-202012.nc
  descargando archivo 2/9: tos_Omon_AWI-CM-1-1-MR_ssp370_r1i1p1f1_gn_202101-203012.nc
  descargando archivo 3/9: tos_Omon_AWI-CM-1-1-MR_ssp370_r1i1p1f1_gn_203101-204012.nc
  descargando archivo 4/9: tos_Omon_AWI-CM-1-1-MR_ssp370_r1i1p1f1_gn_204101-205012.nc
  descargando archivo 5/9: tos_Omon_AWI-CM-1-1-MR_ssp370_r1i1p1f1_gn_205101-206012.nc
  descargando archivo 6/9: tos_Omon_AWI-CM-1-1-MR_ssp370_r1i1p1f1_gn_206101-207012.nc
  descargando archivo 7/9: tos_Omon_AWI-CM-1-1-MR_ssp370_r1i1p1f1_gn_207101-208012.nc
  descargando archivo 8/9: tos_Omon_AWI-CM-1-1-MR_ssp370_r1i1p1f1_gn_208101-209012.nc
  descargando archivo 9/9: tos_Omon_AWI-CM-1-1-MR_ssp370_r1i1p1f1_gn_209101-210012.nc
AWI-CM-1-1-MR ssp585: ya procesado (paso 04/05), se omite la descarga de crudos
Procesando BCC-CSM2-MR historical (4) ...
  descargando archivo 1/1: tos_Omon_BCC-CSM2-MR_historical_r1i1p1f1_gn_185001-201412.nc
Procesando BCC-CSM2-MR ssp245 (4) ...
  descargando archivo 1/1: tos_Omon_BCC-CSM2-MR_ssp245_r1i1p1f1_gn_201501-210012.nc
Procesando BCC-CSM2-MR ssp370 (4) ...
  descargando archivo 1/1: tos_Omon_BCC-CSM2-MR_ssp370_r1i1p1f1_gn_201501-210012.nc
Procesando BCC-CSM2-MR ssp585 (4) ...
  descargando archivo 1/1: tos_Omon_BCC-CSM2-MR_ssp585_r1i1p1f1_gn_201501-210012.nc
Procesando CAMS-CSM1-0 historical (5) ...
  descargando archivo 1/1: tos_Omon_CAMS-CSM1-0_historical_r1i1p1f1_gn_185001-201412.nc
Procesando CAMS-CSM1-0 ssp245 (5) ...
  descargando archivo 1/1: tos_Omon_CAMS-CSM1-0_ssp245_r1i1p1f1_gn_201501-209912.nc
Procesando CAMS-CSM1-0 ssp370 (5) ...
  descargando archivo 1/1: tos_Omon_CAMS-CSM1-0_ssp370_r1i1p1f1_gn_201501-209912.nc
Procesando CAMS-CSM1-0 ssp585 (5) ...
  descargando archivo 1/1: tos_Omon_CAMS-CSM1-0_ssp585_r1i1p1f1_gn_201501-209912.nc
Procesando CAS-ESM2-0 historical (6) ...
  descargando archivo 1/1: tos_Omon_CAS-ESM2-0_historical_r1i1p1f1_gn_185001-201412.nc
Procesando CAS-ESM2-0 ssp245 (6) ...
  descargando archivo 1/1: tos_Omon_CAS-ESM2-0_ssp245_r1i1p1f1_gn_201501-210012.nc
Procesando CAS-ESM2-0 ssp370 (6) ...
  descargando archivo 1/1: tos_Omon_CAS-ESM2-0_ssp370_r1i1p1f1_gn_201501-210012.nc
Procesando CAS-ESM2-0 ssp585 (6) ...
  descargando archivo 1/1: tos_Omon_CAS-ESM2-0_ssp585_r1i1p1f1_gn_201501-210012.nc
Procesando CESM2 historical (7) ...
  descargando archivo 1/1: tos_Omon_CESM2_historical_r1i1p1f1_gr_185001-201412.nc
Procesando CESM2 ssp245 (7) ...
  descargando archivo 1/2: tos_Omon_CESM2_ssp245_r1i1p1f1_gr_201501-206412.nc
  descargando archivo 2/2: tos_Omon_CESM2_ssp245_r1i1p1f1_gr_206501-210012.nc
Procesando CESM2 ssp370 (7) ...
  descargando archivo 1/2: tos_Omon_CESM2_ssp370_r1i1p1f1_gr_201501-206412.nc
  descargando archivo 2/2: tos_Omon_CESM2_ssp370_r1i1p1f1_gr_206501-210012.nc
Procesando CESM2 ssp585 (7) ...
  descargando archivo 1/2: tos_Omon_CESM2_ssp585_r1i1p1f1_gr_201501-206412.nc
  descargando archivo 2/2: tos_Omon_CESM2_ssp585_r1i1p1f1_gr_206501-210012.nc
Procesando CESM2-WACCM historical (8) ...
  descargando archivo 1/1: tos_Omon_CESM2-WACCM_historical_r1i1p1f1_gr_185001-201412.nc
Procesando CESM2-WACCM ssp245 (8) ...
  descargando archivo 1/2: tos_Omon_CESM2-WACCM_ssp245_r1i1p1f1_gr_201501-206412.nc
  descargando archivo 2/2: tos_Omon_CESM2-WACCM_ssp245_r1i1p1f1_gr_206501-210012.nc
Procesando CESM2-WACCM ssp370 (8) ...
  descargando archivo 1/2: tos_Omon_CESM2-WACCM_ssp370_r1i1p1f1_gr_201501-206412.nc
  descargando archivo 2/2: tos_Omon_CESM2-WACCM_ssp370_r1i1p1f1_gr_206501-210012.nc
Procesando CESM2-WACCM ssp585 (8) ...
  descargando archivo 1/1: tos_Omon_CESM2-WACCM_ssp585_r1i1p1f1_gr_201501-210012.nc
Procesando CMCC-CM2-SR5 historical (9) ...
  descargando archivo 1/1: tos_Omon_CMCC-CM2-SR5_historical_r1i1p1f1_gn_185001-201412.nc
Procesando CMCC-CM2-SR5 ssp245 (9) ...
  descargando archivo 1/1: tos_Omon_CMCC-CM2-SR5_ssp245_r1i1p1f1_gn_201501-210012.nc
Procesando CMCC-CM2-SR5 ssp370 (9) ...
  descargando archivo 1/1: tos_Omon_CMCC-CM2-SR5_ssp370_r1i1p1f1_gn_201501-210012.nc
Procesando CMCC-CM2-SR5 ssp585 (9) ...
  descargando archivo 1/1: tos_Omon_CMCC-CM2-SR5_ssp585_r1i1p1f1_gn_201501-210012.nc
Procesando CMCC-ESM2 historical (10) ...
  descargando archivo 1/1: tos_Omon_CMCC-ESM2_historical_r1i1p1f1_gn_185001-201412.nc
Procesando CMCC-ESM2 ssp245 (10) ...
  descargando archivo 1/1: tos_Omon_CMCC-ESM2_ssp245_r1i1p1f1_gn_201501-210012.nc
Procesando CMCC-ESM2 ssp370 (10) ...
  descargando archivo 1/1: tos_Omon_CMCC-ESM2_ssp370_r1i1p1f1_gn_201501-210012.nc
Procesando CMCC-ESM2 ssp585 (10) ...
  descargando archivo 1/1: tos_Omon_CMCC-ESM2_ssp585_r1i1p1f1_gn_201501-210012.nc
Procesando CNRM-CM6-1 historical (11) ...
  descargando archivo 1/1: tos_Omon_CNRM-CM6-1_historical_r1i1p1f2_gn_185001-201412.nc
Procesando CNRM-CM6-1 ssp245 (11) ...
  descargando archivo 1/1: tos_Omon_CNRM-CM6-1_ssp245_r1i1p1f2_gn_201501-210012.nc
Procesando CNRM-CM6-1 ssp370 (11) ...
  descargando archivo 1/1: tos_Omon_CNRM-CM6-1_ssp370_r1i1p1f2_gn_201501-210012.nc
Procesando CNRM-CM6-1 ssp585 (11) ...
  descargando archivo 1/1: tos_Omon_CNRM-CM6-1_ssp585_r1i1p1f2_gn_201501-210012.nc
Procesando CNRM-CM6-1-HR historical (12) ...
  descargando archivo 1/1: tos_Omon_CNRM-CM6-1-HR_historical_r1i1p1f2_gn_185001-201412.nc
Procesando CNRM-CM6-1-HR ssp245 (12) ...
  descargando archivo 1/1: tos_Omon_CNRM-CM6-1-HR_ssp245_r1i1p1f2_gn_201501-210012.nc
Procesando CNRM-CM6-1-HR ssp370 (12) ...
  descargando archivo 1/1: tos_Omon_CNRM-CM6-1-HR_ssp370_r1i1p1f2_gn_201501-210012.nc
Procesando CNRM-CM6-1-HR ssp585 (12) ...
  descargando archivo 1/1: tos_Omon_CNRM-CM6-1-HR_ssp585_r1i1p1f2_gn_201501-210012.nc
Procesando CNRM-ESM2-1 historical (13) ...
  descargando archivo 1/1: tos_Omon_CNRM-ESM2-1_historical_r1i1p1f2_gn_185001-201412.nc
Procesando CNRM-ESM2-1 ssp245 (13) ...
  descargando archivo 1/1: tos_Omon_CNRM-ESM2-1_ssp245_r1i1p1f2_gn_201501-210012.nc
Procesando CNRM-ESM2-1 ssp370 (13) ...
  descargando archivo 1/1: tos_Omon_CNRM-ESM2-1_ssp370_r1i1p1f2_gn_201501-210012.nc
Procesando CNRM-ESM2-1 ssp585 (13) ...
  descargando archivo 1/1: tos_Omon_CNRM-ESM2-1_ssp585_r1i1p1f2_gn_201501-210012.nc
Procesando CanESM5 historical (14) ...
  descargando archivo 1/1: tos_Omon_CanESM5_historical_r1i1p1f1_gn_185001-201412.nc
Procesando CanESM5 ssp245 (14) ...
  descargando archivo 1/1: tos_Omon_CanESM5_ssp245_r1i1p1f1_gn_201501-210012.nc
Procesando CanESM5 ssp370 (14) ...
  descargando archivo 1/1: tos_Omon_CanESM5_ssp370_r1i1p1f1_gn_201501-210012.nc
Procesando CanESM5 ssp585 (14) ...
  descargando archivo 1/1: tos_Omon_CanESM5_ssp585_r1i1p1f1_gn_201501-210012.nc
Procesando CanESM5-1 historical (15) ...
  descargando archivo 1/1: tos_Omon_CanESM5-1_historical_r1i1p1f1_gn_185001-201412.nc
Procesando CanESM5-1 ssp245 (15) ...
  descargando archivo 1/1: tos_Omon_CanESM5-1_ssp245_r1i1p1f1_gn_201501-210012.nc
Procesando CanESM5-1 ssp370 (15) ...
  descargando archivo 1/1: tos_Omon_CanESM5-1_ssp370_r1i1p1f1_gn_201501-210012.nc
Procesando CanESM5-1 ssp585 (15) ...
  descargando archivo 1/1: tos_Omon_CanESM5-1_ssp585_r1i1p1f1_gn_201501-210012.nc
Procesando CanESM5-CanOE historical (16) ...
  descargando archivo 1/1: tos_Omon_CanESM5-CanOE_historical_r1i1p2f1_gn_185001-201412.nc
Procesando CanESM5-CanOE ssp245 (16) ...
  descargando archivo 1/1: tos_Omon_CanESM5-CanOE_ssp245_r1i1p2f1_gn_201501-210012.nc
Procesando CanESM5-CanOE ssp370 (16) ...
  descargando archivo 1/1: tos_Omon_CanESM5-CanOE_ssp370_r1i1p2f1_gn_201501-210012.nc
Procesando CanESM5-CanOE ssp585 (16) ...
  descargando archivo 1/1: tos_Omon_CanESM5-CanOE_ssp585_r1i1p2f1_gn_201501-210012.nc
Procesando EC-Earth3 historical (17) ...
  descargando archivo 1/165: tos_Omon_EC-Earth3_historical_r1i1p1f1_gn_185001-185012.nc
  descargando archivo 2/165: tos_Omon_EC-Earth3_historical_r1i1p1f1_gn_185101-185112.nc
  descargando archivo 3/165: tos_Omon_EC-Earth3_historical_r1i1p1f1_gn_185201-185212.nc
  descargando archivo 4/165: tos_Omon_EC-Earth3_historical_r1i1p1f1_gn_185301-185312.nc
  descargando archivo 5/165: tos_Omon_EC-Earth3_historical_r1i1p1f1_gn_185401-185412.nc
  descargando archivo 6/165: tos_Omon_EC-Earth3_historical_r1i1p1f1_gn_185501-185512.nc
  descargando archivo 7/165: tos_Omon_EC-Earth3_historical_r1i1p1f1_gn_185601-185612.nc
  descargando archivo 8/165: tos_Omon_EC-Earth3_historical_r1i1p1f1_gn_185701-185712.nc
  descargando archivo 9/165: tos_Omon_EC-Earth3_historical_r1i1p1f1_gn_185801-185812.nc
  descargando archivo 10/165: tos_Omon_EC-Earth3_historical_r1i1p1f1_gn_185901-185912.nc
  descargando archivo 11/165: tos_Omon_EC-Earth3_historical_r1i1p1f1_gn_186001-186012.nc
  descargando archivo 12/165: tos_Omon_EC-Earth3_historical_r1i1p1f1_gn_186101-186112.nc
  descargando archivo 13/165: tos_Omon_EC-Earth3_historical_r1i1p1f1_gn_186201-186212.nc
  descargando archivo 14/165: tos_Omon_EC-Earth3_historical_r1i1p1f1_gn_186301-186312.nc
  descargando archivo 15/165: tos_Omon_EC-Earth3_historical_r1i1p1f1_gn_186401-186412.nc
  descargando archivo 16/165: tos_Omon_EC-Earth3_historical_r1i1p1f1_gn_186501-186512.nc
  descargando archivo 17/165: tos_Omon_EC-Earth3_historical_r1i1p1f1_gn_186601-186612.nc
  descargando archivo 18/165: tos_Omon_EC-Earth3_historical_r1i1p1f1_gn_186701-186712.nc
  descargando archivo 19/165: tos_Omon_EC-Earth3_historical_r1i1p1f1_gn_186801-186812.nc
  descargando archivo 20/165: tos_Omon_EC-Earth3_historical_r1i1p1f1_gn_186901-186912.nc
  descargando archivo 21/165: tos_Omon_EC-Earth3_historical_r1i1p1f1_gn_187001-187012.nc
  descargando archivo 22/165: tos_Omon_EC-Earth3_historical_r1i1p1f1_gn_187101-187112.nc
  descargando archivo 23/165: tos_Omon_EC-Earth3_historical_r1i1p1f1_gn_187201-187212.nc
  descargando archivo 24/165: tos_Omon_EC-Earth3_historical_r1i1p1f1_gn_187301-187312.nc
  descargando archivo 25/165: tos_Omon_EC-Earth3_historical_r1i1p1f1_gn_187401-187412.nc
  descargando archivo 26/165: tos_Omon_EC-Earth3_historical_r1i1p1f1_gn_187501-187512.nc
  descargando archivo 27/165: tos_Omon_EC-Earth3_historical_r1i1p1f1_gn_187601-187612.nc
  descargando archivo 28/165: tos_Omon_EC-Earth3_historical_r1i1p1f1_gn_187701-187712.nc
  descargando archivo 29/165: tos_Omon_EC-Earth3_historical_r1i1p1f1_gn_187801-187812.nc
  descargando archivo 30/165: tos_Omon_EC-Earth3_historical_r1i1p1f1_gn_187901-187912.nc
  descargando archivo 31/165: tos_Omon_EC-Earth3_historical_r1i1p1f1_gn_188001-188012.nc
  descargando archivo 32/165: tos_Omon_EC-Earth3_historical_r1i1p1f1_gn_188101-188112.nc
  descargando archivo 33/165: tos_Omon_EC-Earth3_historical_r1i1p1f1_gn_188201-188212.nc
  descargando archivo 34/165: tos_Omon_EC-Earth3_historical_r1i1p1f1_gn_188301-188312.nc
  descargando archivo 35/165: tos_Omon_EC-Earth3_historical_r1i1p1f1_gn_188401-188412.nc
  descargando archivo 36/165: tos_Omon_EC-Earth3_historical_r1i1p1f1_gn_188501-188512.nc
  descargando archivo 37/165: tos_Omon_EC-Earth3_historical_r1i1p1f1_gn_188601-188612.nc
  descargando archivo 38/165: tos_Omon_EC-Earth3_historical_r1i1p1f1_gn_188701-188712.nc
  descargando archivo 39/165: tos_Omon_EC-Earth3_historical_r1i1p1f1_gn_188801-188812.nc
  descargando archivo 40/165: tos_Omon_EC-Earth3_historical_r1i1p1f1_gn_188901-188912.nc
  descargando archivo 41/165: tos_Omon_EC-Earth3_historical_r1i1p1f1_gn_189001-189012.nc
  descargando archivo 42/165: tos_Omon_EC-Earth3_historical_r1i1p1f1_gn_189101-189112.nc
  descargando archivo 43/165: tos_Omon_EC-Earth3_historical_r1i1p1f1_gn_189201-189212.nc
  descargando archivo 44/165: tos_Omon_EC-Earth3_historical_r1i1p1f1_gn_189301-189312.nc
  descargando archivo 45/165: tos_Omon_EC-Earth3_historical_r1i1p1f1_gn_189401-189412.nc
  descargando archivo 46/165: tos_Omon_EC-Earth3_historical_r1i1p1f1_gn_189501-189512.nc
  descargando archivo 47/165: tos_Omon_EC-Earth3_historical_r1i1p1f1_gn_189601-189612.nc
  descargando archivo 48/165: tos_Omon_EC-Earth3_historical_r1i1p1f1_gn_189701-189712.nc
  descargando archivo 49/165: tos_Omon_EC-Earth3_historical_r1i1p1f1_gn_189801-189812.nc
  descargando archivo 50/165: tos_Omon_EC-Earth3_historical_r1i1p1f1_gn_189901-189912.nc
  descargando archivo 51/165: tos_Omon_EC-Earth3_historical_r1i1p1f1_gn_190001-190012.nc
  descargando archivo 52/165: tos_Omon_EC-Earth3_historical_r1i1p1f1_gn_190101-190112.nc
  descargando archivo 53/165: tos_Omon_EC-Earth3_historical_r1i1p1f1_gn_190201-190212.nc
  descargando archivo 54/165: tos_Omon_EC-Earth3_historical_r1i1p1f1_gn_190301-190312.nc
  descargando archivo 55/165: tos_Omon_EC-Earth3_historical_r1i1p1f1_gn_190401-190412.nc
  descargando archivo 56/165: tos_Omon_EC-Earth3_historical_r1i1p1f1_gn_190501-190512.nc
  descargando archivo 57/165: tos_Omon_EC-Earth3_historical_r1i1p1f1_gn_190601-190612.nc
  descargando archivo 58/165: tos_Omon_EC-Earth3_historical_r1i1p1f1_gn_190701-190712.nc
  descargando archivo 59/165: tos_Omon_EC-Earth3_historical_r1i1p1f1_gn_190801-190812.nc
  descargando archivo 60/165: tos_Omon_EC-Earth3_historical_r1i1p1f1_gn_190901-190912.nc
  descargando archivo 61/165: tos_Omon_EC-Earth3_historical_r1i1p1f1_gn_191001-191012.nc
  descargando archivo 62/165: tos_Omon_EC-Earth3_historical_r1i1p1f1_gn_191101-191112.nc
  descargando archivo 63/165: tos_Omon_EC-Earth3_historical_r1i1p1f1_gn_191201-191212.nc
  descargando archivo 64/165: tos_Omon_EC-Earth3_historical_r1i1p1f1_gn_191301-191312.nc
  descargando archivo 65/165: tos_Omon_EC-Earth3_historical_r1i1p1f1_gn_191401-191412.nc
  descargando archivo 66/165: tos_Omon_EC-Earth3_historical_r1i1p1f1_gn_191501-191512.nc
  descargando archivo 67/165: tos_Omon_EC-Earth3_historical_r1i1p1f1_gn_191601-191612.nc
  descargando archivo 68/165: tos_Omon_EC-Earth3_historical_r1i1p1f1_gn_191701-191712.nc
  descargando archivo 69/165: tos_Omon_EC-Earth3_historical_r1i1p1f1_gn_191801-191812.nc
  descargando archivo 70/165: tos_Omon_EC-Earth3_historical_r1i1p1f1_gn_191901-191912.nc
  descargando archivo 71/165: tos_Omon_EC-Earth3_historical_r1i1p1f1_gn_192001-192012.nc
  descargando archivo 72/165: tos_Omon_EC-Earth3_historical_r1i1p1f1_gn_192101-192112.nc
  descargando archivo 73/165: tos_Omon_EC-Earth3_historical_r1i1p1f1_gn_192201-192212.nc
  descargando archivo 74/165: tos_Omon_EC-Earth3_historical_r1i1p1f1_gn_192301-192312.nc
  descargando archivo 75/165: tos_Omon_EC-Earth3_historical_r1i1p1f1_gn_192401-192412.nc
  descargando archivo 76/165: tos_Omon_EC-Earth3_historical_r1i1p1f1_gn_192501-192512.nc
  descargando archivo 77/165: tos_Omon_EC-Earth3_historical_r1i1p1f1_gn_192601-192612.nc
  descargando archivo 78/165: tos_Omon_EC-Earth3_historical_r1i1p1f1_gn_192701-192712.nc
  descargando archivo 79/165: tos_Omon_EC-Earth3_historical_r1i1p1f1_gn_192801-192812.nc
  descargando archivo 80/165: tos_Omon_EC-Earth3_historical_r1i1p1f1_gn_192901-192912.nc
  descargando archivo 81/165: tos_Omon_EC-Earth3_historical_r1i1p1f1_gn_193001-193012.nc
  descargando archivo 82/165: tos_Omon_EC-Earth3_historical_r1i1p1f1_gn_193101-193112.nc
  descargando archivo 83/165: tos_Omon_EC-Earth3_historical_r1i1p1f1_gn_193201-193212.nc
  descargando archivo 84/165: tos_Omon_EC-Earth3_historical_r1i1p1f1_gn_193301-193312.nc
  descargando archivo 85/165: tos_Omon_EC-Earth3_historical_r1i1p1f1_gn_193401-193412.nc
  descargando archivo 86/165: tos_Omon_EC-Earth3_historical_r1i1p1f1_gn_193501-193512.nc
  descargando archivo 87/165: tos_Omon_EC-Earth3_historical_r1i1p1f1_gn_193601-193612.nc
  descargando archivo 88/165: tos_Omon_EC-Earth3_historical_r1i1p1f1_gn_193701-193712.nc
  descargando archivo 89/165: tos_Omon_EC-Earth3_historical_r1i1p1f1_gn_193801-193812.nc
  descargando archivo 90/165: tos_Omon_EC-Earth3_historical_r1i1p1f1_gn_193901-193912.nc
  descargando archivo 91/165: tos_Omon_EC-Earth3_historical_r1i1p1f1_gn_194001-194012.nc
  descargando archivo 92/165: tos_Omon_EC-Earth3_historical_r1i1p1f1_gn_194101-194112.nc
  descargando archivo 93/165: tos_Omon_EC-Earth3_historical_r1i1p1f1_gn_194201-194212.nc
  descargando archivo 94/165: tos_Omon_EC-Earth3_historical_r1i1p1f1_gn_194301-194312.nc
  descargando archivo 95/165: tos_Omon_EC-Earth3_historical_r1i1p1f1_gn_194401-194412.nc
  descargando archivo 96/165: tos_Omon_EC-Earth3_historical_r1i1p1f1_gn_194501-194512.nc
  descargando archivo 97/165: tos_Omon_EC-Earth3_historical_r1i1p1f1_gn_194601-194612.nc
  descargando archivo 98/165: tos_Omon_EC-Earth3_historical_r1i1p1f1_gn_194701-194712.nc
  descargando archivo 99/165: tos_Omon_EC-Earth3_historical_r1i1p1f1_gn_194801-194812.nc
  descargando archivo 100/165: tos_Omon_EC-Earth3_historical_r1i1p1f1_gn_194901-194912.nc
  descargando archivo 101/165: tos_Omon_EC-Earth3_historical_r1i1p1f1_gn_195001-195012.nc
  descargando archivo 102/165: tos_Omon_EC-Earth3_historical_r1i1p1f1_gn_195101-195112.nc
  descargando archivo 103/165: tos_Omon_EC-Earth3_historical_r1i1p1f1_gn_195201-195212.nc
  descargando archivo 104/165: tos_Omon_EC-Earth3_historical_r1i1p1f1_gn_195301-195312.nc
  descargando archivo 105/165: tos_Omon_EC-Earth3_historical_r1i1p1f1_gn_195401-195412.nc
  descargando archivo 106/165: tos_Omon_EC-Earth3_historical_r1i1p1f1_gn_195501-195512.nc
  descargando archivo 107/165: tos_Omon_EC-Earth3_historical_r1i1p1f1_gn_195601-195612.nc
  descargando archivo 108/165: tos_Omon_EC-Earth3_historical_r1i1p1f1_gn_195701-195712.nc
  descargando archivo 109/165: tos_Omon_EC-Earth3_historical_r1i1p1f1_gn_195801-195812.nc
  descargando archivo 110/165: tos_Omon_EC-Earth3_historical_r1i1p1f1_gn_195901-195912.nc
  descargando archivo 111/165: tos_Omon_EC-Earth3_historical_r1i1p1f1_gn_196001-196012.nc
  descargando archivo 112/165: tos_Omon_EC-Earth3_historical_r1i1p1f1_gn_196101-196112.nc
  descargando archivo 113/165: tos_Omon_EC-Earth3_historical_r1i1p1f1_gn_196201-196212.nc
  descargando archivo 114/165: tos_Omon_EC-Earth3_historical_r1i1p1f1_gn_196301-196312.nc
  descargando archivo 115/165: tos_Omon_EC-Earth3_historical_r1i1p1f1_gn_196401-196412.nc
  descargando archivo 116/165: tos_Omon_EC-Earth3_historical_r1i1p1f1_gn_196501-196512.nc
  descargando archivo 117/165: tos_Omon_EC-Earth3_historical_r1i1p1f1_gn_196601-196612.nc
  descargando archivo 118/165: tos_Omon_EC-Earth3_historical_r1i1p1f1_gn_196701-196712.nc
  descargando archivo 119/165: tos_Omon_EC-Earth3_historical_r1i1p1f1_gn_196801-196812.nc
  descargando archivo 120/165: tos_Omon_EC-Earth3_historical_r1i1p1f1_gn_196901-196912.nc
  descargando archivo 121/165: tos_Omon_EC-Earth3_historical_r1i1p1f1_gn_197001-197012.nc
  descargando archivo 122/165: tos_Omon_EC-Earth3_historical_r1i1p1f1_gn_197101-197112.nc
  descargando archivo 123/165: tos_Omon_EC-Earth3_historical_r1i1p1f1_gn_197201-197212.nc
  descargando archivo 124/165: tos_Omon_EC-Earth3_historical_r1i1p1f1_gn_197301-197312.nc
  descargando archivo 125/165: tos_Omon_EC-Earth3_historical_r1i1p1f1_gn_197401-197412.nc
  descargando archivo 126/165: tos_Omon_EC-Earth3_historical_r1i1p1f1_gn_197501-197512.nc
  descargando archivo 127/165: tos_Omon_EC-Earth3_historical_r1i1p1f1_gn_197601-197612.nc
  descargando archivo 128/165: tos_Omon_EC-Earth3_historical_r1i1p1f1_gn_197701-197712.nc
  descargando archivo 129/165: tos_Omon_EC-Earth3_historical_r1i1p1f1_gn_197801-197812.nc
  descargando archivo 130/165: tos_Omon_EC-Earth3_historical_r1i1p1f1_gn_197901-197912.nc
  descargando archivo 131/165: tos_Omon_EC-Earth3_historical_r1i1p1f1_gn_198001-198012.nc
  descargando archivo 132/165: tos_Omon_EC-Earth3_historical_r1i1p1f1_gn_198101-198112.nc
  descargando archivo 133/165: tos_Omon_EC-Earth3_historical_r1i1p1f1_gn_198201-198212.nc
  descargando archivo 134/165: tos_Omon_EC-Earth3_historical_r1i1p1f1_gn_198301-198312.nc
  descargando archivo 135/165: tos_Omon_EC-Earth3_historical_r1i1p1f1_gn_198401-198412.nc
  descargando archivo 136/165: tos_Omon_EC-Earth3_historical_r1i1p1f1_gn_198501-198512.nc
  descargando archivo 137/165: tos_Omon_EC-Earth3_historical_r1i1p1f1_gn_198601-198612.nc
  descargando archivo 138/165: tos_Omon_EC-Earth3_historical_r1i1p1f1_gn_198701-198712.nc
  descargando archivo 139/165: tos_Omon_EC-Earth3_historical_r1i1p1f1_gn_198801-198812.nc
  descargando archivo 140/165: tos_Omon_EC-Earth3_historical_r1i1p1f1_gn_198901-198912.nc
  descargando archivo 141/165: tos_Omon_EC-Earth3_historical_r1i1p1f1_gn_199001-199012.nc
  descargando archivo 142/165: tos_Omon_EC-Earth3_historical_r1i1p1f1_gn_199101-199112.nc
  descargando archivo 143/165: tos_Omon_EC-Earth3_historical_r1i1p1f1_gn_199201-199212.nc
  descargando archivo 144/165: tos_Omon_EC-Earth3_historical_r1i1p1f1_gn_199301-199312.nc
  descargando archivo 145/165: tos_Omon_EC-Earth3_historical_r1i1p1f1_gn_199401-199412.nc
  descargando archivo 146/165: tos_Omon_EC-Earth3_historical_r1i1p1f1_gn_199501-199512.nc
  descargando archivo 147/165: tos_Omon_EC-Earth3_historical_r1i1p1f1_gn_199601-199612.nc
  descargando archivo 148/165: tos_Omon_EC-Earth3_historical_r1i1p1f1_gn_199701-199712.nc
  descargando archivo 149/165: tos_Omon_EC-Earth3_historical_r1i1p1f1_gn_199801-199812.nc
  descargando archivo 150/165: tos_Omon_EC-Earth3_historical_r1i1p1f1_gn_199901-199912.nc
  descargando archivo 151/165: tos_Omon_EC-Earth3_historical_r1i1p1f1_gn_200001-200012.nc
  descargando archivo 152/165: tos_Omon_EC-Earth3_historical_r1i1p1f1_gn_200101-200112.nc
  descargando archivo 153/165: tos_Omon_EC-Earth3_historical_r1i1p1f1_gn_200201-200212.nc
  descargando archivo 154/165: tos_Omon_EC-Earth3_historical_r1i1p1f1_gn_200301-200312.nc
  descargando archivo 155/165: tos_Omon_EC-Earth3_historical_r1i1p1f1_gn_200401-200412.nc
  descargando archivo 156/165: tos_Omon_EC-Earth3_historical_r1i1p1f1_gn_200501-200512.nc
  descargando archivo 157/165: tos_Omon_EC-Earth3_historical_r1i1p1f1_gn_200601-200612.nc
  descargando archivo 158/165: tos_Omon_EC-Earth3_historical_r1i1p1f1_gn_200701-200712.nc
  descargando archivo 159/165: tos_Omon_EC-Earth3_historical_r1i1p1f1_gn_200801-200812.nc
  descargando archivo 160/165: tos_Omon_EC-Earth3_historical_r1i1p1f1_gn_200901-200912.nc
  descargando archivo 161/165: tos_Omon_EC-Earth3_historical_r1i1p1f1_gn_201001-201012.nc
  descargando archivo 162/165: tos_Omon_EC-Earth3_historical_r1i1p1f1_gn_201101-201112.nc
  descargando archivo 163/165: tos_Omon_EC-Earth3_historical_r1i1p1f1_gn_201201-201212.nc
  descargando archivo 164/165: tos_Omon_EC-Earth3_historical_r1i1p1f1_gn_201301-201312.nc
  descargando archivo 165/165: tos_Omon_EC-Earth3_historical_r1i1p1f1_gn_201401-201412.nc
Procesando EC-Earth3 ssp245 (17) ...
  descargando archivo 1/86: tos_Omon_EC-Earth3_ssp245_r1i1p1f1_gn_201501-201512.nc
  descargando archivo 2/86: tos_Omon_EC-Earth3_ssp245_r1i1p1f1_gn_201601-201612.nc
  descargando archivo 3/86: tos_Omon_EC-Earth3_ssp245_r1i1p1f1_gn_201701-201712.nc
  descargando archivo 4/86: tos_Omon_EC-Earth3_ssp245_r1i1p1f1_gn_201801-201812.nc
  descargando archivo 5/86: tos_Omon_EC-Earth3_ssp245_r1i1p1f1_gn_201901-201912.nc
  descargando archivo 6/86: tos_Omon_EC-Earth3_ssp245_r1i1p1f1_gn_202001-202012.nc
  descargando archivo 7/86: tos_Omon_EC-Earth3_ssp245_r1i1p1f1_gn_202101-202112.nc
  descargando archivo 8/86: tos_Omon_EC-Earth3_ssp245_r1i1p1f1_gn_202201-202212.nc
  descargando archivo 9/86: tos_Omon_EC-Earth3_ssp245_r1i1p1f1_gn_202301-202312.nc
  descargando archivo 10/86: tos_Omon_EC-Earth3_ssp245_r1i1p1f1_gn_202401-202412.nc
  descargando archivo 11/86: tos_Omon_EC-Earth3_ssp245_r1i1p1f1_gn_202501-202512.nc
  descargando archivo 12/86: tos_Omon_EC-Earth3_ssp245_r1i1p1f1_gn_202601-202612.nc
  descargando archivo 13/86: tos_Omon_EC-Earth3_ssp245_r1i1p1f1_gn_202701-202712.nc
  descargando archivo 14/86: tos_Omon_EC-Earth3_ssp245_r1i1p1f1_gn_202801-202812.nc
  descargando archivo 15/86: tos_Omon_EC-Earth3_ssp245_r1i1p1f1_gn_202901-202912.nc
  descargando archivo 16/86: tos_Omon_EC-Earth3_ssp245_r1i1p1f1_gn_203001-203012.nc
  descargando archivo 17/86: tos_Omon_EC-Earth3_ssp245_r1i1p1f1_gn_203101-203112.nc
  descargando archivo 18/86: tos_Omon_EC-Earth3_ssp245_r1i1p1f1_gn_203201-203212.nc
  descargando archivo 19/86: tos_Omon_EC-Earth3_ssp245_r1i1p1f1_gn_203301-203312.nc
  descargando archivo 20/86: tos_Omon_EC-Earth3_ssp245_r1i1p1f1_gn_203401-203412.nc
  descargando archivo 21/86: tos_Omon_EC-Earth3_ssp245_r1i1p1f1_gn_203501-203512.nc
  descargando archivo 22/86: tos_Omon_EC-Earth3_ssp245_r1i1p1f1_gn_203601-203612.nc
  descargando archivo 23/86: tos_Omon_EC-Earth3_ssp245_r1i1p1f1_gn_203701-203712.nc
  descargando archivo 24/86: tos_Omon_EC-Earth3_ssp245_r1i1p1f1_gn_203801-203812.nc
  descargando archivo 25/86: tos_Omon_EC-Earth3_ssp245_r1i1p1f1_gn_203901-203912.nc
  descargando archivo 26/86: tos_Omon_EC-Earth3_ssp245_r1i1p1f1_gn_204001-204012.nc
  descargando archivo 27/86: tos_Omon_EC-Earth3_ssp245_r1i1p1f1_gn_204101-204112.nc
  descargando archivo 28/86: tos_Omon_EC-Earth3_ssp245_r1i1p1f1_gn_204201-204212.nc
  descargando archivo 29/86: tos_Omon_EC-Earth3_ssp245_r1i1p1f1_gn_204301-204312.nc
  descargando archivo 30/86: tos_Omon_EC-Earth3_ssp245_r1i1p1f1_gn_204401-204412.nc
  descargando archivo 31/86: tos_Omon_EC-Earth3_ssp245_r1i1p1f1_gn_204501-204512.nc
  descargando archivo 32/86: tos_Omon_EC-Earth3_ssp245_r1i1p1f1_gn_204601-204612.nc
  descargando archivo 33/86: tos_Omon_EC-Earth3_ssp245_r1i1p1f1_gn_204701-204712.nc
  descargando archivo 34/86: tos_Omon_EC-Earth3_ssp245_r1i1p1f1_gn_204801-204812.nc
  descargando archivo 35/86: tos_Omon_EC-Earth3_ssp245_r1i1p1f1_gn_204901-204912.nc
  descargando archivo 36/86: tos_Omon_EC-Earth3_ssp245_r1i1p1f1_gn_205001-205012.nc
  descargando archivo 37/86: tos_Omon_EC-Earth3_ssp245_r1i1p1f1_gn_205101-205112.nc
  descargando archivo 38/86: tos_Omon_EC-Earth3_ssp245_r1i1p1f1_gn_205201-205212.nc
  descargando archivo 39/86: tos_Omon_EC-Earth3_ssp245_r1i1p1f1_gn_205301-205312.nc
  descargando archivo 40/86: tos_Omon_EC-Earth3_ssp245_r1i1p1f1_gn_205401-205412.nc
  descargando archivo 41/86: tos_Omon_EC-Earth3_ssp245_r1i1p1f1_gn_205501-205512.nc
  descargando archivo 42/86: tos_Omon_EC-Earth3_ssp245_r1i1p1f1_gn_205601-205612.nc
  descargando archivo 43/86: tos_Omon_EC-Earth3_ssp245_r1i1p1f1_gn_205701-205712.nc
  descargando archivo 44/86: tos_Omon_EC-Earth3_ssp245_r1i1p1f1_gn_205801-205812.nc
  descargando archivo 45/86: tos_Omon_EC-Earth3_ssp245_r1i1p1f1_gn_205901-205912.nc
  descargando archivo 46/86: tos_Omon_EC-Earth3_ssp245_r1i1p1f1_gn_206001-206012.nc
  descargando archivo 47/86: tos_Omon_EC-Earth3_ssp245_r1i1p1f1_gn_206101-206112.nc
  descargando archivo 48/86: tos_Omon_EC-Earth3_ssp245_r1i1p1f1_gn_206201-206212.nc
  descargando archivo 49/86: tos_Omon_EC-Earth3_ssp245_r1i1p1f1_gn_206301-206312.nc
  descargando archivo 50/86: tos_Omon_EC-Earth3_ssp245_r1i1p1f1_gn_206401-206412.nc
  descargando archivo 51/86: tos_Omon_EC-Earth3_ssp245_r1i1p1f1_gn_206501-206512.nc
  descargando archivo 52/86: tos_Omon_EC-Earth3_ssp245_r1i1p1f1_gn_206601-206612.nc
  descargando archivo 53/86: tos_Omon_EC-Earth3_ssp245_r1i1p1f1_gn_206701-206712.nc
  descargando archivo 54/86: tos_Omon_EC-Earth3_ssp245_r1i1p1f1_gn_206801-206812.nc
  descargando archivo 55/86: tos_Omon_EC-Earth3_ssp245_r1i1p1f1_gn_206901-206912.nc
  descargando archivo 56/86: tos_Omon_EC-Earth3_ssp245_r1i1p1f1_gn_207001-207012.nc
  descargando archivo 57/86: tos_Omon_EC-Earth3_ssp245_r1i1p1f1_gn_207101-207112.nc
  descargando archivo 58/86: tos_Omon_EC-Earth3_ssp245_r1i1p1f1_gn_207201-207212.nc
  descargando archivo 59/86: tos_Omon_EC-Earth3_ssp245_r1i1p1f1_gn_207301-207312.nc
  descargando archivo 60/86: tos_Omon_EC-Earth3_ssp245_r1i1p1f1_gn_207401-207412.nc
  descargando archivo 61/86: tos_Omon_EC-Earth3_ssp245_r1i1p1f1_gn_207501-207512.nc
  descargando archivo 62/86: tos_Omon_EC-Earth3_ssp245_r1i1p1f1_gn_207601-207612.nc
  descargando archivo 63/86: tos_Omon_EC-Earth3_ssp245_r1i1p1f1_gn_207701-207712.nc
  descargando archivo 64/86: tos_Omon_EC-Earth3_ssp245_r1i1p1f1_gn_207801-207812.nc
  descargando archivo 65/86: tos_Omon_EC-Earth3_ssp245_r1i1p1f1_gn_207901-207912.nc
  descargando archivo 66/86: tos_Omon_EC-Earth3_ssp245_r1i1p1f1_gn_208001-208012.nc
  descargando archivo 67/86: tos_Omon_EC-Earth3_ssp245_r1i1p1f1_gn_208101-208112.nc
  descargando archivo 68/86: tos_Omon_EC-Earth3_ssp245_r1i1p1f1_gn_208201-208212.nc
  descargando archivo 69/86: tos_Omon_EC-Earth3_ssp245_r1i1p1f1_gn_208301-208312.nc
  descargando archivo 70/86: tos_Omon_EC-Earth3_ssp245_r1i1p1f1_gn_208401-208412.nc
  descargando archivo 71/86: tos_Omon_EC-Earth3_ssp245_r1i1p1f1_gn_208501-208512.nc
  descargando archivo 72/86: tos_Omon_EC-Earth3_ssp245_r1i1p1f1_gn_208601-208612.nc
  descargando archivo 73/86: tos_Omon_EC-Earth3_ssp245_r1i1p1f1_gn_208701-208712.nc
  descargando archivo 74/86: tos_Omon_EC-Earth3_ssp245_r1i1p1f1_gn_208801-208812.nc
  descargando archivo 75/86: tos_Omon_EC-Earth3_ssp245_r1i1p1f1_gn_208901-208912.nc
  descargando archivo 76/86: tos_Omon_EC-Earth3_ssp245_r1i1p1f1_gn_209001-209012.nc
  descargando archivo 77/86: tos_Omon_EC-Earth3_ssp245_r1i1p1f1_gn_209101-209112.nc
  descargando archivo 78/86: tos_Omon_EC-Earth3_ssp245_r1i1p1f1_gn_209201-209212.nc
  descargando archivo 79/86: tos_Omon_EC-Earth3_ssp245_r1i1p1f1_gn_209301-209312.nc
  descargando archivo 80/86: tos_Omon_EC-Earth3_ssp245_r1i1p1f1_gn_209401-209412.nc
  descargando archivo 81/86: tos_Omon_EC-Earth3_ssp245_r1i1p1f1_gn_209501-209512.nc
  descargando archivo 82/86: tos_Omon_EC-Earth3_ssp245_r1i1p1f1_gn_209601-209612.nc
  descargando archivo 83/86: tos_Omon_EC-Earth3_ssp245_r1i1p1f1_gn_209701-209712.nc
  descargando archivo 84/86: tos_Omon_EC-Earth3_ssp245_r1i1p1f1_gn_209801-209812.nc
  descargando archivo 85/86: tos_Omon_EC-Earth3_ssp245_r1i1p1f1_gn_209901-209912.nc
  descargando archivo 86/86: tos_Omon_EC-Earth3_ssp245_r1i1p1f1_gn_210001-210012.nc
Procesando EC-Earth3 ssp370 (17) ...
  descargando archivo 1/86: tos_Omon_EC-Earth3_ssp370_r1i1p1f1_gn_201501-201512.nc
  descargando archivo 2/86: tos_Omon_EC-Earth3_ssp370_r1i1p1f1_gn_201601-201612.nc
  descargando archivo 3/86: tos_Omon_EC-Earth3_ssp370_r1i1p1f1_gn_201701-201712.nc
  descargando archivo 4/86: tos_Omon_EC-Earth3_ssp370_r1i1p1f1_gn_201801-201812.nc
  descargando archivo 5/86: tos_Omon_EC-Earth3_ssp370_r1i1p1f1_gn_201901-201912.nc
  descargando archivo 6/86: tos_Omon_EC-Earth3_ssp370_r1i1p1f1_gn_202001-202012.nc
  descargando archivo 7/86: tos_Omon_EC-Earth3_ssp370_r1i1p1f1_gn_202101-202112.nc
  descargando archivo 8/86: tos_Omon_EC-Earth3_ssp370_r1i1p1f1_gn_202201-202212.nc
  descargando archivo 9/86: tos_Omon_EC-Earth3_ssp370_r1i1p1f1_gn_202301-202312.nc
  descargando archivo 10/86: tos_Omon_EC-Earth3_ssp370_r1i1p1f1_gn_202401-202412.nc
  descargando archivo 11/86: tos_Omon_EC-Earth3_ssp370_r1i1p1f1_gn_202501-202512.nc
  descargando archivo 12/86: tos_Omon_EC-Earth3_ssp370_r1i1p1f1_gn_202601-202612.nc
  descargando archivo 13/86: tos_Omon_EC-Earth3_ssp370_r1i1p1f1_gn_202701-202712.nc
  descargando archivo 14/86: tos_Omon_EC-Earth3_ssp370_r1i1p1f1_gn_202801-202812.nc
  descargando archivo 15/86: tos_Omon_EC-Earth3_ssp370_r1i1p1f1_gn_202901-202912.nc
  descargando archivo 16/86: tos_Omon_EC-Earth3_ssp370_r1i1p1f1_gn_203001-203012.nc
  descargando archivo 17/86: tos_Omon_EC-Earth3_ssp370_r1i1p1f1_gn_203101-203112.nc
  descargando archivo 18/86: tos_Omon_EC-Earth3_ssp370_r1i1p1f1_gn_203201-203212.nc
  descargando archivo 19/86: tos_Omon_EC-Earth3_ssp370_r1i1p1f1_gn_203301-203312.nc
  descargando archivo 20/86: tos_Omon_EC-Earth3_ssp370_r1i1p1f1_gn_203401-203412.nc
  descargando archivo 21/86: tos_Omon_EC-Earth3_ssp370_r1i1p1f1_gn_203501-203512.nc
  descargando archivo 22/86: tos_Omon_EC-Earth3_ssp370_r1i1p1f1_gn_203601-203612.nc
  descargando archivo 23/86: tos_Omon_EC-Earth3_ssp370_r1i1p1f1_gn_203701-203712.nc
  descargando archivo 24/86: tos_Omon_EC-Earth3_ssp370_r1i1p1f1_gn_203801-203812.nc
  descargando archivo 25/86: tos_Omon_EC-Earth3_ssp370_r1i1p1f1_gn_203901-203912.nc
  descargando archivo 26/86: tos_Omon_EC-Earth3_ssp370_r1i1p1f1_gn_204001-204012.nc
  descargando archivo 27/86: tos_Omon_EC-Earth3_ssp370_r1i1p1f1_gn_204101-204112.nc
  descargando archivo 28/86: tos_Omon_EC-Earth3_ssp370_r1i1p1f1_gn_204201-204212.nc
  descargando archivo 29/86: tos_Omon_EC-Earth3_ssp370_r1i1p1f1_gn_204301-204312.nc
  descargando archivo 30/86: tos_Omon_EC-Earth3_ssp370_r1i1p1f1_gn_204401-204412.nc
  descargando archivo 31/86: tos_Omon_EC-Earth3_ssp370_r1i1p1f1_gn_204501-204512.nc
  descargando archivo 32/86: tos_Omon_EC-Earth3_ssp370_r1i1p1f1_gn_204601-204612.nc
  descargando archivo 33/86: tos_Omon_EC-Earth3_ssp370_r1i1p1f1_gn_204701-204712.nc
  descargando archivo 34/86: tos_Omon_EC-Earth3_ssp370_r1i1p1f1_gn_204801-204812.nc
  descargando archivo 35/86: tos_Omon_EC-Earth3_ssp370_r1i1p1f1_gn_204901-204912.nc
  descargando archivo 36/86: tos_Omon_EC-Earth3_ssp370_r1i1p1f1_gn_205001-205012.nc
  descargando archivo 37/86: tos_Omon_EC-Earth3_ssp370_r1i1p1f1_gn_205101-205112.nc
  descargando archivo 38/86: tos_Omon_EC-Earth3_ssp370_r1i1p1f1_gn_205201-205212.nc
  descargando archivo 39/86: tos_Omon_EC-Earth3_ssp370_r1i1p1f1_gn_205301-205312.nc
  descargando archivo 40/86: tos_Omon_EC-Earth3_ssp370_r1i1p1f1_gn_205401-205412.nc
  descargando archivo 41/86: tos_Omon_EC-Earth3_ssp370_r1i1p1f1_gn_205501-205512.nc
  descargando archivo 42/86: tos_Omon_EC-Earth3_ssp370_r1i1p1f1_gn_205601-205612.nc
  descargando archivo 43/86: tos_Omon_EC-Earth3_ssp370_r1i1p1f1_gn_205701-205712.nc
  descargando archivo 44/86: tos_Omon_EC-Earth3_ssp370_r1i1p1f1_gn_205801-205812.nc
  descargando archivo 45/86: tos_Omon_EC-Earth3_ssp370_r1i1p1f1_gn_205901-205912.nc
  descargando archivo 46/86: tos_Omon_EC-Earth3_ssp370_r1i1p1f1_gn_206001-206012.nc
  descargando archivo 47/86: tos_Omon_EC-Earth3_ssp370_r1i1p1f1_gn_206101-206112.nc
  descargando archivo 48/86: tos_Omon_EC-Earth3_ssp370_r1i1p1f1_gn_206201-206212.nc
  descargando archivo 49/86: tos_Omon_EC-Earth3_ssp370_r1i1p1f1_gn_206301-206312.nc
  descargando archivo 50/86: tos_Omon_EC-Earth3_ssp370_r1i1p1f1_gn_206401-206412.nc
  descargando archivo 51/86: tos_Omon_EC-Earth3_ssp370_r1i1p1f1_gn_206501-206512.nc
  descargando archivo 52/86: tos_Omon_EC-Earth3_ssp370_r1i1p1f1_gn_206601-206612.nc
  descargando archivo 53/86: tos_Omon_EC-Earth3_ssp370_r1i1p1f1_gn_206701-206712.nc
  descargando archivo 54/86: tos_Omon_EC-Earth3_ssp370_r1i1p1f1_gn_206801-206812.nc
  descargando archivo 55/86: tos_Omon_EC-Earth3_ssp370_r1i1p1f1_gn_206901-206912.nc
  descargando archivo 56/86: tos_Omon_EC-Earth3_ssp370_r1i1p1f1_gn_207001-207012.nc
  descargando archivo 57/86: tos_Omon_EC-Earth3_ssp370_r1i1p1f1_gn_207101-207112.nc
  descargando archivo 58/86: tos_Omon_EC-Earth3_ssp370_r1i1p1f1_gn_207201-207212.nc
  descargando archivo 59/86: tos_Omon_EC-Earth3_ssp370_r1i1p1f1_gn_207301-207312.nc
  descargando archivo 60/86: tos_Omon_EC-Earth3_ssp370_r1i1p1f1_gn_207401-207412.nc
  descargando archivo 61/86: tos_Omon_EC-Earth3_ssp370_r1i1p1f1_gn_207501-207512.nc
  descargando archivo 62/86: tos_Omon_EC-Earth3_ssp370_r1i1p1f1_gn_207601-207612.nc
  descargando archivo 63/86: tos_Omon_EC-Earth3_ssp370_r1i1p1f1_gn_207701-207712.nc
  descargando archivo 64/86: tos_Omon_EC-Earth3_ssp370_r1i1p1f1_gn_207801-207812.nc
  descargando archivo 65/86: tos_Omon_EC-Earth3_ssp370_r1i1p1f1_gn_207901-207912.nc
  descargando archivo 66/86: tos_Omon_EC-Earth3_ssp370_r1i1p1f1_gn_208001-208012.nc
  descargando archivo 67/86: tos_Omon_EC-Earth3_ssp370_r1i1p1f1_gn_208101-208112.nc
  descargando archivo 68/86: tos_Omon_EC-Earth3_ssp370_r1i1p1f1_gn_208201-208212.nc
  descargando archivo 69/86: tos_Omon_EC-Earth3_ssp370_r1i1p1f1_gn_208301-208312.nc
  descargando archivo 70/86: tos_Omon_EC-Earth3_ssp370_r1i1p1f1_gn_208401-208412.nc
  descargando archivo 71/86: tos_Omon_EC-Earth3_ssp370_r1i1p1f1_gn_208501-208512.nc
  descargando archivo 72/86: tos_Omon_EC-Earth3_ssp370_r1i1p1f1_gn_208601-208612.nc
  descargando archivo 73/86: tos_Omon_EC-Earth3_ssp370_r1i1p1f1_gn_208701-208712.nc
  descargando archivo 74/86: tos_Omon_EC-Earth3_ssp370_r1i1p1f1_gn_208801-208812.nc
  descargando archivo 75/86: tos_Omon_EC-Earth3_ssp370_r1i1p1f1_gn_208901-208912.nc
  descargando archivo 76/86: tos_Omon_EC-Earth3_ssp370_r1i1p1f1_gn_209001-209012.nc
  descargando archivo 77/86: tos_Omon_EC-Earth3_ssp370_r1i1p1f1_gn_209101-209112.nc
  descargando archivo 78/86: tos_Omon_EC-Earth3_ssp370_r1i1p1f1_gn_209201-209212.nc
  descargando archivo 79/86: tos_Omon_EC-Earth3_ssp370_r1i1p1f1_gn_209301-209312.nc
  descargando archivo 80/86: tos_Omon_EC-Earth3_ssp370_r1i1p1f1_gn_209401-209412.nc
  descargando archivo 81/86: tos_Omon_EC-Earth3_ssp370_r1i1p1f1_gn_209501-209512.nc
  descargando archivo 82/86: tos_Omon_EC-Earth3_ssp370_r1i1p1f1_gn_209601-209612.nc
  descargando archivo 83/86: tos_Omon_EC-Earth3_ssp370_r1i1p1f1_gn_209701-209712.nc
  descargando archivo 84/86: tos_Omon_EC-Earth3_ssp370_r1i1p1f1_gn_209801-209812.nc
  descargando archivo 85/86: tos_Omon_EC-Earth3_ssp370_r1i1p1f1_gn_209901-209912.nc
  descargando archivo 86/86: tos_Omon_EC-Earth3_ssp370_r1i1p1f1_gn_210001-210012.nc
Procesando EC-Earth3 ssp585 (17) ...
  descargando archivo 1/86: tos_Omon_EC-Earth3_ssp585_r1i1p1f1_gn_201501-201512.nc
  descargando archivo 2/86: tos_Omon_EC-Earth3_ssp585_r1i1p1f1_gn_201601-201612.nc
  descargando archivo 3/86: tos_Omon_EC-Earth3_ssp585_r1i1p1f1_gn_201701-201712.nc
  descargando archivo 4/86: tos_Omon_EC-Earth3_ssp585_r1i1p1f1_gn_201801-201812.nc
  descargando archivo 5/86: tos_Omon_EC-Earth3_ssp585_r1i1p1f1_gn_201901-201912.nc
  descargando archivo 6/86: tos_Omon_EC-Earth3_ssp585_r1i1p1f1_gn_202001-202012.nc
  descargando archivo 7/86: tos_Omon_EC-Earth3_ssp585_r1i1p1f1_gn_202101-202112.nc
  descargando archivo 8/86: tos_Omon_EC-Earth3_ssp585_r1i1p1f1_gn_202201-202212.nc
  descargando archivo 9/86: tos_Omon_EC-Earth3_ssp585_r1i1p1f1_gn_202301-202312.nc
  descargando archivo 10/86: tos_Omon_EC-Earth3_ssp585_r1i1p1f1_gn_202401-202412.nc
  descargando archivo 11/86: tos_Omon_EC-Earth3_ssp585_r1i1p1f1_gn_202501-202512.nc
  descargando archivo 12/86: tos_Omon_EC-Earth3_ssp585_r1i1p1f1_gn_202601-202612.nc
  descargando archivo 13/86: tos_Omon_EC-Earth3_ssp585_r1i1p1f1_gn_202701-202712.nc
  descargando archivo 14/86: tos_Omon_EC-Earth3_ssp585_r1i1p1f1_gn_202801-202812.nc
  descargando archivo 15/86: tos_Omon_EC-Earth3_ssp585_r1i1p1f1_gn_202901-202912.nc
  descargando archivo 16/86: tos_Omon_EC-Earth3_ssp585_r1i1p1f1_gn_203001-203012.nc
  descargando archivo 17/86: tos_Omon_EC-Earth3_ssp585_r1i1p1f1_gn_203101-203112.nc
  descargando archivo 18/86: tos_Omon_EC-Earth3_ssp585_r1i1p1f1_gn_203201-203212.nc
  descargando archivo 19/86: tos_Omon_EC-Earth3_ssp585_r1i1p1f1_gn_203301-203312.nc
  descargando archivo 20/86: tos_Omon_EC-Earth3_ssp585_r1i1p1f1_gn_203401-203412.nc
  descargando archivo 21/86: tos_Omon_EC-Earth3_ssp585_r1i1p1f1_gn_203501-203512.nc
  descargando archivo 22/86: tos_Omon_EC-Earth3_ssp585_r1i1p1f1_gn_203601-203612.nc
  descargando archivo 23/86: tos_Omon_EC-Earth3_ssp585_r1i1p1f1_gn_203701-203712.nc
  descargando archivo 24/86: tos_Omon_EC-Earth3_ssp585_r1i1p1f1_gn_203801-203812.nc
  descargando archivo 25/86: tos_Omon_EC-Earth3_ssp585_r1i1p1f1_gn_203901-203912.nc
  descargando archivo 26/86: tos_Omon_EC-Earth3_ssp585_r1i1p1f1_gn_204001-204012.nc
  descargando archivo 27/86: tos_Omon_EC-Earth3_ssp585_r1i1p1f1_gn_204101-204112.nc
  descargando archivo 28/86: tos_Omon_EC-Earth3_ssp585_r1i1p1f1_gn_204201-204212.nc
  descargando archivo 29/86: tos_Omon_EC-Earth3_ssp585_r1i1p1f1_gn_204301-204312.nc
  descargando archivo 30/86: tos_Omon_EC-Earth3_ssp585_r1i1p1f1_gn_204401-204412.nc
  descargando archivo 31/86: tos_Omon_EC-Earth3_ssp585_r1i1p1f1_gn_204501-204512.nc
  descargando archivo 32/86: tos_Omon_EC-Earth3_ssp585_r1i1p1f1_gn_204601-204612.nc
  descargando archivo 33/86: tos_Omon_EC-Earth3_ssp585_r1i1p1f1_gn_204701-204712.nc
  descargando archivo 34/86: tos_Omon_EC-Earth3_ssp585_r1i1p1f1_gn_204801-204812.nc
  descargando archivo 35/86: tos_Omon_EC-Earth3_ssp585_r1i1p1f1_gn_204901-204912.nc
  descargando archivo 36/86: tos_Omon_EC-Earth3_ssp585_r1i1p1f1_gn_205001-205012.nc
  descargando archivo 37/86: tos_Omon_EC-Earth3_ssp585_r1i1p1f1_gn_205101-205112.nc
  descargando archivo 38/86: tos_Omon_EC-Earth3_ssp585_r1i1p1f1_gn_205201-205212.nc
  descargando archivo 39/86: tos_Omon_EC-Earth3_ssp585_r1i1p1f1_gn_205301-205312.nc
  descargando archivo 40/86: tos_Omon_EC-Earth3_ssp585_r1i1p1f1_gn_205401-205412.nc
  descargando archivo 41/86: tos_Omon_EC-Earth3_ssp585_r1i1p1f1_gn_205501-205512.nc
  descargando archivo 42/86: tos_Omon_EC-Earth3_ssp585_r1i1p1f1_gn_205601-205612.nc
  descargando archivo 43/86: tos_Omon_EC-Earth3_ssp585_r1i1p1f1_gn_205701-205712.nc
  descargando archivo 44/86: tos_Omon_EC-Earth3_ssp585_r1i1p1f1_gn_205801-205812.nc
  descargando archivo 45/86: tos_Omon_EC-Earth3_ssp585_r1i1p1f1_gn_205901-205912.nc
  descargando archivo 46/86: tos_Omon_EC-Earth3_ssp585_r1i1p1f1_gn_206001-206012.nc
  descargando archivo 47/86: tos_Omon_EC-Earth3_ssp585_r1i1p1f1_gn_206101-206112.nc
  descargando archivo 48/86: tos_Omon_EC-Earth3_ssp585_r1i1p1f1_gn_206201-206212.nc
  descargando archivo 49/86: tos_Omon_EC-Earth3_ssp585_r1i1p1f1_gn_206301-206312.nc
  descargando archivo 50/86: tos_Omon_EC-Earth3_ssp585_r1i1p1f1_gn_206401-206412.nc
  descargando archivo 51/86: tos_Omon_EC-Earth3_ssp585_r1i1p1f1_gn_206501-206512.nc
  descargando archivo 52/86: tos_Omon_EC-Earth3_ssp585_r1i1p1f1_gn_206601-206612.nc
  descargando archivo 53/86: tos_Omon_EC-Earth3_ssp585_r1i1p1f1_gn_206701-206712.nc
  descargando archivo 54/86: tos_Omon_EC-Earth3_ssp585_r1i1p1f1_gn_206801-206812.nc
  descargando archivo 55/86: tos_Omon_EC-Earth3_ssp585_r1i1p1f1_gn_206901-206912.nc
  descargando archivo 56/86: tos_Omon_EC-Earth3_ssp585_r1i1p1f1_gn_207001-207012.nc
  descargando archivo 57/86: tos_Omon_EC-Earth3_ssp585_r1i1p1f1_gn_207101-207112.nc
  descargando archivo 58/86: tos_Omon_EC-Earth3_ssp585_r1i1p1f1_gn_207201-207212.nc
  descargando archivo 59/86: tos_Omon_EC-Earth3_ssp585_r1i1p1f1_gn_207301-207312.nc
  descargando archivo 60/86: tos_Omon_EC-Earth3_ssp585_r1i1p1f1_gn_207401-207412.nc
  descargando archivo 61/86: tos_Omon_EC-Earth3_ssp585_r1i1p1f1_gn_207501-207512.nc
  descargando archivo 62/86: tos_Omon_EC-Earth3_ssp585_r1i1p1f1_gn_207601-207612.nc
  descargando archivo 63/86: tos_Omon_EC-Earth3_ssp585_r1i1p1f1_gn_207701-207712.nc
  descargando archivo 64/86: tos_Omon_EC-Earth3_ssp585_r1i1p1f1_gn_207801-207812.nc
  descargando archivo 65/86: tos_Omon_EC-Earth3_ssp585_r1i1p1f1_gn_207901-207912.nc
  descargando archivo 66/86: tos_Omon_EC-Earth3_ssp585_r1i1p1f1_gn_208001-208012.nc
  descargando archivo 67/86: tos_Omon_EC-Earth3_ssp585_r1i1p1f1_gn_208101-208112.nc
  descargando archivo 68/86: tos_Omon_EC-Earth3_ssp585_r1i1p1f1_gn_208201-208212.nc
  descargando archivo 69/86: tos_Omon_EC-Earth3_ssp585_r1i1p1f1_gn_208301-208312.nc
  descargando archivo 70/86: tos_Omon_EC-Earth3_ssp585_r1i1p1f1_gn_208401-208412.nc
  descargando archivo 71/86: tos_Omon_EC-Earth3_ssp585_r1i1p1f1_gn_208501-208512.nc
  descargando archivo 72/86: tos_Omon_EC-Earth3_ssp585_r1i1p1f1_gn_208601-208612.nc
  descargando archivo 73/86: tos_Omon_EC-Earth3_ssp585_r1i1p1f1_gn_208701-208712.nc
  descargando archivo 74/86: tos_Omon_EC-Earth3_ssp585_r1i1p1f1_gn_208801-208812.nc
  descargando archivo 75/86: tos_Omon_EC-Earth3_ssp585_r1i1p1f1_gn_208901-208912.nc
  descargando archivo 76/86: tos_Omon_EC-Earth3_ssp585_r1i1p1f1_gn_209001-209012.nc
  descargando archivo 77/86: tos_Omon_EC-Earth3_ssp585_r1i1p1f1_gn_209101-209112.nc
  descargando archivo 78/86: tos_Omon_EC-Earth3_ssp585_r1i1p1f1_gn_209201-209212.nc
  descargando archivo 79/86: tos_Omon_EC-Earth3_ssp585_r1i1p1f1_gn_209301-209312.nc
  descargando archivo 80/86: tos_Omon_EC-Earth3_ssp585_r1i1p1f1_gn_209401-209412.nc
  descargando archivo 81/86: tos_Omon_EC-Earth3_ssp585_r1i1p1f1_gn_209501-209512.nc
  descargando archivo 82/86: tos_Omon_EC-Earth3_ssp585_r1i1p1f1_gn_209601-209612.nc
  descargando archivo 83/86: tos_Omon_EC-Earth3_ssp585_r1i1p1f1_gn_209701-209712.nc
  descargando archivo 84/86: tos_Omon_EC-Earth3_ssp585_r1i1p1f1_gn_209801-209812.nc
  descargando archivo 85/86: tos_Omon_EC-Earth3_ssp585_r1i1p1f1_gn_209901-209912.nc
  descargando archivo 86/86: tos_Omon_EC-Earth3_ssp585_r1i1p1f1_gn_210001-210012.nc
EC-Earth3-Veg historical: ya procesado (paso 04/05), se omite la descarga de crudos
EC-Earth3-Veg ssp245: ya procesado (paso 04/05), se omite la descarga de crudos
EC-Earth3-Veg ssp370: ya procesado (paso 04/05), se omite la descarga de crudos
EC-Earth3-Veg ssp585: ya procesado (paso 04/05), se omite la descarga de crudos
Procesando EC-Earth3-Veg-LR historical (19) ...
  descargando archivo 1/165: tos_Omon_EC-Earth3-Veg-LR_historical_r1i1p1f1_gn_185001-185012.nc
  descargando archivo 2/165: tos_Omon_EC-Earth3-Veg-LR_historical_r1i1p1f1_gn_185101-185112.nc
  descargando archivo 3/165: tos_Omon_EC-Earth3-Veg-LR_historical_r1i1p1f1_gn_185201-185212.nc
  descargando archivo 4/165: tos_Omon_EC-Earth3-Veg-LR_historical_r1i1p1f1_gn_185301-185312.nc
  descargando archivo 5/165: tos_Omon_EC-Earth3-Veg-LR_historical_r1i1p1f1_gn_185401-185412.nc
  descargando archivo 6/165: tos_Omon_EC-Earth3-Veg-LR_historical_r1i1p1f1_gn_185501-185512.nc
  descargando archivo 7/165: tos_Omon_EC-Earth3-Veg-LR_historical_r1i1p1f1_gn_185601-185612.nc
  descargando archivo 8/165: tos_Omon_EC-Earth3-Veg-LR_historical_r1i1p1f1_gn_185701-185712.nc
  descargando archivo 9/165: tos_Omon_EC-Earth3-Veg-LR_historical_r1i1p1f1_gn_185801-185812.nc
  descargando archivo 10/165: tos_Omon_EC-Earth3-Veg-LR_historical_r1i1p1f1_gn_185901-185912.nc
  descargando archivo 11/165: tos_Omon_EC-Earth3-Veg-LR_historical_r1i1p1f1_gn_186001-186012.nc
  descargando archivo 12/165: tos_Omon_EC-Earth3-Veg-LR_historical_r1i1p1f1_gn_186101-186112.nc
  descargando archivo 13/165: tos_Omon_EC-Earth3-Veg-LR_historical_r1i1p1f1_gn_186201-186212.nc
  descargando archivo 14/165: tos_Omon_EC-Earth3-Veg-LR_historical_r1i1p1f1_gn_186301-186312.nc
  descargando archivo 15/165: tos_Omon_EC-Earth3-Veg-LR_historical_r1i1p1f1_gn_186401-186412.nc
  descargando archivo 16/165: tos_Omon_EC-Earth3-Veg-LR_historical_r1i1p1f1_gn_186501-186512.nc
  descargando archivo 17/165: tos_Omon_EC-Earth3-Veg-LR_historical_r1i1p1f1_gn_186601-186612.nc
  descargando archivo 18/165: tos_Omon_EC-Earth3-Veg-LR_historical_r1i1p1f1_gn_186701-186712.nc
  descargando archivo 19/165: tos_Omon_EC-Earth3-Veg-LR_historical_r1i1p1f1_gn_186801-186812.nc
  descargando archivo 20/165: tos_Omon_EC-Earth3-Veg-LR_historical_r1i1p1f1_gn_186901-186912.nc
  descargando archivo 21/165: tos_Omon_EC-Earth3-Veg-LR_historical_r1i1p1f1_gn_187001-187012.nc
  descargando archivo 22/165: tos_Omon_EC-Earth3-Veg-LR_historical_r1i1p1f1_gn_187101-187112.nc
  descargando archivo 23/165: tos_Omon_EC-Earth3-Veg-LR_historical_r1i1p1f1_gn_187201-187212.nc
  descargando archivo 24/165: tos_Omon_EC-Earth3-Veg-LR_historical_r1i1p1f1_gn_187301-187312.nc
  descargando archivo 25/165: tos_Omon_EC-Earth3-Veg-LR_historical_r1i1p1f1_gn_187401-187412.nc
  descargando archivo 26/165: tos_Omon_EC-Earth3-Veg-LR_historical_r1i1p1f1_gn_187501-187512.nc
  descargando archivo 27/165: tos_Omon_EC-Earth3-Veg-LR_historical_r1i1p1f1_gn_187601-187612.nc
  descargando archivo 28/165: tos_Omon_EC-Earth3-Veg-LR_historical_r1i1p1f1_gn_187701-187712.nc
  descargando archivo 29/165: tos_Omon_EC-Earth3-Veg-LR_historical_r1i1p1f1_gn_187801-187812.nc
  descargando archivo 30/165: tos_Omon_EC-Earth3-Veg-LR_historical_r1i1p1f1_gn_187901-187912.nc
  descargando archivo 31/165: tos_Omon_EC-Earth3-Veg-LR_historical_r1i1p1f1_gn_188001-188012.nc
  descargando archivo 32/165: tos_Omon_EC-Earth3-Veg-LR_historical_r1i1p1f1_gn_188101-188112.nc
  descargando archivo 33/165: tos_Omon_EC-Earth3-Veg-LR_historical_r1i1p1f1_gn_188201-188212.nc
  descargando archivo 34/165: tos_Omon_EC-Earth3-Veg-LR_historical_r1i1p1f1_gn_188301-188312.nc
  descargando archivo 35/165: tos_Omon_EC-Earth3-Veg-LR_historical_r1i1p1f1_gn_188401-188412.nc
  descargando archivo 36/165: tos_Omon_EC-Earth3-Veg-LR_historical_r1i1p1f1_gn_188501-188512.nc
  descargando archivo 37/165: tos_Omon_EC-Earth3-Veg-LR_historical_r1i1p1f1_gn_188601-188612.nc
  descargando archivo 38/165: tos_Omon_EC-Earth3-Veg-LR_historical_r1i1p1f1_gn_188701-188712.nc
  descargando archivo 39/165: tos_Omon_EC-Earth3-Veg-LR_historical_r1i1p1f1_gn_188801-188812.nc
  descargando archivo 40/165: tos_Omon_EC-Earth3-Veg-LR_historical_r1i1p1f1_gn_188901-188912.nc
  descargando archivo 41/165: tos_Omon_EC-Earth3-Veg-LR_historical_r1i1p1f1_gn_189001-189012.nc
  descargando archivo 42/165: tos_Omon_EC-Earth3-Veg-LR_historical_r1i1p1f1_gn_189101-189112.nc
  descargando archivo 43/165: tos_Omon_EC-Earth3-Veg-LR_historical_r1i1p1f1_gn_189201-189212.nc
  descargando archivo 44/165: tos_Omon_EC-Earth3-Veg-LR_historical_r1i1p1f1_gn_189301-189312.nc
  descargando archivo 45/165: tos_Omon_EC-Earth3-Veg-LR_historical_r1i1p1f1_gn_189401-189412.nc
  descargando archivo 46/165: tos_Omon_EC-Earth3-Veg-LR_historical_r1i1p1f1_gn_189501-189512.nc
  descargando archivo 47/165: tos_Omon_EC-Earth3-Veg-LR_historical_r1i1p1f1_gn_189601-189612.nc
  descargando archivo 48/165: tos_Omon_EC-Earth3-Veg-LR_historical_r1i1p1f1_gn_189701-189712.nc
  descargando archivo 49/165: tos_Omon_EC-Earth3-Veg-LR_historical_r1i1p1f1_gn_189801-189812.nc
  descargando archivo 50/165: tos_Omon_EC-Earth3-Veg-LR_historical_r1i1p1f1_gn_189901-189912.nc
  descargando archivo 51/165: tos_Omon_EC-Earth3-Veg-LR_historical_r1i1p1f1_gn_190001-190012.nc
  descargando archivo 52/165: tos_Omon_EC-Earth3-Veg-LR_historical_r1i1p1f1_gn_190101-190112.nc
  descargando archivo 53/165: tos_Omon_EC-Earth3-Veg-LR_historical_r1i1p1f1_gn_190201-190212.nc
  descargando archivo 54/165: tos_Omon_EC-Earth3-Veg-LR_historical_r1i1p1f1_gn_190301-190312.nc
  descargando archivo 55/165: tos_Omon_EC-Earth3-Veg-LR_historical_r1i1p1f1_gn_190401-190412.nc
  descargando archivo 56/165: tos_Omon_EC-Earth3-Veg-LR_historical_r1i1p1f1_gn_190501-190512.nc
  descargando archivo 57/165: tos_Omon_EC-Earth3-Veg-LR_historical_r1i1p1f1_gn_190601-190612.nc
  descargando archivo 58/165: tos_Omon_EC-Earth3-Veg-LR_historical_r1i1p1f1_gn_190701-190712.nc
  descargando archivo 59/165: tos_Omon_EC-Earth3-Veg-LR_historical_r1i1p1f1_gn_190801-190812.nc
  descargando archivo 60/165: tos_Omon_EC-Earth3-Veg-LR_historical_r1i1p1f1_gn_190901-190912.nc
  descargando archivo 61/165: tos_Omon_EC-Earth3-Veg-LR_historical_r1i1p1f1_gn_191001-191012.nc
  descargando archivo 62/165: tos_Omon_EC-Earth3-Veg-LR_historical_r1i1p1f1_gn_191101-191112.nc
  descargando archivo 63/165: tos_Omon_EC-Earth3-Veg-LR_historical_r1i1p1f1_gn_191201-191212.nc
  descargando archivo 64/165: tos_Omon_EC-Earth3-Veg-LR_historical_r1i1p1f1_gn_191301-191312.nc
  descargando archivo 65/165: tos_Omon_EC-Earth3-Veg-LR_historical_r1i1p1f1_gn_191401-191412.nc
  descargando archivo 66/165: tos_Omon_EC-Earth3-Veg-LR_historical_r1i1p1f1_gn_191501-191512.nc
  descargando archivo 67/165: tos_Omon_EC-Earth3-Veg-LR_historical_r1i1p1f1_gn_191601-191612.nc
  descargando archivo 68/165: tos_Omon_EC-Earth3-Veg-LR_historical_r1i1p1f1_gn_191701-191712.nc
  descargando archivo 69/165: tos_Omon_EC-Earth3-Veg-LR_historical_r1i1p1f1_gn_191801-191812.nc
  descargando archivo 70/165: tos_Omon_EC-Earth3-Veg-LR_historical_r1i1p1f1_gn_191901-191912.nc
  descargando archivo 71/165: tos_Omon_EC-Earth3-Veg-LR_historical_r1i1p1f1_gn_192001-192012.nc
  descargando archivo 72/165: tos_Omon_EC-Earth3-Veg-LR_historical_r1i1p1f1_gn_192101-192112.nc
  descargando archivo 73/165: tos_Omon_EC-Earth3-Veg-LR_historical_r1i1p1f1_gn_192201-192212.nc
  descargando archivo 74/165: tos_Omon_EC-Earth3-Veg-LR_historical_r1i1p1f1_gn_192301-192312.nc
  descargando archivo 75/165: tos_Omon_EC-Earth3-Veg-LR_historical_r1i1p1f1_gn_192401-192412.nc
  descargando archivo 76/165: tos_Omon_EC-Earth3-Veg-LR_historical_r1i1p1f1_gn_192501-192512.nc
  descargando archivo 77/165: tos_Omon_EC-Earth3-Veg-LR_historical_r1i1p1f1_gn_192601-192612.nc
  descargando archivo 78/165: tos_Omon_EC-Earth3-Veg-LR_historical_r1i1p1f1_gn_192701-192712.nc
  descargando archivo 79/165: tos_Omon_EC-Earth3-Veg-LR_historical_r1i1p1f1_gn_192801-192812.nc
  descargando archivo 80/165: tos_Omon_EC-Earth3-Veg-LR_historical_r1i1p1f1_gn_192901-192912.nc
  descargando archivo 81/165: tos_Omon_EC-Earth3-Veg-LR_historical_r1i1p1f1_gn_193001-193012.nc
  descargando archivo 82/165: tos_Omon_EC-Earth3-Veg-LR_historical_r1i1p1f1_gn_193101-193112.nc
  descargando archivo 83/165: tos_Omon_EC-Earth3-Veg-LR_historical_r1i1p1f1_gn_193201-193212.nc
  descargando archivo 84/165: tos_Omon_EC-Earth3-Veg-LR_historical_r1i1p1f1_gn_193301-193312.nc
  descargando archivo 85/165: tos_Omon_EC-Earth3-Veg-LR_historical_r1i1p1f1_gn_193401-193412.nc
  descargando archivo 86/165: tos_Omon_EC-Earth3-Veg-LR_historical_r1i1p1f1_gn_193501-193512.nc
  descargando archivo 87/165: tos_Omon_EC-Earth3-Veg-LR_historical_r1i1p1f1_gn_193601-193612.nc
  descargando archivo 88/165: tos_Omon_EC-Earth3-Veg-LR_historical_r1i1p1f1_gn_193701-193712.nc
  descargando archivo 89/165: tos_Omon_EC-Earth3-Veg-LR_historical_r1i1p1f1_gn_193801-193812.nc
  descargando archivo 90/165: tos_Omon_EC-Earth3-Veg-LR_historical_r1i1p1f1_gn_193901-193912.nc
  descargando archivo 91/165: tos_Omon_EC-Earth3-Veg-LR_historical_r1i1p1f1_gn_194001-194012.nc
  descargando archivo 92/165: tos_Omon_EC-Earth3-Veg-LR_historical_r1i1p1f1_gn_194101-194112.nc
  descargando archivo 93/165: tos_Omon_EC-Earth3-Veg-LR_historical_r1i1p1f1_gn_194201-194212.nc
  descargando archivo 94/165: tos_Omon_EC-Earth3-Veg-LR_historical_r1i1p1f1_gn_194301-194312.nc
  descargando archivo 95/165: tos_Omon_EC-Earth3-Veg-LR_historical_r1i1p1f1_gn_194401-194412.nc
  descargando archivo 96/165: tos_Omon_EC-Earth3-Veg-LR_historical_r1i1p1f1_gn_194501-194512.nc
  descargando archivo 97/165: tos_Omon_EC-Earth3-Veg-LR_historical_r1i1p1f1_gn_194601-194612.nc
  descargando archivo 98/165: tos_Omon_EC-Earth3-Veg-LR_historical_r1i1p1f1_gn_194701-194712.nc
  descargando archivo 99/165: tos_Omon_EC-Earth3-Veg-LR_historical_r1i1p1f1_gn_194801-194812.nc
  descargando archivo 100/165: tos_Omon_EC-Earth3-Veg-LR_historical_r1i1p1f1_gn_194901-194912.nc
  descargando archivo 101/165: tos_Omon_EC-Earth3-Veg-LR_historical_r1i1p1f1_gn_195001-195012.nc
  descargando archivo 102/165: tos_Omon_EC-Earth3-Veg-LR_historical_r1i1p1f1_gn_195101-195112.nc
  descargando archivo 103/165: tos_Omon_EC-Earth3-Veg-LR_historical_r1i1p1f1_gn_195201-195212.nc
  descargando archivo 104/165: tos_Omon_EC-Earth3-Veg-LR_historical_r1i1p1f1_gn_195301-195312.nc
  descargando archivo 105/165: tos_Omon_EC-Earth3-Veg-LR_historical_r1i1p1f1_gn_195401-195412.nc
  descargando archivo 106/165: tos_Omon_EC-Earth3-Veg-LR_historical_r1i1p1f1_gn_195501-195512.nc
  descargando archivo 107/165: tos_Omon_EC-Earth3-Veg-LR_historical_r1i1p1f1_gn_195601-195612.nc
  descargando archivo 108/165: tos_Omon_EC-Earth3-Veg-LR_historical_r1i1p1f1_gn_195701-195712.nc
  descargando archivo 109/165: tos_Omon_EC-Earth3-Veg-LR_historical_r1i1p1f1_gn_195801-195812.nc
  descargando archivo 110/165: tos_Omon_EC-Earth3-Veg-LR_historical_r1i1p1f1_gn_195901-195912.nc
  descargando archivo 111/165: tos_Omon_EC-Earth3-Veg-LR_historical_r1i1p1f1_gn_196001-196012.nc
  descargando archivo 112/165: tos_Omon_EC-Earth3-Veg-LR_historical_r1i1p1f1_gn_196101-196112.nc
  descargando archivo 113/165: tos_Omon_EC-Earth3-Veg-LR_historical_r1i1p1f1_gn_196201-196212.nc
  descargando archivo 114/165: tos_Omon_EC-Earth3-Veg-LR_historical_r1i1p1f1_gn_196301-196312.nc
  descargando archivo 115/165: tos_Omon_EC-Earth3-Veg-LR_historical_r1i1p1f1_gn_196401-196412.nc
  descargando archivo 116/165: tos_Omon_EC-Earth3-Veg-LR_historical_r1i1p1f1_gn_196501-196512.nc
  descargando archivo 117/165: tos_Omon_EC-Earth3-Veg-LR_historical_r1i1p1f1_gn_196601-196612.nc
  descargando archivo 118/165: tos_Omon_EC-Earth3-Veg-LR_historical_r1i1p1f1_gn_196701-196712.nc
  descargando archivo 119/165: tos_Omon_EC-Earth3-Veg-LR_historical_r1i1p1f1_gn_196801-196812.nc
  descargando archivo 120/165: tos_Omon_EC-Earth3-Veg-LR_historical_r1i1p1f1_gn_196901-196912.nc
  descargando archivo 121/165: tos_Omon_EC-Earth3-Veg-LR_historical_r1i1p1f1_gn_197001-197012.nc
  descargando archivo 122/165: tos_Omon_EC-Earth3-Veg-LR_historical_r1i1p1f1_gn_197101-197112.nc
  descargando archivo 123/165: tos_Omon_EC-Earth3-Veg-LR_historical_r1i1p1f1_gn_197201-197212.nc
  descargando archivo 124/165: tos_Omon_EC-Earth3-Veg-LR_historical_r1i1p1f1_gn_197301-197312.nc
  descargando archivo 125/165: tos_Omon_EC-Earth3-Veg-LR_historical_r1i1p1f1_gn_197401-197412.nc
  descargando archivo 126/165: tos_Omon_EC-Earth3-Veg-LR_historical_r1i1p1f1_gn_197501-197512.nc
  descargando archivo 127/165: tos_Omon_EC-Earth3-Veg-LR_historical_r1i1p1f1_gn_197601-197612.nc
  descargando archivo 128/165: tos_Omon_EC-Earth3-Veg-LR_historical_r1i1p1f1_gn_197701-197712.nc
  descargando archivo 129/165: tos_Omon_EC-Earth3-Veg-LR_historical_r1i1p1f1_gn_197801-197812.nc
  descargando archivo 130/165: tos_Omon_EC-Earth3-Veg-LR_historical_r1i1p1f1_gn_197901-197912.nc
  descargando archivo 131/165: tos_Omon_EC-Earth3-Veg-LR_historical_r1i1p1f1_gn_198001-198012.nc
  descargando archivo 132/165: tos_Omon_EC-Earth3-Veg-LR_historical_r1i1p1f1_gn_198101-198112.nc
  descargando archivo 133/165: tos_Omon_EC-Earth3-Veg-LR_historical_r1i1p1f1_gn_198201-198212.nc
  descargando archivo 134/165: tos_Omon_EC-Earth3-Veg-LR_historical_r1i1p1f1_gn_198301-198312.nc
  descargando archivo 135/165: tos_Omon_EC-Earth3-Veg-LR_historical_r1i1p1f1_gn_198401-198412.nc
  descargando archivo 136/165: tos_Omon_EC-Earth3-Veg-LR_historical_r1i1p1f1_gn_198501-198512.nc
  descargando archivo 137/165: tos_Omon_EC-Earth3-Veg-LR_historical_r1i1p1f1_gn_198601-198612.nc
  descargando archivo 138/165: tos_Omon_EC-Earth3-Veg-LR_historical_r1i1p1f1_gn_198701-198712.nc
  descargando archivo 139/165: tos_Omon_EC-Earth3-Veg-LR_historical_r1i1p1f1_gn_198801-198812.nc
  descargando archivo 140/165: tos_Omon_EC-Earth3-Veg-LR_historical_r1i1p1f1_gn_198901-198912.nc
  descargando archivo 141/165: tos_Omon_EC-Earth3-Veg-LR_historical_r1i1p1f1_gn_199001-199012.nc
  descargando archivo 142/165: tos_Omon_EC-Earth3-Veg-LR_historical_r1i1p1f1_gn_199101-199112.nc
  descargando archivo 143/165: tos_Omon_EC-Earth3-Veg-LR_historical_r1i1p1f1_gn_199201-199212.nc
  descargando archivo 144/165: tos_Omon_EC-Earth3-Veg-LR_historical_r1i1p1f1_gn_199301-199312.nc
  descargando archivo 145/165: tos_Omon_EC-Earth3-Veg-LR_historical_r1i1p1f1_gn_199401-199412.nc
  descargando archivo 146/165: tos_Omon_EC-Earth3-Veg-LR_historical_r1i1p1f1_gn_199501-199512.nc
  descargando archivo 147/165: tos_Omon_EC-Earth3-Veg-LR_historical_r1i1p1f1_gn_199601-199612.nc
  descargando archivo 148/165: tos_Omon_EC-Earth3-Veg-LR_historical_r1i1p1f1_gn_199701-199712.nc
  descargando archivo 149/165: tos_Omon_EC-Earth3-Veg-LR_historical_r1i1p1f1_gn_199801-199812.nc
  descargando archivo 150/165: tos_Omon_EC-Earth3-Veg-LR_historical_r1i1p1f1_gn_199901-199912.nc
  descargando archivo 151/165: tos_Omon_EC-Earth3-Veg-LR_historical_r1i1p1f1_gn_200001-200012.nc
  descargando archivo 152/165: tos_Omon_EC-Earth3-Veg-LR_historical_r1i1p1f1_gn_200101-200112.nc
  descargando archivo 153/165: tos_Omon_EC-Earth3-Veg-LR_historical_r1i1p1f1_gn_200201-200212.nc
  descargando archivo 154/165: tos_Omon_EC-Earth3-Veg-LR_historical_r1i1p1f1_gn_200301-200312.nc
  descargando archivo 155/165: tos_Omon_EC-Earth3-Veg-LR_historical_r1i1p1f1_gn_200401-200412.nc
  descargando archivo 156/165: tos_Omon_EC-Earth3-Veg-LR_historical_r1i1p1f1_gn_200501-200512.nc
  descargando archivo 157/165: tos_Omon_EC-Earth3-Veg-LR_historical_r1i1p1f1_gn_200601-200612.nc
  descargando archivo 158/165: tos_Omon_EC-Earth3-Veg-LR_historical_r1i1p1f1_gn_200701-200712.nc
  descargando archivo 159/165: tos_Omon_EC-Earth3-Veg-LR_historical_r1i1p1f1_gn_200801-200812.nc
  descargando archivo 160/165: tos_Omon_EC-Earth3-Veg-LR_historical_r1i1p1f1_gn_200901-200912.nc
  descargando archivo 161/165: tos_Omon_EC-Earth3-Veg-LR_historical_r1i1p1f1_gn_201001-201012.nc
  descargando archivo 162/165: tos_Omon_EC-Earth3-Veg-LR_historical_r1i1p1f1_gn_201101-201112.nc
  descargando archivo 163/165: tos_Omon_EC-Earth3-Veg-LR_historical_r1i1p1f1_gn_201201-201212.nc
  descargando archivo 164/165: tos_Omon_EC-Earth3-Veg-LR_historical_r1i1p1f1_gn_201301-201312.nc
  descargando archivo 165/165: tos_Omon_EC-Earth3-Veg-LR_historical_r1i1p1f1_gn_201401-201412.nc
Procesando EC-Earth3-Veg-LR ssp245 (19) ...
  descargando archivo 1/86: tos_Omon_EC-Earth3-Veg-LR_ssp245_r1i1p1f1_gn_201501-201512.nc
  descargando archivo 2/86: tos_Omon_EC-Earth3-Veg-LR_ssp245_r1i1p1f1_gn_201601-201612.nc
  descargando archivo 3/86: tos_Omon_EC-Earth3-Veg-LR_ssp245_r1i1p1f1_gn_201701-201712.nc
  descargando archivo 4/86: tos_Omon_EC-Earth3-Veg-LR_ssp245_r1i1p1f1_gn_201801-201812.nc
  descargando archivo 5/86: tos_Omon_EC-Earth3-Veg-LR_ssp245_r1i1p1f1_gn_201901-201912.nc
  descargando archivo 6/86: tos_Omon_EC-Earth3-Veg-LR_ssp245_r1i1p1f1_gn_202001-202012.nc
  descargando archivo 7/86: tos_Omon_EC-Earth3-Veg-LR_ssp245_r1i1p1f1_gn_202101-202112.nc
  descargando archivo 8/86: tos_Omon_EC-Earth3-Veg-LR_ssp245_r1i1p1f1_gn_202201-202212.nc
  descargando archivo 9/86: tos_Omon_EC-Earth3-Veg-LR_ssp245_r1i1p1f1_gn_202301-202312.nc
  descargando archivo 10/86: tos_Omon_EC-Earth3-Veg-LR_ssp245_r1i1p1f1_gn_202401-202412.nc
  descargando archivo 11/86: tos_Omon_EC-Earth3-Veg-LR_ssp245_r1i1p1f1_gn_202501-202512.nc
  descargando archivo 12/86: tos_Omon_EC-Earth3-Veg-LR_ssp245_r1i1p1f1_gn_202601-202612.nc
  descargando archivo 13/86: tos_Omon_EC-Earth3-Veg-LR_ssp245_r1i1p1f1_gn_202701-202712.nc
  descargando archivo 14/86: tos_Omon_EC-Earth3-Veg-LR_ssp245_r1i1p1f1_gn_202801-202812.nc
  descargando archivo 15/86: tos_Omon_EC-Earth3-Veg-LR_ssp245_r1i1p1f1_gn_202901-202912.nc
  descargando archivo 16/86: tos_Omon_EC-Earth3-Veg-LR_ssp245_r1i1p1f1_gn_203001-203012.nc
  descargando archivo 17/86: tos_Omon_EC-Earth3-Veg-LR_ssp245_r1i1p1f1_gn_203101-203112.nc
  descargando archivo 18/86: tos_Omon_EC-Earth3-Veg-LR_ssp245_r1i1p1f1_gn_203201-203212.nc
  descargando archivo 19/86: tos_Omon_EC-Earth3-Veg-LR_ssp245_r1i1p1f1_gn_203301-203312.nc
  descargando archivo 20/86: tos_Omon_EC-Earth3-Veg-LR_ssp245_r1i1p1f1_gn_203401-203412.nc
  descargando archivo 21/86: tos_Omon_EC-Earth3-Veg-LR_ssp245_r1i1p1f1_gn_203501-203512.nc
  descargando archivo 22/86: tos_Omon_EC-Earth3-Veg-LR_ssp245_r1i1p1f1_gn_203601-203612.nc
  descargando archivo 23/86: tos_Omon_EC-Earth3-Veg-LR_ssp245_r1i1p1f1_gn_203701-203712.nc
  descargando archivo 24/86: tos_Omon_EC-Earth3-Veg-LR_ssp245_r1i1p1f1_gn_203801-203812.nc
  descargando archivo 25/86: tos_Omon_EC-Earth3-Veg-LR_ssp245_r1i1p1f1_gn_203901-203912.nc
  descargando archivo 26/86: tos_Omon_EC-Earth3-Veg-LR_ssp245_r1i1p1f1_gn_204001-204012.nc
  descargando archivo 27/86: tos_Omon_EC-Earth3-Veg-LR_ssp245_r1i1p1f1_gn_204101-204112.nc
  descargando archivo 28/86: tos_Omon_EC-Earth3-Veg-LR_ssp245_r1i1p1f1_gn_204201-204212.nc
  descargando archivo 29/86: tos_Omon_EC-Earth3-Veg-LR_ssp245_r1i1p1f1_gn_204301-204312.nc
  descargando archivo 30/86: tos_Omon_EC-Earth3-Veg-LR_ssp245_r1i1p1f1_gn_204401-204412.nc
  descargando archivo 31/86: tos_Omon_EC-Earth3-Veg-LR_ssp245_r1i1p1f1_gn_204501-204512.nc
  descargando archivo 32/86: tos_Omon_EC-Earth3-Veg-LR_ssp245_r1i1p1f1_gn_204601-204612.nc
  descargando archivo 33/86: tos_Omon_EC-Earth3-Veg-LR_ssp245_r1i1p1f1_gn_204701-204712.nc
  descargando archivo 34/86: tos_Omon_EC-Earth3-Veg-LR_ssp245_r1i1p1f1_gn_204801-204812.nc
  descargando archivo 35/86: tos_Omon_EC-Earth3-Veg-LR_ssp245_r1i1p1f1_gn_204901-204912.nc
  descargando archivo 36/86: tos_Omon_EC-Earth3-Veg-LR_ssp245_r1i1p1f1_gn_205001-205012.nc
  descargando archivo 37/86: tos_Omon_EC-Earth3-Veg-LR_ssp245_r1i1p1f1_gn_205101-205112.nc
  descargando archivo 38/86: tos_Omon_EC-Earth3-Veg-LR_ssp245_r1i1p1f1_gn_205201-205212.nc
  descargando archivo 39/86: tos_Omon_EC-Earth3-Veg-LR_ssp245_r1i1p1f1_gn_205301-205312.nc
  descargando archivo 40/86: tos_Omon_EC-Earth3-Veg-LR_ssp245_r1i1p1f1_gn_205401-205412.nc
  descargando archivo 41/86: tos_Omon_EC-Earth3-Veg-LR_ssp245_r1i1p1f1_gn_205501-205512.nc
  descargando archivo 42/86: tos_Omon_EC-Earth3-Veg-LR_ssp245_r1i1p1f1_gn_205601-205612.nc
  descargando archivo 43/86: tos_Omon_EC-Earth3-Veg-LR_ssp245_r1i1p1f1_gn_205701-205712.nc
  descargando archivo 44/86: tos_Omon_EC-Earth3-Veg-LR_ssp245_r1i1p1f1_gn_205801-205812.nc
  descargando archivo 45/86: tos_Omon_EC-Earth3-Veg-LR_ssp245_r1i1p1f1_gn_205901-205912.nc
  descargando archivo 46/86: tos_Omon_EC-Earth3-Veg-LR_ssp245_r1i1p1f1_gn_206001-206012.nc
  descargando archivo 47/86: tos_Omon_EC-Earth3-Veg-LR_ssp245_r1i1p1f1_gn_206101-206112.nc
  descargando archivo 48/86: tos_Omon_EC-Earth3-Veg-LR_ssp245_r1i1p1f1_gn_206201-206212.nc
  descargando archivo 49/86: tos_Omon_EC-Earth3-Veg-LR_ssp245_r1i1p1f1_gn_206301-206312.nc
  descargando archivo 50/86: tos_Omon_EC-Earth3-Veg-LR_ssp245_r1i1p1f1_gn_206401-206412.nc
  descargando archivo 51/86: tos_Omon_EC-Earth3-Veg-LR_ssp245_r1i1p1f1_gn_206501-206512.nc
  descargando archivo 52/86: tos_Omon_EC-Earth3-Veg-LR_ssp245_r1i1p1f1_gn_206601-206612.nc
  descargando archivo 53/86: tos_Omon_EC-Earth3-Veg-LR_ssp245_r1i1p1f1_gn_206701-206712.nc
  descargando archivo 54/86: tos_Omon_EC-Earth3-Veg-LR_ssp245_r1i1p1f1_gn_206801-206812.nc
  descargando archivo 55/86: tos_Omon_EC-Earth3-Veg-LR_ssp245_r1i1p1f1_gn_206901-206912.nc
  descargando archivo 56/86: tos_Omon_EC-Earth3-Veg-LR_ssp245_r1i1p1f1_gn_207001-207012.nc
  descargando archivo 57/86: tos_Omon_EC-Earth3-Veg-LR_ssp245_r1i1p1f1_gn_207101-207112.nc
  descargando archivo 58/86: tos_Omon_EC-Earth3-Veg-LR_ssp245_r1i1p1f1_gn_207201-207212.nc
  descargando archivo 59/86: tos_Omon_EC-Earth3-Veg-LR_ssp245_r1i1p1f1_gn_207301-207312.nc
  descargando archivo 60/86: tos_Omon_EC-Earth3-Veg-LR_ssp245_r1i1p1f1_gn_207401-207412.nc
  descargando archivo 61/86: tos_Omon_EC-Earth3-Veg-LR_ssp245_r1i1p1f1_gn_207501-207512.nc
  descargando archivo 62/86: tos_Omon_EC-Earth3-Veg-LR_ssp245_r1i1p1f1_gn_207601-207612.nc
  descargando archivo 63/86: tos_Omon_EC-Earth3-Veg-LR_ssp245_r1i1p1f1_gn_207701-207712.nc
  descargando archivo 64/86: tos_Omon_EC-Earth3-Veg-LR_ssp245_r1i1p1f1_gn_207801-207812.nc
  descargando archivo 65/86: tos_Omon_EC-Earth3-Veg-LR_ssp245_r1i1p1f1_gn_207901-207912.nc
  descargando archivo 66/86: tos_Omon_EC-Earth3-Veg-LR_ssp245_r1i1p1f1_gn_208001-208012.nc
  descargando archivo 67/86: tos_Omon_EC-Earth3-Veg-LR_ssp245_r1i1p1f1_gn_208101-208112.nc
  descargando archivo 68/86: tos_Omon_EC-Earth3-Veg-LR_ssp245_r1i1p1f1_gn_208201-208212.nc
  descargando archivo 69/86: tos_Omon_EC-Earth3-Veg-LR_ssp245_r1i1p1f1_gn_208301-208312.nc
  descargando archivo 70/86: tos_Omon_EC-Earth3-Veg-LR_ssp245_r1i1p1f1_gn_208401-208412.nc
  descargando archivo 71/86: tos_Omon_EC-Earth3-Veg-LR_ssp245_r1i1p1f1_gn_208501-208512.nc
  descargando archivo 72/86: tos_Omon_EC-Earth3-Veg-LR_ssp245_r1i1p1f1_gn_208601-208612.nc
  descargando archivo 73/86: tos_Omon_EC-Earth3-Veg-LR_ssp245_r1i1p1f1_gn_208701-208712.nc
  descargando archivo 74/86: tos_Omon_EC-Earth3-Veg-LR_ssp245_r1i1p1f1_gn_208801-208812.nc
  descargando archivo 75/86: tos_Omon_EC-Earth3-Veg-LR_ssp245_r1i1p1f1_gn_208901-208912.nc
  descargando archivo 76/86: tos_Omon_EC-Earth3-Veg-LR_ssp245_r1i1p1f1_gn_209001-209012.nc
  descargando archivo 77/86: tos_Omon_EC-Earth3-Veg-LR_ssp245_r1i1p1f1_gn_209101-209112.nc
  descargando archivo 78/86: tos_Omon_EC-Earth3-Veg-LR_ssp245_r1i1p1f1_gn_209201-209212.nc
  descargando archivo 79/86: tos_Omon_EC-Earth3-Veg-LR_ssp245_r1i1p1f1_gn_209301-209312.nc
  descargando archivo 80/86: tos_Omon_EC-Earth3-Veg-LR_ssp245_r1i1p1f1_gn_209401-209412.nc
  descargando archivo 81/86: tos_Omon_EC-Earth3-Veg-LR_ssp245_r1i1p1f1_gn_209501-209512.nc
  descargando archivo 82/86: tos_Omon_EC-Earth3-Veg-LR_ssp245_r1i1p1f1_gn_209601-209612.nc
  descargando archivo 83/86: tos_Omon_EC-Earth3-Veg-LR_ssp245_r1i1p1f1_gn_209701-209712.nc
  descargando archivo 84/86: tos_Omon_EC-Earth3-Veg-LR_ssp245_r1i1p1f1_gn_209801-209812.nc
  descargando archivo 85/86: tos_Omon_EC-Earth3-Veg-LR_ssp245_r1i1p1f1_gn_209901-209912.nc
  descargando archivo 86/86: tos_Omon_EC-Earth3-Veg-LR_ssp245_r1i1p1f1_gn_210001-210012.nc
Procesando EC-Earth3-Veg-LR ssp370 (19) ...
  descargando archivo 1/86: tos_Omon_EC-Earth3-Veg-LR_ssp370_r1i1p1f1_gn_201501-201512.nc
  descargando archivo 2/86: tos_Omon_EC-Earth3-Veg-LR_ssp370_r1i1p1f1_gn_201601-201612.nc
  descargando archivo 3/86: tos_Omon_EC-Earth3-Veg-LR_ssp370_r1i1p1f1_gn_201701-201712.nc
  descargando archivo 4/86: tos_Omon_EC-Earth3-Veg-LR_ssp370_r1i1p1f1_gn_201801-201812.nc
  descargando archivo 5/86: tos_Omon_EC-Earth3-Veg-LR_ssp370_r1i1p1f1_gn_201901-201912.nc
  descargando archivo 6/86: tos_Omon_EC-Earth3-Veg-LR_ssp370_r1i1p1f1_gn_202001-202012.nc
  descargando archivo 7/86: tos_Omon_EC-Earth3-Veg-LR_ssp370_r1i1p1f1_gn_202101-202112.nc
  descargando archivo 8/86: tos_Omon_EC-Earth3-Veg-LR_ssp370_r1i1p1f1_gn_202201-202212.nc
  descargando archivo 9/86: tos_Omon_EC-Earth3-Veg-LR_ssp370_r1i1p1f1_gn_202301-202312.nc
  descargando archivo 10/86: tos_Omon_EC-Earth3-Veg-LR_ssp370_r1i1p1f1_gn_202401-202412.nc
  descargando archivo 11/86: tos_Omon_EC-Earth3-Veg-LR_ssp370_r1i1p1f1_gn_202501-202512.nc
  descargando archivo 12/86: tos_Omon_EC-Earth3-Veg-LR_ssp370_r1i1p1f1_gn_202601-202612.nc
  descargando archivo 13/86: tos_Omon_EC-Earth3-Veg-LR_ssp370_r1i1p1f1_gn_202701-202712.nc
  descargando archivo 14/86: tos_Omon_EC-Earth3-Veg-LR_ssp370_r1i1p1f1_gn_202801-202812.nc
  descargando archivo 15/86: tos_Omon_EC-Earth3-Veg-LR_ssp370_r1i1p1f1_gn_202901-202912.nc
  descargando archivo 16/86: tos_Omon_EC-Earth3-Veg-LR_ssp370_r1i1p1f1_gn_203001-203012.nc
  descargando archivo 17/86: tos_Omon_EC-Earth3-Veg-LR_ssp370_r1i1p1f1_gn_203101-203112.nc
  descargando archivo 18/86: tos_Omon_EC-Earth3-Veg-LR_ssp370_r1i1p1f1_gn_203201-203212.nc
  descargando archivo 19/86: tos_Omon_EC-Earth3-Veg-LR_ssp370_r1i1p1f1_gn_203301-203312.nc
  descargando archivo 20/86: tos_Omon_EC-Earth3-Veg-LR_ssp370_r1i1p1f1_gn_203401-203412.nc
  descargando archivo 21/86: tos_Omon_EC-Earth3-Veg-LR_ssp370_r1i1p1f1_gn_203501-203512.nc
  descargando archivo 22/86: tos_Omon_EC-Earth3-Veg-LR_ssp370_r1i1p1f1_gn_203601-203612.nc
  descargando archivo 23/86: tos_Omon_EC-Earth3-Veg-LR_ssp370_r1i1p1f1_gn_203701-203712.nc
  descargando archivo 24/86: tos_Omon_EC-Earth3-Veg-LR_ssp370_r1i1p1f1_gn_203801-203812.nc
  descargando archivo 25/86: tos_Omon_EC-Earth3-Veg-LR_ssp370_r1i1p1f1_gn_203901-203912.nc
  descargando archivo 26/86: tos_Omon_EC-Earth3-Veg-LR_ssp370_r1i1p1f1_gn_204001-204012.nc
  descargando archivo 27/86: tos_Omon_EC-Earth3-Veg-LR_ssp370_r1i1p1f1_gn_204101-204112.nc
  descargando archivo 28/86: tos_Omon_EC-Earth3-Veg-LR_ssp370_r1i1p1f1_gn_204201-204212.nc
  descargando archivo 29/86: tos_Omon_EC-Earth3-Veg-LR_ssp370_r1i1p1f1_gn_204301-204312.nc
  descargando archivo 30/86: tos_Omon_EC-Earth3-Veg-LR_ssp370_r1i1p1f1_gn_204401-204412.nc
  descargando archivo 31/86: tos_Omon_EC-Earth3-Veg-LR_ssp370_r1i1p1f1_gn_204501-204512.nc
  descargando archivo 32/86: tos_Omon_EC-Earth3-Veg-LR_ssp370_r1i1p1f1_gn_204601-204612.nc
  descargando archivo 33/86: tos_Omon_EC-Earth3-Veg-LR_ssp370_r1i1p1f1_gn_204701-204712.nc
  descargando archivo 34/86: tos_Omon_EC-Earth3-Veg-LR_ssp370_r1i1p1f1_gn_204801-204812.nc
  descargando archivo 35/86: tos_Omon_EC-Earth3-Veg-LR_ssp370_r1i1p1f1_gn_204901-204912.nc
  descargando archivo 36/86: tos_Omon_EC-Earth3-Veg-LR_ssp370_r1i1p1f1_gn_205001-205012.nc
  descargando archivo 37/86: tos_Omon_EC-Earth3-Veg-LR_ssp370_r1i1p1f1_gn_205101-205112.nc
  descargando archivo 38/86: tos_Omon_EC-Earth3-Veg-LR_ssp370_r1i1p1f1_gn_205201-205212.nc
  descargando archivo 39/86: tos_Omon_EC-Earth3-Veg-LR_ssp370_r1i1p1f1_gn_205301-205312.nc
  descargando archivo 40/86: tos_Omon_EC-Earth3-Veg-LR_ssp370_r1i1p1f1_gn_205401-205412.nc
  descargando archivo 41/86: tos_Omon_EC-Earth3-Veg-LR_ssp370_r1i1p1f1_gn_205501-205512.nc
  descargando archivo 42/86: tos_Omon_EC-Earth3-Veg-LR_ssp370_r1i1p1f1_gn_205601-205612.nc
  descargando archivo 43/86: tos_Omon_EC-Earth3-Veg-LR_ssp370_r1i1p1f1_gn_205701-205712.nc
  descargando archivo 44/86: tos_Omon_EC-Earth3-Veg-LR_ssp370_r1i1p1f1_gn_205801-205812.nc
  descargando archivo 45/86: tos_Omon_EC-Earth3-Veg-LR_ssp370_r1i1p1f1_gn_205901-205912.nc
  descargando archivo 46/86: tos_Omon_EC-Earth3-Veg-LR_ssp370_r1i1p1f1_gn_206001-206012.nc
  descargando archivo 47/86: tos_Omon_EC-Earth3-Veg-LR_ssp370_r1i1p1f1_gn_206101-206112.nc
  descargando archivo 48/86: tos_Omon_EC-Earth3-Veg-LR_ssp370_r1i1p1f1_gn_206201-206212.nc
  descargando archivo 49/86: tos_Omon_EC-Earth3-Veg-LR_ssp370_r1i1p1f1_gn_206301-206312.nc
  descargando archivo 50/86: tos_Omon_EC-Earth3-Veg-LR_ssp370_r1i1p1f1_gn_206401-206412.nc
  descargando archivo 51/86: tos_Omon_EC-Earth3-Veg-LR_ssp370_r1i1p1f1_gn_206501-206512.nc
  descargando archivo 52/86: tos_Omon_EC-Earth3-Veg-LR_ssp370_r1i1p1f1_gn_206601-206612.nc
  descargando archivo 53/86: tos_Omon_EC-Earth3-Veg-LR_ssp370_r1i1p1f1_gn_206701-206712.nc
  descargando archivo 54/86: tos_Omon_EC-Earth3-Veg-LR_ssp370_r1i1p1f1_gn_206801-206812.nc
  descargando archivo 55/86: tos_Omon_EC-Earth3-Veg-LR_ssp370_r1i1p1f1_gn_206901-206912.nc
  descargando archivo 56/86: tos_Omon_EC-Earth3-Veg-LR_ssp370_r1i1p1f1_gn_207001-207012.nc
  descargando archivo 57/86: tos_Omon_EC-Earth3-Veg-LR_ssp370_r1i1p1f1_gn_207101-207112.nc
  descargando archivo 58/86: tos_Omon_EC-Earth3-Veg-LR_ssp370_r1i1p1f1_gn_207201-207212.nc
  descargando archivo 59/86: tos_Omon_EC-Earth3-Veg-LR_ssp370_r1i1p1f1_gn_207301-207312.nc
  descargando archivo 60/86: tos_Omon_EC-Earth3-Veg-LR_ssp370_r1i1p1f1_gn_207401-207412.nc
  descargando archivo 61/86: tos_Omon_EC-Earth3-Veg-LR_ssp370_r1i1p1f1_gn_207501-207512.nc
  descargando archivo 62/86: tos_Omon_EC-Earth3-Veg-LR_ssp370_r1i1p1f1_gn_207601-207612.nc
  descargando archivo 63/86: tos_Omon_EC-Earth3-Veg-LR_ssp370_r1i1p1f1_gn_207701-207712.nc
  descargando archivo 64/86: tos_Omon_EC-Earth3-Veg-LR_ssp370_r1i1p1f1_gn_207801-207812.nc
  descargando archivo 65/86: tos_Omon_EC-Earth3-Veg-LR_ssp370_r1i1p1f1_gn_207901-207912.nc
  descargando archivo 66/86: tos_Omon_EC-Earth3-Veg-LR_ssp370_r1i1p1f1_gn_208001-208012.nc
  descargando archivo 67/86: tos_Omon_EC-Earth3-Veg-LR_ssp370_r1i1p1f1_gn_208101-208112.nc
  descargando archivo 68/86: tos_Omon_EC-Earth3-Veg-LR_ssp370_r1i1p1f1_gn_208201-208212.nc
  descargando archivo 69/86: tos_Omon_EC-Earth3-Veg-LR_ssp370_r1i1p1f1_gn_208301-208312.nc
  descargando archivo 70/86: tos_Omon_EC-Earth3-Veg-LR_ssp370_r1i1p1f1_gn_208401-208412.nc
  descargando archivo 71/86: tos_Omon_EC-Earth3-Veg-LR_ssp370_r1i1p1f1_gn_208501-208512.nc
  descargando archivo 72/86: tos_Omon_EC-Earth3-Veg-LR_ssp370_r1i1p1f1_gn_208601-208612.nc
  descargando archivo 73/86: tos_Omon_EC-Earth3-Veg-LR_ssp370_r1i1p1f1_gn_208701-208712.nc
  descargando archivo 74/86: tos_Omon_EC-Earth3-Veg-LR_ssp370_r1i1p1f1_gn_208801-208812.nc
  descargando archivo 75/86: tos_Omon_EC-Earth3-Veg-LR_ssp370_r1i1p1f1_gn_208901-208912.nc
  descargando archivo 76/86: tos_Omon_EC-Earth3-Veg-LR_ssp370_r1i1p1f1_gn_209001-209012.nc
  descargando archivo 77/86: tos_Omon_EC-Earth3-Veg-LR_ssp370_r1i1p1f1_gn_209101-209112.nc
  descargando archivo 78/86: tos_Omon_EC-Earth3-Veg-LR_ssp370_r1i1p1f1_gn_209201-209212.nc
  descargando archivo 79/86: tos_Omon_EC-Earth3-Veg-LR_ssp370_r1i1p1f1_gn_209301-209312.nc
  descargando archivo 80/86: tos_Omon_EC-Earth3-Veg-LR_ssp370_r1i1p1f1_gn_209401-209412.nc
  descargando archivo 81/86: tos_Omon_EC-Earth3-Veg-LR_ssp370_r1i1p1f1_gn_209501-209512.nc
  descargando archivo 82/86: tos_Omon_EC-Earth3-Veg-LR_ssp370_r1i1p1f1_gn_209601-209612.nc
  descargando archivo 83/86: tos_Omon_EC-Earth3-Veg-LR_ssp370_r1i1p1f1_gn_209701-209712.nc
  descargando archivo 84/86: tos_Omon_EC-Earth3-Veg-LR_ssp370_r1i1p1f1_gn_209801-209812.nc
  descargando archivo 85/86: tos_Omon_EC-Earth3-Veg-LR_ssp370_r1i1p1f1_gn_209901-209912.nc
  descargando archivo 86/86: tos_Omon_EC-Earth3-Veg-LR_ssp370_r1i1p1f1_gn_210001-210012.nc
Procesando EC-Earth3-Veg-LR ssp585 (19) ...
  descargando archivo 1/86: tos_Omon_EC-Earth3-Veg-LR_ssp585_r1i1p1f1_gn_201501-201512.nc
  descargando archivo 2/86: tos_Omon_EC-Earth3-Veg-LR_ssp585_r1i1p1f1_gn_201601-201612.nc
  descargando archivo 3/86: tos_Omon_EC-Earth3-Veg-LR_ssp585_r1i1p1f1_gn_201701-201712.nc
  descargando archivo 4/86: tos_Omon_EC-Earth3-Veg-LR_ssp585_r1i1p1f1_gn_201801-201812.nc
  descargando archivo 5/86: tos_Omon_EC-Earth3-Veg-LR_ssp585_r1i1p1f1_gn_201901-201912.nc
  descargando archivo 6/86: tos_Omon_EC-Earth3-Veg-LR_ssp585_r1i1p1f1_gn_202001-202012.nc
  descargando archivo 7/86: tos_Omon_EC-Earth3-Veg-LR_ssp585_r1i1p1f1_gn_202101-202112.nc
  descargando archivo 8/86: tos_Omon_EC-Earth3-Veg-LR_ssp585_r1i1p1f1_gn_202201-202212.nc
  descargando archivo 9/86: tos_Omon_EC-Earth3-Veg-LR_ssp585_r1i1p1f1_gn_202301-202312.nc
  descargando archivo 10/86: tos_Omon_EC-Earth3-Veg-LR_ssp585_r1i1p1f1_gn_202401-202412.nc
  descargando archivo 11/86: tos_Omon_EC-Earth3-Veg-LR_ssp585_r1i1p1f1_gn_202501-202512.nc
  descargando archivo 12/86: tos_Omon_EC-Earth3-Veg-LR_ssp585_r1i1p1f1_gn_202601-202612.nc
  descargando archivo 13/86: tos_Omon_EC-Earth3-Veg-LR_ssp585_r1i1p1f1_gn_202701-202712.nc
  descargando archivo 14/86: tos_Omon_EC-Earth3-Veg-LR_ssp585_r1i1p1f1_gn_202801-202812.nc
  descargando archivo 15/86: tos_Omon_EC-Earth3-Veg-LR_ssp585_r1i1p1f1_gn_202901-202912.nc
  descargando archivo 16/86: tos_Omon_EC-Earth3-Veg-LR_ssp585_r1i1p1f1_gn_203001-203012.nc
  descargando archivo 17/86: tos_Omon_EC-Earth3-Veg-LR_ssp585_r1i1p1f1_gn_203101-203112.nc
  descargando archivo 18/86: tos_Omon_EC-Earth3-Veg-LR_ssp585_r1i1p1f1_gn_203201-203212.nc
  descargando archivo 19/86: tos_Omon_EC-Earth3-Veg-LR_ssp585_r1i1p1f1_gn_203301-203312.nc
  descargando archivo 20/86: tos_Omon_EC-Earth3-Veg-LR_ssp585_r1i1p1f1_gn_203401-203412.nc
  descargando archivo 21/86: tos_Omon_EC-Earth3-Veg-LR_ssp585_r1i1p1f1_gn_203501-203512.nc
  descargando archivo 22/86: tos_Omon_EC-Earth3-Veg-LR_ssp585_r1i1p1f1_gn_203601-203612.nc
  descargando archivo 23/86: tos_Omon_EC-Earth3-Veg-LR_ssp585_r1i1p1f1_gn_203701-203712.nc
  descargando archivo 24/86: tos_Omon_EC-Earth3-Veg-LR_ssp585_r1i1p1f1_gn_203801-203812.nc
  descargando archivo 25/86: tos_Omon_EC-Earth3-Veg-LR_ssp585_r1i1p1f1_gn_203901-203912.nc
  descargando archivo 26/86: tos_Omon_EC-Earth3-Veg-LR_ssp585_r1i1p1f1_gn_204001-204012.nc
  descargando archivo 27/86: tos_Omon_EC-Earth3-Veg-LR_ssp585_r1i1p1f1_gn_204101-204112.nc
  descargando archivo 28/86: tos_Omon_EC-Earth3-Veg-LR_ssp585_r1i1p1f1_gn_204201-204212.nc
  descargando archivo 29/86: tos_Omon_EC-Earth3-Veg-LR_ssp585_r1i1p1f1_gn_204301-204312.nc
  descargando archivo 30/86: tos_Omon_EC-Earth3-Veg-LR_ssp585_r1i1p1f1_gn_204401-204412.nc
  descargando archivo 31/86: tos_Omon_EC-Earth3-Veg-LR_ssp585_r1i1p1f1_gn_204501-204512.nc
  descargando archivo 32/86: tos_Omon_EC-Earth3-Veg-LR_ssp585_r1i1p1f1_gn_204601-204612.nc
  descargando archivo 33/86: tos_Omon_EC-Earth3-Veg-LR_ssp585_r1i1p1f1_gn_204701-204712.nc
  descargando archivo 34/86: tos_Omon_EC-Earth3-Veg-LR_ssp585_r1i1p1f1_gn_204801-204812.nc
  descargando archivo 35/86: tos_Omon_EC-Earth3-Veg-LR_ssp585_r1i1p1f1_gn_204901-204912.nc
  descargando archivo 36/86: tos_Omon_EC-Earth3-Veg-LR_ssp585_r1i1p1f1_gn_205001-205012.nc
  descargando archivo 37/86: tos_Omon_EC-Earth3-Veg-LR_ssp585_r1i1p1f1_gn_205101-205112.nc
  descargando archivo 38/86: tos_Omon_EC-Earth3-Veg-LR_ssp585_r1i1p1f1_gn_205201-205212.nc
  descargando archivo 39/86: tos_Omon_EC-Earth3-Veg-LR_ssp585_r1i1p1f1_gn_205301-205312.nc
  descargando archivo 40/86: tos_Omon_EC-Earth3-Veg-LR_ssp585_r1i1p1f1_gn_205401-205412.nc
  descargando archivo 41/86: tos_Omon_EC-Earth3-Veg-LR_ssp585_r1i1p1f1_gn_205501-205512.nc
  descargando archivo 42/86: tos_Omon_EC-Earth3-Veg-LR_ssp585_r1i1p1f1_gn_205601-205612.nc
  descargando archivo 43/86: tos_Omon_EC-Earth3-Veg-LR_ssp585_r1i1p1f1_gn_205701-205712.nc
  descargando archivo 44/86: tos_Omon_EC-Earth3-Veg-LR_ssp585_r1i1p1f1_gn_205801-205812.nc
  descargando archivo 45/86: tos_Omon_EC-Earth3-Veg-LR_ssp585_r1i1p1f1_gn_205901-205912.nc
  descargando archivo 46/86: tos_Omon_EC-Earth3-Veg-LR_ssp585_r1i1p1f1_gn_206001-206012.nc
  descargando archivo 47/86: tos_Omon_EC-Earth3-Veg-LR_ssp585_r1i1p1f1_gn_206101-206112.nc
  descargando archivo 48/86: tos_Omon_EC-Earth3-Veg-LR_ssp585_r1i1p1f1_gn_206201-206212.nc
  descargando archivo 49/86: tos_Omon_EC-Earth3-Veg-LR_ssp585_r1i1p1f1_gn_206301-206312.nc
  descargando archivo 50/86: tos_Omon_EC-Earth3-Veg-LR_ssp585_r1i1p1f1_gn_206401-206412.nc
  descargando archivo 51/86: tos_Omon_EC-Earth3-Veg-LR_ssp585_r1i1p1f1_gn_206501-206512.nc
  descargando archivo 52/86: tos_Omon_EC-Earth3-Veg-LR_ssp585_r1i1p1f1_gn_206601-206612.nc
  descargando archivo 53/86: tos_Omon_EC-Earth3-Veg-LR_ssp585_r1i1p1f1_gn_206701-206712.nc
  descargando archivo 54/86: tos_Omon_EC-Earth3-Veg-LR_ssp585_r1i1p1f1_gn_206801-206812.nc
  descargando archivo 55/86: tos_Omon_EC-Earth3-Veg-LR_ssp585_r1i1p1f1_gn_206901-206912.nc
  descargando archivo 56/86: tos_Omon_EC-Earth3-Veg-LR_ssp585_r1i1p1f1_gn_207001-207012.nc
  descargando archivo 57/86: tos_Omon_EC-Earth3-Veg-LR_ssp585_r1i1p1f1_gn_207101-207112.nc
  descargando archivo 58/86: tos_Omon_EC-Earth3-Veg-LR_ssp585_r1i1p1f1_gn_207201-207212.nc
  descargando archivo 59/86: tos_Omon_EC-Earth3-Veg-LR_ssp585_r1i1p1f1_gn_207301-207312.nc
  descargando archivo 60/86: tos_Omon_EC-Earth3-Veg-LR_ssp585_r1i1p1f1_gn_207401-207412.nc
  descargando archivo 61/86: tos_Omon_EC-Earth3-Veg-LR_ssp585_r1i1p1f1_gn_207501-207512.nc
  descargando archivo 62/86: tos_Omon_EC-Earth3-Veg-LR_ssp585_r1i1p1f1_gn_207601-207612.nc
  descargando archivo 63/86: tos_Omon_EC-Earth3-Veg-LR_ssp585_r1i1p1f1_gn_207701-207712.nc
  descargando archivo 64/86: tos_Omon_EC-Earth3-Veg-LR_ssp585_r1i1p1f1_gn_207801-207812.nc
  descargando archivo 65/86: tos_Omon_EC-Earth3-Veg-LR_ssp585_r1i1p1f1_gn_207901-207912.nc
  descargando archivo 66/86: tos_Omon_EC-Earth3-Veg-LR_ssp585_r1i1p1f1_gn_208001-208012.nc
  descargando archivo 67/86: tos_Omon_EC-Earth3-Veg-LR_ssp585_r1i1p1f1_gn_208101-208112.nc
  descargando archivo 68/86: tos_Omon_EC-Earth3-Veg-LR_ssp585_r1i1p1f1_gn_208201-208212.nc
  descargando archivo 69/86: tos_Omon_EC-Earth3-Veg-LR_ssp585_r1i1p1f1_gn_208301-208312.nc
  descargando archivo 70/86: tos_Omon_EC-Earth3-Veg-LR_ssp585_r1i1p1f1_gn_208401-208412.nc
  descargando archivo 71/86: tos_Omon_EC-Earth3-Veg-LR_ssp585_r1i1p1f1_gn_208501-208512.nc
  descargando archivo 72/86: tos_Omon_EC-Earth3-Veg-LR_ssp585_r1i1p1f1_gn_208601-208612.nc
  descargando archivo 73/86: tos_Omon_EC-Earth3-Veg-LR_ssp585_r1i1p1f1_gn_208701-208712.nc
  descargando archivo 74/86: tos_Omon_EC-Earth3-Veg-LR_ssp585_r1i1p1f1_gn_208801-208812.nc
  descargando archivo 75/86: tos_Omon_EC-Earth3-Veg-LR_ssp585_r1i1p1f1_gn_208901-208912.nc
  descargando archivo 76/86: tos_Omon_EC-Earth3-Veg-LR_ssp585_r1i1p1f1_gn_209001-209012.nc
  descargando archivo 77/86: tos_Omon_EC-Earth3-Veg-LR_ssp585_r1i1p1f1_gn_209101-209112.nc
  descargando archivo 78/86: tos_Omon_EC-Earth3-Veg-LR_ssp585_r1i1p1f1_gn_209201-209212.nc
  descargando archivo 79/86: tos_Omon_EC-Earth3-Veg-LR_ssp585_r1i1p1f1_gn_209301-209312.nc
  descargando archivo 80/86: tos_Omon_EC-Earth3-Veg-LR_ssp585_r1i1p1f1_gn_209401-209412.nc
  descargando archivo 81/86: tos_Omon_EC-Earth3-Veg-LR_ssp585_r1i1p1f1_gn_209501-209512.nc
  descargando archivo 82/86: tos_Omon_EC-Earth3-Veg-LR_ssp585_r1i1p1f1_gn_209601-209612.nc
  descargando archivo 83/86: tos_Omon_EC-Earth3-Veg-LR_ssp585_r1i1p1f1_gn_209701-209712.nc
  descargando archivo 84/86: tos_Omon_EC-Earth3-Veg-LR_ssp585_r1i1p1f1_gn_209801-209812.nc
  descargando archivo 85/86: tos_Omon_EC-Earth3-Veg-LR_ssp585_r1i1p1f1_gn_209901-209912.nc
  descargando archivo 86/86: tos_Omon_EC-Earth3-Veg-LR_ssp585_r1i1p1f1_gn_210001-210012.nc
Procesando FGOALS-f3-L historical (20) ...
  descargando archivo 1/1: tos_Omon_FGOALS-f3-L_historical_r1i1p1f1_gn_185001-201412.nc
Procesando FGOALS-f3-L ssp245 (20) ...
  descargando archivo 1/2: tos_Omon_FGOALS-f3-L_ssp245_r1i1p1f1_gn_201501-206412.nc
  descargando archivo 2/2: tos_Omon_FGOALS-f3-L_ssp245_r1i1p1f1_gn_206501-210012.nc
Procesando FGOALS-f3-L ssp370 (20) ...
  descargando archivo 1/2: tos_Omon_FGOALS-f3-L_ssp370_r1i1p1f1_gn_201501-206412.nc
  descargando archivo 2/2: tos_Omon_FGOALS-f3-L_ssp370_r1i1p1f1_gn_206501-210012.nc
Procesando FGOALS-f3-L ssp585 (20) ...
  descargando archivo 1/2: tos_Omon_FGOALS-f3-L_ssp585_r1i1p1f1_gn_201501-206412.nc
  descargando archivo 2/2: tos_Omon_FGOALS-f3-L_ssp585_r1i1p1f1_gn_206501-210012.nc
Procesando FGOALS-g3 historical (21) ...
  descargando archivo 1/1: tos_Omon_FGOALS-g3_historical_r1i1p1f1_gn_185001-201412.nc
Procesando FGOALS-g3 ssp245 (21) ...
  descargando archivo 1/2: tos_Omon_FGOALS-g3_ssp245_r1i1p1f1_gn_201501-206412.nc
  descargando archivo 2/2: tos_Omon_FGOALS-g3_ssp245_r1i1p1f1_gn_206501-210012.nc
Procesando FGOALS-g3 ssp370 (21) ...
  descargando archivo 1/2: tos_Omon_FGOALS-g3_ssp370_r1i1p1f1_gn_201501-206412.nc
  descargando archivo 2/2: tos_Omon_FGOALS-g3_ssp370_r1i1p1f1_gn_206501-210012.nc
Procesando FGOALS-g3 ssp585 (21) ...
  descargando archivo 1/2: tos_Omon_FGOALS-g3_ssp585_r1i1p1f1_gn_201501-206412.nc
  descargando archivo 2/2: tos_Omon_FGOALS-g3_ssp585_r1i1p1f1_gn_206501-210012.nc
Procesando GFDL-ESM4 historical (22) ...
  descargando archivo 1/9: tos_Omon_GFDL-ESM4_historical_r1i1p1f1_gr_185001-186912.nc
  descargando archivo 2/9: tos_Omon_GFDL-ESM4_historical_r1i1p1f1_gr_187001-188912.nc
  descargando archivo 3/9: tos_Omon_GFDL-ESM4_historical_r1i1p1f1_gr_189001-190912.nc
  descargando archivo 4/9: tos_Omon_GFDL-ESM4_historical_r1i1p1f1_gr_191001-192912.nc
  descargando archivo 5/9: tos_Omon_GFDL-ESM4_historical_r1i1p1f1_gr_193001-194912.nc
  descargando archivo 6/9: tos_Omon_GFDL-ESM4_historical_r1i1p1f1_gr_195001-196912.nc
  descargando archivo 7/9: tos_Omon_GFDL-ESM4_historical_r1i1p1f1_gr_197001-198912.nc
  descargando archivo 8/9: tos_Omon_GFDL-ESM4_historical_r1i1p1f1_gr_199001-200912.nc
  descargando archivo 9/9: tos_Omon_GFDL-ESM4_historical_r1i1p1f1_gr_201001-201412.nc
Procesando GFDL-ESM4 ssp245 (22) ...
  descargando archivo 1/5: tos_Omon_GFDL-ESM4_ssp245_r1i1p1f1_gr_201501-203412.nc
  descargando archivo 2/5: tos_Omon_GFDL-ESM4_ssp245_r1i1p1f1_gr_203501-205412.nc
  descargando archivo 3/5: tos_Omon_GFDL-ESM4_ssp245_r1i1p1f1_gr_205501-207412.nc
  descargando archivo 4/5: tos_Omon_GFDL-ESM4_ssp245_r1i1p1f1_gr_207501-209412.nc
  descargando archivo 5/5: tos_Omon_GFDL-ESM4_ssp245_r1i1p1f1_gr_209501-210012.nc
Procesando GFDL-ESM4 ssp370 (22) ...
  descargando archivo 1/5: tos_Omon_GFDL-ESM4_ssp370_r1i1p1f1_gr_201501-203412.nc
  descargando archivo 2/5: tos_Omon_GFDL-ESM4_ssp370_r1i1p1f1_gr_203501-205412.nc
  descargando archivo 3/5: tos_Omon_GFDL-ESM4_ssp370_r1i1p1f1_gr_205501-207412.nc
  descargando archivo 4/5: tos_Omon_GFDL-ESM4_ssp370_r1i1p1f1_gr_207501-209412.nc
  descargando archivo 5/5: tos_Omon_GFDL-ESM4_ssp370_r1i1p1f1_gr_209501-210012.nc
Procesando GFDL-ESM4 ssp585 (22) ...
  descargando archivo 1/5: tos_Omon_GFDL-ESM4_ssp585_r1i1p1f1_gr_201501-203412.nc
  descargando archivo 2/5: tos_Omon_GFDL-ESM4_ssp585_r1i1p1f1_gr_203501-205412.nc
  descargando archivo 3/5: tos_Omon_GFDL-ESM4_ssp585_r1i1p1f1_gr_205501-207412.nc
  descargando archivo 4/5: tos_Omon_GFDL-ESM4_ssp585_r1i1p1f1_gr_207501-209412.nc
  descargando archivo 5/5: tos_Omon_GFDL-ESM4_ssp585_r1i1p1f1_gr_209501-210012.nc
GISS-E2-1-G historical: ya procesado (paso 04/05), se omite la descarga de crudos
GISS-E2-1-G ssp245: ya procesado (paso 04/05), se omite la descarga de crudos
GISS-E2-1-G ssp370: ya procesado (paso 04/05), se omite la descarga de crudos
GISS-E2-1-G ssp585: ya procesado (paso 04/05), se omite la descarga de crudos
GISS-E2-1-H historical: ya procesado (paso 04/05), se omite la descarga de crudos
GISS-E2-1-H ssp245: ya procesado (paso 04/05), se omite la descarga de crudos
GISS-E2-1-H ssp370: ya procesado (paso 04/05), se omite la descarga de crudos
GISS-E2-1-H ssp585: ya procesado (paso 04/05), se omite la descarga de crudos
Procesando GISS-E2-2-G historical (25) ...
  descargando archivo 1/7: tos_Omon_GISS-E2-2-G_historical_r1i1p3f1_gn_185001-187512.nc
  descargando archivo 2/7: tos_Omon_GISS-E2-2-G_historical_r1i1p3f1_gn_187601-190012.nc
  descargando archivo 3/7: tos_Omon_GISS-E2-2-G_historical_r1i1p3f1_gn_190101-192512.nc
  descargando archivo 4/7: tos_Omon_GISS-E2-2-G_historical_r1i1p3f1_gn_192601-195012.nc
  descargando archivo 5/7: tos_Omon_GISS-E2-2-G_historical_r1i1p3f1_gn_195101-197512.nc
  descargando archivo 6/7: tos_Omon_GISS-E2-2-G_historical_r1i1p3f1_gn_197601-200012.nc
  descargando archivo 7/7: tos_Omon_GISS-E2-2-G_historical_r1i1p3f1_gn_200101-201412.nc
Procesando GISS-E2-2-G ssp245 (25) ...
  descargando archivo 1/4: tos_Omon_GISS-E2-2-G_ssp245_r1i1p3f1_gn_201501-202512.nc
  descargando archivo 2/4: tos_Omon_GISS-E2-2-G_ssp245_r1i1p3f1_gn_202601-205012.nc
  descargando archivo 3/4: tos_Omon_GISS-E2-2-G_ssp245_r1i1p3f1_gn_205101-207512.nc
  descargando archivo 4/4: tos_Omon_GISS-E2-2-G_ssp245_r1i1p3f1_gn_207601-210012.nc
Procesando GISS-E2-2-G ssp370 (25) ...
  descargando archivo 1/4: tos_Omon_GISS-E2-2-G_ssp370_r1i1p3f1_gn_201501-202512.nc
  descargando archivo 2/4: tos_Omon_GISS-E2-2-G_ssp370_r1i1p3f1_gn_202601-205012.nc
  descargando archivo 3/4: tos_Omon_GISS-E2-2-G_ssp370_r1i1p3f1_gn_205101-207512.nc
  descargando archivo 4/4: tos_Omon_GISS-E2-2-G_ssp370_r1i1p3f1_gn_207601-210012.nc
Procesando GISS-E2-2-G ssp585 (25) ...
  descargando archivo 1/4: tos_Omon_GISS-E2-2-G_ssp585_r1i1p3f1_gn_201501-202512.nc
  descargando archivo 2/4: tos_Omon_GISS-E2-2-G_ssp585_r1i1p3f1_gn_202601-205012.nc
  descargando archivo 3/4: tos_Omon_GISS-E2-2-G_ssp585_r1i1p3f1_gn_205101-207512.nc
  descargando archivo 4/4: tos_Omon_GISS-E2-2-G_ssp585_r1i1p3f1_gn_207601-210012.nc
Procesando IITM-ESM historical (26) ...
  descargando archivo 1/23: tos_Omon_IITM-ESM_historical_r1i1p1f1_gn_190001-190412.nc
  descargando archivo 2/23: tos_Omon_IITM-ESM_historical_r1i1p1f1_gn_190501-190912.nc
  descargando archivo 3/23: tos_Omon_IITM-ESM_historical_r1i1p1f1_gn_191001-191412.nc
  descargando archivo 4/23: tos_Omon_IITM-ESM_historical_r1i1p1f1_gn_191501-191912.nc
  descargando archivo 5/23: tos_Omon_IITM-ESM_historical_r1i1p1f1_gn_192001-192412.nc
  descargando archivo 6/23: tos_Omon_IITM-ESM_historical_r1i1p1f1_gn_192501-192912.nc
  descargando archivo 7/23: tos_Omon_IITM-ESM_historical_r1i1p1f1_gn_193001-193412.nc
  descargando archivo 8/23: tos_Omon_IITM-ESM_historical_r1i1p1f1_gn_193501-193912.nc
  descargando archivo 9/23: tos_Omon_IITM-ESM_historical_r1i1p1f1_gn_194001-194412.nc
  descargando archivo 10/23: tos_Omon_IITM-ESM_historical_r1i1p1f1_gn_194501-194912.nc
  descargando archivo 11/23: tos_Omon_IITM-ESM_historical_r1i1p1f1_gn_195001-195412.nc
  descargando archivo 12/23: tos_Omon_IITM-ESM_historical_r1i1p1f1_gn_195501-195912.nc
  descargando archivo 13/23: tos_Omon_IITM-ESM_historical_r1i1p1f1_gn_196001-196412.nc
  descargando archivo 14/23: tos_Omon_IITM-ESM_historical_r1i1p1f1_gn_196501-196912.nc
  descargando archivo 15/23: tos_Omon_IITM-ESM_historical_r1i1p1f1_gn_197001-197412.nc
  descargando archivo 16/23: tos_Omon_IITM-ESM_historical_r1i1p1f1_gn_197501-197912.nc
  descargando archivo 17/23: tos_Omon_IITM-ESM_historical_r1i1p1f1_gn_198001-198412.nc
  descargando archivo 18/23: tos_Omon_IITM-ESM_historical_r1i1p1f1_gn_198501-198912.nc
  descargando archivo 19/23: tos_Omon_IITM-ESM_historical_r1i1p1f1_gn_199001-199412.nc
  descargando archivo 20/23: tos_Omon_IITM-ESM_historical_r1i1p1f1_gn_199501-199912.nc
  descargando archivo 21/23: tos_Omon_IITM-ESM_historical_r1i1p1f1_gn_200001-200412.nc
  descargando archivo 22/23: tos_Omon_IITM-ESM_historical_r1i1p1f1_gn_200501-200912.nc
  descargando archivo 23/23: tos_Omon_IITM-ESM_historical_r1i1p1f1_gn_201001-201412.nc
Procesando IITM-ESM ssp245 (26) ...
  descargando archivo 1/17: tos_Omon_IITM-ESM_ssp245_r1i1p1f1_gn_201501-201912.nc
  descargando archivo 2/17: tos_Omon_IITM-ESM_ssp245_r1i1p1f1_gn_202001-202412.nc
  descargando archivo 3/17: tos_Omon_IITM-ESM_ssp245_r1i1p1f1_gn_202501-202912.nc
  descargando archivo 4/17: tos_Omon_IITM-ESM_ssp245_r1i1p1f1_gn_203001-203412.nc
  descargando archivo 5/17: tos_Omon_IITM-ESM_ssp245_r1i1p1f1_gn_203501-203912.nc
  descargando archivo 6/17: tos_Omon_IITM-ESM_ssp245_r1i1p1f1_gn_204001-204412.nc
  descargando archivo 7/17: tos_Omon_IITM-ESM_ssp245_r1i1p1f1_gn_204501-204912.nc
  descargando archivo 8/17: tos_Omon_IITM-ESM_ssp245_r1i1p1f1_gn_205001-205412.nc
  descargando archivo 9/17: tos_Omon_IITM-ESM_ssp245_r1i1p1f1_gn_205501-205912.nc
  descargando archivo 10/17: tos_Omon_IITM-ESM_ssp245_r1i1p1f1_gn_206001-206412.nc
  descargando archivo 11/17: tos_Omon_IITM-ESM_ssp245_r1i1p1f1_gn_206501-206912.nc
  descargando archivo 12/17: tos_Omon_IITM-ESM_ssp245_r1i1p1f1_gn_207001-207412.nc
  descargando archivo 13/17: tos_Omon_IITM-ESM_ssp245_r1i1p1f1_gn_207501-207912.nc
  descargando archivo 14/17: tos_Omon_IITM-ESM_ssp245_r1i1p1f1_gn_208001-208412.nc
  descargando archivo 15/17: tos_Omon_IITM-ESM_ssp245_r1i1p1f1_gn_208501-208912.nc
  descargando archivo 16/17: tos_Omon_IITM-ESM_ssp245_r1i1p1f1_gn_209001-209412.nc
  descargando archivo 17/17: tos_Omon_IITM-ESM_ssp245_r1i1p1f1_gn_209501-209912.nc
Procesando IITM-ESM ssp370 (26) ...
  descargando archivo 1/9: tos_Omon_IITM-ESM_ssp370_r1i1p1f1_gn_201501-202412.nc
  descargando archivo 2/9: tos_Omon_IITM-ESM_ssp370_r1i1p1f1_gn_202501-203412.nc
  descargando archivo 3/9: tos_Omon_IITM-ESM_ssp370_r1i1p1f1_gn_203501-204412.nc
  descargando archivo 4/9: tos_Omon_IITM-ESM_ssp370_r1i1p1f1_gn_204501-205412.nc
  descargando archivo 5/9: tos_Omon_IITM-ESM_ssp370_r1i1p1f1_gn_205501-206412.nc
  descargando archivo 6/9: tos_Omon_IITM-ESM_ssp370_r1i1p1f1_gn_206501-207412.nc
  descargando archivo 7/9: tos_Omon_IITM-ESM_ssp370_r1i1p1f1_gn_207501-208412.nc
  descargando archivo 8/9: tos_Omon_IITM-ESM_ssp370_r1i1p1f1_gn_208501-209412.nc
  descargando archivo 9/9: tos_Omon_IITM-ESM_ssp370_r1i1p1f1_gn_209501-209812.nc
Procesando IITM-ESM ssp585 (26) ...
  descargando archivo 1/17: tos_Omon_IITM-ESM_ssp585_r1i1p1f1_gn_201501-201912.nc
  descargando archivo 2/17: tos_Omon_IITM-ESM_ssp585_r1i1p1f1_gn_202001-202412.nc
  descargando archivo 3/17: tos_Omon_IITM-ESM_ssp585_r1i1p1f1_gn_202501-202912.nc
  descargando archivo 4/17: tos_Omon_IITM-ESM_ssp585_r1i1p1f1_gn_203001-203412.nc
  descargando archivo 5/17: tos_Omon_IITM-ESM_ssp585_r1i1p1f1_gn_203501-203912.nc
  descargando archivo 6/17: tos_Omon_IITM-ESM_ssp585_r1i1p1f1_gn_204001-204412.nc
  descargando archivo 7/17: tos_Omon_IITM-ESM_ssp585_r1i1p1f1_gn_204501-204912.nc
  descargando archivo 8/17: tos_Omon_IITM-ESM_ssp585_r1i1p1f1_gn_205001-205412.nc
  descargando archivo 9/17: tos_Omon_IITM-ESM_ssp585_r1i1p1f1_gn_205501-205912.nc
  descargando archivo 10/17: tos_Omon_IITM-ESM_ssp585_r1i1p1f1_gn_206001-206412.nc
  descargando archivo 11/17: tos_Omon_IITM-ESM_ssp585_r1i1p1f1_gn_206501-206912.nc
  descargando archivo 12/17: tos_Omon_IITM-ESM_ssp585_r1i1p1f1_gn_207001-207412.nc
  descargando archivo 13/17: tos_Omon_IITM-ESM_ssp585_r1i1p1f1_gn_207501-207912.nc
  descargando archivo 14/17: tos_Omon_IITM-ESM_ssp585_r1i1p1f1_gn_208001-208412.nc
  descargando archivo 15/17: tos_Omon_IITM-ESM_ssp585_r1i1p1f1_gn_208501-208912.nc
  descargando archivo 16/17: tos_Omon_IITM-ESM_ssp585_r1i1p1f1_gn_209001-209412.nc
  descargando archivo 17/17: tos_Omon_IITM-ESM_ssp585_r1i1p1f1_gn_209501-209912.nc
Procesando INM-CM4-8 historical (27) ...
  descargando archivo 1/4: tos_Omon_INM-CM4-8_historical_r1i1p1f1_gr1_185001-189912.nc
  descargando archivo 2/4: tos_Omon_INM-CM4-8_historical_r1i1p1f1_gr1_190001-194912.nc
  descargando archivo 3/4: tos_Omon_INM-CM4-8_historical_r1i1p1f1_gr1_195001-199912.nc
  descargando archivo 4/4: tos_Omon_INM-CM4-8_historical_r1i1p1f1_gr1_200001-201412.nc
Procesando INM-CM4-8 ssp245 (27) ...
  descargando archivo 1/2: tos_Omon_INM-CM4-8_ssp245_r1i1p1f1_gr1_201501-206412.nc
  descargando archivo 2/2: tos_Omon_INM-CM4-8_ssp245_r1i1p1f1_gr1_206501-210012.nc
Procesando INM-CM4-8 ssp370 (27) ...
  descargando archivo 1/2: tos_Omon_INM-CM4-8_ssp370_r1i1p1f1_gr1_201501-206412.nc
  descargando archivo 2/2: tos_Omon_INM-CM4-8_ssp370_r1i1p1f1_gr1_206501-210012.nc
Procesando INM-CM4-8 ssp585 (27) ...
  descargando archivo 1/2: tos_Omon_INM-CM4-8_ssp585_r1i1p1f1_gr1_201501-206412.nc
  descargando archivo 2/2: tos_Omon_INM-CM4-8_ssp585_r1i1p1f1_gr1_206501-210012.nc
Procesando INM-CM5-0 historical (28) ...
  descargando archivo 1/4: tos_Omon_INM-CM5-0_historical_r1i1p1f1_gr1_185001-189912.nc
  descargando archivo 2/4: tos_Omon_INM-CM5-0_historical_r1i1p1f1_gr1_190001-194912.nc
  descargando archivo 3/4: tos_Omon_INM-CM5-0_historical_r1i1p1f1_gr1_195001-199912.nc
  descargando archivo 4/4: tos_Omon_INM-CM5-0_historical_r1i1p1f1_gr1_200001-201412.nc
Procesando INM-CM5-0 ssp245 (28) ...
  descargando archivo 1/2: tos_Omon_INM-CM5-0_ssp245_r1i1p1f1_gr1_201501-206412.nc
  descargando archivo 2/2: tos_Omon_INM-CM5-0_ssp245_r1i1p1f1_gr1_206501-210012.nc
Procesando INM-CM5-0 ssp370 (28) ...
  descargando archivo 1/2: tos_Omon_INM-CM5-0_ssp370_r1i1p1f1_gr1_201501-206412.nc
  descargando archivo 2/2: tos_Omon_INM-CM5-0_ssp370_r1i1p1f1_gr1_206501-210012.nc
Procesando INM-CM5-0 ssp585 (28) ...
  descargando archivo 1/2: tos_Omon_INM-CM5-0_ssp585_r1i1p1f1_gr1_201501-206412.nc
  descargando archivo 2/2: tos_Omon_INM-CM5-0_ssp585_r1i1p1f1_gr1_206501-210012.nc
Procesando IPSL-CM6A-LR historical (29) ...
  descargando archivo 1/1: tos_Omon_IPSL-CM6A-LR_historical_r1i1p1f1_gn_185001-201412.nc
Procesando IPSL-CM6A-LR ssp245 (29) ...
  descargando archivo 1/1: tos_Omon_IPSL-CM6A-LR_ssp245_r1i1p1f1_gn_201501-210012.nc
Procesando IPSL-CM6A-LR ssp370 (29) ...
  descargando archivo 1/1: tos_Omon_IPSL-CM6A-LR_ssp370_r1i1p1f1_gn_201501-210012.nc
Procesando IPSL-CM6A-LR ssp585 (29) ...
  descargando archivo 1/1: tos_Omon_IPSL-CM6A-LR_ssp585_r1i1p1f1_gn_201501-210012.nc
MCM-UA-1-0 historical: ya procesado (paso 04/05), se omite la descarga de crudos
MCM-UA-1-0 ssp245: ya procesado (paso 04/05), se omite la descarga de crudos
MCM-UA-1-0 ssp370: ya procesado (paso 04/05), se omite la descarga de crudos
MCM-UA-1-0 ssp585: ya procesado (paso 04/05), se omite la descarga de crudos
Procesando MIROC-ES2L historical (31) ...
  descargando archivo 1/1: tos_Omon_MIROC-ES2L_historical_r1i1p1f2_gr1_185001-201412.nc
Procesando MIROC-ES2L ssp245 (31) ...
  descargando archivo 1/1: tos_Omon_MIROC-ES2L_ssp245_r1i1p1f2_gr1_201501-210012.nc
Procesando MIROC-ES2L ssp370 (31) ...
  descargando archivo 1/1: tos_Omon_MIROC-ES2L_ssp370_r1i1p1f2_gr1_201501-210012.nc
Procesando MIROC-ES2L ssp585 (31) ...
  descargando archivo 1/1: tos_Omon_MIROC-ES2L_ssp585_r1i1p1f2_gr1_201501-210012.nc
Procesando MIROC6 historical (32) ...
  descargando archivo 1/2: tos_Omon_MIROC6_historical_r1i1p1f1_gn_185001-194912.nc
  descargando archivo 2/2: tos_Omon_MIROC6_historical_r1i1p1f1_gn_195001-201412.nc
Procesando MIROC6 ssp245 (32) ...
  descargando archivo 1/1: tos_Omon_MIROC6_ssp245_r1i1p1f1_gn_201501-210012.nc
Procesando MIROC6 ssp370 (32) ...
  descargando archivo 1/1: tos_Omon_MIROC6_ssp370_r1i1p1f1_gn_201501-210012.nc
Procesando MIROC6 ssp585 (32) ...
  descargando archivo 1/1: tos_Omon_MIROC6_ssp585_r1i1p1f1_gn_201501-210012.nc
Procesando MPI-ESM1-2-HR historical (33) ...
  descargando archivo 1/33: tos_Omon_MPI-ESM1-2-HR_historical_r1i1p1f1_gn_185001-185412.nc
  descargando archivo 2/33: tos_Omon_MPI-ESM1-2-HR_historical_r1i1p1f1_gn_185501-185912.nc
  descargando archivo 3/33: tos_Omon_MPI-ESM1-2-HR_historical_r1i1p1f1_gn_186001-186412.nc
  descargando archivo 4/33: tos_Omon_MPI-ESM1-2-HR_historical_r1i1p1f1_gn_186501-186912.nc
  descargando archivo 5/33: tos_Omon_MPI-ESM1-2-HR_historical_r1i1p1f1_gn_187001-187412.nc
  descargando archivo 6/33: tos_Omon_MPI-ESM1-2-HR_historical_r1i1p1f1_gn_187501-187912.nc
  descargando archivo 7/33: tos_Omon_MPI-ESM1-2-HR_historical_r1i1p1f1_gn_188001-188412.nc
  descargando archivo 8/33: tos_Omon_MPI-ESM1-2-HR_historical_r1i1p1f1_gn_188501-188912.nc
  descargando archivo 9/33: tos_Omon_MPI-ESM1-2-HR_historical_r1i1p1f1_gn_189001-189412.nc
  descargando archivo 10/33: tos_Omon_MPI-ESM1-2-HR_historical_r1i1p1f1_gn_189501-189912.nc
  descargando archivo 11/33: tos_Omon_MPI-ESM1-2-HR_historical_r1i1p1f1_gn_190001-190412.nc
  descargando archivo 12/33: tos_Omon_MPI-ESM1-2-HR_historical_r1i1p1f1_gn_190501-190912.nc
  descargando archivo 13/33: tos_Omon_MPI-ESM1-2-HR_historical_r1i1p1f1_gn_191001-191412.nc
  descargando archivo 14/33: tos_Omon_MPI-ESM1-2-HR_historical_r1i1p1f1_gn_191501-191912.nc
  descargando archivo 15/33: tos_Omon_MPI-ESM1-2-HR_historical_r1i1p1f1_gn_192001-192412.nc
  descargando archivo 16/33: tos_Omon_MPI-ESM1-2-HR_historical_r1i1p1f1_gn_192501-192912.nc
  descargando archivo 17/33: tos_Omon_MPI-ESM1-2-HR_historical_r1i1p1f1_gn_193001-193412.nc
  descargando archivo 18/33: tos_Omon_MPI-ESM1-2-HR_historical_r1i1p1f1_gn_193501-193912.nc
  descargando archivo 19/33: tos_Omon_MPI-ESM1-2-HR_historical_r1i1p1f1_gn_194001-194412.nc
  descargando archivo 20/33: tos_Omon_MPI-ESM1-2-HR_historical_r1i1p1f1_gn_194501-194912.nc
  descargando archivo 21/33: tos_Omon_MPI-ESM1-2-HR_historical_r1i1p1f1_gn_195001-195412.nc
  descargando archivo 22/33: tos_Omon_MPI-ESM1-2-HR_historical_r1i1p1f1_gn_195501-195912.nc
  descargando archivo 23/33: tos_Omon_MPI-ESM1-2-HR_historical_r1i1p1f1_gn_196001-196412.nc
  descargando archivo 24/33: tos_Omon_MPI-ESM1-2-HR_historical_r1i1p1f1_gn_196501-196912.nc
  descargando archivo 25/33: tos_Omon_MPI-ESM1-2-HR_historical_r1i1p1f1_gn_197001-197412.nc
  descargando archivo 26/33: tos_Omon_MPI-ESM1-2-HR_historical_r1i1p1f1_gn_197501-197912.nc
  descargando archivo 27/33: tos_Omon_MPI-ESM1-2-HR_historical_r1i1p1f1_gn_198001-198412.nc
  descargando archivo 28/33: tos_Omon_MPI-ESM1-2-HR_historical_r1i1p1f1_gn_198501-198912.nc
  descargando archivo 29/33: tos_Omon_MPI-ESM1-2-HR_historical_r1i1p1f1_gn_199001-199412.nc
  descargando archivo 30/33: tos_Omon_MPI-ESM1-2-HR_historical_r1i1p1f1_gn_199501-199912.nc
  descargando archivo 31/33: tos_Omon_MPI-ESM1-2-HR_historical_r1i1p1f1_gn_200001-200412.nc
  descargando archivo 32/33: tos_Omon_MPI-ESM1-2-HR_historical_r1i1p1f1_gn_200501-200912.nc
  descargando archivo 33/33: tos_Omon_MPI-ESM1-2-HR_historical_r1i1p1f1_gn_201001-201412.nc
Procesando MPI-ESM1-2-HR ssp245 (33) ...
  descargando archivo 1/18: tos_Omon_MPI-ESM1-2-HR_ssp245_r1i1p1f1_gn_201501-201912.nc
  descargando archivo 2/18: tos_Omon_MPI-ESM1-2-HR_ssp245_r1i1p1f1_gn_202001-202412.nc
  descargando archivo 3/18: tos_Omon_MPI-ESM1-2-HR_ssp245_r1i1p1f1_gn_202501-202912.nc
  descargando archivo 4/18: tos_Omon_MPI-ESM1-2-HR_ssp245_r1i1p1f1_gn_203001-203412.nc
  descargando archivo 5/18: tos_Omon_MPI-ESM1-2-HR_ssp245_r1i1p1f1_gn_203501-203912.nc
  descargando archivo 6/18: tos_Omon_MPI-ESM1-2-HR_ssp245_r1i1p1f1_gn_204001-204412.nc
  descargando archivo 7/18: tos_Omon_MPI-ESM1-2-HR_ssp245_r1i1p1f1_gn_204501-204912.nc
  descargando archivo 8/18: tos_Omon_MPI-ESM1-2-HR_ssp245_r1i1p1f1_gn_205001-205412.nc
  descargando archivo 9/18: tos_Omon_MPI-ESM1-2-HR_ssp245_r1i1p1f1_gn_205501-205912.nc
  descargando archivo 10/18: tos_Omon_MPI-ESM1-2-HR_ssp245_r1i1p1f1_gn_206001-206412.nc
  descargando archivo 11/18: tos_Omon_MPI-ESM1-2-HR_ssp245_r1i1p1f1_gn_206501-206912.nc
  descargando archivo 12/18: tos_Omon_MPI-ESM1-2-HR_ssp245_r1i1p1f1_gn_207001-207412.nc
  descargando archivo 13/18: tos_Omon_MPI-ESM1-2-HR_ssp245_r1i1p1f1_gn_207501-207912.nc
  descargando archivo 14/18: tos_Omon_MPI-ESM1-2-HR_ssp245_r1i1p1f1_gn_208001-208412.nc
  descargando archivo 15/18: tos_Omon_MPI-ESM1-2-HR_ssp245_r1i1p1f1_gn_208501-208912.nc
  descargando archivo 16/18: tos_Omon_MPI-ESM1-2-HR_ssp245_r1i1p1f1_gn_209001-209412.nc
  descargando archivo 17/18: tos_Omon_MPI-ESM1-2-HR_ssp245_r1i1p1f1_gn_209501-209912.nc
  descargando archivo 18/18: tos_Omon_MPI-ESM1-2-HR_ssp245_r1i1p1f1_gn_210001-210012.nc
Procesando MPI-ESM1-2-HR ssp370 (33) ...
  descargando archivo 1/18: tos_Omon_MPI-ESM1-2-HR_ssp370_r1i1p1f1_gn_201501-201912.nc
  descargando archivo 2/18: tos_Omon_MPI-ESM1-2-HR_ssp370_r1i1p1f1_gn_202001-202412.nc
  descargando archivo 3/18: tos_Omon_MPI-ESM1-2-HR_ssp370_r1i1p1f1_gn_202501-202912.nc
  descargando archivo 4/18: tos_Omon_MPI-ESM1-2-HR_ssp370_r1i1p1f1_gn_203001-203412.nc
  descargando archivo 5/18: tos_Omon_MPI-ESM1-2-HR_ssp370_r1i1p1f1_gn_203501-203912.nc
  descargando archivo 6/18: tos_Omon_MPI-ESM1-2-HR_ssp370_r1i1p1f1_gn_204001-204412.nc
  descargando archivo 7/18: tos_Omon_MPI-ESM1-2-HR_ssp370_r1i1p1f1_gn_204501-204912.nc
  descargando archivo 8/18: tos_Omon_MPI-ESM1-2-HR_ssp370_r1i1p1f1_gn_205001-205412.nc
  descargando archivo 9/18: tos_Omon_MPI-ESM1-2-HR_ssp370_r1i1p1f1_gn_205501-205912.nc
  descargando archivo 10/18: tos_Omon_MPI-ESM1-2-HR_ssp370_r1i1p1f1_gn_206001-206412.nc
  descargando archivo 11/18: tos_Omon_MPI-ESM1-2-HR_ssp370_r1i1p1f1_gn_206501-206912.nc
  descargando archivo 12/18: tos_Omon_MPI-ESM1-2-HR_ssp370_r1i1p1f1_gn_207001-207412.nc
  descargando archivo 13/18: tos_Omon_MPI-ESM1-2-HR_ssp370_r1i1p1f1_gn_207501-207912.nc
  descargando archivo 14/18: tos_Omon_MPI-ESM1-2-HR_ssp370_r1i1p1f1_gn_208001-208412.nc
  descargando archivo 15/18: tos_Omon_MPI-ESM1-2-HR_ssp370_r1i1p1f1_gn_208501-208912.nc
  descargando archivo 16/18: tos_Omon_MPI-ESM1-2-HR_ssp370_r1i1p1f1_gn_209001-209412.nc
  descargando archivo 17/18: tos_Omon_MPI-ESM1-2-HR_ssp370_r1i1p1f1_gn_209501-209912.nc
  descargando archivo 18/18: tos_Omon_MPI-ESM1-2-HR_ssp370_r1i1p1f1_gn_210001-210012.nc
Procesando MPI-ESM1-2-HR ssp585 (33) ...
  descargando archivo 1/18: tos_Omon_MPI-ESM1-2-HR_ssp585_r1i1p1f1_gn_201501-201912.nc
  descargando archivo 2/18: tos_Omon_MPI-ESM1-2-HR_ssp585_r1i1p1f1_gn_202001-202412.nc
  descargando archivo 3/18: tos_Omon_MPI-ESM1-2-HR_ssp585_r1i1p1f1_gn_202501-202912.nc
  descargando archivo 4/18: tos_Omon_MPI-ESM1-2-HR_ssp585_r1i1p1f1_gn_203001-203412.nc
  descargando archivo 5/18: tos_Omon_MPI-ESM1-2-HR_ssp585_r1i1p1f1_gn_203501-203912.nc
  descargando archivo 6/18: tos_Omon_MPI-ESM1-2-HR_ssp585_r1i1p1f1_gn_204001-204412.nc
  descargando archivo 7/18: tos_Omon_MPI-ESM1-2-HR_ssp585_r1i1p1f1_gn_204501-204912.nc
  descargando archivo 8/18: tos_Omon_MPI-ESM1-2-HR_ssp585_r1i1p1f1_gn_205001-205412.nc
  descargando archivo 9/18: tos_Omon_MPI-ESM1-2-HR_ssp585_r1i1p1f1_gn_205501-205912.nc
  descargando archivo 10/18: tos_Omon_MPI-ESM1-2-HR_ssp585_r1i1p1f1_gn_206001-206412.nc
  descargando archivo 11/18: tos_Omon_MPI-ESM1-2-HR_ssp585_r1i1p1f1_gn_206501-206912.nc
  descargando archivo 12/18: tos_Omon_MPI-ESM1-2-HR_ssp585_r1i1p1f1_gn_207001-207412.nc
  descargando archivo 13/18: tos_Omon_MPI-ESM1-2-HR_ssp585_r1i1p1f1_gn_207501-207912.nc
  descargando archivo 14/18: tos_Omon_MPI-ESM1-2-HR_ssp585_r1i1p1f1_gn_208001-208412.nc
  descargando archivo 15/18: tos_Omon_MPI-ESM1-2-HR_ssp585_r1i1p1f1_gn_208501-208912.nc
  descargando archivo 16/18: tos_Omon_MPI-ESM1-2-HR_ssp585_r1i1p1f1_gn_209001-209412.nc
  descargando archivo 17/18: tos_Omon_MPI-ESM1-2-HR_ssp585_r1i1p1f1_gn_209501-209912.nc
  descargando archivo 18/18: tos_Omon_MPI-ESM1-2-HR_ssp585_r1i1p1f1_gn_210001-210012.nc
Procesando MPI-ESM1-2-LR historical (34) ...
  descargando archivo 1/9: tos_Omon_MPI-ESM1-2-LR_historical_r1i1p1f1_gn_185001-186912.nc
  descargando archivo 2/9: tos_Omon_MPI-ESM1-2-LR_historical_r1i1p1f1_gn_187001-188912.nc
  descargando archivo 3/9: tos_Omon_MPI-ESM1-2-LR_historical_r1i1p1f1_gn_189001-190912.nc
  descargando archivo 4/9: tos_Omon_MPI-ESM1-2-LR_historical_r1i1p1f1_gn_191001-192912.nc
  descargando archivo 5/9: tos_Omon_MPI-ESM1-2-LR_historical_r1i1p1f1_gn_193001-194912.nc
  descargando archivo 6/9: tos_Omon_MPI-ESM1-2-LR_historical_r1i1p1f1_gn_195001-196912.nc
  descargando archivo 7/9: tos_Omon_MPI-ESM1-2-LR_historical_r1i1p1f1_gn_197001-198912.nc
  descargando archivo 8/9: tos_Omon_MPI-ESM1-2-LR_historical_r1i1p1f1_gn_199001-200912.nc
  descargando archivo 9/9: tos_Omon_MPI-ESM1-2-LR_historical_r1i1p1f1_gn_201001-201412.nc
Procesando MPI-ESM1-2-LR ssp245 (34) ...
  descargando archivo 1/5: tos_Omon_MPI-ESM1-2-LR_ssp245_r1i1p1f1_gn_201501-203412.nc
  descargando archivo 2/5: tos_Omon_MPI-ESM1-2-LR_ssp245_r1i1p1f1_gn_203501-205412.nc
  descargando archivo 3/5: tos_Omon_MPI-ESM1-2-LR_ssp245_r1i1p1f1_gn_205501-207412.nc
  descargando archivo 4/5: tos_Omon_MPI-ESM1-2-LR_ssp245_r1i1p1f1_gn_207501-209412.nc
  descargando archivo 5/5: tos_Omon_MPI-ESM1-2-LR_ssp245_r1i1p1f1_gn_209501-210012.nc
Procesando MPI-ESM1-2-LR ssp370 (34) ...
  descargando archivo 1/5: tos_Omon_MPI-ESM1-2-LR_ssp370_r1i1p1f1_gn_201501-203412.nc
  descargando archivo 2/5: tos_Omon_MPI-ESM1-2-LR_ssp370_r1i1p1f1_gn_203501-205412.nc
  descargando archivo 3/5: tos_Omon_MPI-ESM1-2-LR_ssp370_r1i1p1f1_gn_205501-207412.nc
  descargando archivo 4/5: tos_Omon_MPI-ESM1-2-LR_ssp370_r1i1p1f1_gn_207501-209412.nc
  descargando archivo 5/5: tos_Omon_MPI-ESM1-2-LR_ssp370_r1i1p1f1_gn_209501-210012.nc
Procesando MPI-ESM1-2-LR ssp585 (34) ...
  descargando archivo 1/5: tos_Omon_MPI-ESM1-2-LR_ssp585_r1i1p1f1_gn_201501-203412.nc
  descargando archivo 2/5: tos_Omon_MPI-ESM1-2-LR_ssp585_r1i1p1f1_gn_203501-205412.nc
  descargando archivo 3/5: tos_Omon_MPI-ESM1-2-LR_ssp585_r1i1p1f1_gn_205501-207412.nc
  descargando archivo 4/5: tos_Omon_MPI-ESM1-2-LR_ssp585_r1i1p1f1_gn_207501-209412.nc
  descargando archivo 5/5: tos_Omon_MPI-ESM1-2-LR_ssp585_r1i1p1f1_gn_209501-210012.nc
Procesando MRI-ESM2-0 historical (35) ...
  descargando archivo 1/1: tos_Omon_MRI-ESM2-0_historical_r1i1p1f1_gn_185001-201412.nc
Procesando MRI-ESM2-0 ssp245 (35) ...
  descargando archivo 1/1: tos_Omon_MRI-ESM2-0_ssp245_r1i1p1f1_gn_201501-210012.nc
Procesando MRI-ESM2-0 ssp370 (35) ...
  descargando archivo 1/1: tos_Omon_MRI-ESM2-0_ssp370_r1i1p1f1_gn_201501-210012.nc
Procesando MRI-ESM2-0 ssp585 (35) ...
  descargando archivo 1/1: tos_Omon_MRI-ESM2-0_ssp585_r1i1p1f1_gn_201501-210012.nc
Procesando NorESM2-LM historical (36) ...
  descargando archivo 1/17: tos_Omon_NorESM2-LM_historical_r1i1p1f1_gn_185001-185912.nc
  descargando archivo 2/17: tos_Omon_NorESM2-LM_historical_r1i1p1f1_gn_186001-186912.nc
  descargando archivo 3/17: tos_Omon_NorESM2-LM_historical_r1i1p1f1_gn_187001-187912.nc
  descargando archivo 4/17: tos_Omon_NorESM2-LM_historical_r1i1p1f1_gn_188001-188912.nc
  descargando archivo 5/17: tos_Omon_NorESM2-LM_historical_r1i1p1f1_gn_189001-189912.nc
  descargando archivo 6/17: tos_Omon_NorESM2-LM_historical_r1i1p1f1_gn_190001-190912.nc
  descargando archivo 7/17: tos_Omon_NorESM2-LM_historical_r1i1p1f1_gn_191001-191912.nc
  descargando archivo 8/17: tos_Omon_NorESM2-LM_historical_r1i1p1f1_gn_192001-192912.nc
  descargando archivo 9/17: tos_Omon_NorESM2-LM_historical_r1i1p1f1_gn_193001-193912.nc
  descargando archivo 10/17: tos_Omon_NorESM2-LM_historical_r1i1p1f1_gn_194001-194912.nc
  descargando archivo 11/17: tos_Omon_NorESM2-LM_historical_r1i1p1f1_gn_195001-195912.nc
  descargando archivo 12/17: tos_Omon_NorESM2-LM_historical_r1i1p1f1_gn_196001-196912.nc
  descargando archivo 13/17: tos_Omon_NorESM2-LM_historical_r1i1p1f1_gn_197001-197912.nc
  descargando archivo 14/17: tos_Omon_NorESM2-LM_historical_r1i1p1f1_gn_198001-198912.nc
  descargando archivo 15/17: tos_Omon_NorESM2-LM_historical_r1i1p1f1_gn_199001-199912.nc
  descargando archivo 16/17: tos_Omon_NorESM2-LM_historical_r1i1p1f1_gn_200001-200912.nc
  descargando archivo 17/17: tos_Omon_NorESM2-LM_historical_r1i1p1f1_gn_201001-201412.nc
Procesando NorESM2-LM ssp245 (36) ...
  descargando archivo 1/9: tos_Omon_NorESM2-LM_ssp245_r1i1p1f1_gn_201501-202012.nc
  descargando archivo 2/9: tos_Omon_NorESM2-LM_ssp245_r1i1p1f1_gn_202101-203012.nc
  descargando archivo 3/9: tos_Omon_NorESM2-LM_ssp245_r1i1p1f1_gn_203101-204012.nc
  descargando archivo 4/9: tos_Omon_NorESM2-LM_ssp245_r1i1p1f1_gn_204101-205012.nc
  descargando archivo 5/9: tos_Omon_NorESM2-LM_ssp245_r1i1p1f1_gn_205101-206012.nc
  descargando archivo 6/9: tos_Omon_NorESM2-LM_ssp245_r1i1p1f1_gn_206101-207012.nc
  descargando archivo 7/9: tos_Omon_NorESM2-LM_ssp245_r1i1p1f1_gn_207101-208012.nc
  descargando archivo 8/9: tos_Omon_NorESM2-LM_ssp245_r1i1p1f1_gn_208101-209012.nc
  descargando archivo 9/9: tos_Omon_NorESM2-LM_ssp245_r1i1p1f1_gn_209101-210012.nc
Procesando NorESM2-LM ssp370 (36) ...
  descargando archivo 1/9: tos_Omon_NorESM2-LM_ssp370_r1i1p1f1_gn_201501-202012.nc
  descargando archivo 2/9: tos_Omon_NorESM2-LM_ssp370_r1i1p1f1_gn_202101-203012.nc
  descargando archivo 3/9: tos_Omon_NorESM2-LM_ssp370_r1i1p1f1_gn_203101-204012.nc
  descargando archivo 4/9: tos_Omon_NorESM2-LM_ssp370_r1i1p1f1_gn_204101-205012.nc
  descargando archivo 5/9: tos_Omon_NorESM2-LM_ssp370_r1i1p1f1_gn_205101-206012.nc
  descargando archivo 6/9: tos_Omon_NorESM2-LM_ssp370_r1i1p1f1_gn_206101-207012.nc
  descargando archivo 7/9: tos_Omon_NorESM2-LM_ssp370_r1i1p1f1_gn_207101-208012.nc
  descargando archivo 8/9: tos_Omon_NorESM2-LM_ssp370_r1i1p1f1_gn_208101-209012.nc
  descargando archivo 9/9: tos_Omon_NorESM2-LM_ssp370_r1i1p1f1_gn_209101-210012.nc
Procesando NorESM2-LM ssp585 (36) ...
  descargando archivo 1/9: tos_Omon_NorESM2-LM_ssp585_r1i1p1f1_gn_201501-202012.nc
  descargando archivo 2/9: tos_Omon_NorESM2-LM_ssp585_r1i1p1f1_gn_202101-203012.nc
  descargando archivo 3/9: tos_Omon_NorESM2-LM_ssp585_r1i1p1f1_gn_203101-204012.nc
  descargando archivo 4/9: tos_Omon_NorESM2-LM_ssp585_r1i1p1f1_gn_204101-205012.nc
  descargando archivo 5/9: tos_Omon_NorESM2-LM_ssp585_r1i1p1f1_gn_205101-206012.nc
  descargando archivo 6/9: tos_Omon_NorESM2-LM_ssp585_r1i1p1f1_gn_206101-207012.nc
  descargando archivo 7/9: tos_Omon_NorESM2-LM_ssp585_r1i1p1f1_gn_207101-208012.nc
  descargando archivo 8/9: tos_Omon_NorESM2-LM_ssp585_r1i1p1f1_gn_208101-209012.nc
  descargando archivo 9/9: tos_Omon_NorESM2-LM_ssp585_r1i1p1f1_gn_209101-210012.nc
Procesando NorESM2-MM historical (37) ...
  descargando archivo 1/17: tos_Omon_NorESM2-MM_historical_r1i1p1f1_gn_185001-185912.nc
  descargando archivo 2/17: tos_Omon_NorESM2-MM_historical_r1i1p1f1_gn_186001-186912.nc
  descargando archivo 3/17: tos_Omon_NorESM2-MM_historical_r1i1p1f1_gn_187001-187912.nc
  descargando archivo 4/17: tos_Omon_NorESM2-MM_historical_r1i1p1f1_gn_188001-188912.nc
  descargando archivo 5/17: tos_Omon_NorESM2-MM_historical_r1i1p1f1_gn_189001-189912.nc
  descargando archivo 6/17: tos_Omon_NorESM2-MM_historical_r1i1p1f1_gn_190001-190912.nc
  descargando archivo 7/17: tos_Omon_NorESM2-MM_historical_r1i1p1f1_gn_191001-191912.nc
  descargando archivo 8/17: tos_Omon_NorESM2-MM_historical_r1i1p1f1_gn_192001-192912.nc
  descargando archivo 9/17: tos_Omon_NorESM2-MM_historical_r1i1p1f1_gn_193001-193912.nc
  descargando archivo 10/17: tos_Omon_NorESM2-MM_historical_r1i1p1f1_gn_194001-194912.nc
  descargando archivo 11/17: tos_Omon_NorESM2-MM_historical_r1i1p1f1_gn_195001-195912.nc
  descargando archivo 12/17: tos_Omon_NorESM2-MM_historical_r1i1p1f1_gn_196001-196912.nc
  descargando archivo 13/17: tos_Omon_NorESM2-MM_historical_r1i1p1f1_gn_197001-197912.nc
  descargando archivo 14/17: tos_Omon_NorESM2-MM_historical_r1i1p1f1_gn_198001-198912.nc
  descargando archivo 15/17: tos_Omon_NorESM2-MM_historical_r1i1p1f1_gn_199001-199912.nc
  descargando archivo 16/17: tos_Omon_NorESM2-MM_historical_r1i1p1f1_gn_200001-200912.nc
  descargando archivo 17/17: tos_Omon_NorESM2-MM_historical_r1i1p1f1_gn_201001-201412.nc
Procesando NorESM2-MM ssp245 (37) ...
  descargando archivo 1/9: tos_Omon_NorESM2-MM_ssp245_r1i1p1f1_gn_201501-202012.nc
  descargando archivo 2/9: tos_Omon_NorESM2-MM_ssp245_r1i1p1f1_gn_202101-203012.nc
  descargando archivo 3/9: tos_Omon_NorESM2-MM_ssp245_r1i1p1f1_gn_203101-204012.nc
  descargando archivo 4/9: tos_Omon_NorESM2-MM_ssp245_r1i1p1f1_gn_204101-205012.nc
  descargando archivo 5/9: tos_Omon_NorESM2-MM_ssp245_r1i1p1f1_gn_205101-206012.nc
  descargando archivo 6/9: tos_Omon_NorESM2-MM_ssp245_r1i1p1f1_gn_206101-207012.nc
  descargando archivo 7/9: tos_Omon_NorESM2-MM_ssp245_r1i1p1f1_gn_207101-208012.nc
  descargando archivo 8/9: tos_Omon_NorESM2-MM_ssp245_r1i1p1f1_gn_208101-209012.nc
  descargando archivo 9/9: tos_Omon_NorESM2-MM_ssp245_r1i1p1f1_gn_209101-210012.nc
Procesando NorESM2-MM ssp370 (37) ...
  descargando archivo 1/9: tos_Omon_NorESM2-MM_ssp370_r1i1p1f1_gn_201501-202012.nc
  descargando archivo 2/9: tos_Omon_NorESM2-MM_ssp370_r1i1p1f1_gn_202101-203012.nc
  descargando archivo 3/9: tos_Omon_NorESM2-MM_ssp370_r1i1p1f1_gn_203101-204012.nc
  descargando archivo 4/9: tos_Omon_NorESM2-MM_ssp370_r1i1p1f1_gn_204101-205012.nc
  descargando archivo 5/9: tos_Omon_NorESM2-MM_ssp370_r1i1p1f1_gn_205101-206012.nc
  descargando archivo 6/9: tos_Omon_NorESM2-MM_ssp370_r1i1p1f1_gn_206101-207012.nc
  descargando archivo 7/9: tos_Omon_NorESM2-MM_ssp370_r1i1p1f1_gn_207101-208012.nc
  descargando archivo 8/9: tos_Omon_NorESM2-MM_ssp370_r1i1p1f1_gn_208101-209012.nc
  descargando archivo 9/9: tos_Omon_NorESM2-MM_ssp370_r1i1p1f1_gn_209101-210012.nc
Procesando NorESM2-MM ssp585 (37) ...
  descargando archivo 1/9: tos_Omon_NorESM2-MM_ssp585_r1i1p1f1_gn_201501-202012.nc
  descargando archivo 2/9: tos_Omon_NorESM2-MM_ssp585_r1i1p1f1_gn_202101-203012.nc
  descargando archivo 3/9: tos_Omon_NorESM2-MM_ssp585_r1i1p1f1_gn_203101-204012.nc
  descargando archivo 4/9: tos_Omon_NorESM2-MM_ssp585_r1i1p1f1_gn_204101-205012.nc
  descargando archivo 5/9: tos_Omon_NorESM2-MM_ssp585_r1i1p1f1_gn_205101-206012.nc
  descargando archivo 6/9: tos_Omon_NorESM2-MM_ssp585_r1i1p1f1_gn_206101-207012.nc
  descargando archivo 7/9: tos_Omon_NorESM2-MM_ssp585_r1i1p1f1_gn_207101-208012.nc
  descargando archivo 8/9: tos_Omon_NorESM2-MM_ssp585_r1i1p1f1_gn_208101-209012.nc
  descargando archivo 9/9: tos_Omon_NorESM2-MM_ssp585_r1i1p1f1_gn_209101-210012.nc
Procesando TaiESM1 historical (38) ...
  descargando archivo 1/165: tos_Omon_TaiESM1_historical_r1i1p1f1_gn_185001-185012.nc
  descargando archivo 2/165: tos_Omon_TaiESM1_historical_r1i1p1f1_gn_185101-185112.nc
  descargando archivo 3/165: tos_Omon_TaiESM1_historical_r1i1p1f1_gn_185201-185212.nc
  descargando archivo 4/165: tos_Omon_TaiESM1_historical_r1i1p1f1_gn_185301-185312.nc
  descargando archivo 5/165: tos_Omon_TaiESM1_historical_r1i1p1f1_gn_185401-185412.nc
  descargando archivo 6/165: tos_Omon_TaiESM1_historical_r1i1p1f1_gn_185501-185512.nc
  descargando archivo 7/165: tos_Omon_TaiESM1_historical_r1i1p1f1_gn_185601-185612.nc
  descargando archivo 8/165: tos_Omon_TaiESM1_historical_r1i1p1f1_gn_185701-185712.nc
  descargando archivo 9/165: tos_Omon_TaiESM1_historical_r1i1p1f1_gn_185801-185812.nc
  descargando archivo 10/165: tos_Omon_TaiESM1_historical_r1i1p1f1_gn_185901-185912.nc
  descargando archivo 11/165: tos_Omon_TaiESM1_historical_r1i1p1f1_gn_186001-186012.nc
  descargando archivo 12/165: tos_Omon_TaiESM1_historical_r1i1p1f1_gn_186101-186112.nc
  descargando archivo 13/165: tos_Omon_TaiESM1_historical_r1i1p1f1_gn_186201-186212.nc
  descargando archivo 14/165: tos_Omon_TaiESM1_historical_r1i1p1f1_gn_186301-186312.nc
  descargando archivo 15/165: tos_Omon_TaiESM1_historical_r1i1p1f1_gn_186401-186412.nc
  descargando archivo 16/165: tos_Omon_TaiESM1_historical_r1i1p1f1_gn_186501-186512.nc
  descargando archivo 17/165: tos_Omon_TaiESM1_historical_r1i1p1f1_gn_186601-186612.nc
  descargando archivo 18/165: tos_Omon_TaiESM1_historical_r1i1p1f1_gn_186701-186712.nc
  descargando archivo 19/165: tos_Omon_TaiESM1_historical_r1i1p1f1_gn_186801-186812.nc
  descargando archivo 20/165: tos_Omon_TaiESM1_historical_r1i1p1f1_gn_186901-186912.nc
  descargando archivo 21/165: tos_Omon_TaiESM1_historical_r1i1p1f1_gn_187001-187012.nc
  descargando archivo 22/165: tos_Omon_TaiESM1_historical_r1i1p1f1_gn_187101-187112.nc
  descargando archivo 23/165: tos_Omon_TaiESM1_historical_r1i1p1f1_gn_187201-187212.nc
  descargando archivo 24/165: tos_Omon_TaiESM1_historical_r1i1p1f1_gn_187301-187312.nc
  descargando archivo 25/165: tos_Omon_TaiESM1_historical_r1i1p1f1_gn_187401-187412.nc
  descargando archivo 26/165: tos_Omon_TaiESM1_historical_r1i1p1f1_gn_187501-187512.nc
  descargando archivo 27/165: tos_Omon_TaiESM1_historical_r1i1p1f1_gn_187601-187612.nc
  descargando archivo 28/165: tos_Omon_TaiESM1_historical_r1i1p1f1_gn_187701-187712.nc
  descargando archivo 29/165: tos_Omon_TaiESM1_historical_r1i1p1f1_gn_187801-187812.nc
  descargando archivo 30/165: tos_Omon_TaiESM1_historical_r1i1p1f1_gn_187901-187912.nc
  descargando archivo 31/165: tos_Omon_TaiESM1_historical_r1i1p1f1_gn_188001-188012.nc
  descargando archivo 32/165: tos_Omon_TaiESM1_historical_r1i1p1f1_gn_188101-188112.nc
  descargando archivo 33/165: tos_Omon_TaiESM1_historical_r1i1p1f1_gn_188201-188212.nc
  descargando archivo 34/165: tos_Omon_TaiESM1_historical_r1i1p1f1_gn_188301-188312.nc
  descargando archivo 35/165: tos_Omon_TaiESM1_historical_r1i1p1f1_gn_188401-188412.nc
  descargando archivo 36/165: tos_Omon_TaiESM1_historical_r1i1p1f1_gn_188501-188512.nc
  descargando archivo 37/165: tos_Omon_TaiESM1_historical_r1i1p1f1_gn_188601-188612.nc
  descargando archivo 38/165: tos_Omon_TaiESM1_historical_r1i1p1f1_gn_188701-188712.nc
  descargando archivo 39/165: tos_Omon_TaiESM1_historical_r1i1p1f1_gn_188801-188812.nc
  descargando archivo 40/165: tos_Omon_TaiESM1_historical_r1i1p1f1_gn_188901-188912.nc
  descargando archivo 41/165: tos_Omon_TaiESM1_historical_r1i1p1f1_gn_189001-189012.nc
  descargando archivo 42/165: tos_Omon_TaiESM1_historical_r1i1p1f1_gn_189101-189112.nc
  descargando archivo 43/165: tos_Omon_TaiESM1_historical_r1i1p1f1_gn_189201-189212.nc
  descargando archivo 44/165: tos_Omon_TaiESM1_historical_r1i1p1f1_gn_189301-189312.nc
  descargando archivo 45/165: tos_Omon_TaiESM1_historical_r1i1p1f1_gn_189401-189412.nc
  descargando archivo 46/165: tos_Omon_TaiESM1_historical_r1i1p1f1_gn_189501-189512.nc
  descargando archivo 47/165: tos_Omon_TaiESM1_historical_r1i1p1f1_gn_189601-189612.nc
  descargando archivo 48/165: tos_Omon_TaiESM1_historical_r1i1p1f1_gn_189701-189712.nc
  descargando archivo 49/165: tos_Omon_TaiESM1_historical_r1i1p1f1_gn_189801-189812.nc
  descargando archivo 50/165: tos_Omon_TaiESM1_historical_r1i1p1f1_gn_189901-189912.nc
  descargando archivo 51/165: tos_Omon_TaiESM1_historical_r1i1p1f1_gn_190001-190012.nc
  descargando archivo 52/165: tos_Omon_TaiESM1_historical_r1i1p1f1_gn_190101-190112.nc
  descargando archivo 53/165: tos_Omon_TaiESM1_historical_r1i1p1f1_gn_190201-190212.nc
  descargando archivo 54/165: tos_Omon_TaiESM1_historical_r1i1p1f1_gn_190301-190312.nc
  descargando archivo 55/165: tos_Omon_TaiESM1_historical_r1i1p1f1_gn_190401-190412.nc
  descargando archivo 56/165: tos_Omon_TaiESM1_historical_r1i1p1f1_gn_190501-190512.nc
  descargando archivo 57/165: tos_Omon_TaiESM1_historical_r1i1p1f1_gn_190601-190612.nc
  descargando archivo 58/165: tos_Omon_TaiESM1_historical_r1i1p1f1_gn_190701-190712.nc
  descargando archivo 59/165: tos_Omon_TaiESM1_historical_r1i1p1f1_gn_190801-190812.nc
  descargando archivo 60/165: tos_Omon_TaiESM1_historical_r1i1p1f1_gn_190901-190912.nc
  descargando archivo 61/165: tos_Omon_TaiESM1_historical_r1i1p1f1_gn_191001-191012.nc
  descargando archivo 62/165: tos_Omon_TaiESM1_historical_r1i1p1f1_gn_191101-191112.nc
  descargando archivo 63/165: tos_Omon_TaiESM1_historical_r1i1p1f1_gn_191201-191212.nc
  descargando archivo 64/165: tos_Omon_TaiESM1_historical_r1i1p1f1_gn_191301-191312.nc
  descargando archivo 65/165: tos_Omon_TaiESM1_historical_r1i1p1f1_gn_191401-191412.nc
  descargando archivo 66/165: tos_Omon_TaiESM1_historical_r1i1p1f1_gn_191501-191512.nc
  descargando archivo 67/165: tos_Omon_TaiESM1_historical_r1i1p1f1_gn_191601-191612.nc
  descargando archivo 68/165: tos_Omon_TaiESM1_historical_r1i1p1f1_gn_191701-191712.nc
  descargando archivo 69/165: tos_Omon_TaiESM1_historical_r1i1p1f1_gn_191801-191812.nc
  descargando archivo 70/165: tos_Omon_TaiESM1_historical_r1i1p1f1_gn_191901-191912.nc
  descargando archivo 71/165: tos_Omon_TaiESM1_historical_r1i1p1f1_gn_192001-192012.nc
  descargando archivo 72/165: tos_Omon_TaiESM1_historical_r1i1p1f1_gn_192101-192112.nc
  descargando archivo 73/165: tos_Omon_TaiESM1_historical_r1i1p1f1_gn_192201-192212.nc
  descargando archivo 74/165: tos_Omon_TaiESM1_historical_r1i1p1f1_gn_192301-192312.nc
  descargando archivo 75/165: tos_Omon_TaiESM1_historical_r1i1p1f1_gn_192401-192412.nc
  descargando archivo 76/165: tos_Omon_TaiESM1_historical_r1i1p1f1_gn_192501-192512.nc
  descargando archivo 77/165: tos_Omon_TaiESM1_historical_r1i1p1f1_gn_192601-192612.nc
  descargando archivo 78/165: tos_Omon_TaiESM1_historical_r1i1p1f1_gn_192701-192712.nc
  descargando archivo 79/165: tos_Omon_TaiESM1_historical_r1i1p1f1_gn_192801-192812.nc
  descargando archivo 80/165: tos_Omon_TaiESM1_historical_r1i1p1f1_gn_192901-192912.nc
  descargando archivo 81/165: tos_Omon_TaiESM1_historical_r1i1p1f1_gn_193001-193012.nc
  descargando archivo 82/165: tos_Omon_TaiESM1_historical_r1i1p1f1_gn_193101-193112.nc
  descargando archivo 83/165: tos_Omon_TaiESM1_historical_r1i1p1f1_gn_193201-193212.nc
  descargando archivo 84/165: tos_Omon_TaiESM1_historical_r1i1p1f1_gn_193301-193312.nc
  descargando archivo 85/165: tos_Omon_TaiESM1_historical_r1i1p1f1_gn_193401-193412.nc
  descargando archivo 86/165: tos_Omon_TaiESM1_historical_r1i1p1f1_gn_193501-193512.nc
  descargando archivo 87/165: tos_Omon_TaiESM1_historical_r1i1p1f1_gn_193601-193612.nc
  descargando archivo 88/165: tos_Omon_TaiESM1_historical_r1i1p1f1_gn_193701-193712.nc
  descargando archivo 89/165: tos_Omon_TaiESM1_historical_r1i1p1f1_gn_193801-193812.nc
  descargando archivo 90/165: tos_Omon_TaiESM1_historical_r1i1p1f1_gn_193901-193912.nc
  descargando archivo 91/165: tos_Omon_TaiESM1_historical_r1i1p1f1_gn_194001-194012.nc
  descargando archivo 92/165: tos_Omon_TaiESM1_historical_r1i1p1f1_gn_194101-194112.nc
  descargando archivo 93/165: tos_Omon_TaiESM1_historical_r1i1p1f1_gn_194201-194212.nc
  descargando archivo 94/165: tos_Omon_TaiESM1_historical_r1i1p1f1_gn_194301-194312.nc
  descargando archivo 95/165: tos_Omon_TaiESM1_historical_r1i1p1f1_gn_194401-194412.nc
  descargando archivo 96/165: tos_Omon_TaiESM1_historical_r1i1p1f1_gn_194501-194512.nc
  descargando archivo 97/165: tos_Omon_TaiESM1_historical_r1i1p1f1_gn_194601-194612.nc
  descargando archivo 98/165: tos_Omon_TaiESM1_historical_r1i1p1f1_gn_194701-194712.nc
  descargando archivo 99/165: tos_Omon_TaiESM1_historical_r1i1p1f1_gn_194801-194812.nc
  descargando archivo 100/165: tos_Omon_TaiESM1_historical_r1i1p1f1_gn_194901-194912.nc
  descargando archivo 101/165: tos_Omon_TaiESM1_historical_r1i1p1f1_gn_195001-195012.nc
  descargando archivo 102/165: tos_Omon_TaiESM1_historical_r1i1p1f1_gn_195101-195112.nc
  descargando archivo 103/165: tos_Omon_TaiESM1_historical_r1i1p1f1_gn_195201-195212.nc
  descargando archivo 104/165: tos_Omon_TaiESM1_historical_r1i1p1f1_gn_195301-195312.nc
  descargando archivo 105/165: tos_Omon_TaiESM1_historical_r1i1p1f1_gn_195401-195412.nc
  descargando archivo 106/165: tos_Omon_TaiESM1_historical_r1i1p1f1_gn_195501-195512.nc
  descargando archivo 107/165: tos_Omon_TaiESM1_historical_r1i1p1f1_gn_195601-195612.nc
  descargando archivo 108/165: tos_Omon_TaiESM1_historical_r1i1p1f1_gn_195701-195712.nc
  descargando archivo 109/165: tos_Omon_TaiESM1_historical_r1i1p1f1_gn_195801-195812.nc
  descargando archivo 110/165: tos_Omon_TaiESM1_historical_r1i1p1f1_gn_195901-195912.nc
  descargando archivo 111/165: tos_Omon_TaiESM1_historical_r1i1p1f1_gn_196001-196012.nc
  descargando archivo 112/165: tos_Omon_TaiESM1_historical_r1i1p1f1_gn_196101-196112.nc
  descargando archivo 113/165: tos_Omon_TaiESM1_historical_r1i1p1f1_gn_196201-196212.nc
  descargando archivo 114/165: tos_Omon_TaiESM1_historical_r1i1p1f1_gn_196301-196312.nc
  descargando archivo 115/165: tos_Omon_TaiESM1_historical_r1i1p1f1_gn_196401-196412.nc
  descargando archivo 116/165: tos_Omon_TaiESM1_historical_r1i1p1f1_gn_196501-196512.nc
  descargando archivo 117/165: tos_Omon_TaiESM1_historical_r1i1p1f1_gn_196601-196612.nc
  descargando archivo 118/165: tos_Omon_TaiESM1_historical_r1i1p1f1_gn_196701-196712.nc
  descargando archivo 119/165: tos_Omon_TaiESM1_historical_r1i1p1f1_gn_196801-196812.nc
  descargando archivo 120/165: tos_Omon_TaiESM1_historical_r1i1p1f1_gn_196901-196912.nc
  descargando archivo 121/165: tos_Omon_TaiESM1_historical_r1i1p1f1_gn_197001-197012.nc
  descargando archivo 122/165: tos_Omon_TaiESM1_historical_r1i1p1f1_gn_197101-197112.nc
  descargando archivo 123/165: tos_Omon_TaiESM1_historical_r1i1p1f1_gn_197201-197212.nc
  descargando archivo 124/165: tos_Omon_TaiESM1_historical_r1i1p1f1_gn_197301-197312.nc
  descargando archivo 125/165: tos_Omon_TaiESM1_historical_r1i1p1f1_gn_197401-197412.nc
  descargando archivo 126/165: tos_Omon_TaiESM1_historical_r1i1p1f1_gn_197501-197512.nc
  descargando archivo 127/165: tos_Omon_TaiESM1_historical_r1i1p1f1_gn_197601-197612.nc
  descargando archivo 128/165: tos_Omon_TaiESM1_historical_r1i1p1f1_gn_197701-197712.nc
  descargando archivo 129/165: tos_Omon_TaiESM1_historical_r1i1p1f1_gn_197801-197812.nc
  descargando archivo 130/165: tos_Omon_TaiESM1_historical_r1i1p1f1_gn_197901-197912.nc
  descargando archivo 131/165: tos_Omon_TaiESM1_historical_r1i1p1f1_gn_198001-198012.nc
  descargando archivo 132/165: tos_Omon_TaiESM1_historical_r1i1p1f1_gn_198101-198112.nc
  descargando archivo 133/165: tos_Omon_TaiESM1_historical_r1i1p1f1_gn_198201-198212.nc
  descargando archivo 134/165: tos_Omon_TaiESM1_historical_r1i1p1f1_gn_198301-198312.nc
  descargando archivo 135/165: tos_Omon_TaiESM1_historical_r1i1p1f1_gn_198401-198412.nc
  descargando archivo 136/165: tos_Omon_TaiESM1_historical_r1i1p1f1_gn_198501-198512.nc
  descargando archivo 137/165: tos_Omon_TaiESM1_historical_r1i1p1f1_gn_198601-198612.nc
  descargando archivo 138/165: tos_Omon_TaiESM1_historical_r1i1p1f1_gn_198701-198712.nc
  descargando archivo 139/165: tos_Omon_TaiESM1_historical_r1i1p1f1_gn_198801-198812.nc
  descargando archivo 140/165: tos_Omon_TaiESM1_historical_r1i1p1f1_gn_198901-198912.nc
  descargando archivo 141/165: tos_Omon_TaiESM1_historical_r1i1p1f1_gn_199001-199012.nc
  descargando archivo 142/165: tos_Omon_TaiESM1_historical_r1i1p1f1_gn_199101-199112.nc
  descargando archivo 143/165: tos_Omon_TaiESM1_historical_r1i1p1f1_gn_199201-199212.nc
  descargando archivo 144/165: tos_Omon_TaiESM1_historical_r1i1p1f1_gn_199301-199312.nc
  descargando archivo 145/165: tos_Omon_TaiESM1_historical_r1i1p1f1_gn_199401-199412.nc
  descargando archivo 146/165: tos_Omon_TaiESM1_historical_r1i1p1f1_gn_199501-199512.nc
  descargando archivo 147/165: tos_Omon_TaiESM1_historical_r1i1p1f1_gn_199601-199612.nc
  descargando archivo 148/165: tos_Omon_TaiESM1_historical_r1i1p1f1_gn_199701-199712.nc
  descargando archivo 149/165: tos_Omon_TaiESM1_historical_r1i1p1f1_gn_199801-199812.nc
  descargando archivo 150/165: tos_Omon_TaiESM1_historical_r1i1p1f1_gn_199901-199912.nc
  descargando archivo 151/165: tos_Omon_TaiESM1_historical_r1i1p1f1_gn_200001-200012.nc
  descargando archivo 152/165: tos_Omon_TaiESM1_historical_r1i1p1f1_gn_200101-200112.nc
  descargando archivo 153/165: tos_Omon_TaiESM1_historical_r1i1p1f1_gn_200201-200212.nc
  descargando archivo 154/165: tos_Omon_TaiESM1_historical_r1i1p1f1_gn_200301-200312.nc
  descargando archivo 155/165: tos_Omon_TaiESM1_historical_r1i1p1f1_gn_200401-200412.nc
  descargando archivo 156/165: tos_Omon_TaiESM1_historical_r1i1p1f1_gn_200501-200512.nc
  descargando archivo 157/165: tos_Omon_TaiESM1_historical_r1i1p1f1_gn_200601-200612.nc
  descargando archivo 158/165: tos_Omon_TaiESM1_historical_r1i1p1f1_gn_200701-200712.nc
  descargando archivo 159/165: tos_Omon_TaiESM1_historical_r1i1p1f1_gn_200801-200812.nc
  descargando archivo 160/165: tos_Omon_TaiESM1_historical_r1i1p1f1_gn_200901-200912.nc
  descargando archivo 161/165: tos_Omon_TaiESM1_historical_r1i1p1f1_gn_201001-201012.nc
  descargando archivo 162/165: tos_Omon_TaiESM1_historical_r1i1p1f1_gn_201101-201112.nc
  descargando archivo 163/165: tos_Omon_TaiESM1_historical_r1i1p1f1_gn_201201-201212.nc
  descargando archivo 164/165: tos_Omon_TaiESM1_historical_r1i1p1f1_gn_201301-201312.nc
  descargando archivo 165/165: tos_Omon_TaiESM1_historical_r1i1p1f1_gn_201401-201412.nc
Procesando TaiESM1 ssp245 (38) ...
  descargando archivo 1/86: tos_Omon_TaiESM1_ssp245_r1i1p1f1_gn_201501-201512.nc
  descargando archivo 2/86: tos_Omon_TaiESM1_ssp245_r1i1p1f1_gn_201601-201612.nc
  descargando archivo 3/86: tos_Omon_TaiESM1_ssp245_r1i1p1f1_gn_201701-201712.nc
  descargando archivo 4/86: tos_Omon_TaiESM1_ssp245_r1i1p1f1_gn_201801-201812.nc
  descargando archivo 5/86: tos_Omon_TaiESM1_ssp245_r1i1p1f1_gn_201901-201912.nc
  descargando archivo 6/86: tos_Omon_TaiESM1_ssp245_r1i1p1f1_gn_202001-202012.nc
  descargando archivo 7/86: tos_Omon_TaiESM1_ssp245_r1i1p1f1_gn_202101-202112.nc
  descargando archivo 8/86: tos_Omon_TaiESM1_ssp245_r1i1p1f1_gn_202201-202212.nc
  descargando archivo 9/86: tos_Omon_TaiESM1_ssp245_r1i1p1f1_gn_202301-202312.nc
  descargando archivo 10/86: tos_Omon_TaiESM1_ssp245_r1i1p1f1_gn_202401-202412.nc
  descargando archivo 11/86: tos_Omon_TaiESM1_ssp245_r1i1p1f1_gn_202501-202512.nc
  descargando archivo 12/86: tos_Omon_TaiESM1_ssp245_r1i1p1f1_gn_202601-202612.nc
  descargando archivo 13/86: tos_Omon_TaiESM1_ssp245_r1i1p1f1_gn_202701-202712.nc
  descargando archivo 14/86: tos_Omon_TaiESM1_ssp245_r1i1p1f1_gn_202801-202812.nc
  descargando archivo 15/86: tos_Omon_TaiESM1_ssp245_r1i1p1f1_gn_202901-202912.nc
  descargando archivo 16/86: tos_Omon_TaiESM1_ssp245_r1i1p1f1_gn_203001-203012.nc
  descargando archivo 17/86: tos_Omon_TaiESM1_ssp245_r1i1p1f1_gn_203101-203112.nc
  descargando archivo 18/86: tos_Omon_TaiESM1_ssp245_r1i1p1f1_gn_203201-203212.nc
  descargando archivo 19/86: tos_Omon_TaiESM1_ssp245_r1i1p1f1_gn_203301-203312.nc
  descargando archivo 20/86: tos_Omon_TaiESM1_ssp245_r1i1p1f1_gn_203401-203412.nc
  descargando archivo 21/86: tos_Omon_TaiESM1_ssp245_r1i1p1f1_gn_203501-203512.nc
  descargando archivo 22/86: tos_Omon_TaiESM1_ssp245_r1i1p1f1_gn_203601-203612.nc
  descargando archivo 23/86: tos_Omon_TaiESM1_ssp245_r1i1p1f1_gn_203701-203712.nc
  descargando archivo 24/86: tos_Omon_TaiESM1_ssp245_r1i1p1f1_gn_203801-203812.nc
  descargando archivo 25/86: tos_Omon_TaiESM1_ssp245_r1i1p1f1_gn_203901-203912.nc
  descargando archivo 26/86: tos_Omon_TaiESM1_ssp245_r1i1p1f1_gn_204001-204012.nc
  descargando archivo 27/86: tos_Omon_TaiESM1_ssp245_r1i1p1f1_gn_204101-204112.nc
  descargando archivo 28/86: tos_Omon_TaiESM1_ssp245_r1i1p1f1_gn_204201-204212.nc
  descargando archivo 29/86: tos_Omon_TaiESM1_ssp245_r1i1p1f1_gn_204301-204312.nc
  descargando archivo 30/86: tos_Omon_TaiESM1_ssp245_r1i1p1f1_gn_204401-204412.nc
  descargando archivo 31/86: tos_Omon_TaiESM1_ssp245_r1i1p1f1_gn_204501-204512.nc
  descargando archivo 32/86: tos_Omon_TaiESM1_ssp245_r1i1p1f1_gn_204601-204612.nc
  descargando archivo 33/86: tos_Omon_TaiESM1_ssp245_r1i1p1f1_gn_204701-204712.nc
  descargando archivo 34/86: tos_Omon_TaiESM1_ssp245_r1i1p1f1_gn_204801-204812.nc
  descargando archivo 35/86: tos_Omon_TaiESM1_ssp245_r1i1p1f1_gn_204901-204912.nc
  descargando archivo 36/86: tos_Omon_TaiESM1_ssp245_r1i1p1f1_gn_205001-205012.nc
  descargando archivo 37/86: tos_Omon_TaiESM1_ssp245_r1i1p1f1_gn_205101-205112.nc
  descargando archivo 38/86: tos_Omon_TaiESM1_ssp245_r1i1p1f1_gn_205201-205212.nc
  descargando archivo 39/86: tos_Omon_TaiESM1_ssp245_r1i1p1f1_gn_205301-205312.nc
  descargando archivo 40/86: tos_Omon_TaiESM1_ssp245_r1i1p1f1_gn_205401-205412.nc
  descargando archivo 41/86: tos_Omon_TaiESM1_ssp245_r1i1p1f1_gn_205501-205512.nc
  descargando archivo 42/86: tos_Omon_TaiESM1_ssp245_r1i1p1f1_gn_205601-205612.nc
  descargando archivo 43/86: tos_Omon_TaiESM1_ssp245_r1i1p1f1_gn_205701-205712.nc
  descargando archivo 44/86: tos_Omon_TaiESM1_ssp245_r1i1p1f1_gn_205801-205812.nc
  descargando archivo 45/86: tos_Omon_TaiESM1_ssp245_r1i1p1f1_gn_205901-205912.nc
  descargando archivo 46/86: tos_Omon_TaiESM1_ssp245_r1i1p1f1_gn_206001-206012.nc
  descargando archivo 47/86: tos_Omon_TaiESM1_ssp245_r1i1p1f1_gn_206101-206112.nc
  descargando archivo 48/86: tos_Omon_TaiESM1_ssp245_r1i1p1f1_gn_206201-206212.nc
  descargando archivo 49/86: tos_Omon_TaiESM1_ssp245_r1i1p1f1_gn_206301-206312.nc
  descargando archivo 50/86: tos_Omon_TaiESM1_ssp245_r1i1p1f1_gn_206401-206412.nc
  descargando archivo 51/86: tos_Omon_TaiESM1_ssp245_r1i1p1f1_gn_206501-206512.nc
  descargando archivo 52/86: tos_Omon_TaiESM1_ssp245_r1i1p1f1_gn_206601-206612.nc
  descargando archivo 53/86: tos_Omon_TaiESM1_ssp245_r1i1p1f1_gn_206701-206712.nc
  descargando archivo 54/86: tos_Omon_TaiESM1_ssp245_r1i1p1f1_gn_206801-206812.nc
  descargando archivo 55/86: tos_Omon_TaiESM1_ssp245_r1i1p1f1_gn_206901-206912.nc
  descargando archivo 56/86: tos_Omon_TaiESM1_ssp245_r1i1p1f1_gn_207001-207012.nc
  descargando archivo 57/86: tos_Omon_TaiESM1_ssp245_r1i1p1f1_gn_207101-207112.nc
  descargando archivo 58/86: tos_Omon_TaiESM1_ssp245_r1i1p1f1_gn_207201-207212.nc
  descargando archivo 59/86: tos_Omon_TaiESM1_ssp245_r1i1p1f1_gn_207301-207312.nc
  descargando archivo 60/86: tos_Omon_TaiESM1_ssp245_r1i1p1f1_gn_207401-207412.nc
  descargando archivo 61/86: tos_Omon_TaiESM1_ssp245_r1i1p1f1_gn_207501-207512.nc
  descargando archivo 62/86: tos_Omon_TaiESM1_ssp245_r1i1p1f1_gn_207601-207612.nc
  descargando archivo 63/86: tos_Omon_TaiESM1_ssp245_r1i1p1f1_gn_207701-207712.nc
  descargando archivo 64/86: tos_Omon_TaiESM1_ssp245_r1i1p1f1_gn_207801-207812.nc
  descargando archivo 65/86: tos_Omon_TaiESM1_ssp245_r1i1p1f1_gn_207901-207912.nc
  descargando archivo 66/86: tos_Omon_TaiESM1_ssp245_r1i1p1f1_gn_208001-208012.nc
  descargando archivo 67/86: tos_Omon_TaiESM1_ssp245_r1i1p1f1_gn_208101-208112.nc
  descargando archivo 68/86: tos_Omon_TaiESM1_ssp245_r1i1p1f1_gn_208201-208212.nc
  descargando archivo 69/86: tos_Omon_TaiESM1_ssp245_r1i1p1f1_gn_208301-208312.nc
  descargando archivo 70/86: tos_Omon_TaiESM1_ssp245_r1i1p1f1_gn_208401-208412.nc
  descargando archivo 71/86: tos_Omon_TaiESM1_ssp245_r1i1p1f1_gn_208501-208512.nc
  descargando archivo 72/86: tos_Omon_TaiESM1_ssp245_r1i1p1f1_gn_208601-208612.nc
  descargando archivo 73/86: tos_Omon_TaiESM1_ssp245_r1i1p1f1_gn_208701-208712.nc
  descargando archivo 74/86: tos_Omon_TaiESM1_ssp245_r1i1p1f1_gn_208801-208812.nc
  descargando archivo 75/86: tos_Omon_TaiESM1_ssp245_r1i1p1f1_gn_208901-208912.nc
  descargando archivo 76/86: tos_Omon_TaiESM1_ssp245_r1i1p1f1_gn_209001-209012.nc
  descargando archivo 77/86: tos_Omon_TaiESM1_ssp245_r1i1p1f1_gn_209101-209112.nc
  descargando archivo 78/86: tos_Omon_TaiESM1_ssp245_r1i1p1f1_gn_209201-209212.nc
  descargando archivo 79/86: tos_Omon_TaiESM1_ssp245_r1i1p1f1_gn_209301-209312.nc
  descargando archivo 80/86: tos_Omon_TaiESM1_ssp245_r1i1p1f1_gn_209401-209412.nc
  descargando archivo 81/86: tos_Omon_TaiESM1_ssp245_r1i1p1f1_gn_209501-209512.nc
  descargando archivo 82/86: tos_Omon_TaiESM1_ssp245_r1i1p1f1_gn_209601-209612.nc
  descargando archivo 83/86: tos_Omon_TaiESM1_ssp245_r1i1p1f1_gn_209701-209712.nc
  descargando archivo 84/86: tos_Omon_TaiESM1_ssp245_r1i1p1f1_gn_209801-209812.nc
  descargando archivo 85/86: tos_Omon_TaiESM1_ssp245_r1i1p1f1_gn_209901-209912.nc
  descargando archivo 86/86: tos_Omon_TaiESM1_ssp245_r1i1p1f1_gn_210001-210012.nc
Procesando TaiESM1 ssp370 (38) ...
  descargando archivo 1/86: tos_Omon_TaiESM1_ssp370_r1i1p1f1_gn_201501-201512.nc
  descargando archivo 2/86: tos_Omon_TaiESM1_ssp370_r1i1p1f1_gn_201601-201612.nc
  descargando archivo 3/86: tos_Omon_TaiESM1_ssp370_r1i1p1f1_gn_201701-201712.nc
  descargando archivo 4/86: tos_Omon_TaiESM1_ssp370_r1i1p1f1_gn_201801-201812.nc
  descargando archivo 5/86: tos_Omon_TaiESM1_ssp370_r1i1p1f1_gn_201901-201912.nc
  descargando archivo 6/86: tos_Omon_TaiESM1_ssp370_r1i1p1f1_gn_202001-202012.nc
  descargando archivo 7/86: tos_Omon_TaiESM1_ssp370_r1i1p1f1_gn_202101-202112.nc
  descargando archivo 8/86: tos_Omon_TaiESM1_ssp370_r1i1p1f1_gn_202201-202212.nc
  descargando archivo 9/86: tos_Omon_TaiESM1_ssp370_r1i1p1f1_gn_202301-202312.nc
  descargando archivo 10/86: tos_Omon_TaiESM1_ssp370_r1i1p1f1_gn_202401-202412.nc
  descargando archivo 11/86: tos_Omon_TaiESM1_ssp370_r1i1p1f1_gn_202501-202512.nc
  descargando archivo 12/86: tos_Omon_TaiESM1_ssp370_r1i1p1f1_gn_202601-202612.nc
  descargando archivo 13/86: tos_Omon_TaiESM1_ssp370_r1i1p1f1_gn_202701-202712.nc
  descargando archivo 14/86: tos_Omon_TaiESM1_ssp370_r1i1p1f1_gn_202801-202812.nc
  descargando archivo 15/86: tos_Omon_TaiESM1_ssp370_r1i1p1f1_gn_202901-202912.nc
  descargando archivo 16/86: tos_Omon_TaiESM1_ssp370_r1i1p1f1_gn_203001-203012.nc
  descargando archivo 17/86: tos_Omon_TaiESM1_ssp370_r1i1p1f1_gn_203101-203112.nc
  descargando archivo 18/86: tos_Omon_TaiESM1_ssp370_r1i1p1f1_gn_203201-203212.nc
  descargando archivo 19/86: tos_Omon_TaiESM1_ssp370_r1i1p1f1_gn_203301-203312.nc
  descargando archivo 20/86: tos_Omon_TaiESM1_ssp370_r1i1p1f1_gn_203401-203412.nc
  descargando archivo 21/86: tos_Omon_TaiESM1_ssp370_r1i1p1f1_gn_203501-203512.nc
  descargando archivo 22/86: tos_Omon_TaiESM1_ssp370_r1i1p1f1_gn_203601-203612.nc
  descargando archivo 23/86: tos_Omon_TaiESM1_ssp370_r1i1p1f1_gn_203701-203712.nc
  descargando archivo 24/86: tos_Omon_TaiESM1_ssp370_r1i1p1f1_gn_203801-203812.nc
  descargando archivo 25/86: tos_Omon_TaiESM1_ssp370_r1i1p1f1_gn_203901-203912.nc
  descargando archivo 26/86: tos_Omon_TaiESM1_ssp370_r1i1p1f1_gn_204001-204012.nc
  descargando archivo 27/86: tos_Omon_TaiESM1_ssp370_r1i1p1f1_gn_204101-204112.nc
  descargando archivo 28/86: tos_Omon_TaiESM1_ssp370_r1i1p1f1_gn_204201-204212.nc
  descargando archivo 29/86: tos_Omon_TaiESM1_ssp370_r1i1p1f1_gn_204301-204312.nc
  descargando archivo 30/86: tos_Omon_TaiESM1_ssp370_r1i1p1f1_gn_204401-204412.nc
  descargando archivo 31/86: tos_Omon_TaiESM1_ssp370_r1i1p1f1_gn_204501-204512.nc
  descargando archivo 32/86: tos_Omon_TaiESM1_ssp370_r1i1p1f1_gn_204601-204612.nc
  descargando archivo 33/86: tos_Omon_TaiESM1_ssp370_r1i1p1f1_gn_204701-204712.nc
  descargando archivo 34/86: tos_Omon_TaiESM1_ssp370_r1i1p1f1_gn_204801-204812.nc
  descargando archivo 35/86: tos_Omon_TaiESM1_ssp370_r1i1p1f1_gn_204901-204912.nc
  descargando archivo 36/86: tos_Omon_TaiESM1_ssp370_r1i1p1f1_gn_205001-205012.nc
  descargando archivo 37/86: tos_Omon_TaiESM1_ssp370_r1i1p1f1_gn_205101-205112.nc
  descargando archivo 38/86: tos_Omon_TaiESM1_ssp370_r1i1p1f1_gn_205201-205212.nc
  descargando archivo 39/86: tos_Omon_TaiESM1_ssp370_r1i1p1f1_gn_205301-205312.nc
  descargando archivo 40/86: tos_Omon_TaiESM1_ssp370_r1i1p1f1_gn_205401-205412.nc
  descargando archivo 41/86: tos_Omon_TaiESM1_ssp370_r1i1p1f1_gn_205501-205512.nc
  descargando archivo 42/86: tos_Omon_TaiESM1_ssp370_r1i1p1f1_gn_205601-205612.nc
  descargando archivo 43/86: tos_Omon_TaiESM1_ssp370_r1i1p1f1_gn_205701-205712.nc
  descargando archivo 44/86: tos_Omon_TaiESM1_ssp370_r1i1p1f1_gn_205801-205812.nc
  descargando archivo 45/86: tos_Omon_TaiESM1_ssp370_r1i1p1f1_gn_205901-205912.nc
  descargando archivo 46/86: tos_Omon_TaiESM1_ssp370_r1i1p1f1_gn_206001-206012.nc
  descargando archivo 47/86: tos_Omon_TaiESM1_ssp370_r1i1p1f1_gn_206101-206112.nc
  descargando archivo 48/86: tos_Omon_TaiESM1_ssp370_r1i1p1f1_gn_206201-206212.nc
  descargando archivo 49/86: tos_Omon_TaiESM1_ssp370_r1i1p1f1_gn_206301-206312.nc
  descargando archivo 50/86: tos_Omon_TaiESM1_ssp370_r1i1p1f1_gn_206401-206412.nc
  descargando archivo 51/86: tos_Omon_TaiESM1_ssp370_r1i1p1f1_gn_206501-206512.nc
  descargando archivo 52/86: tos_Omon_TaiESM1_ssp370_r1i1p1f1_gn_206601-206612.nc
  descargando archivo 53/86: tos_Omon_TaiESM1_ssp370_r1i1p1f1_gn_206701-206712.nc
  descargando archivo 54/86: tos_Omon_TaiESM1_ssp370_r1i1p1f1_gn_206801-206812.nc
  descargando archivo 55/86: tos_Omon_TaiESM1_ssp370_r1i1p1f1_gn_206901-206912.nc
  descargando archivo 56/86: tos_Omon_TaiESM1_ssp370_r1i1p1f1_gn_207001-207012.nc
  descargando archivo 57/86: tos_Omon_TaiESM1_ssp370_r1i1p1f1_gn_207101-207112.nc
  descargando archivo 58/86: tos_Omon_TaiESM1_ssp370_r1i1p1f1_gn_207201-207212.nc
  descargando archivo 59/86: tos_Omon_TaiESM1_ssp370_r1i1p1f1_gn_207301-207312.nc
  descargando archivo 60/86: tos_Omon_TaiESM1_ssp370_r1i1p1f1_gn_207401-207412.nc
  descargando archivo 61/86: tos_Omon_TaiESM1_ssp370_r1i1p1f1_gn_207501-207512.nc
  descargando archivo 62/86: tos_Omon_TaiESM1_ssp370_r1i1p1f1_gn_207601-207612.nc
  descargando archivo 63/86: tos_Omon_TaiESM1_ssp370_r1i1p1f1_gn_207701-207712.nc
  descargando archivo 64/86: tos_Omon_TaiESM1_ssp370_r1i1p1f1_gn_207801-207812.nc
  descargando archivo 65/86: tos_Omon_TaiESM1_ssp370_r1i1p1f1_gn_207901-207912.nc
  descargando archivo 66/86: tos_Omon_TaiESM1_ssp370_r1i1p1f1_gn_208001-208012.nc
  descargando archivo 67/86: tos_Omon_TaiESM1_ssp370_r1i1p1f1_gn_208101-208112.nc
  descargando archivo 68/86: tos_Omon_TaiESM1_ssp370_r1i1p1f1_gn_208201-208212.nc
  descargando archivo 69/86: tos_Omon_TaiESM1_ssp370_r1i1p1f1_gn_208301-208312.nc
  descargando archivo 70/86: tos_Omon_TaiESM1_ssp370_r1i1p1f1_gn_208401-208412.nc
  descargando archivo 71/86: tos_Omon_TaiESM1_ssp370_r1i1p1f1_gn_208501-208512.nc
  descargando archivo 72/86: tos_Omon_TaiESM1_ssp370_r1i1p1f1_gn_208601-208612.nc
  descargando archivo 73/86: tos_Omon_TaiESM1_ssp370_r1i1p1f1_gn_208701-208712.nc
  descargando archivo 74/86: tos_Omon_TaiESM1_ssp370_r1i1p1f1_gn_208801-208812.nc
  descargando archivo 75/86: tos_Omon_TaiESM1_ssp370_r1i1p1f1_gn_208901-208912.nc
  descargando archivo 76/86: tos_Omon_TaiESM1_ssp370_r1i1p1f1_gn_209001-209012.nc
  descargando archivo 77/86: tos_Omon_TaiESM1_ssp370_r1i1p1f1_gn_209101-209112.nc
  descargando archivo 78/86: tos_Omon_TaiESM1_ssp370_r1i1p1f1_gn_209201-209212.nc
  descargando archivo 79/86: tos_Omon_TaiESM1_ssp370_r1i1p1f1_gn_209301-209312.nc
  descargando archivo 80/86: tos_Omon_TaiESM1_ssp370_r1i1p1f1_gn_209401-209412.nc
  descargando archivo 81/86: tos_Omon_TaiESM1_ssp370_r1i1p1f1_gn_209501-209512.nc
  descargando archivo 82/86: tos_Omon_TaiESM1_ssp370_r1i1p1f1_gn_209601-209612.nc
  descargando archivo 83/86: tos_Omon_TaiESM1_ssp370_r1i1p1f1_gn_209701-209712.nc
  descargando archivo 84/86: tos_Omon_TaiESM1_ssp370_r1i1p1f1_gn_209801-209812.nc
  descargando archivo 85/86: tos_Omon_TaiESM1_ssp370_r1i1p1f1_gn_209901-209912.nc
  descargando archivo 86/86: tos_Omon_TaiESM1_ssp370_r1i1p1f1_gn_210001-210012.nc
Procesando TaiESM1 ssp585 (38) ...
  descargando archivo 1/86: tos_Omon_TaiESM1_ssp585_r1i1p1f1_gn_201501-201512.nc
  descargando archivo 2/86: tos_Omon_TaiESM1_ssp585_r1i1p1f1_gn_201601-201612.nc
  descargando archivo 3/86: tos_Omon_TaiESM1_ssp585_r1i1p1f1_gn_201701-201712.nc
  descargando archivo 4/86: tos_Omon_TaiESM1_ssp585_r1i1p1f1_gn_201801-201812.nc
  descargando archivo 5/86: tos_Omon_TaiESM1_ssp585_r1i1p1f1_gn_201901-201912.nc
  descargando archivo 6/86: tos_Omon_TaiESM1_ssp585_r1i1p1f1_gn_202001-202012.nc
  descargando archivo 7/86: tos_Omon_TaiESM1_ssp585_r1i1p1f1_gn_202101-202112.nc
  descargando archivo 8/86: tos_Omon_TaiESM1_ssp585_r1i1p1f1_gn_202201-202212.nc
  descargando archivo 9/86: tos_Omon_TaiESM1_ssp585_r1i1p1f1_gn_202301-202312.nc
  descargando archivo 10/86: tos_Omon_TaiESM1_ssp585_r1i1p1f1_gn_202401-202412.nc
  descargando archivo 11/86: tos_Omon_TaiESM1_ssp585_r1i1p1f1_gn_202501-202512.nc
  descargando archivo 12/86: tos_Omon_TaiESM1_ssp585_r1i1p1f1_gn_202601-202612.nc
  descargando archivo 13/86: tos_Omon_TaiESM1_ssp585_r1i1p1f1_gn_202701-202712.nc
  descargando archivo 14/86: tos_Omon_TaiESM1_ssp585_r1i1p1f1_gn_202801-202812.nc
  descargando archivo 15/86: tos_Omon_TaiESM1_ssp585_r1i1p1f1_gn_202901-202912.nc
  descargando archivo 16/86: tos_Omon_TaiESM1_ssp585_r1i1p1f1_gn_203001-203012.nc
  descargando archivo 17/86: tos_Omon_TaiESM1_ssp585_r1i1p1f1_gn_203101-203112.nc
  descargando archivo 18/86: tos_Omon_TaiESM1_ssp585_r1i1p1f1_gn_203201-203212.nc
  descargando archivo 19/86: tos_Omon_TaiESM1_ssp585_r1i1p1f1_gn_203301-203312.nc
  descargando archivo 20/86: tos_Omon_TaiESM1_ssp585_r1i1p1f1_gn_203401-203412.nc
  descargando archivo 21/86: tos_Omon_TaiESM1_ssp585_r1i1p1f1_gn_203501-203512.nc
  descargando archivo 22/86: tos_Omon_TaiESM1_ssp585_r1i1p1f1_gn_203601-203612.nc
  descargando archivo 23/86: tos_Omon_TaiESM1_ssp585_r1i1p1f1_gn_203701-203712.nc
  descargando archivo 24/86: tos_Omon_TaiESM1_ssp585_r1i1p1f1_gn_203801-203812.nc
  descargando archivo 25/86: tos_Omon_TaiESM1_ssp585_r1i1p1f1_gn_203901-203912.nc
  descargando archivo 26/86: tos_Omon_TaiESM1_ssp585_r1i1p1f1_gn_204001-204012.nc
  descargando archivo 27/86: tos_Omon_TaiESM1_ssp585_r1i1p1f1_gn_204101-204112.nc
  descargando archivo 28/86: tos_Omon_TaiESM1_ssp585_r1i1p1f1_gn_204201-204212.nc
  descargando archivo 29/86: tos_Omon_TaiESM1_ssp585_r1i1p1f1_gn_204301-204312.nc
  descargando archivo 30/86: tos_Omon_TaiESM1_ssp585_r1i1p1f1_gn_204401-204412.nc
  descargando archivo 31/86: tos_Omon_TaiESM1_ssp585_r1i1p1f1_gn_204501-204512.nc
  descargando archivo 32/86: tos_Omon_TaiESM1_ssp585_r1i1p1f1_gn_204601-204612.nc
  descargando archivo 33/86: tos_Omon_TaiESM1_ssp585_r1i1p1f1_gn_204701-204712.nc
  descargando archivo 34/86: tos_Omon_TaiESM1_ssp585_r1i1p1f1_gn_204801-204812.nc
  descargando archivo 35/86: tos_Omon_TaiESM1_ssp585_r1i1p1f1_gn_204901-204912.nc
  descargando archivo 36/86: tos_Omon_TaiESM1_ssp585_r1i1p1f1_gn_205001-205012.nc
  descargando archivo 37/86: tos_Omon_TaiESM1_ssp585_r1i1p1f1_gn_205101-205112.nc
  descargando archivo 38/86: tos_Omon_TaiESM1_ssp585_r1i1p1f1_gn_205201-205212.nc
  descargando archivo 39/86: tos_Omon_TaiESM1_ssp585_r1i1p1f1_gn_205301-205312.nc
  descargando archivo 40/86: tos_Omon_TaiESM1_ssp585_r1i1p1f1_gn_205401-205412.nc
  descargando archivo 41/86: tos_Omon_TaiESM1_ssp585_r1i1p1f1_gn_205501-205512.nc
  descargando archivo 42/86: tos_Omon_TaiESM1_ssp585_r1i1p1f1_gn_205601-205612.nc
  descargando archivo 43/86: tos_Omon_TaiESM1_ssp585_r1i1p1f1_gn_205701-205712.nc
  descargando archivo 44/86: tos_Omon_TaiESM1_ssp585_r1i1p1f1_gn_205801-205812.nc
  descargando archivo 45/86: tos_Omon_TaiESM1_ssp585_r1i1p1f1_gn_205901-205912.nc
  descargando archivo 46/86: tos_Omon_TaiESM1_ssp585_r1i1p1f1_gn_206001-206012.nc
  descargando archivo 47/86: tos_Omon_TaiESM1_ssp585_r1i1p1f1_gn_206101-206112.nc
  descargando archivo 48/86: tos_Omon_TaiESM1_ssp585_r1i1p1f1_gn_206201-206212.nc
  descargando archivo 49/86: tos_Omon_TaiESM1_ssp585_r1i1p1f1_gn_206301-206312.nc
  descargando archivo 50/86: tos_Omon_TaiESM1_ssp585_r1i1p1f1_gn_206401-206412.nc
  descargando archivo 51/86: tos_Omon_TaiESM1_ssp585_r1i1p1f1_gn_206501-206512.nc
  descargando archivo 52/86: tos_Omon_TaiESM1_ssp585_r1i1p1f1_gn_206601-206612.nc
  descargando archivo 53/86: tos_Omon_TaiESM1_ssp585_r1i1p1f1_gn_206701-206712.nc
  descargando archivo 54/86: tos_Omon_TaiESM1_ssp585_r1i1p1f1_gn_206801-206812.nc
  descargando archivo 55/86: tos_Omon_TaiESM1_ssp585_r1i1p1f1_gn_206901-206912.nc
  descargando archivo 56/86: tos_Omon_TaiESM1_ssp585_r1i1p1f1_gn_207001-207012.nc
  descargando archivo 57/86: tos_Omon_TaiESM1_ssp585_r1i1p1f1_gn_207101-207112.nc
  descargando archivo 58/86: tos_Omon_TaiESM1_ssp585_r1i1p1f1_gn_207201-207212.nc
  descargando archivo 59/86: tos_Omon_TaiESM1_ssp585_r1i1p1f1_gn_207301-207312.nc
  descargando archivo 60/86: tos_Omon_TaiESM1_ssp585_r1i1p1f1_gn_207401-207412.nc
  descargando archivo 61/86: tos_Omon_TaiESM1_ssp585_r1i1p1f1_gn_207501-207512.nc
  descargando archivo 62/86: tos_Omon_TaiESM1_ssp585_r1i1p1f1_gn_207601-207612.nc
  descargando archivo 63/86: tos_Omon_TaiESM1_ssp585_r1i1p1f1_gn_207701-207712.nc
  descargando archivo 64/86: tos_Omon_TaiESM1_ssp585_r1i1p1f1_gn_207801-207812.nc
  descargando archivo 65/86: tos_Omon_TaiESM1_ssp585_r1i1p1f1_gn_207901-207912.nc
  descargando archivo 66/86: tos_Omon_TaiESM1_ssp585_r1i1p1f1_gn_208001-208012.nc
  descargando archivo 67/86: tos_Omon_TaiESM1_ssp585_r1i1p1f1_gn_208101-208112.nc
  descargando archivo 68/86: tos_Omon_TaiESM1_ssp585_r1i1p1f1_gn_208201-208212.nc
  descargando archivo 69/86: tos_Omon_TaiESM1_ssp585_r1i1p1f1_gn_208301-208312.nc
  descargando archivo 70/86: tos_Omon_TaiESM1_ssp585_r1i1p1f1_gn_208401-208412.nc
  descargando archivo 71/86: tos_Omon_TaiESM1_ssp585_r1i1p1f1_gn_208501-208512.nc
  descargando archivo 72/86: tos_Omon_TaiESM1_ssp585_r1i1p1f1_gn_208601-208612.nc
  descargando archivo 73/86: tos_Omon_TaiESM1_ssp585_r1i1p1f1_gn_208701-208712.nc
  descargando archivo 74/86: tos_Omon_TaiESM1_ssp585_r1i1p1f1_gn_208801-208812.nc
  descargando archivo 75/86: tos_Omon_TaiESM1_ssp585_r1i1p1f1_gn_208901-208912.nc
  descargando archivo 76/86: tos_Omon_TaiESM1_ssp585_r1i1p1f1_gn_209001-209012.nc
  descargando archivo 77/86: tos_Omon_TaiESM1_ssp585_r1i1p1f1_gn_209101-209112.nc
  descargando archivo 78/86: tos_Omon_TaiESM1_ssp585_r1i1p1f1_gn_209201-209212.nc
  descargando archivo 79/86: tos_Omon_TaiESM1_ssp585_r1i1p1f1_gn_209301-209312.nc
  descargando archivo 80/86: tos_Omon_TaiESM1_ssp585_r1i1p1f1_gn_209401-209412.nc
  descargando archivo 81/86: tos_Omon_TaiESM1_ssp585_r1i1p1f1_gn_209501-209512.nc
  descargando archivo 82/86: tos_Omon_TaiESM1_ssp585_r1i1p1f1_gn_209601-209612.nc
  descargando archivo 83/86: tos_Omon_TaiESM1_ssp585_r1i1p1f1_gn_209701-209712.nc
  descargando archivo 84/86: tos_Omon_TaiESM1_ssp585_r1i1p1f1_gn_209801-209812.nc
  descargando archivo 85/86: tos_Omon_TaiESM1_ssp585_r1i1p1f1_gn_209901-209912.nc
  descargando archivo 86/86: tos_Omon_TaiESM1_ssp585_r1i1p1f1_gn_210001-210012.nc
Procesando UKESM1-0-LL historical (39) ...
  descargando archivo 1/2: tos_Omon_UKESM1-0-LL_historical_r1i1p1f2_gn_185001-194912.nc
  descargando archivo 2/2: tos_Omon_UKESM1-0-LL_historical_r1i1p1f2_gn_195001-201412.nc
Procesando UKESM1-0-LL ssp245 (39) ...
  descargando archivo 1/2: tos_Omon_UKESM1-0-LL_ssp245_r1i1p1f2_gn_201501-204912.nc
  descargando archivo 2/2: tos_Omon_UKESM1-0-LL_ssp245_r1i1p1f2_gn_205001-210012.nc
Procesando UKESM1-0-LL ssp370 (39) ...
  descargando archivo 1/2: tos_Omon_UKESM1-0-LL_ssp370_r1i1p1f2_gn_201501-204912.nc
  descargando archivo 2/2: tos_Omon_UKESM1-0-LL_ssp370_r1i1p1f2_gn_205001-210012.nc
Procesando UKESM1-0-LL ssp585 (39) ...
  descargando archivo 1/2: tos_Omon_UKESM1-0-LL_ssp585_r1i1p1f2_gn_201501-204912.nc
  descargando archivo 2/2: tos_Omon_UKESM1-0-LL_ssp585_r1i1p1f2_gn_205001-210012.nc
Procesando KACE-1-0-G historical (40) ...
  descargando archivo 1/1: tos_Omon_KACE-1-0-G_historical_r1i1p1f1_gr_185001-201412.nc
Procesando KACE-1-0-G ssp245 (40) ...
  descargando archivo 1/1: tos_Omon_KACE-1-0-G_ssp245_r1i1p1f1_gr_201501-210012.nc
Procesando KACE-1-0-G ssp370 (40) ...
  descargando archivo 1/1: tos_Omon_KACE-1-0-G_ssp370_r1i1p1f1_gr_201501-210012.nc
Procesando KACE-1-0-G ssp585 (40) ...
  descargando archivo 1/1: tos_Omon_KACE-1-0-G_ssp585_r1i1p1f1_gr_201501-210012.nc
== 02b: 1 modelos no encontrados en el nodo principal -- probando nodos alternativos de ESGF ==
Buscando MIROC-ES2H en nodos alternativos ...
  https://esgf.ceda.ac.uk/esg-search/search: sin variant_label comun a los 3 experimentos
  https://esgf-data.dkrz.de/esg-search/search: sin variant_label comun a los 3 experimentos
  ESGF respondio 500 en https://esgf-node.ipsl.upmc.fr/esg-search/search -- reintento 1/2 en 5s
  https://esgf-node.ipsl.upmc.fr/esg-search/search: fallo (500 Server Error: 500 for url: https://esgf-node.ipsl.upmc.fr/esg-search/search?project=CMIP6&source_id=MIROC-ES2H&experiment_id=historical&variable_id=tos&table_id=Omon&type=File&format=application%2Fsolr%2Bjson&limit=0&facets=variant_label)
    historical: el archivo de empalme no responde, se descarta todo el experimento
    ssp245: el archivo de empalme no responde, se descarta todo el experimento
    ssp370: el archivo de empalme no responde, se descarta todo el experimento
    ssp585: el archivo de empalme no responde, se descarta todo el experimento
  https://esg-dn1.nsc.liu.se/esg-search/search: incompleto {'historical': 0, 'ssp245': 0, 'ssp370': 0, 'ssp585': 0}
  https://esgf.nci.org.au/esg-search/search: sin variant_label comun a los 3 experimentos
    ssp245: el archivo de empalme no responde, se descarta todo el experimento
    ssp370: el archivo de empalme no responde, se descarta todo el experimento
    ssp585: el archivo de empalme no responde, se descarta todo el experimento
  https://metagrid.esgf-west.org/proxy/search: incompleto {'historical': 1, 'ssp245': 0, 'ssp370': 0, 'ssp585': 0}
    ssp245: el archivo de empalme no responde, se descarta todo el experimento
    ssp370: el archivo de empalme no responde, se descarta todo el experimento
    ssp585: el archivo de empalme no responde, se descarta todo el experimento
  https://esgf-node.ornl.gov/proxy/search: incompleto {'historical': 1, 'ssp245': 0, 'ssp370': 0, 'ssp585': 0}
  https://esgf-metagrid.cloud.dkrz.de/proxy/search: sin variant_label comun a los 3 experimentos

Resueltos via nodo alternativo: 0 -> []
Siguen sin encontrarse: 1 -> ['MIROC-ES2H']
(intentar con 02c_download_copernicus_cds.py para los que siguen sin encontrarse)
== 02a (reintento): descarga lo que 02b haya resuelto ==
ACCESS-CM2 historical: ya procesado (paso 04/05), se omite la descarga de crudos
ACCESS-CM2 ssp245: ya procesado (paso 04/05), se omite la descarga de crudos
Procesando ACCESS-CM2 ssp370 (1) ...
ACCESS-CM2 ssp585: ya procesado (paso 04/05), se omite la descarga de crudos
ACCESS-ESM1-5 historical: ya procesado (paso 04/05), se omite la descarga de crudos
ACCESS-ESM1-5 ssp245: ya procesado (paso 04/05), se omite la descarga de crudos
Procesando ACCESS-ESM1-5 ssp370 (2) ...
ACCESS-ESM1-5 ssp585: ya procesado (paso 04/05), se omite la descarga de crudos
AWI-CM-1-1-MR historical: ya procesado (paso 04/05), se omite la descarga de crudos
AWI-CM-1-1-MR ssp245: ya procesado (paso 04/05), se omite la descarga de crudos
Procesando AWI-CM-1-1-MR ssp370 (3) ...
AWI-CM-1-1-MR ssp585: ya procesado (paso 04/05), se omite la descarga de crudos
Procesando BCC-CSM2-MR historical (4) ...
Procesando BCC-CSM2-MR ssp245 (4) ...
Procesando BCC-CSM2-MR ssp370 (4) ...
Procesando BCC-CSM2-MR ssp585 (4) ...
Procesando CAMS-CSM1-0 historical (5) ...
Procesando CAMS-CSM1-0 ssp245 (5) ...
Procesando CAMS-CSM1-0 ssp370 (5) ...
Procesando CAMS-CSM1-0 ssp585 (5) ...
Procesando CAS-ESM2-0 historical (6) ...
Procesando CAS-ESM2-0 ssp245 (6) ...
Procesando CAS-ESM2-0 ssp370 (6) ...
Procesando CAS-ESM2-0 ssp585 (6) ...
Procesando CESM2 historical (7) ...
Procesando CESM2 ssp245 (7) ...
Procesando CESM2 ssp370 (7) ...
Procesando CESM2 ssp585 (7) ...
Procesando CESM2-WACCM historical (8) ...
Procesando CESM2-WACCM ssp245 (8) ...
Procesando CESM2-WACCM ssp370 (8) ...
Procesando CESM2-WACCM ssp585 (8) ...
Procesando CMCC-CM2-SR5 historical (9) ...
Procesando CMCC-CM2-SR5 ssp245 (9) ...
Procesando CMCC-CM2-SR5 ssp370 (9) ...
Procesando CMCC-CM2-SR5 ssp585 (9) ...
Procesando CMCC-ESM2 historical (10) ...
Procesando CMCC-ESM2 ssp245 (10) ...
Procesando CMCC-ESM2 ssp370 (10) ...
Procesando CMCC-ESM2 ssp585 (10) ...
Procesando CNRM-CM6-1 historical (11) ...
Procesando CNRM-CM6-1 ssp245 (11) ...
Procesando CNRM-CM6-1 ssp370 (11) ...
Procesando CNRM-CM6-1 ssp585 (11) ...
Procesando CNRM-CM6-1-HR historical (12) ...
Procesando CNRM-CM6-1-HR ssp245 (12) ...
Procesando CNRM-CM6-1-HR ssp370 (12) ...
Procesando CNRM-CM6-1-HR ssp585 (12) ...
Procesando CNRM-ESM2-1 historical (13) ...
Procesando CNRM-ESM2-1 ssp245 (13) ...
Procesando CNRM-ESM2-1 ssp370 (13) ...
Procesando CNRM-ESM2-1 ssp585 (13) ...
Procesando CanESM5 historical (14) ...
Procesando CanESM5 ssp245 (14) ...
Procesando CanESM5 ssp370 (14) ...
Procesando CanESM5 ssp585 (14) ...
Procesando CanESM5-1 historical (15) ...
Procesando CanESM5-1 ssp245 (15) ...
Procesando CanESM5-1 ssp370 (15) ...
Procesando CanESM5-1 ssp585 (15) ...
Procesando CanESM5-CanOE historical (16) ...
Procesando CanESM5-CanOE ssp245 (16) ...
Procesando CanESM5-CanOE ssp370 (16) ...
Procesando CanESM5-CanOE ssp585 (16) ...
Procesando EC-Earth3 historical (17) ...
Procesando EC-Earth3 ssp245 (17) ...
Procesando EC-Earth3 ssp370 (17) ...
Procesando EC-Earth3 ssp585 (17) ...
EC-Earth3-Veg historical: ya procesado (paso 04/05), se omite la descarga de crudos
EC-Earth3-Veg ssp245: ya procesado (paso 04/05), se omite la descarga de crudos
EC-Earth3-Veg ssp370: ya procesado (paso 04/05), se omite la descarga de crudos
EC-Earth3-Veg ssp585: ya procesado (paso 04/05), se omite la descarga de crudos
Procesando EC-Earth3-Veg-LR historical (19) ...
Procesando EC-Earth3-Veg-LR ssp245 (19) ...
Procesando EC-Earth3-Veg-LR ssp370 (19) ...
Procesando EC-Earth3-Veg-LR ssp585 (19) ...
Procesando FGOALS-f3-L historical (20) ...
Procesando FGOALS-f3-L ssp245 (20) ...
Procesando FGOALS-f3-L ssp370 (20) ...
Procesando FGOALS-f3-L ssp585 (20) ...
Procesando FGOALS-g3 historical (21) ...
Procesando FGOALS-g3 ssp245 (21) ...
Procesando FGOALS-g3 ssp370 (21) ...
Procesando FGOALS-g3 ssp585 (21) ...
Procesando GFDL-ESM4 historical (22) ...
Procesando GFDL-ESM4 ssp245 (22) ...
Procesando GFDL-ESM4 ssp370 (22) ...
Procesando GFDL-ESM4 ssp585 (22) ...
GISS-E2-1-G historical: ya procesado (paso 04/05), se omite la descarga de crudos
GISS-E2-1-G ssp245: ya procesado (paso 04/05), se omite la descarga de crudos
GISS-E2-1-G ssp370: ya procesado (paso 04/05), se omite la descarga de crudos
GISS-E2-1-G ssp585: ya procesado (paso 04/05), se omite la descarga de crudos
GISS-E2-1-H historical: ya procesado (paso 04/05), se omite la descarga de crudos
GISS-E2-1-H ssp245: ya procesado (paso 04/05), se omite la descarga de crudos
GISS-E2-1-H ssp370: ya procesado (paso 04/05), se omite la descarga de crudos
GISS-E2-1-H ssp585: ya procesado (paso 04/05), se omite la descarga de crudos
Procesando GISS-E2-2-G historical (25) ...
Procesando GISS-E2-2-G ssp245 (25) ...
Procesando GISS-E2-2-G ssp370 (25) ...
Procesando GISS-E2-2-G ssp585 (25) ...
Procesando IITM-ESM historical (26) ...
Procesando IITM-ESM ssp245 (26) ...
Procesando IITM-ESM ssp370 (26) ...
Procesando IITM-ESM ssp585 (26) ...
Procesando INM-CM4-8 historical (27) ...
Procesando INM-CM4-8 ssp245 (27) ...
Procesando INM-CM4-8 ssp370 (27) ...
Procesando INM-CM4-8 ssp585 (27) ...
Procesando INM-CM5-0 historical (28) ...
Procesando INM-CM5-0 ssp245 (28) ...
Procesando INM-CM5-0 ssp370 (28) ...
Procesando INM-CM5-0 ssp585 (28) ...
Procesando IPSL-CM6A-LR historical (29) ...
Procesando IPSL-CM6A-LR ssp245 (29) ...
Procesando IPSL-CM6A-LR ssp370 (29) ...
Procesando IPSL-CM6A-LR ssp585 (29) ...
MCM-UA-1-0 historical: ya procesado (paso 04/05), se omite la descarga de crudos
MCM-UA-1-0 ssp245: ya procesado (paso 04/05), se omite la descarga de crudos
MCM-UA-1-0 ssp370: ya procesado (paso 04/05), se omite la descarga de crudos
MCM-UA-1-0 ssp585: ya procesado (paso 04/05), se omite la descarga de crudos
Procesando MIROC-ES2L historical (31) ...
Procesando MIROC-ES2L ssp245 (31) ...
Procesando MIROC-ES2L ssp370 (31) ...
Procesando MIROC-ES2L ssp585 (31) ...
Procesando MIROC6 historical (32) ...
Procesando MIROC6 ssp245 (32) ...
Procesando MIROC6 ssp370 (32) ...
Procesando MIROC6 ssp585 (32) ...
Procesando MPI-ESM1-2-HR historical (33) ...
Procesando MPI-ESM1-2-HR ssp245 (33) ...
Procesando MPI-ESM1-2-HR ssp370 (33) ...
Procesando MPI-ESM1-2-HR ssp585 (33) ...
Procesando MPI-ESM1-2-LR historical (34) ...
Procesando MPI-ESM1-2-LR ssp245 (34) ...
Procesando MPI-ESM1-2-LR ssp370 (34) ...
Procesando MPI-ESM1-2-LR ssp585 (34) ...
Procesando MRI-ESM2-0 historical (35) ...
Procesando MRI-ESM2-0 ssp245 (35) ...
Procesando MRI-ESM2-0 ssp370 (35) ...
Procesando MRI-ESM2-0 ssp585 (35) ...
Procesando NorESM2-LM historical (36) ...
Procesando NorESM2-LM ssp245 (36) ...
Procesando NorESM2-LM ssp370 (36) ...
Procesando NorESM2-LM ssp585 (36) ...
Procesando NorESM2-MM historical (37) ...
Procesando NorESM2-MM ssp245 (37) ...
Procesando NorESM2-MM ssp370 (37) ...
Procesando NorESM2-MM ssp585 (37) ...
Procesando TaiESM1 historical (38) ...
Procesando TaiESM1 ssp245 (38) ...
Procesando TaiESM1 ssp370 (38) ...
Procesando TaiESM1 ssp585 (38) ...
Procesando UKESM1-0-LL historical (39) ...
Procesando UKESM1-0-LL ssp245 (39) ...
Procesando UKESM1-0-LL ssp370 (39) ...
Procesando UKESM1-0-LL ssp585 (39) ...
Procesando KACE-1-0-G historical (40) ...
Procesando KACE-1-0-G ssp245 (40) ...
Procesando KACE-1-0-G ssp370 (40) ...
Procesando KACE-1-0-G ssp585 (40) ...
1 de 1 modelos aun sin encontrar estan en la lista blanca de Copernicus
== 02c: probando Copernicus CDS (solo lista blanca, ver arriba) ==
1 modelos via Copernicus CDS: ['MIROC-ES2H']
Procesando MIROC-ES2H historical via Copernicus CDS ...
2026-09-21 13:10:51,510 INFO Request ID is adc0957a-03b8-4fe5-b170-4ff5d536b573
2026-09-21 13:10:51,783 INFO status has been updated to accepted
2026-09-21 13:11:14,999 INFO status has been updated to running
2026-09-21 13:11:26,660 INFO status has been updated to failed
  MIROC-ES2H historical: fallo CDS (400 Client Error: Bad Request for url: https://cds.climate.copernicus.eu/api/retrieve/v1/jobs/adc0957a-03b8-4fe5-b170-4ff5d536b573/results
The job has failed
The job failed with: RoocsValueError) -- reintento 1/2 en 30s
2026-09-21 13:11:58,920 INFO Request ID is bed017e7-6e12-4274-af76-ccaf88f30e58
2026-09-21 13:11:59,180 INFO status has been updated to accepted
2026-09-21 13:12:22,173 INFO status has been updated to failed
Procesando MIROC-ES2H ssp245 via Copernicus CDS ...
2026-09-21 13:12:24,811 INFO Request ID is a3213b49-29ba-4744-9b0b-6804de5a79ab
2026-09-21 13:12:25,170 INFO status has been updated to accepted
2026-09-21 13:12:41,371 INFO status has been updated to running
2026-09-21 13:12:50,426 INFO status has been updated to failed
  MIROC-ES2H ssp245: fallo CDS (400 Client Error: Bad Request for url: https://cds.climate.copernicus.eu/api/retrieve/v1/jobs/a3213b49-29ba-4744-9b0b-6804de5a79ab/results
The job has failed
The job failed with: RoocsValueError) -- reintento 1/2 en 30s
2026-09-21 13:13:21,897 INFO Request ID is 6bbf4741-954e-4541-9147-f3f43dae4364
2026-09-21 13:13:22,163 INFO status has been updated to accepted
2026-09-21 13:13:44,548 INFO status has been updated to running
2026-09-21 13:13:56,188 INFO status has been updated to failed
Procesando MIROC-ES2H ssp370 via Copernicus CDS ...
2026-09-21 13:13:59,676 INFO Request ID is 5d93d76d-cb3c-4b91-a207-d2b8e03c8310
2026-09-21 13:13:59,939 INFO status has been updated to accepted
2026-09-21 13:14:34,172 INFO status has been updated to failed
  MIROC-ES2H ssp370: fallo CDS (400 Client Error: Bad Request for url: https://cds.climate.copernicus.eu/api/retrieve/v1/jobs/5d93d76d-cb3c-4b91-a207-d2b8e03c8310/results
The job has failed
The job failed with: RoocsValueError) -- reintento 1/2 en 30s
2026-09-21 13:15:05,648 INFO Request ID is adddbc94-e611-4fb4-84c7-e4d7382485d4
2026-09-21 13:15:06,171 INFO status has been updated to accepted
2026-09-21 13:15:30,919 INFO status has been updated to running
2026-09-21 13:15:42,560 INFO status has been updated to failed
Procesando MIROC-ES2H ssp585 via Copernicus CDS ...
2026-09-21 13:15:47,688 INFO Request ID is dee7f2e6-c0ba-4f25-9283-67179b8778b8
2026-09-21 13:15:47,959 INFO status has been updated to accepted
2026-09-21 13:16:10,927 INFO status has been updated to running
2026-09-21 13:16:22,595 INFO status has been updated to failed
  MIROC-ES2H ssp585: fallo CDS (400 Client Error: Bad Request for url: https://cds.climate.copernicus.eu/api/retrieve/v1/jobs/dee7f2e6-c0ba-4f25-9283-67179b8778b8/results
The job has failed
The job failed with: RoocsValueError) -- reintento 1/2 en 30s
2026-09-21 13:16:54,064 INFO Request ID is dd2088a7-9777-4592-9762-5a23fddde750
2026-09-21 13:16:54,333 INFO status has been updated to accepted
2026-09-21 13:17:16,823 INFO status has been updated to failed

Revisa logs/download_failures.log para lo que fallo.
Descarga completa (ESGF principal + alternativo + Copernicus segun disponibilidad y credenciales).
== Paso 03: bash scripts/03_download_ersstv5.sh ==
Ya existe data/raw/ersstv5/ersstv5_region.nc, se omite.
== Paso 04: bash scripts/04_process_to_common_grid.sh ==
Preparando pesos de regrilla para ACCESS-CM2 ...
  calculando pesos (genbil) a partir de w_src.nc ...
Procesando ACCESS-CM2 historical ...
Sin datos crudos para ACCESS-CM2 historical, se omite
Procesando ACCESS-CM2 ssp245 ...
Sin datos crudos para ACCESS-CM2 ssp245, se omite
Procesando ACCESS-CM2 ssp370 ...
Procesando ACCESS-CM2 ssp585 ...
Sin datos crudos para ACCESS-CM2 ssp585, se omite
Preparando pesos de regrilla para ACCESS-ESM1-5 ...
  calculando pesos (genbil) a partir de w_src.nc ...
Procesando ACCESS-ESM1-5 historical ...
Sin datos crudos para ACCESS-ESM1-5 historical, se omite
Procesando ACCESS-ESM1-5 ssp245 ...
Sin datos crudos para ACCESS-ESM1-5 ssp245, se omite
Procesando ACCESS-ESM1-5 ssp370 ...
Procesando ACCESS-ESM1-5 ssp585 ...
Sin datos crudos para ACCESS-ESM1-5 ssp585, se omite
Preparando pesos de regrilla para AWI-CM-1-1-MR ...
  malla no estructurada detectada: usando gencon en vez de genbil
  calculando pesos (gencon) a partir de w_src.nc ...
Procesando AWI-CM-1-1-MR historical ...
Sin datos crudos para AWI-CM-1-1-MR historical, se omite
Procesando AWI-CM-1-1-MR ssp245 ...
Sin datos crudos para AWI-CM-1-1-MR ssp245, se omite
Procesando AWI-CM-1-1-MR ssp370 ...
Procesando AWI-CM-1-1-MR ssp585 ...
Sin datos crudos para AWI-CM-1-1-MR ssp585, se omite
Preparando pesos de regrilla para BCC-CSM2-MR ...
  calculando pesos (genbil) a partir de w_src.nc ...
Procesando BCC-CSM2-MR historical ...
Procesando BCC-CSM2-MR ssp245 ...
Procesando BCC-CSM2-MR ssp370 ...
Procesando BCC-CSM2-MR ssp585 ...
Preparando pesos de regrilla para CAMS-CSM1-0 ...
  calculando pesos (genbil) a partir de w_src.nc ...
Procesando CAMS-CSM1-0 historical ...
Procesando CAMS-CSM1-0 ssp245 ...
cdo    selyear (Warning): Year 2100 not found!
Procesando CAMS-CSM1-0 ssp370 ...
cdo    selyear (Warning): Year 2100 not found!
Procesando CAMS-CSM1-0 ssp585 ...
cdo    selyear (Warning): Year 2100 not found!
Preparando pesos de regrilla para CanESM5 ...
  calculando pesos (genbil) a partir de w_src.nc ...
Procesando CanESM5 historical ...
Procesando CanESM5 ssp245 ...
Procesando CanESM5 ssp370 ...
Procesando CanESM5 ssp585 ...
Preparando pesos de regrilla para CanESM5-1 ...
  calculando pesos (genbil) a partir de w_src.nc ...
Procesando CanESM5-1 historical ...
Procesando CanESM5-1 ssp245 ...
Procesando CanESM5-1 ssp370 ...
Procesando CanESM5-1 ssp585 ...
Preparando pesos de regrilla para CanESM5-CanOE ...
  calculando pesos (genbil) a partir de w_src.nc ...
Procesando CanESM5-CanOE historical ...
Procesando CanESM5-CanOE ssp245 ...
Procesando CanESM5-CanOE ssp370 ...
Procesando CanESM5-CanOE ssp585 ...
Preparando pesos de regrilla para CAS-ESM2-0 ...
  calculando pesos (genbil) a partir de w_src.nc ...
Procesando CAS-ESM2-0 historical ...
Procesando CAS-ESM2-0 ssp245 ...
Procesando CAS-ESM2-0 ssp370 ...
Procesando CAS-ESM2-0 ssp585 ...
Preparando pesos de regrilla para CESM2 ...
  calculando pesos (genbil) a partir de w_src.nc ...
Procesando CESM2 historical ...
Procesando CESM2 ssp245 ...
Procesando CESM2 ssp370 ...
Procesando CESM2 ssp585 ...
Preparando pesos de regrilla para CESM2-WACCM ...
  calculando pesos (genbil) a partir de w_src.nc ...
Procesando CESM2-WACCM historical ...
Procesando CESM2-WACCM ssp245 ...
Procesando CESM2-WACCM ssp370 ...
Procesando CESM2-WACCM ssp585 ...
Preparando pesos de regrilla para CMCC-CM2-SR5 ...
  calculando pesos (genbil) a partir de w_src.nc ...
Procesando CMCC-CM2-SR5 historical ...
Procesando CMCC-CM2-SR5 ssp245 ...
Procesando CMCC-CM2-SR5 ssp370 ...
Procesando CMCC-CM2-SR5 ssp585 ...
Preparando pesos de regrilla para CMCC-ESM2 ...
  calculando pesos (genbil) a partir de w_src.nc ...
Procesando CMCC-ESM2 historical ...
Procesando CMCC-ESM2 ssp245 ...
Procesando CMCC-ESM2 ssp370 ...
Procesando CMCC-ESM2 ssp585 ...
Preparando pesos de regrilla para CNRM-CM6-1 ...
  calculando pesos (genbil) a partir de w_src.nc ...
Procesando CNRM-CM6-1 historical ...
Procesando CNRM-CM6-1 ssp245 ...
Procesando CNRM-CM6-1 ssp370 ...
Procesando CNRM-CM6-1 ssp585 ...
Preparando pesos de regrilla para CNRM-CM6-1-HR ...
  calculando pesos (genbil) a partir de w_src.nc ...
Procesando CNRM-CM6-1-HR historical ...
Procesando CNRM-CM6-1-HR ssp245 ...
Procesando CNRM-CM6-1-HR ssp370 ...
Procesando CNRM-CM6-1-HR ssp585 ...
Preparando pesos de regrilla para CNRM-ESM2-1 ...
  calculando pesos (genbil) a partir de w_src.nc ...
Procesando CNRM-ESM2-1 historical ...
Procesando CNRM-ESM2-1 ssp245 ...
Procesando CNRM-ESM2-1 ssp370 ...
Procesando CNRM-ESM2-1 ssp585 ...
Preparando pesos de regrilla para EC-Earth3 ...
  calculando pesos (genbil) a partir de w_src.nc ...
Procesando EC-Earth3 historical ...
Procesando EC-Earth3 ssp245 ...
Procesando EC-Earth3 ssp370 ...
Procesando EC-Earth3 ssp585 ...
Preparando pesos de regrilla para EC-Earth3-Veg ...
Procesando EC-Earth3-Veg historical ...
Ya procesado, se omite: tos_EC-Earth3-Veg_historical.nc
Procesando EC-Earth3-Veg ssp245 ...
Ya procesado, se omite: tos_EC-Earth3-Veg_ssp245.nc
Procesando EC-Earth3-Veg ssp370 ...
Ya procesado, se omite: tos_EC-Earth3-Veg_ssp370.nc
Procesando EC-Earth3-Veg ssp585 ...
Ya procesado, se omite: tos_EC-Earth3-Veg_ssp585.nc
Preparando pesos de regrilla para EC-Earth3-Veg-LR ...
  calculando pesos (genbil) a partir de w_src.nc ...
Procesando EC-Earth3-Veg-LR historical ...
Procesando EC-Earth3-Veg-LR ssp245 ...
Procesando EC-Earth3-Veg-LR ssp370 ...
Procesando EC-Earth3-Veg-LR ssp585 ...
Preparando pesos de regrilla para FGOALS-f3-L ...
  calculando pesos (genbil) a partir de w_src.nc ...
Procesando FGOALS-f3-L historical ...
Procesando FGOALS-f3-L ssp245 ...
Procesando FGOALS-f3-L ssp370 ...
Procesando FGOALS-f3-L ssp585 ...
Preparando pesos de regrilla para FGOALS-g3 ...
  calculando pesos (genbil) a partir de w_src.nc ...
Procesando FGOALS-g3 historical ...
Procesando FGOALS-g3 ssp245 ...
Procesando FGOALS-g3 ssp370 ...
Procesando FGOALS-g3 ssp585 ...
Preparando pesos de regrilla para GFDL-ESM4 ...
  calculando pesos (genbil) a partir de w_src.nc ...
Procesando GFDL-ESM4 historical ...
Procesando GFDL-ESM4 ssp245 ...
Procesando GFDL-ESM4 ssp370 ...
Procesando GFDL-ESM4 ssp585 ...
Preparando pesos de regrilla para GISS-E2-1-G ...
Procesando GISS-E2-1-G historical ...
Ya procesado, se omite: tos_GISS-E2-1-G_historical.nc
Procesando GISS-E2-1-G ssp245 ...
Ya procesado, se omite: tos_GISS-E2-1-G_ssp245.nc
Procesando GISS-E2-1-G ssp370 ...
Ya procesado, se omite: tos_GISS-E2-1-G_ssp370.nc
Procesando GISS-E2-1-G ssp585 ...
Ya procesado, se omite: tos_GISS-E2-1-G_ssp585.nc
Preparando pesos de regrilla para GISS-E2-1-H ...
Procesando GISS-E2-1-H historical ...
Ya procesado, se omite: tos_GISS-E2-1-H_historical.nc
Procesando GISS-E2-1-H ssp245 ...
Ya procesado, se omite: tos_GISS-E2-1-H_ssp245.nc
Procesando GISS-E2-1-H ssp370 ...
Ya procesado, se omite: tos_GISS-E2-1-H_ssp370.nc
Procesando GISS-E2-1-H ssp585 ...
Ya procesado, se omite: tos_GISS-E2-1-H_ssp585.nc
Preparando pesos de regrilla para GISS-E2-2-G ...
  calculando pesos (genbil) a partir de w_src.nc ...
Procesando GISS-E2-2-G historical ...
Procesando GISS-E2-2-G ssp245 ...
Procesando GISS-E2-2-G ssp370 ...
Procesando GISS-E2-2-G ssp585 ...
Preparando pesos de regrilla para IITM-ESM ...
cdi  warning (attribute_to_calendar): calendar >julian< unsupported!
  calculando pesos (genbil) a partir de w_src.nc ...
Procesando IITM-ESM historical ...
cdi  warning (attribute_to_calendar): calendar >julian< unsupported!
cdi  warning (attribute_to_calendar): calendar >julian< unsupported!
cdi  warning (attribute_to_calendar): calendar >julian< unsupported!
cdi  warning (attribute_to_calendar): calendar >julian< unsupported!
cdi  warning (attribute_to_calendar): calendar >julian< unsupported!
cdi  warning (attribute_to_calendar): calendar >julian< unsupported!
cdi  warning (attribute_to_calendar): calendar >julian< unsupported!
cdi  warning (attribute_to_calendar): calendar >julian< unsupported!
cdi  warning (attribute_to_calendar): calendar >julian< unsupported!
cdi  warning (attribute_to_calendar): calendar >julian< unsupported!
cdi  warning (attribute_to_calendar): calendar >julian< unsupported!
cdi  warning (attribute_to_calendar): calendar >julian< unsupported!
cdi  warning (attribute_to_calendar): calendar >julian< unsupported!
cdi  warning (attribute_to_calendar): calendar >julian< unsupported!
cdi  warning (attribute_to_calendar): calendar >julian< unsupported!
cdi  warning (attribute_to_calendar): calendar >julian< unsupported!
cdi  warning (attribute_to_calendar): calendar >julian< unsupported!
cdi  warning (attribute_to_calendar): calendar >julian< unsupported!
cdi  warning (attribute_to_calendar): calendar >julian< unsupported!
cdi  warning (attribute_to_calendar): calendar >julian< unsupported!
cdi  warning (attribute_to_calendar): calendar >julian< unsupported!
cdi  warning (attribute_to_calendar): calendar >julian< unsupported!
cdi  warning (attribute_to_calendar): calendar >julian< unsupported!
cdo    selyear (Warning): Year 1850 not found!
cdo    selyear (Warning): Year 1851 not found!
cdo    selyear (Warning): Year 1852 not found!
cdo    selyear (Warning): Year 1853 not found!
cdo    selyear (Warning): Year 1854 not found!
cdo    selyear (Warning): Year 1855 not found!
cdo    selyear (Warning): Year 1856 not found!
cdo    selyear (Warning): Year 1857 not found!
cdo    selyear (Warning): Year 1858 not found!
cdo    selyear (Warning): Year 1859 not found!
cdo    selyear (Warning): Year 1860 not found!
cdo    selyear (Warning): Year 1861 not found!
cdo    selyear (Warning): Year 1862 not found!
cdo    selyear (Warning): Year 1863 not found!
cdo    selyear (Warning): Year 1864 not found!
cdo    selyear (Warning): Year 1865 not found!
cdo    selyear (Warning): Year 1866 not found!
cdo    selyear (Warning): Year 1867 not found!
cdo    selyear (Warning): Year 1868 not found!
cdo    selyear (Warning): Year 1869 not found!
cdo    selyear (Warning): Year 1870 not found!
cdo    selyear (Warning): Year 1871 not found!
cdo    selyear (Warning): Year 1872 not found!
cdo    selyear (Warning): Year 1873 not found!
cdo    selyear (Warning): Year 1874 not found!
cdo    selyear (Warning): Year 1875 not found!
cdo    selyear (Warning): Year 1876 not found!
cdo    selyear (Warning): Year 1877 not found!
cdo    selyear (Warning): Year 1878 not found!
cdo    selyear (Warning): Year 1879 not found!
cdo    selyear (Warning): Year 1880 not found!
cdo    selyear (Warning): Year 1881 not found!
cdo    selyear (Warning): Year 1882 not found!
cdo    selyear (Warning): Year 1883 not found!
cdo    selyear (Warning): Year 1884 not found!
cdo    selyear (Warning): Year 1885 not found!
cdo    selyear (Warning): Year 1886 not found!
cdo    selyear (Warning): Year 1887 not found!
cdo    selyear (Warning): Year 1888 not found!
cdo    selyear (Warning): Year 1889 not found!
cdo    selyear (Warning): Year 1890 not found!
cdo    selyear (Warning): Year 1891 not found!
cdo    selyear (Warning): Year 1892 not found!
cdo    selyear (Warning): Year 1893 not found!
cdo    selyear (Warning): Year 1894 not found!
cdo    selyear (Warning): Year 1895 not found!
cdo    selyear (Warning): Year 1896 not found!
cdo    selyear (Warning): Year 1897 not found!
cdo    selyear (Warning): Year 1898 not found!
cdo    selyear (Warning): Year 1899 not found!
Procesando IITM-ESM ssp245 ...
cdi  warning (attribute_to_calendar): calendar >julian< unsupported!
cdi  warning (attribute_to_calendar): calendar >julian< unsupported!
cdi  warning (attribute_to_calendar): calendar >julian< unsupported!
cdi  warning (attribute_to_calendar): calendar >julian< unsupported!
cdi  warning (attribute_to_calendar): calendar >julian< unsupported!
cdi  warning (attribute_to_calendar): calendar >julian< unsupported!
cdi  warning (attribute_to_calendar): calendar >julian< unsupported!
cdi  warning (attribute_to_calendar): calendar >julian< unsupported!
cdi  warning (attribute_to_calendar): calendar >julian< unsupported!
cdi  warning (attribute_to_calendar): calendar >julian< unsupported!
cdi  warning (attribute_to_calendar): calendar >julian< unsupported!
cdi  warning (attribute_to_calendar): calendar >julian< unsupported!
cdi  warning (attribute_to_calendar): calendar >julian< unsupported!
cdi  warning (attribute_to_calendar): calendar >julian< unsupported!
cdi  warning (attribute_to_calendar): calendar >julian< unsupported!
cdi  warning (attribute_to_calendar): calendar >julian< unsupported!
cdi  warning (attribute_to_calendar): calendar >julian< unsupported!
cdo    selyear (Warning): Year 2100 not found!
Procesando IITM-ESM ssp370 ...
cdi  warning (attribute_to_calendar): calendar >julian< unsupported!
cdi  warning (attribute_to_calendar): calendar >julian< unsupported!
cdi  warning (attribute_to_calendar): calendar >julian< unsupported!
cdi  warning (attribute_to_calendar): calendar >julian< unsupported!
cdi  warning (attribute_to_calendar): calendar >julian< unsupported!
cdi  warning (attribute_to_calendar): calendar >julian< unsupported!
cdi  warning (attribute_to_calendar): calendar >julian< unsupported!
cdi  warning (attribute_to_calendar): calendar >julian< unsupported!
cdi  warning (attribute_to_calendar): calendar >julian< unsupported!
cdo    selyear (Warning): Year 2099 not found!
cdo    selyear (Warning): Year 2100 not found!
Procesando IITM-ESM ssp585 ...
cdi  warning (attribute_to_calendar): calendar >julian< unsupported!
cdi  warning (attribute_to_calendar): calendar >julian< unsupported!
cdi  warning (attribute_to_calendar): calendar >julian< unsupported!
cdi  warning (attribute_to_calendar): calendar >julian< unsupported!
cdi  warning (attribute_to_calendar): calendar >julian< unsupported!
cdi  warning (attribute_to_calendar): calendar >julian< unsupported!
cdi  warning (attribute_to_calendar): calendar >julian< unsupported!
cdi  warning (attribute_to_calendar): calendar >julian< unsupported!
cdi  warning (attribute_to_calendar): calendar >julian< unsupported!
cdi  warning (attribute_to_calendar): calendar >julian< unsupported!
cdi  warning (attribute_to_calendar): calendar >julian< unsupported!
cdi  warning (attribute_to_calendar): calendar >julian< unsupported!
cdi  warning (attribute_to_calendar): calendar >julian< unsupported!
cdi  warning (attribute_to_calendar): calendar >julian< unsupported!
cdi  warning (attribute_to_calendar): calendar >julian< unsupported!
cdi  warning (attribute_to_calendar): calendar >julian< unsupported!
cdi  warning (attribute_to_calendar): calendar >julian< unsupported!
cdo    selyear (Warning): Year 2100 not found!
Preparando pesos de regrilla para INM-CM4-8 ...
  calculando pesos (genbil) a partir de w_src.nc ...
Procesando INM-CM4-8 historical ...
Procesando INM-CM4-8 ssp245 ...
Procesando INM-CM4-8 ssp370 ...
Procesando INM-CM4-8 ssp585 ...
Preparando pesos de regrilla para INM-CM5-0 ...
  calculando pesos (genbil) a partir de w_src.nc ...
Procesando INM-CM5-0 historical ...
Procesando INM-CM5-0 ssp245 ...
Procesando INM-CM5-0 ssp370 ...
Procesando INM-CM5-0 ssp585 ...
Preparando pesos de regrilla para IPSL-CM6A-LR ...
  calculando pesos (genbil) a partir de w_src.nc ...
Procesando IPSL-CM6A-LR historical ...
Procesando IPSL-CM6A-LR ssp245 ...
Procesando IPSL-CM6A-LR ssp370 ...
Procesando IPSL-CM6A-LR ssp585 ...
Preparando pesos de regrilla para KACE-1-0-G ...
  calculando pesos (genbil) a partir de w_src.nc ...
Procesando KACE-1-0-G historical ...
Procesando KACE-1-0-G ssp245 ...
Procesando KACE-1-0-G ssp370 ...
Procesando KACE-1-0-G ssp585 ...
Preparando pesos de regrilla para MCM-UA-1-0 ...
Procesando MCM-UA-1-0 historical ...
Ya procesado, se omite: tos_MCM-UA-1-0_historical.nc
Procesando MCM-UA-1-0 ssp245 ...
Ya procesado, se omite: tos_MCM-UA-1-0_ssp245.nc
Procesando MCM-UA-1-0 ssp370 ...
Ya procesado, se omite: tos_MCM-UA-1-0_ssp370.nc
Procesando MCM-UA-1-0 ssp585 ...
Ya procesado, se omite: tos_MCM-UA-1-0_ssp585.nc
Preparando pesos de regrilla para MIROC6 ...
  calculando pesos (genbil) a partir de w_src.nc ...
Procesando MIROC6 historical ...
Procesando MIROC6 ssp245 ...
Procesando MIROC6 ssp370 ...
Procesando MIROC6 ssp585 ...
Preparando pesos de regrilla para MIROC-ES2L ...
  calculando pesos (genbil) a partir de w_src.nc ...
Procesando MIROC-ES2L historical ...
Procesando MIROC-ES2L ssp245 ...
Procesando MIROC-ES2L ssp370 ...
Procesando MIROC-ES2L ssp585 ...
Preparando pesos de regrilla para MPI-ESM1-2-HR ...
  calculando pesos (genbil) a partir de w_src.nc ...
Procesando MPI-ESM1-2-HR historical ...
Procesando MPI-ESM1-2-HR ssp245 ...
Procesando MPI-ESM1-2-HR ssp370 ...
Procesando MPI-ESM1-2-HR ssp585 ...
Preparando pesos de regrilla para MPI-ESM1-2-LR ...
  calculando pesos (genbil) a partir de w_src.nc ...
Procesando MPI-ESM1-2-LR historical ...
Procesando MPI-ESM1-2-LR ssp245 ...
Procesando MPI-ESM1-2-LR ssp370 ...
Procesando MPI-ESM1-2-LR ssp585 ...
Preparando pesos de regrilla para MRI-ESM2-0 ...
  calculando pesos (genbil) a partir de w_src.nc ...
Procesando MRI-ESM2-0 historical ...
Procesando MRI-ESM2-0 ssp245 ...
Procesando MRI-ESM2-0 ssp370 ...
Procesando MRI-ESM2-0 ssp585 ...
Preparando pesos de regrilla para NorESM2-LM ...
  calculando pesos (genbil) a partir de w_src.nc ...
Procesando NorESM2-LM historical ...
Procesando NorESM2-LM ssp245 ...
Procesando NorESM2-LM ssp370 ...
Procesando NorESM2-LM ssp585 ...
Preparando pesos de regrilla para NorESM2-MM ...
  calculando pesos (genbil) a partir de w_src.nc ...
Procesando NorESM2-MM historical ...
Procesando NorESM2-MM ssp245 ...
Procesando NorESM2-MM ssp370 ...
Procesando NorESM2-MM ssp585 ...
Preparando pesos de regrilla para TaiESM1 ...
  calculando pesos (genbil) a partir de w_src.nc ...
Procesando TaiESM1 historical ...
Procesando TaiESM1 ssp245 ...
Procesando TaiESM1 ssp370 ...
Procesando TaiESM1 ssp585 ...
Preparando pesos de regrilla para UKESM1-0-LL ...
  calculando pesos (genbil) a partir de w_src.nc ...
Procesando UKESM1-0-LL historical ...
Procesando UKESM1-0-LL ssp245 ...
Procesando UKESM1-0-LL ssp370 ...
Procesando UKESM1-0-LL ssp585 ...
== Paso 05: python3 scripts/05_apply_ocean_mask.py ==
  tos_ACCESS-CM2_ssp370.nc: 295152 puntos con |valor| > 400, vueltos NaN
  tos_ACCESS-ESM1-5_ssp370.nc: 295152 puntos con |valor| > 400, vueltos NaN
  tos_AWI-CM-1-1-MR_ssp370.nc: 109392 puntos con |valor| > 400, vueltos NaN
  tos_BCC-CSM2-MR_historical.nc: 572220 puntos con |valor| > 400, vueltos NaN
  tos_BCC-CSM2-MR_ssp245.nc: 298248 puntos con |valor| > 400, vueltos NaN
  tos_BCC-CSM2-MR_ssp370.nc: 298248 puntos con |valor| > 400, vueltos NaN
  tos_BCC-CSM2-MR_ssp585.nc: 298248 puntos con |valor| > 400, vueltos NaN
  tos_CAMS-CSM1-0_historical.nc: 558360 puntos con |valor| > 400, vueltos NaN
  tos_CAMS-CSM1-0_ssp245.nc: 287640 puntos con |valor| > 400, vueltos NaN
  tos_CAMS-CSM1-0_ssp370.nc: 287640 puntos con |valor| > 400, vueltos NaN
  tos_CAMS-CSM1-0_ssp585.nc: 287640 puntos con |valor| > 400, vueltos NaN
  tos_CAS-ESM2-0_historical.nc: 550440 puntos con |valor| > 400, vueltos NaN
  tos_CAS-ESM2-0_ssp245.nc: 286896 puntos con |valor| > 400, vueltos NaN
  tos_CAS-ESM2-0_ssp370.nc: 286896 puntos con |valor| > 400, vueltos NaN
  tos_CAS-ESM2-0_ssp585.nc: 286896 puntos con |valor| > 400, vueltos NaN
  tos_CESM2-WACCM_historical.nc: 568260 puntos con |valor| > 400, vueltos NaN
  tos_CESM2-WACCM_ssp245.nc: 296184 puntos con |valor| > 400, vueltos NaN
  tos_CESM2-WACCM_ssp370.nc: 296184 puntos con |valor| > 400, vueltos NaN
  tos_CESM2-WACCM_ssp585.nc: 296184 puntos con |valor| > 400, vueltos NaN
  tos_CESM2_historical.nc: 568260 puntos con |valor| > 400, vueltos NaN
  tos_CESM2_ssp245.nc: 296184 puntos con |valor| > 400, vueltos NaN
  tos_CESM2_ssp370.nc: 296184 puntos con |valor| > 400, vueltos NaN
  tos_CESM2_ssp585.nc: 296184 puntos con |valor| > 400, vueltos NaN
  tos_CMCC-CM2-SR5_historical.nc: 580140 puntos con |valor| > 400, vueltos NaN
  tos_CMCC-CM2-SR5_ssp245.nc: 302376 puntos con |valor| > 400, vueltos NaN
  tos_CMCC-CM2-SR5_ssp370.nc: 302376 puntos con |valor| > 400, vueltos NaN
  tos_CMCC-CM2-SR5_ssp585.nc: 302376 puntos con |valor| > 400, vueltos NaN
  tos_CMCC-ESM2_historical.nc: 580140 puntos con |valor| > 400, vueltos NaN
  tos_CMCC-ESM2_ssp245.nc: 302376 puntos con |valor| > 400, vueltos NaN
  tos_CMCC-ESM2_ssp370.nc: 302376 puntos con |valor| > 400, vueltos NaN
  tos_CMCC-ESM2_ssp585.nc: 302376 puntos con |valor| > 400, vueltos NaN
  tos_CNRM-CM6-1-HR_historical.nc: 502920 puntos con |valor| > 400, vueltos NaN
  tos_CNRM-CM6-1-HR_ssp245.nc: 262128 puntos con |valor| > 400, vueltos NaN
  tos_CNRM-CM6-1-HR_ssp370.nc: 262128 puntos con |valor| > 400, vueltos NaN
  tos_CNRM-CM6-1-HR_ssp585.nc: 262128 puntos con |valor| > 400, vueltos NaN
  tos_CNRM-CM6-1_historical.nc: 580140 puntos con |valor| > 400, vueltos NaN
  tos_CNRM-CM6-1_ssp245.nc: 302376 puntos con |valor| > 400, vueltos NaN
  tos_CNRM-CM6-1_ssp370.nc: 302376 puntos con |valor| > 400, vueltos NaN
  tos_CNRM-CM6-1_ssp585.nc: 302376 puntos con |valor| > 400, vueltos NaN
  tos_CNRM-ESM2-1_historical.nc: 580140 puntos con |valor| > 400, vueltos NaN
  tos_CNRM-ESM2-1_ssp245.nc: 302376 puntos con |valor| > 400, vueltos NaN
  tos_CNRM-ESM2-1_ssp370.nc: 302376 puntos con |valor| > 400, vueltos NaN
  tos_CNRM-ESM2-1_ssp585.nc: 302376 puntos con |valor| > 400, vueltos NaN
  tos_CanESM5-1_historical.nc: 584100 puntos con |valor| > 400, vueltos NaN
  tos_CanESM5-1_ssp245.nc: 304440 puntos con |valor| > 400, vueltos NaN
  tos_CanESM5-1_ssp370.nc: 304440 puntos con |valor| > 400, vueltos NaN
  tos_CanESM5-1_ssp585.nc: 304440 puntos con |valor| > 400, vueltos NaN
  tos_CanESM5-CanOE_historical.nc: 584100 puntos con |valor| > 400, vueltos NaN
  tos_CanESM5-CanOE_ssp245.nc: 304440 puntos con |valor| > 400, vueltos NaN
  tos_CanESM5-CanOE_ssp370.nc: 304440 puntos con |valor| > 400, vueltos NaN
  tos_CanESM5-CanOE_ssp585.nc: 304440 puntos con |valor| > 400, vueltos NaN
  tos_CanESM5_historical.nc: 584100 puntos con |valor| > 400, vueltos NaN
  tos_CanESM5_ssp245.nc: 304440 puntos con |valor| > 400, vueltos NaN
  tos_CanESM5_ssp370.nc: 304440 puntos con |valor| > 400, vueltos NaN
  tos_CanESM5_ssp585.nc: 304440 puntos con |valor| > 400, vueltos NaN
  tos_EC-Earth3-Veg-LR_historical.nc: 580140 puntos con |valor| > 400, vueltos NaN
  tos_EC-Earth3-Veg-LR_ssp245.nc: 302376 puntos con |valor| > 400, vueltos NaN
  tos_EC-Earth3-Veg-LR_ssp370.nc: 302376 puntos con |valor| > 400, vueltos NaN
  tos_EC-Earth3-Veg-LR_ssp585.nc: 302376 puntos con |valor| > 400, vueltos NaN
Ya procesado, se omite: tos_EC-Earth3-Veg_historical.nc
Ya procesado, se omite: tos_EC-Earth3-Veg_ssp245.nc
Ya procesado, se omite: tos_EC-Earth3-Veg_ssp370.nc
Ya procesado, se omite: tos_EC-Earth3-Veg_ssp585.nc
  tos_EC-Earth3_historical.nc: 580140 puntos con |valor| > 400, vueltos NaN
  tos_EC-Earth3_ssp245.nc: 302376 puntos con |valor| > 400, vueltos NaN
  tos_EC-Earth3_ssp370.nc: 302376 puntos con |valor| > 400, vueltos NaN
  tos_EC-Earth3_ssp585.nc: 302376 puntos con |valor| > 400, vueltos NaN
  tos_FGOALS-f3-L_historical.nc: 510840 puntos con |valor| > 400, vueltos NaN
  tos_FGOALS-f3-L_ssp245.nc: 303408 puntos con |valor| > 400, vueltos NaN
  tos_FGOALS-f3-L_ssp370.nc: 303408 puntos con |valor| > 400, vueltos NaN
  tos_FGOALS-f3-L_ssp585.nc: 303408 puntos con |valor| > 400, vueltos NaN
  tos_FGOALS-g3_historical.nc: 582120 puntos con |valor| > 400, vueltos NaN
  tos_FGOALS-g3_ssp245.nc: 303408 puntos con |valor| > 400, vueltos NaN
  tos_FGOALS-g3_ssp370.nc: 303408 puntos con |valor| > 400, vueltos NaN
  tos_FGOALS-g3_ssp585.nc: 303408 puntos con |valor| > 400, vueltos NaN
  tos_GFDL-ESM4_historical.nc: 421740 puntos con |valor| > 400, vueltos NaN
  tos_GFDL-ESM4_ssp245.nc: 219816 puntos con |valor| > 400, vueltos NaN
  tos_GFDL-ESM4_ssp370.nc: 219816 puntos con |valor| > 400, vueltos NaN
  tos_GFDL-ESM4_ssp585.nc: 219816 puntos con |valor| > 400, vueltos NaN
Ya procesado, se omite: tos_GISS-E2-1-G_historical.nc
Ya procesado, se omite: tos_GISS-E2-1-G_ssp245.nc
Ya procesado, se omite: tos_GISS-E2-1-G_ssp370.nc
Ya procesado, se omite: tos_GISS-E2-1-G_ssp585.nc
Ya procesado, se omite: tos_GISS-E2-1-H_historical.nc
Ya procesado, se omite: tos_GISS-E2-1-H_ssp245.nc
Ya procesado, se omite: tos_GISS-E2-1-H_ssp370.nc
Ya procesado, se omite: tos_GISS-E2-1-H_ssp585.nc
  tos_GISS-E2-2-G_historical.nc: 493020 puntos con |valor| > 400, vueltos NaN
  tos_GISS-E2-2-G_ssp245.nc: 256968 puntos con |valor| > 400, vueltos NaN
  tos_GISS-E2-2-G_ssp370.nc: 256968 puntos con |valor| > 400, vueltos NaN
  tos_GISS-E2-2-G_ssp585.nc: 256968 puntos con |valor| > 400, vueltos NaN
  tos_IITM-ESM_historical.nc: 409860 puntos con |valor| > 400, vueltos NaN
  tos_IITM-ESM_ssp245.nc: 302940 puntos con |valor| > 400, vueltos NaN
  tos_IITM-ESM_ssp370.nc: 299376 puntos con |valor| > 400, vueltos NaN
  tos_IITM-ESM_ssp585.nc: 302940 puntos con |valor| > 400, vueltos NaN
  tos_INM-CM4-8_historical.nc: 560340 puntos con |valor| > 400, vueltos NaN
  tos_INM-CM4-8_ssp245.nc: 292056 puntos con |valor| > 400, vueltos NaN
  tos_INM-CM4-8_ssp370.nc: 292056 puntos con |valor| > 400, vueltos NaN
  tos_INM-CM4-8_ssp585.nc: 292056 puntos con |valor| > 400, vueltos NaN
  tos_INM-CM5-0_historical.nc: 570240 puntos con |valor| > 400, vueltos NaN
  tos_INM-CM5-0_ssp245.nc: 297216 puntos con |valor| > 400, vueltos NaN
  tos_INM-CM5-0_ssp370.nc: 297216 puntos con |valor| > 400, vueltos NaN
  tos_INM-CM5-0_ssp585.nc: 297216 puntos con |valor| > 400, vueltos NaN
  tos_IPSL-CM6A-LR_historical.nc: 580140 puntos con |valor| > 400, vueltos NaN
  tos_IPSL-CM6A-LR_ssp245.nc: 302376 puntos con |valor| > 400, vueltos NaN
  tos_IPSL-CM6A-LR_ssp370.nc: 302376 puntos con |valor| > 400, vueltos NaN
  tos_IPSL-CM6A-LR_ssp585.nc: 302376 puntos con |valor| > 400, vueltos NaN
  tos_KACE-1-0-G_historical.nc: 588060 puntos con |valor| > 400, vueltos NaN
  tos_KACE-1-0-G_ssp245.nc: 306504 puntos con |valor| > 400, vueltos NaN
  tos_KACE-1-0-G_ssp370.nc: 306504 puntos con |valor| > 400, vueltos NaN
  tos_KACE-1-0-G_ssp585.nc: 306504 puntos con |valor| > 400, vueltos NaN
Ya procesado, se omite: tos_MCM-UA-1-0_historical.nc
Ya procesado, se omite: tos_MCM-UA-1-0_ssp245.nc
Ya procesado, se omite: tos_MCM-UA-1-0_ssp370.nc
Ya procesado, se omite: tos_MCM-UA-1-0_ssp585.nc
  tos_MIROC-ES2L_historical.nc: 576180 puntos con |valor| > 400, vueltos NaN
  tos_MIROC-ES2L_ssp245.nc: 300312 puntos con |valor| > 400, vueltos NaN
  tos_MIROC-ES2L_ssp370.nc: 300312 puntos con |valor| > 400, vueltos NaN
  tos_MIROC-ES2L_ssp585.nc: 300312 puntos con |valor| > 400, vueltos NaN
  tos_MIROC6_historical.nc: 661320 puntos con |valor| > 400, vueltos NaN
  tos_MIROC6_ssp245.nc: 344688 puntos con |valor| > 400, vueltos NaN
  tos_MIROC6_ssp370.nc: 344688 puntos con |valor| > 400, vueltos NaN
  tos_MIROC6_ssp585.nc: 344688 puntos con |valor| > 400, vueltos NaN
  tos_MPI-ESM1-2-HR_historical.nc: 538560 puntos con |valor| > 400, vueltos NaN
  tos_MPI-ESM1-2-HR_ssp245.nc: 280704 puntos con |valor| > 400, vueltos NaN
  tos_MPI-ESM1-2-HR_ssp370.nc: 280704 puntos con |valor| > 400, vueltos NaN
  tos_MPI-ESM1-2-HR_ssp585.nc: 280704 puntos con |valor| > 400, vueltos NaN
  tos_MPI-ESM1-2-LR_historical.nc: 619740 puntos con |valor| > 400, vueltos NaN
  tos_MPI-ESM1-2-LR_ssp245.nc: 323016 puntos con |valor| > 400, vueltos NaN
  tos_MPI-ESM1-2-LR_ssp370.nc: 323016 puntos con |valor| > 400, vueltos NaN
  tos_MPI-ESM1-2-LR_ssp585.nc: 323016 puntos con |valor| > 400, vueltos NaN
  tos_MRI-ESM2-0_historical.nc: 411840 puntos con |valor| > 400, vueltos NaN
  tos_MRI-ESM2-0_ssp245.nc: 214656 puntos con |valor| > 400, vueltos NaN
  tos_MRI-ESM2-0_ssp370.nc: 214656 puntos con |valor| > 400, vueltos NaN
  tos_MRI-ESM2-0_ssp585.nc: 214656 puntos con |valor| > 400, vueltos NaN
  tos_NorESM2-LM_historical.nc: 548460 puntos con |valor| > 400, vueltos NaN
  tos_NorESM2-LM_ssp245.nc: 285864 puntos con |valor| > 400, vueltos NaN
  tos_NorESM2-LM_ssp370.nc: 285864 puntos con |valor| > 400, vueltos NaN
  tos_NorESM2-LM_ssp585.nc: 285864 puntos con |valor| > 400, vueltos NaN
  tos_NorESM2-MM_historical.nc: 548460 puntos con |valor| > 400, vueltos NaN
  tos_NorESM2-MM_ssp245.nc: 285864 puntos con |valor| > 400, vueltos NaN
  tos_NorESM2-MM_ssp370.nc: 285864 puntos con |valor| > 400, vueltos NaN
  tos_NorESM2-MM_ssp585.nc: 285864 puntos con |valor| > 400, vueltos NaN
  tos_TaiESM1_historical.nc: 530640 puntos con |valor| > 400, vueltos NaN
  tos_TaiESM1_ssp245.nc: 276576 puntos con |valor| > 400, vueltos NaN
  tos_TaiESM1_ssp370.nc: 276576 puntos con |valor| > 400, vueltos NaN
  tos_TaiESM1_ssp585.nc: 276576 puntos con |valor| > 400, vueltos NaN
  tos_UKESM1-0-LL_historical.nc: 580140 puntos con |valor| > 400, vueltos NaN
  tos_UKESM1-0-LL_ssp245.nc: 302376 puntos con |valor| > 400, vueltos NaN
  tos_UKESM1-0-LL_ssp370.nc: 302376 puntos con |valor| > 400, vueltos NaN
  tos_UKESM1-0-LL_ssp585.nc: 302376 puntos con |valor| > 400, vueltos NaN
== Paso 06: python3 scripts/06_qc_checks.py data/processed/masked data/processed/qc_report.csv ==
QC escrito en data/processed/qc_report.csv (160 archivos, 25 reusados de una corrida anterior, 0 con fallas)
== Paso 07: python3 scripts/07_build_inventory_report.py data/processed/qc_report.csv data/processed/masked data/processed/models_inventory_final.csv ==
Inventario final escrito en data/processed/models_inventory_final.csv (40/40 modelos seleccionados)
Pipeline completo.
== Graficos: plot_maps.py ==
Graficando mapas: 40 modelo(s) + ERSSTv5 ...
  ACCESS-CM2
  ACCESS-CM2: sst_2d_ACCESS-CM2.png ya existe, se omite
  ACCESS-ESM1-5
  ACCESS-ESM1-5: sst_2d_ACCESS-ESM1-5.png ya existe, se omite
  AWI-CM-1-1-MR
  AWI-CM-1-1-MR: sst_2d_AWI-CM-1-1-MR.png ya existe, se omite
  BCC-CSM2-MR
  BCC-CSM2-MR: sst_2d_BCC-CSM2-MR.png ya existe, se omite
  CAMS-CSM1-0
  CAMS-CSM1-0: sst_2d_CAMS-CSM1-0.png ya existe, se omite
  CAS-ESM2-0
  CAS-ESM2-0: sst_2d_CAS-ESM2-0.png ya existe, se omite
  CESM2
  CESM2: sst_2d_CESM2.png ya existe, se omite
  CESM2-WACCM
  CESM2-WACCM: sst_2d_CESM2-WACCM.png ya existe, se omite
  CMCC-CM2-SR5
  CMCC-CM2-SR5: sst_2d_CMCC-CM2-SR5.png ya existe, se omite
  CMCC-ESM2
  CMCC-ESM2: sst_2d_CMCC-ESM2.png ya existe, se omite
  CNRM-CM6-1
  CNRM-CM6-1: sst_2d_CNRM-CM6-1.png ya existe, se omite
  CNRM-CM6-1-HR
  CNRM-CM6-1-HR: sst_2d_CNRM-CM6-1-HR.png ya existe, se omite
  CNRM-ESM2-1
  CNRM-ESM2-1: sst_2d_CNRM-ESM2-1.png ya existe, se omite
  CanESM5
  CanESM5: sst_2d_CanESM5.png ya existe, se omite
  CanESM5-1
  CanESM5-1: sst_2d_CanESM5-1.png ya existe, se omite
  CanESM5-CanOE
  CanESM5-CanOE: sst_2d_CanESM5-CanOE.png ya existe, se omite
  EC-Earth3
  EC-Earth3: sst_2d_EC-Earth3.png ya existe, se omite
  EC-Earth3-Veg
  EC-Earth3-Veg: sst_2d_EC-Earth3-Veg.png ya existe, se omite
  EC-Earth3-Veg-LR
  EC-Earth3-Veg-LR: sst_2d_EC-Earth3-Veg-LR.png ya existe, se omite
  FGOALS-f3-L
  FGOALS-f3-L: sst_2d_FGOALS-f3-L.png ya existe, se omite
  FGOALS-g3
  FGOALS-g3: sst_2d_FGOALS-g3.png ya existe, se omite
  GFDL-ESM4
  GFDL-ESM4: sst_2d_GFDL-ESM4.png ya existe, se omite
  GISS-E2-1-G
  GISS-E2-1-G: sst_2d_GISS-E2-1-G.png ya existe, se omite
  GISS-E2-1-H
  GISS-E2-1-H: sst_2d_GISS-E2-1-H.png ya existe, se omite
  GISS-E2-2-G
  GISS-E2-2-G: sst_2d_GISS-E2-2-G.png ya existe, se omite
  IITM-ESM
  IITM-ESM: sst_2d_IITM-ESM.png ya existe, se omite
  INM-CM4-8
  INM-CM4-8: sst_2d_INM-CM4-8.png ya existe, se omite
  INM-CM5-0
  INM-CM5-0: sst_2d_INM-CM5-0.png ya existe, se omite
  IPSL-CM6A-LR
  IPSL-CM6A-LR: sst_2d_IPSL-CM6A-LR.png ya existe, se omite
  KACE-1-0-G
  KACE-1-0-G: sst_2d_KACE-1-0-G.png ya existe, se omite
  MCM-UA-1-0
  MCM-UA-1-0: sst_2d_MCM-UA-1-0.png ya existe, se omite
  MIROC-ES2L
  MIROC-ES2L: sst_2d_MIROC-ES2L.png ya existe, se omite
  MIROC6
  MIROC6: sst_2d_MIROC6.png ya existe, se omite
  MPI-ESM1-2-HR
  MPI-ESM1-2-HR: sst_2d_MPI-ESM1-2-HR.png ya existe, se omite
  MPI-ESM1-2-LR
  MPI-ESM1-2-LR: sst_2d_MPI-ESM1-2-LR.png ya existe, se omite
  MRI-ESM2-0
  MRI-ESM2-0: sst_2d_MRI-ESM2-0.png ya existe, se omite
  NorESM2-LM
  NorESM2-LM: sst_2d_NorESM2-LM.png ya existe, se omite
  NorESM2-MM
  NorESM2-MM: sst_2d_NorESM2-MM.png ya existe, se omite
  TaiESM1
  TaiESM1: sst_2d_TaiESM1.png ya existe, se omite
  UKESM1-0-LL
  UKESM1-0-LL: sst_2d_UKESM1-0-LL.png ya existe, se omite
  ERSSTv5
  ERSSTv5: sst_2d_ERSSTv5.png ya existe, se omite
Listo, 41 figura(s) en /home/jonathan/personal/e1_smn/figures
== Graficos: plot_box_series.py ==
ACCESS-CM2
  ACCESS-CM2 Nino 1+2: serie_ACCESS-CM2_sst_Nino1+2.png ya existe, se omite
  ACCESS-CM2 Nino 3.4: serie_ACCESS-CM2_sst_Nino3.4.png ya existe, se omite
ACCESS-ESM1-5
  ACCESS-ESM1-5 Nino 1+2: serie_ACCESS-ESM1-5_sst_Nino1+2.png ya existe, se omite
  ACCESS-ESM1-5 Nino 3.4: serie_ACCESS-ESM1-5_sst_Nino3.4.png ya existe, se omite
AWI-CM-1-1-MR
  AWI-CM-1-1-MR Nino 1+2: serie_AWI-CM-1-1-MR_sst_Nino1+2.png ya existe, se omite
  AWI-CM-1-1-MR Nino 3.4: serie_AWI-CM-1-1-MR_sst_Nino3.4.png ya existe, se omite
BCC-CSM2-MR
  BCC-CSM2-MR Nino 1+2: serie_BCC-CSM2-MR_sst_Nino1+2.png ya existe, se omite
  BCC-CSM2-MR Nino 3.4: serie_BCC-CSM2-MR_sst_Nino3.4.png ya existe, se omite
CAMS-CSM1-0
  CAMS-CSM1-0 Nino 1+2: serie_CAMS-CSM1-0_sst_Nino1+2.png ya existe, se omite
  CAMS-CSM1-0 Nino 3.4: serie_CAMS-CSM1-0_sst_Nino3.4.png ya existe, se omite
CAS-ESM2-0
  CAS-ESM2-0 Nino 1+2: serie_CAS-ESM2-0_sst_Nino1+2.png ya existe, se omite
  CAS-ESM2-0 Nino 3.4: serie_CAS-ESM2-0_sst_Nino3.4.png ya existe, se omite
CESM2
  CESM2 Nino 1+2: serie_CESM2_sst_Nino1+2.png ya existe, se omite
  CESM2 Nino 3.4: serie_CESM2_sst_Nino3.4.png ya existe, se omite
CESM2-WACCM
  CESM2-WACCM Nino 1+2: serie_CESM2-WACCM_sst_Nino1+2.png ya existe, se omite
  CESM2-WACCM Nino 3.4: serie_CESM2-WACCM_sst_Nino3.4.png ya existe, se omite
CMCC-CM2-SR5
  CMCC-CM2-SR5 Nino 1+2: serie_CMCC-CM2-SR5_sst_Nino1+2.png ya existe, se omite
  CMCC-CM2-SR5 Nino 3.4: serie_CMCC-CM2-SR5_sst_Nino3.4.png ya existe, se omite
CMCC-ESM2
  CMCC-ESM2 Nino 1+2: serie_CMCC-ESM2_sst_Nino1+2.png ya existe, se omite
  CMCC-ESM2 Nino 3.4: serie_CMCC-ESM2_sst_Nino3.4.png ya existe, se omite
CNRM-CM6-1
  CNRM-CM6-1 Nino 1+2: serie_CNRM-CM6-1_sst_Nino1+2.png ya existe, se omite
  CNRM-CM6-1 Nino 3.4: serie_CNRM-CM6-1_sst_Nino3.4.png ya existe, se omite
CNRM-CM6-1-HR
  CNRM-CM6-1-HR Nino 1+2: serie_CNRM-CM6-1-HR_sst_Nino1+2.png ya existe, se omite
  CNRM-CM6-1-HR Nino 3.4: serie_CNRM-CM6-1-HR_sst_Nino3.4.png ya existe, se omite
CNRM-ESM2-1
  CNRM-ESM2-1 Nino 1+2: serie_CNRM-ESM2-1_sst_Nino1+2.png ya existe, se omite
  CNRM-ESM2-1 Nino 3.4: serie_CNRM-ESM2-1_sst_Nino3.4.png ya existe, se omite
CanESM5
  CanESM5 Nino 1+2: serie_CanESM5_sst_Nino1+2.png ya existe, se omite
  CanESM5 Nino 3.4: serie_CanESM5_sst_Nino3.4.png ya existe, se omite
CanESM5-1
  CanESM5-1 Nino 1+2: serie_CanESM5-1_sst_Nino1+2.png ya existe, se omite
  CanESM5-1 Nino 3.4: serie_CanESM5-1_sst_Nino3.4.png ya existe, se omite
CanESM5-CanOE
  CanESM5-CanOE Nino 1+2: serie_CanESM5-CanOE_sst_Nino1+2.png ya existe, se omite
  CanESM5-CanOE Nino 3.4: serie_CanESM5-CanOE_sst_Nino3.4.png ya existe, se omite
EC-Earth3
  EC-Earth3 Nino 1+2: serie_EC-Earth3_sst_Nino1+2.png ya existe, se omite
  EC-Earth3 Nino 3.4: serie_EC-Earth3_sst_Nino3.4.png ya existe, se omite
EC-Earth3-Veg
  EC-Earth3-Veg Nino 1+2: serie_EC-Earth3-Veg_sst_Nino1+2.png ya existe, se omite
  EC-Earth3-Veg Nino 3.4: serie_EC-Earth3-Veg_sst_Nino3.4.png ya existe, se omite
EC-Earth3-Veg-LR
  EC-Earth3-Veg-LR Nino 1+2: serie_EC-Earth3-Veg-LR_sst_Nino1+2.png ya existe, se omite
  EC-Earth3-Veg-LR Nino 3.4: serie_EC-Earth3-Veg-LR_sst_Nino3.4.png ya existe, se omite
FGOALS-f3-L
  FGOALS-f3-L Nino 1+2: serie_FGOALS-f3-L_sst_Nino1+2.png ya existe, se omite
  FGOALS-f3-L Nino 3.4: serie_FGOALS-f3-L_sst_Nino3.4.png ya existe, se omite
FGOALS-g3
  FGOALS-g3 Nino 1+2: serie_FGOALS-g3_sst_Nino1+2.png ya existe, se omite
  FGOALS-g3 Nino 3.4: serie_FGOALS-g3_sst_Nino3.4.png ya existe, se omite
GFDL-ESM4
  GFDL-ESM4 Nino 1+2: serie_GFDL-ESM4_sst_Nino1+2.png ya existe, se omite
  GFDL-ESM4 Nino 3.4: serie_GFDL-ESM4_sst_Nino3.4.png ya existe, se omite
GISS-E2-1-G
  GISS-E2-1-G Nino 1+2: serie_GISS-E2-1-G_sst_Nino1+2.png ya existe, se omite
  GISS-E2-1-G Nino 3.4: serie_GISS-E2-1-G_sst_Nino3.4.png ya existe, se omite
GISS-E2-1-H
  GISS-E2-1-H Nino 1+2: serie_GISS-E2-1-H_sst_Nino1+2.png ya existe, se omite
  GISS-E2-1-H Nino 3.4: serie_GISS-E2-1-H_sst_Nino3.4.png ya existe, se omite
GISS-E2-2-G
  GISS-E2-2-G Nino 1+2: serie_GISS-E2-2-G_sst_Nino1+2.png ya existe, se omite
  GISS-E2-2-G Nino 3.4: serie_GISS-E2-2-G_sst_Nino3.4.png ya existe, se omite
IITM-ESM
  IITM-ESM Nino 1+2: serie_IITM-ESM_sst_Nino1+2.png ya existe, se omite
  IITM-ESM Nino 3.4: serie_IITM-ESM_sst_Nino3.4.png ya existe, se omite
INM-CM4-8
  INM-CM4-8 Nino 1+2: serie_INM-CM4-8_sst_Nino1+2.png ya existe, se omite
  INM-CM4-8 Nino 3.4: serie_INM-CM4-8_sst_Nino3.4.png ya existe, se omite
INM-CM5-0
  INM-CM5-0 Nino 1+2: serie_INM-CM5-0_sst_Nino1+2.png ya existe, se omite
  INM-CM5-0 Nino 3.4: serie_INM-CM5-0_sst_Nino3.4.png ya existe, se omite
IPSL-CM6A-LR
  IPSL-CM6A-LR Nino 1+2: serie_IPSL-CM6A-LR_sst_Nino1+2.png ya existe, se omite
  IPSL-CM6A-LR Nino 3.4: serie_IPSL-CM6A-LR_sst_Nino3.4.png ya existe, se omite
KACE-1-0-G
  KACE-1-0-G Nino 1+2: serie_KACE-1-0-G_sst_Nino1+2.png ya existe, se omite
  KACE-1-0-G Nino 3.4: serie_KACE-1-0-G_sst_Nino3.4.png ya existe, se omite
MCM-UA-1-0
  MCM-UA-1-0 Nino 1+2: serie_MCM-UA-1-0_sst_Nino1+2.png ya existe, se omite
  MCM-UA-1-0 Nino 3.4: serie_MCM-UA-1-0_sst_Nino3.4.png ya existe, se omite
MIROC-ES2L
  MIROC-ES2L Nino 1+2: serie_MIROC-ES2L_sst_Nino1+2.png ya existe, se omite
  MIROC-ES2L Nino 3.4: serie_MIROC-ES2L_sst_Nino3.4.png ya existe, se omite
MIROC6
  MIROC6 Nino 1+2: serie_MIROC6_sst_Nino1+2.png ya existe, se omite
  MIROC6 Nino 3.4: serie_MIROC6_sst_Nino3.4.png ya existe, se omite
MPI-ESM1-2-HR
  MPI-ESM1-2-HR Nino 1+2: serie_MPI-ESM1-2-HR_sst_Nino1+2.png ya existe, se omite
  MPI-ESM1-2-HR Nino 3.4: serie_MPI-ESM1-2-HR_sst_Nino3.4.png ya existe, se omite
MPI-ESM1-2-LR
  MPI-ESM1-2-LR Nino 1+2: serie_MPI-ESM1-2-LR_sst_Nino1+2.png ya existe, se omite
  MPI-ESM1-2-LR Nino 3.4: serie_MPI-ESM1-2-LR_sst_Nino3.4.png ya existe, se omite
MRI-ESM2-0
  MRI-ESM2-0 Nino 1+2: serie_MRI-ESM2-0_sst_Nino1+2.png ya existe, se omite
  MRI-ESM2-0 Nino 3.4: serie_MRI-ESM2-0_sst_Nino3.4.png ya existe, se omite
NorESM2-LM
  NorESM2-LM Nino 1+2: serie_NorESM2-LM_sst_Nino1+2.png ya existe, se omite
  NorESM2-LM Nino 3.4: serie_NorESM2-LM_sst_Nino3.4.png ya existe, se omite
NorESM2-MM
  NorESM2-MM Nino 1+2: serie_NorESM2-MM_sst_Nino1+2.png ya existe, se omite
  NorESM2-MM Nino 3.4: serie_NorESM2-MM_sst_Nino3.4.png ya existe, se omite
TaiESM1
  TaiESM1 Nino 1+2: serie_TaiESM1_sst_Nino1+2.png ya existe, se omite
  TaiESM1 Nino 3.4: serie_TaiESM1_sst_Nino3.4.png ya existe, se omite
UKESM1-0-LL
  UKESM1-0-LL Nino 1+2: serie_UKESM1-0-LL_sst_Nino1+2.png ya existe, se omite
  UKESM1-0-LL Nino 3.4: serie_UKESM1-0-LL_sst_Nino3.4.png ya existe, se omite
Listo, 40 modelo(s) graficado(s) (2 figuras cada uno) en /home/jonathan/personal/e1_smn/figures
== Graficos: plot_qc_summary.py ==

1 caso(s) PENDIENTE (link vivo encontrado, falta descargar y/o procesar):
   - MIROC-ES2H / historical

64 caso(s) SIN_LINK (existe segun 00b, pero 01 no encontro ningun link vivo):
   - AWI-ESM-1-1-LR / historical
   - BCC-ESM1 / historical
   - BCC-ESM1 / ssp370
   - CESM2-FV2 / historical
   - CESM2-FV2 / ssp370
   - CESM2-FV2 / ssp585
   - CESM2-WACCM-FV2 / historical
   - CIESM / historical
   - CIESM / ssp245
   - CIESM / ssp585
   - CMCC-CM2-HR4 / historical
   - E3SM-1-0 / historical
   - E3SM-1-0 / ssp370
   - E3SM-1-0 / ssp585
   - E3SM-1-1 / historical
   - E3SM-1-1 / ssp585
   - E3SM-1-1-ECA / historical
   - E3SM-1-1-ECA / ssp585
   - E3SM-2-0 / historical
   - E3SM-2-0 / ssp370
   - E3SM-2-0-NARRM / historical
   - E3SM-2-1 / historical
   - EC-Earth3-AerChem / historical
   - EC-Earth3-AerChem / ssp370
   - EC-Earth3-CC / historical
   - EC-Earth3-CC / ssp245
   - EC-Earth3-CC / ssp585
   - EC-Earth3-HR / historical
   - EC-Earth3-HR / ssp245
   - FIO-ESM-2-0 / historical
   - FIO-ESM-2-0 / ssp245
   - FIO-ESM-2-0 / ssp585
   - GFDL-CM4 / historical
   - GFDL-CM4 / ssp245
   - GFDL-CM4 / ssp585
   - GISS-E2-1-G-CC / historical
   - GISS-E2-1-G-CC / ssp245
   - GISS-E2-1-G-CC / ssp585
   - GISS-E2-2-H / historical
   - GISS-E3-G / historical
   - HadGEM3-GC31-LL / historical
   - HadGEM3-GC31-LL / ssp245
   - HadGEM3-GC31-LL / ssp585
   - HadGEM3-GC31-MM / historical
   - HadGEM3-GC31-MM / ssp585
   - ICON-ESM-LR / historical
   - IPSL-CM5A2-INCA / historical
   - IPSL-CM5A2-INCA / ssp370
   - IPSL-CM6A-LR-INCA / historical
   - KIOST-ESM / historical
   - KIOST-ESM / ssp245
   - KIOST-ESM / ssp585
   - MIROC-ES2H / ssp245
   - MIROC-ES2H / ssp370
   - MIROC-ES2H / ssp585
   - MPI-ESM-1-2-HAM / historical
   - MPI-ESM-1-2-HAM / ssp370
   - NESM3 / historical
   - NESM3 / ssp245
   - NESM3 / ssp585
   - NorCPM1 / historical
   - SAM0-UNICON / historical
   - UKESM1-1-LL / historical
   - UKESM1-1-LL / ssp370

Listo: 160 filas de QC procesadas, figura en /home/jonathan/personal/e1_smn/figures/sst_QD_vf.png
== Graficos: plot_boxplot_comparison.py ==
Graficando boxplots comparativos ...
  Nino 3.4: boxplot_Nino3.4.png ya existe, se omite
  Nino 1+2: boxplot_Nino1+2.png ya existe, se omite
Listo.
== Graficos: plot_region_nino_orthographic.py ==
Figura guardada en /home/jonathan/personal/e1_smn/figures/region_nino_proj.png
== Paso 00: bash scripts/00_setup_env.sh ==
Entorno verificado: cdo=Climate Data Operators version 2.4.0 (https://mpimet.mpg.de/cdo), python3=Python 3.12.2
Estructura de carpetas lista bajo /home/jonathan/personal/e1_smn/data y /home/jonathan/personal/e1_smn/logs
== Paso 00b: python3 scripts/00b_build_model_list.py config/models_seed_cmip6.csv ==
Modelos CMIP6 con tos/Omon publicado (nodo principal): 102
config/models_seed_cmip6.csv ya existe y el universo de modelos con tos/Omon sigue en 102 -- no se vuelve a inspeccionar. Para forzar un refresco de todas formas (ej. cambio en config/periods.yaml): borra config/models_seed_cmip6.csv y /home/jonathan/personal/e1_smn/informe/model_availability_priority.csv y volve a correr esto.
== Paso 01: python3 scripts/01_query_esgf_catalog.py config/models_seed_cmip6.csv data/interim/models_catalog_status.csv data/interim/esgf_file_urls.json ==
data/interim/models_catalog_status.csv ya existe, no se vuelve a consultar ESGF.
Para forzar un refresco (por si algun modelo se completo en ESGF desde la ultima vez): borra data/interim/models_catalog_status.csv Y data/interim/esgf_file_urls.json juntos (no uno solo, para que no queden inconsistentes entre si) y volve a correr esto. OJO: si habias resuelto algun modelo a mano por fuera de la semilla (00c + 02b), se pierde del catalogo y hay que correr 02b de nuevo para el.
== Paso 02: bash scripts/run_download_if_idle.sh ==
== 02a: descarga CMIP6 via ESGF (nodo principal) ==
ACCESS-CM2 historical: ya procesado (paso 04/05), se omite la descarga de crudos
ACCESS-CM2 ssp245: ya procesado (paso 04/05), se omite la descarga de crudos
ACCESS-CM2 ssp370: ya procesado (paso 04/05), se omite la descarga de crudos
ACCESS-CM2 ssp585: ya procesado (paso 04/05), se omite la descarga de crudos
ACCESS-ESM1-5 historical: ya procesado (paso 04/05), se omite la descarga de crudos
ACCESS-ESM1-5 ssp245: ya procesado (paso 04/05), se omite la descarga de crudos
ACCESS-ESM1-5 ssp370: ya procesado (paso 04/05), se omite la descarga de crudos
ACCESS-ESM1-5 ssp585: ya procesado (paso 04/05), se omite la descarga de crudos
AWI-CM-1-1-MR historical: ya procesado (paso 04/05), se omite la descarga de crudos
AWI-CM-1-1-MR ssp245: ya procesado (paso 04/05), se omite la descarga de crudos
AWI-CM-1-1-MR ssp370: ya procesado (paso 04/05), se omite la descarga de crudos
AWI-CM-1-1-MR ssp585: ya procesado (paso 04/05), se omite la descarga de crudos
BCC-CSM2-MR historical: ya procesado (paso 04/05), se omite la descarga de crudos
BCC-CSM2-MR ssp245: ya procesado (paso 04/05), se omite la descarga de crudos
BCC-CSM2-MR ssp370: ya procesado (paso 04/05), se omite la descarga de crudos
BCC-CSM2-MR ssp585: ya procesado (paso 04/05), se omite la descarga de crudos
CAMS-CSM1-0 historical: ya procesado (paso 04/05), se omite la descarga de crudos
CAMS-CSM1-0 ssp245: ya procesado (paso 04/05), se omite la descarga de crudos
CAMS-CSM1-0 ssp370: ya procesado (paso 04/05), se omite la descarga de crudos
CAMS-CSM1-0 ssp585: ya procesado (paso 04/05), se omite la descarga de crudos
CAS-ESM2-0 historical: ya procesado (paso 04/05), se omite la descarga de crudos
CAS-ESM2-0 ssp245: ya procesado (paso 04/05), se omite la descarga de crudos
CAS-ESM2-0 ssp370: ya procesado (paso 04/05), se omite la descarga de crudos
CAS-ESM2-0 ssp585: ya procesado (paso 04/05), se omite la descarga de crudos
CESM2 historical: ya procesado (paso 04/05), se omite la descarga de crudos
CESM2 ssp245: ya procesado (paso 04/05), se omite la descarga de crudos
CESM2 ssp370: ya procesado (paso 04/05), se omite la descarga de crudos
CESM2 ssp585: ya procesado (paso 04/05), se omite la descarga de crudos
CESM2-WACCM historical: ya procesado (paso 04/05), se omite la descarga de crudos
CESM2-WACCM ssp245: ya procesado (paso 04/05), se omite la descarga de crudos
CESM2-WACCM ssp370: ya procesado (paso 04/05), se omite la descarga de crudos
CESM2-WACCM ssp585: ya procesado (paso 04/05), se omite la descarga de crudos
CMCC-CM2-SR5 historical: ya procesado (paso 04/05), se omite la descarga de crudos
CMCC-CM2-SR5 ssp245: ya procesado (paso 04/05), se omite la descarga de crudos
CMCC-CM2-SR5 ssp370: ya procesado (paso 04/05), se omite la descarga de crudos
CMCC-CM2-SR5 ssp585: ya procesado (paso 04/05), se omite la descarga de crudos
CMCC-ESM2 historical: ya procesado (paso 04/05), se omite la descarga de crudos
CMCC-ESM2 ssp245: ya procesado (paso 04/05), se omite la descarga de crudos
CMCC-ESM2 ssp370: ya procesado (paso 04/05), se omite la descarga de crudos
CMCC-ESM2 ssp585: ya procesado (paso 04/05), se omite la descarga de crudos
CNRM-CM6-1 historical: ya procesado (paso 04/05), se omite la descarga de crudos
CNRM-CM6-1 ssp245: ya procesado (paso 04/05), se omite la descarga de crudos
CNRM-CM6-1 ssp370: ya procesado (paso 04/05), se omite la descarga de crudos
CNRM-CM6-1 ssp585: ya procesado (paso 04/05), se omite la descarga de crudos
CNRM-CM6-1-HR historical: ya procesado (paso 04/05), se omite la descarga de crudos
CNRM-CM6-1-HR ssp245: ya procesado (paso 04/05), se omite la descarga de crudos
CNRM-CM6-1-HR ssp370: ya procesado (paso 04/05), se omite la descarga de crudos
CNRM-CM6-1-HR ssp585: ya procesado (paso 04/05), se omite la descarga de crudos
CNRM-ESM2-1 historical: ya procesado (paso 04/05), se omite la descarga de crudos
CNRM-ESM2-1 ssp245: ya procesado (paso 04/05), se omite la descarga de crudos
CNRM-ESM2-1 ssp370: ya procesado (paso 04/05), se omite la descarga de crudos
CNRM-ESM2-1 ssp585: ya procesado (paso 04/05), se omite la descarga de crudos
CanESM5 historical: ya procesado (paso 04/05), se omite la descarga de crudos
CanESM5 ssp245: ya procesado (paso 04/05), se omite la descarga de crudos
CanESM5 ssp370: ya procesado (paso 04/05), se omite la descarga de crudos
CanESM5 ssp585: ya procesado (paso 04/05), se omite la descarga de crudos
CanESM5-1 historical: ya procesado (paso 04/05), se omite la descarga de crudos
CanESM5-1 ssp245: ya procesado (paso 04/05), se omite la descarga de crudos
CanESM5-1 ssp370: ya procesado (paso 04/05), se omite la descarga de crudos
CanESM5-1 ssp585: ya procesado (paso 04/05), se omite la descarga de crudos
CanESM5-CanOE historical: ya procesado (paso 04/05), se omite la descarga de crudos
CanESM5-CanOE ssp245: ya procesado (paso 04/05), se omite la descarga de crudos
CanESM5-CanOE ssp370: ya procesado (paso 04/05), se omite la descarga de crudos
CanESM5-CanOE ssp585: ya procesado (paso 04/05), se omite la descarga de crudos
EC-Earth3 historical: ya procesado (paso 04/05), se omite la descarga de crudos
EC-Earth3 ssp245: ya procesado (paso 04/05), se omite la descarga de crudos
EC-Earth3 ssp370: ya procesado (paso 04/05), se omite la descarga de crudos
EC-Earth3 ssp585: ya procesado (paso 04/05), se omite la descarga de crudos
EC-Earth3-Veg historical: ya procesado (paso 04/05), se omite la descarga de crudos
EC-Earth3-Veg ssp245: ya procesado (paso 04/05), se omite la descarga de crudos
EC-Earth3-Veg ssp370: ya procesado (paso 04/05), se omite la descarga de crudos
EC-Earth3-Veg ssp585: ya procesado (paso 04/05), se omite la descarga de crudos
EC-Earth3-Veg-LR historical: ya procesado (paso 04/05), se omite la descarga de crudos
EC-Earth3-Veg-LR ssp245: ya procesado (paso 04/05), se omite la descarga de crudos
EC-Earth3-Veg-LR ssp370: ya procesado (paso 04/05), se omite la descarga de crudos
EC-Earth3-Veg-LR ssp585: ya procesado (paso 04/05), se omite la descarga de crudos
FGOALS-f3-L historical: ya procesado (paso 04/05), se omite la descarga de crudos
FGOALS-f3-L ssp245: ya procesado (paso 04/05), se omite la descarga de crudos
FGOALS-f3-L ssp370: ya procesado (paso 04/05), se omite la descarga de crudos
FGOALS-f3-L ssp585: ya procesado (paso 04/05), se omite la descarga de crudos
FGOALS-g3 historical: ya procesado (paso 04/05), se omite la descarga de crudos
FGOALS-g3 ssp245: ya procesado (paso 04/05), se omite la descarga de crudos
FGOALS-g3 ssp370: ya procesado (paso 04/05), se omite la descarga de crudos
FGOALS-g3 ssp585: ya procesado (paso 04/05), se omite la descarga de crudos
GFDL-ESM4 historical: ya procesado (paso 04/05), se omite la descarga de crudos
GFDL-ESM4 ssp245: ya procesado (paso 04/05), se omite la descarga de crudos
GFDL-ESM4 ssp370: ya procesado (paso 04/05), se omite la descarga de crudos
GFDL-ESM4 ssp585: ya procesado (paso 04/05), se omite la descarga de crudos
GISS-E2-1-G historical: ya procesado (paso 04/05), se omite la descarga de crudos
GISS-E2-1-G ssp245: ya procesado (paso 04/05), se omite la descarga de crudos
GISS-E2-1-G ssp370: ya procesado (paso 04/05), se omite la descarga de crudos
GISS-E2-1-G ssp585: ya procesado (paso 04/05), se omite la descarga de crudos
GISS-E2-1-H historical: ya procesado (paso 04/05), se omite la descarga de crudos
GISS-E2-1-H ssp245: ya procesado (paso 04/05), se omite la descarga de crudos
GISS-E2-1-H ssp370: ya procesado (paso 04/05), se omite la descarga de crudos
GISS-E2-1-H ssp585: ya procesado (paso 04/05), se omite la descarga de crudos
GISS-E2-2-G historical: ya procesado (paso 04/05), se omite la descarga de crudos
GISS-E2-2-G ssp245: ya procesado (paso 04/05), se omite la descarga de crudos
GISS-E2-2-G ssp370: ya procesado (paso 04/05), se omite la descarga de crudos
GISS-E2-2-G ssp585: ya procesado (paso 04/05), se omite la descarga de crudos
IITM-ESM historical: ya procesado (paso 04/05), se omite la descarga de crudos
IITM-ESM ssp245: ya procesado (paso 04/05), se omite la descarga de crudos
IITM-ESM ssp370: ya procesado (paso 04/05), se omite la descarga de crudos
IITM-ESM ssp585: ya procesado (paso 04/05), se omite la descarga de crudos
INM-CM4-8 historical: ya procesado (paso 04/05), se omite la descarga de crudos
INM-CM4-8 ssp245: ya procesado (paso 04/05), se omite la descarga de crudos
INM-CM4-8 ssp370: ya procesado (paso 04/05), se omite la descarga de crudos
INM-CM4-8 ssp585: ya procesado (paso 04/05), se omite la descarga de crudos
INM-CM5-0 historical: ya procesado (paso 04/05), se omite la descarga de crudos
INM-CM5-0 ssp245: ya procesado (paso 04/05), se omite la descarga de crudos
INM-CM5-0 ssp370: ya procesado (paso 04/05), se omite la descarga de crudos
INM-CM5-0 ssp585: ya procesado (paso 04/05), se omite la descarga de crudos
IPSL-CM6A-LR historical: ya procesado (paso 04/05), se omite la descarga de crudos
IPSL-CM6A-LR ssp245: ya procesado (paso 04/05), se omite la descarga de crudos
IPSL-CM6A-LR ssp370: ya procesado (paso 04/05), se omite la descarga de crudos
IPSL-CM6A-LR ssp585: ya procesado (paso 04/05), se omite la descarga de crudos
MCM-UA-1-0 historical: ya procesado (paso 04/05), se omite la descarga de crudos
MCM-UA-1-0 ssp245: ya procesado (paso 04/05), se omite la descarga de crudos
MCM-UA-1-0 ssp370: ya procesado (paso 04/05), se omite la descarga de crudos
MCM-UA-1-0 ssp585: ya procesado (paso 04/05), se omite la descarga de crudos
MIROC-ES2L historical: ya procesado (paso 04/05), se omite la descarga de crudos
MIROC-ES2L ssp245: ya procesado (paso 04/05), se omite la descarga de crudos
MIROC-ES2L ssp370: ya procesado (paso 04/05), se omite la descarga de crudos
MIROC-ES2L ssp585: ya procesado (paso 04/05), se omite la descarga de crudos
MIROC6 historical: ya procesado (paso 04/05), se omite la descarga de crudos
MIROC6 ssp245: ya procesado (paso 04/05), se omite la descarga de crudos
MIROC6 ssp370: ya procesado (paso 04/05), se omite la descarga de crudos
MIROC6 ssp585: ya procesado (paso 04/05), se omite la descarga de crudos
MPI-ESM1-2-HR historical: ya procesado (paso 04/05), se omite la descarga de crudos
MPI-ESM1-2-HR ssp245: ya procesado (paso 04/05), se omite la descarga de crudos
MPI-ESM1-2-HR ssp370: ya procesado (paso 04/05), se omite la descarga de crudos
MPI-ESM1-2-HR ssp585: ya procesado (paso 04/05), se omite la descarga de crudos
MPI-ESM1-2-LR historical: ya procesado (paso 04/05), se omite la descarga de crudos
MPI-ESM1-2-LR ssp245: ya procesado (paso 04/05), se omite la descarga de crudos
MPI-ESM1-2-LR ssp370: ya procesado (paso 04/05), se omite la descarga de crudos
MPI-ESM1-2-LR ssp585: ya procesado (paso 04/05), se omite la descarga de crudos
MRI-ESM2-0 historical: ya procesado (paso 04/05), se omite la descarga de crudos
MRI-ESM2-0 ssp245: ya procesado (paso 04/05), se omite la descarga de crudos
MRI-ESM2-0 ssp370: ya procesado (paso 04/05), se omite la descarga de crudos
MRI-ESM2-0 ssp585: ya procesado (paso 04/05), se omite la descarga de crudos
NorESM2-LM historical: ya procesado (paso 04/05), se omite la descarga de crudos
NorESM2-LM ssp245: ya procesado (paso 04/05), se omite la descarga de crudos
NorESM2-LM ssp370: ya procesado (paso 04/05), se omite la descarga de crudos
NorESM2-LM ssp585: ya procesado (paso 04/05), se omite la descarga de crudos
NorESM2-MM historical: ya procesado (paso 04/05), se omite la descarga de crudos
NorESM2-MM ssp245: ya procesado (paso 04/05), se omite la descarga de crudos
NorESM2-MM ssp370: ya procesado (paso 04/05), se omite la descarga de crudos
NorESM2-MM ssp585: ya procesado (paso 04/05), se omite la descarga de crudos
TaiESM1 historical: ya procesado (paso 04/05), se omite la descarga de crudos
TaiESM1 ssp245: ya procesado (paso 04/05), se omite la descarga de crudos
TaiESM1 ssp370: ya procesado (paso 04/05), se omite la descarga de crudos
TaiESM1 ssp585: ya procesado (paso 04/05), se omite la descarga de crudos
UKESM1-0-LL historical: ya procesado (paso 04/05), se omite la descarga de crudos
UKESM1-0-LL ssp245: ya procesado (paso 04/05), se omite la descarga de crudos
UKESM1-0-LL ssp370: ya procesado (paso 04/05), se omite la descarga de crudos
UKESM1-0-LL ssp585: ya procesado (paso 04/05), se omite la descarga de crudos
KACE-1-0-G historical: ya procesado (paso 04/05), se omite la descarga de crudos
KACE-1-0-G ssp245: ya procesado (paso 04/05), se omite la descarga de crudos
KACE-1-0-G ssp370: ya procesado (paso 04/05), se omite la descarga de crudos
KACE-1-0-G ssp585: ya procesado (paso 04/05), se omite la descarga de crudos
== 02b: 1 modelos no encontrados en el nodo principal -- probando nodos alternativos de ESGF ==
Buscando MIROC-ES2H en nodos alternativos ...
  https://esgf.ceda.ac.uk/esg-search/search: sin variant_label comun a los 3 experimentos
  https://esgf-data.dkrz.de/esg-search/search: sin variant_label comun a los 3 experimentos
  ESGF respondio 500 en https://esgf-node.ipsl.upmc.fr/esg-search/search -- reintento 1/2 en 6s
  https://esgf-node.ipsl.upmc.fr/esg-search/search: fallo (500 Server Error: 500 for url: https://esgf-node.ipsl.upmc.fr/esg-search/search?project=CMIP6&source_id=MIROC-ES2H&experiment_id=historical&variable_id=tos&table_id=Omon&type=File&format=application%2Fsolr%2Bjson&limit=0&facets=variant_label)
    historical: el archivo de empalme no responde, se descarta todo el experimento
    ssp245: el archivo de empalme no responde, se descarta todo el experimento
    ssp370: el archivo de empalme no responde, se descarta todo el experimento
    ssp585: el archivo de empalme no responde, se descarta todo el experimento
  https://esg-dn1.nsc.liu.se/esg-search/search: incompleto {'historical': 0, 'ssp245': 0, 'ssp370': 0, 'ssp585': 0}
  https://esgf.nci.org.au/esg-search/search: sin variant_label comun a los 3 experimentos
    ssp245: el archivo de empalme no responde, se descarta todo el experimento
    ssp370: el archivo de empalme no responde, se descarta todo el experimento
    ssp585: el archivo de empalme no responde, se descarta todo el experimento
  https://metagrid.esgf-west.org/proxy/search: incompleto {'historical': 1, 'ssp245': 0, 'ssp370': 0, 'ssp585': 0}
    ssp245: el archivo de empalme no responde, se descarta todo el experimento
    ssp370: el archivo de empalme no responde, se descarta todo el experimento
    ssp585: el archivo de empalme no responde, se descarta todo el experimento
  https://esgf-node.ornl.gov/proxy/search: incompleto {'historical': 1, 'ssp245': 0, 'ssp370': 0, 'ssp585': 0}
  https://esgf-metagrid.cloud.dkrz.de/proxy/search: sin variant_label comun a los 3 experimentos

Resueltos via nodo alternativo: 0 -> []
Siguen sin encontrarse: 1 -> ['MIROC-ES2H']
(intentar con 02c_download_copernicus_cds.py para los que siguen sin encontrarse)
== 02a (reintento): descarga lo que 02b haya resuelto ==
ACCESS-CM2 historical: ya procesado (paso 04/05), se omite la descarga de crudos
ACCESS-CM2 ssp245: ya procesado (paso 04/05), se omite la descarga de crudos
ACCESS-CM2 ssp370: ya procesado (paso 04/05), se omite la descarga de crudos
ACCESS-CM2 ssp585: ya procesado (paso 04/05), se omite la descarga de crudos
ACCESS-ESM1-5 historical: ya procesado (paso 04/05), se omite la descarga de crudos
ACCESS-ESM1-5 ssp245: ya procesado (paso 04/05), se omite la descarga de crudos
ACCESS-ESM1-5 ssp370: ya procesado (paso 04/05), se omite la descarga de crudos
ACCESS-ESM1-5 ssp585: ya procesado (paso 04/05), se omite la descarga de crudos
AWI-CM-1-1-MR historical: ya procesado (paso 04/05), se omite la descarga de crudos
AWI-CM-1-1-MR ssp245: ya procesado (paso 04/05), se omite la descarga de crudos
AWI-CM-1-1-MR ssp370: ya procesado (paso 04/05), se omite la descarga de crudos
AWI-CM-1-1-MR ssp585: ya procesado (paso 04/05), se omite la descarga de crudos
BCC-CSM2-MR historical: ya procesado (paso 04/05), se omite la descarga de crudos
BCC-CSM2-MR ssp245: ya procesado (paso 04/05), se omite la descarga de crudos
BCC-CSM2-MR ssp370: ya procesado (paso 04/05), se omite la descarga de crudos
BCC-CSM2-MR ssp585: ya procesado (paso 04/05), se omite la descarga de crudos
CAMS-CSM1-0 historical: ya procesado (paso 04/05), se omite la descarga de crudos
CAMS-CSM1-0 ssp245: ya procesado (paso 04/05), se omite la descarga de crudos
CAMS-CSM1-0 ssp370: ya procesado (paso 04/05), se omite la descarga de crudos
CAMS-CSM1-0 ssp585: ya procesado (paso 04/05), se omite la descarga de crudos
CAS-ESM2-0 historical: ya procesado (paso 04/05), se omite la descarga de crudos
CAS-ESM2-0 ssp245: ya procesado (paso 04/05), se omite la descarga de crudos
CAS-ESM2-0 ssp370: ya procesado (paso 04/05), se omite la descarga de crudos
CAS-ESM2-0 ssp585: ya procesado (paso 04/05), se omite la descarga de crudos
CESM2 historical: ya procesado (paso 04/05), se omite la descarga de crudos
CESM2 ssp245: ya procesado (paso 04/05), se omite la descarga de crudos
CESM2 ssp370: ya procesado (paso 04/05), se omite la descarga de crudos
CESM2 ssp585: ya procesado (paso 04/05), se omite la descarga de crudos
CESM2-WACCM historical: ya procesado (paso 04/05), se omite la descarga de crudos
CESM2-WACCM ssp245: ya procesado (paso 04/05), se omite la descarga de crudos
CESM2-WACCM ssp370: ya procesado (paso 04/05), se omite la descarga de crudos
CESM2-WACCM ssp585: ya procesado (paso 04/05), se omite la descarga de crudos
CMCC-CM2-SR5 historical: ya procesado (paso 04/05), se omite la descarga de crudos
CMCC-CM2-SR5 ssp245: ya procesado (paso 04/05), se omite la descarga de crudos
CMCC-CM2-SR5 ssp370: ya procesado (paso 04/05), se omite la descarga de crudos
CMCC-CM2-SR5 ssp585: ya procesado (paso 04/05), se omite la descarga de crudos
CMCC-ESM2 historical: ya procesado (paso 04/05), se omite la descarga de crudos
CMCC-ESM2 ssp245: ya procesado (paso 04/05), se omite la descarga de crudos
CMCC-ESM2 ssp370: ya procesado (paso 04/05), se omite la descarga de crudos
CMCC-ESM2 ssp585: ya procesado (paso 04/05), se omite la descarga de crudos
CNRM-CM6-1 historical: ya procesado (paso 04/05), se omite la descarga de crudos
CNRM-CM6-1 ssp245: ya procesado (paso 04/05), se omite la descarga de crudos
CNRM-CM6-1 ssp370: ya procesado (paso 04/05), se omite la descarga de crudos
CNRM-CM6-1 ssp585: ya procesado (paso 04/05), se omite la descarga de crudos
CNRM-CM6-1-HR historical: ya procesado (paso 04/05), se omite la descarga de crudos
CNRM-CM6-1-HR ssp245: ya procesado (paso 04/05), se omite la descarga de crudos
CNRM-CM6-1-HR ssp370: ya procesado (paso 04/05), se omite la descarga de crudos
CNRM-CM6-1-HR ssp585: ya procesado (paso 04/05), se omite la descarga de crudos
CNRM-ESM2-1 historical: ya procesado (paso 04/05), se omite la descarga de crudos
CNRM-ESM2-1 ssp245: ya procesado (paso 04/05), se omite la descarga de crudos
CNRM-ESM2-1 ssp370: ya procesado (paso 04/05), se omite la descarga de crudos
CNRM-ESM2-1 ssp585: ya procesado (paso 04/05), se omite la descarga de crudos
CanESM5 historical: ya procesado (paso 04/05), se omite la descarga de crudos
CanESM5 ssp245: ya procesado (paso 04/05), se omite la descarga de crudos
CanESM5 ssp370: ya procesado (paso 04/05), se omite la descarga de crudos
CanESM5 ssp585: ya procesado (paso 04/05), se omite la descarga de crudos
CanESM5-1 historical: ya procesado (paso 04/05), se omite la descarga de crudos
CanESM5-1 ssp245: ya procesado (paso 04/05), se omite la descarga de crudos
CanESM5-1 ssp370: ya procesado (paso 04/05), se omite la descarga de crudos
CanESM5-1 ssp585: ya procesado (paso 04/05), se omite la descarga de crudos
CanESM5-CanOE historical: ya procesado (paso 04/05), se omite la descarga de crudos
CanESM5-CanOE ssp245: ya procesado (paso 04/05), se omite la descarga de crudos
CanESM5-CanOE ssp370: ya procesado (paso 04/05), se omite la descarga de crudos
CanESM5-CanOE ssp585: ya procesado (paso 04/05), se omite la descarga de crudos
EC-Earth3 historical: ya procesado (paso 04/05), se omite la descarga de crudos
EC-Earth3 ssp245: ya procesado (paso 04/05), se omite la descarga de crudos
EC-Earth3 ssp370: ya procesado (paso 04/05), se omite la descarga de crudos
EC-Earth3 ssp585: ya procesado (paso 04/05), se omite la descarga de crudos
EC-Earth3-Veg historical: ya procesado (paso 04/05), se omite la descarga de crudos
EC-Earth3-Veg ssp245: ya procesado (paso 04/05), se omite la descarga de crudos
EC-Earth3-Veg ssp370: ya procesado (paso 04/05), se omite la descarga de crudos
EC-Earth3-Veg ssp585: ya procesado (paso 04/05), se omite la descarga de crudos
EC-Earth3-Veg-LR historical: ya procesado (paso 04/05), se omite la descarga de crudos
EC-Earth3-Veg-LR ssp245: ya procesado (paso 04/05), se omite la descarga de crudos
EC-Earth3-Veg-LR ssp370: ya procesado (paso 04/05), se omite la descarga de crudos
EC-Earth3-Veg-LR ssp585: ya procesado (paso 04/05), se omite la descarga de crudos
FGOALS-f3-L historical: ya procesado (paso 04/05), se omite la descarga de crudos
FGOALS-f3-L ssp245: ya procesado (paso 04/05), se omite la descarga de crudos
FGOALS-f3-L ssp370: ya procesado (paso 04/05), se omite la descarga de crudos
FGOALS-f3-L ssp585: ya procesado (paso 04/05), se omite la descarga de crudos
FGOALS-g3 historical: ya procesado (paso 04/05), se omite la descarga de crudos
FGOALS-g3 ssp245: ya procesado (paso 04/05), se omite la descarga de crudos
FGOALS-g3 ssp370: ya procesado (paso 04/05), se omite la descarga de crudos
FGOALS-g3 ssp585: ya procesado (paso 04/05), se omite la descarga de crudos
GFDL-ESM4 historical: ya procesado (paso 04/05), se omite la descarga de crudos
GFDL-ESM4 ssp245: ya procesado (paso 04/05), se omite la descarga de crudos
GFDL-ESM4 ssp370: ya procesado (paso 04/05), se omite la descarga de crudos
GFDL-ESM4 ssp585: ya procesado (paso 04/05), se omite la descarga de crudos
GISS-E2-1-G historical: ya procesado (paso 04/05), se omite la descarga de crudos
GISS-E2-1-G ssp245: ya procesado (paso 04/05), se omite la descarga de crudos
GISS-E2-1-G ssp370: ya procesado (paso 04/05), se omite la descarga de crudos
GISS-E2-1-G ssp585: ya procesado (paso 04/05), se omite la descarga de crudos
GISS-E2-1-H historical: ya procesado (paso 04/05), se omite la descarga de crudos
GISS-E2-1-H ssp245: ya procesado (paso 04/05), se omite la descarga de crudos
GISS-E2-1-H ssp370: ya procesado (paso 04/05), se omite la descarga de crudos
GISS-E2-1-H ssp585: ya procesado (paso 04/05), se omite la descarga de crudos
GISS-E2-2-G historical: ya procesado (paso 04/05), se omite la descarga de crudos
GISS-E2-2-G ssp245: ya procesado (paso 04/05), se omite la descarga de crudos
GISS-E2-2-G ssp370: ya procesado (paso 04/05), se omite la descarga de crudos
GISS-E2-2-G ssp585: ya procesado (paso 04/05), se omite la descarga de crudos
IITM-ESM historical: ya procesado (paso 04/05), se omite la descarga de crudos
IITM-ESM ssp245: ya procesado (paso 04/05), se omite la descarga de crudos
IITM-ESM ssp370: ya procesado (paso 04/05), se omite la descarga de crudos
IITM-ESM ssp585: ya procesado (paso 04/05), se omite la descarga de crudos
INM-CM4-8 historical: ya procesado (paso 04/05), se omite la descarga de crudos
INM-CM4-8 ssp245: ya procesado (paso 04/05), se omite la descarga de crudos
INM-CM4-8 ssp370: ya procesado (paso 04/05), se omite la descarga de crudos
INM-CM4-8 ssp585: ya procesado (paso 04/05), se omite la descarga de crudos
INM-CM5-0 historical: ya procesado (paso 04/05), se omite la descarga de crudos
INM-CM5-0 ssp245: ya procesado (paso 04/05), se omite la descarga de crudos
INM-CM5-0 ssp370: ya procesado (paso 04/05), se omite la descarga de crudos
INM-CM5-0 ssp585: ya procesado (paso 04/05), se omite la descarga de crudos
IPSL-CM6A-LR historical: ya procesado (paso 04/05), se omite la descarga de crudos
IPSL-CM6A-LR ssp245: ya procesado (paso 04/05), se omite la descarga de crudos
IPSL-CM6A-LR ssp370: ya procesado (paso 04/05), se omite la descarga de crudos
IPSL-CM6A-LR ssp585: ya procesado (paso 04/05), se omite la descarga de crudos
MCM-UA-1-0 historical: ya procesado (paso 04/05), se omite la descarga de crudos
MCM-UA-1-0 ssp245: ya procesado (paso 04/05), se omite la descarga de crudos
MCM-UA-1-0 ssp370: ya procesado (paso 04/05), se omite la descarga de crudos
MCM-UA-1-0 ssp585: ya procesado (paso 04/05), se omite la descarga de crudos
MIROC-ES2L historical: ya procesado (paso 04/05), se omite la descarga de crudos
MIROC-ES2L ssp245: ya procesado (paso 04/05), se omite la descarga de crudos
MIROC-ES2L ssp370: ya procesado (paso 04/05), se omite la descarga de crudos
MIROC-ES2L ssp585: ya procesado (paso 04/05), se omite la descarga de crudos
MIROC6 historical: ya procesado (paso 04/05), se omite la descarga de crudos
MIROC6 ssp245: ya procesado (paso 04/05), se omite la descarga de crudos
MIROC6 ssp370: ya procesado (paso 04/05), se omite la descarga de crudos
MIROC6 ssp585: ya procesado (paso 04/05), se omite la descarga de crudos
MPI-ESM1-2-HR historical: ya procesado (paso 04/05), se omite la descarga de crudos
MPI-ESM1-2-HR ssp245: ya procesado (paso 04/05), se omite la descarga de crudos
MPI-ESM1-2-HR ssp370: ya procesado (paso 04/05), se omite la descarga de crudos
MPI-ESM1-2-HR ssp585: ya procesado (paso 04/05), se omite la descarga de crudos
MPI-ESM1-2-LR historical: ya procesado (paso 04/05), se omite la descarga de crudos
MPI-ESM1-2-LR ssp245: ya procesado (paso 04/05), se omite la descarga de crudos
MPI-ESM1-2-LR ssp370: ya procesado (paso 04/05), se omite la descarga de crudos
MPI-ESM1-2-LR ssp585: ya procesado (paso 04/05), se omite la descarga de crudos
MRI-ESM2-0 historical: ya procesado (paso 04/05), se omite la descarga de crudos
MRI-ESM2-0 ssp245: ya procesado (paso 04/05), se omite la descarga de crudos
MRI-ESM2-0 ssp370: ya procesado (paso 04/05), se omite la descarga de crudos
MRI-ESM2-0 ssp585: ya procesado (paso 04/05), se omite la descarga de crudos
NorESM2-LM historical: ya procesado (paso 04/05), se omite la descarga de crudos
NorESM2-LM ssp245: ya procesado (paso 04/05), se omite la descarga de crudos
NorESM2-LM ssp370: ya procesado (paso 04/05), se omite la descarga de crudos
NorESM2-LM ssp585: ya procesado (paso 04/05), se omite la descarga de crudos
NorESM2-MM historical: ya procesado (paso 04/05), se omite la descarga de crudos
NorESM2-MM ssp245: ya procesado (paso 04/05), se omite la descarga de crudos
NorESM2-MM ssp370: ya procesado (paso 04/05), se omite la descarga de crudos
NorESM2-MM ssp585: ya procesado (paso 04/05), se omite la descarga de crudos
TaiESM1 historical: ya procesado (paso 04/05), se omite la descarga de crudos
TaiESM1 ssp245: ya procesado (paso 04/05), se omite la descarga de crudos
TaiESM1 ssp370: ya procesado (paso 04/05), se omite la descarga de crudos
TaiESM1 ssp585: ya procesado (paso 04/05), se omite la descarga de crudos
UKESM1-0-LL historical: ya procesado (paso 04/05), se omite la descarga de crudos
UKESM1-0-LL ssp245: ya procesado (paso 04/05), se omite la descarga de crudos
UKESM1-0-LL ssp370: ya procesado (paso 04/05), se omite la descarga de crudos
UKESM1-0-LL ssp585: ya procesado (paso 04/05), se omite la descarga de crudos
KACE-1-0-G historical: ya procesado (paso 04/05), se omite la descarga de crudos
KACE-1-0-G ssp245: ya procesado (paso 04/05), se omite la descarga de crudos
KACE-1-0-G ssp370: ya procesado (paso 04/05), se omite la descarga de crudos
KACE-1-0-G ssp585: ya procesado (paso 04/05), se omite la descarga de crudos
1 de 1 modelos aun sin encontrar estan en la lista blanca de Copernicus
== 02c: probando Copernicus CDS (solo lista blanca, ver arriba) ==
1 modelos via Copernicus CDS: ['MIROC-ES2H']
Procesando MIROC-ES2H historical via Copernicus CDS ...
2026-09-21 14:31:27,415 INFO Request ID is 73b0c121-de47-4405-938d-aed3dcdc2b35
2026-09-21 14:31:27,676 INFO status has been updated to accepted
2026-09-21 14:31:50,059 INFO status has been updated to failed
  MIROC-ES2H historical: fallo CDS (400 Client Error: Bad Request for url: https://cds.climate.copernicus.eu/api/retrieve/v1/jobs/73b0c121-de47-4405-938d-aed3dcdc2b35/results
The job has failed
The job failed with: RoocsValueError) -- reintento 1/2 en 30s
2026-09-21 14:32:22,701 INFO Request ID is e029c59e-a16f-433e-90a3-e16ca1a04bf2
2026-09-21 14:32:22,959 INFO status has been updated to accepted
2026-09-21 14:32:47,468 INFO status has been updated to failed
Procesando MIROC-ES2H ssp245 via Copernicus CDS ...
2026-09-21 14:32:51,368 INFO Request ID is fa2a9c5d-f881-4ba9-9a13-2a02c27f7087
2026-09-21 14:32:51,623 INFO status has been updated to accepted
2026-09-21 14:33:14,120 INFO status has been updated to running
2026-09-21 14:33:25,768 INFO status has been updated to failed
  MIROC-ES2H ssp245: fallo CDS (400 Client Error: Bad Request for url: https://cds.climate.copernicus.eu/api/retrieve/v1/jobs/fa2a9c5d-f881-4ba9-9a13-2a02c27f7087/results
The job has failed
The job failed with: RoocsValueError) -- reintento 1/2 en 30s
2026-09-21 14:33:57,453 INFO Request ID is d673c9da-8d68-4800-82d3-acdde2d6b6ec
2026-09-21 14:33:57,714 INFO status has been updated to accepted
2026-09-21 14:34:13,306 INFO status has been updated to running
2026-09-21 14:34:21,174 INFO status has been updated to failed
Procesando MIROC-ES2H ssp370 via Copernicus CDS ...
2026-09-21 14:34:25,011 INFO Request ID is e537488f-4f0a-458b-b9f6-4bc52bd9fa0e
2026-09-21 14:34:25,272 INFO status has been updated to accepted
2026-09-21 14:34:49,981 INFO status has been updated to running
2026-09-21 14:35:01,715 INFO status has been updated to failed
  MIROC-ES2H ssp370: fallo CDS (400 Client Error: Bad Request for url: https://cds.climate.copernicus.eu/api/retrieve/v1/jobs/e537488f-4f0a-458b-b9f6-4bc52bd9fa0e/results
The job has failed
The job failed with: RoocsValueError) -- reintento 1/2 en 30s
2026-09-21 14:35:33,372 INFO Request ID is 5e417be6-0b1d-4ea3-9f88-3180e42aa794
2026-09-21 14:35:33,645 INFO status has been updated to accepted
2026-09-21 14:35:48,481 INFO status has been updated to running
2026-09-21 14:35:56,325 INFO status has been updated to failed
Procesando MIROC-ES2H ssp585 via Copernicus CDS ...
2026-09-21 14:35:59,829 INFO Request ID is 1a04b82e-5201-41b7-8814-311d80dacdf9
2026-09-21 14:36:00,099 INFO status has been updated to accepted
2026-09-21 14:36:23,466 INFO status has been updated to failed
  MIROC-ES2H ssp585: fallo CDS (400 Client Error: Bad Request for url: https://cds.climate.copernicus.eu/api/retrieve/v1/jobs/1a04b82e-5201-41b7-8814-311d80dacdf9/results
The job has failed
The job failed with: RoocsValueError) -- reintento 1/2 en 30s
2026-09-21 14:36:55,292 INFO Request ID is f01a1008-7c70-41c4-ab2d-c03076d452b5
2026-09-21 14:36:56,064 INFO status has been updated to accepted
2026-09-21 14:37:30,612 INFO status has been updated to failed

Revisa logs/download_failures.log para lo que fallo.
Descarga completa (ESGF principal + alternativo + Copernicus segun disponibilidad y credenciales).
== Paso 03: bash scripts/03_download_ersstv5.sh ==
Ya existe data/raw/ersstv5/ersstv5_region.nc, se omite.
== Paso 04: bash scripts/04_process_to_common_grid.sh ==
Preparando pesos de regrilla para ACCESS-CM2 ...
Procesando ACCESS-CM2 historical ...
Sin datos crudos para ACCESS-CM2 historical, se omite
Procesando ACCESS-CM2 ssp245 ...
Sin datos crudos para ACCESS-CM2 ssp245, se omite
Procesando ACCESS-CM2 ssp370 ...
Ya procesado, se omite: tos_ACCESS-CM2_ssp370.nc
Procesando ACCESS-CM2 ssp585 ...
Sin datos crudos para ACCESS-CM2 ssp585, se omite
Preparando pesos de regrilla para ACCESS-ESM1-5 ...
Procesando ACCESS-ESM1-5 historical ...
Sin datos crudos para ACCESS-ESM1-5 historical, se omite
Procesando ACCESS-ESM1-5 ssp245 ...
Sin datos crudos para ACCESS-ESM1-5 ssp245, se omite
Procesando ACCESS-ESM1-5 ssp370 ...
Ya procesado, se omite: tos_ACCESS-ESM1-5_ssp370.nc
Procesando ACCESS-ESM1-5 ssp585 ...
Sin datos crudos para ACCESS-ESM1-5 ssp585, se omite
Preparando pesos de regrilla para AWI-CM-1-1-MR ...
Procesando AWI-CM-1-1-MR historical ...
Sin datos crudos para AWI-CM-1-1-MR historical, se omite
Procesando AWI-CM-1-1-MR ssp245 ...
Sin datos crudos para AWI-CM-1-1-MR ssp245, se omite
Procesando AWI-CM-1-1-MR ssp370 ...
Ya procesado, se omite: tos_AWI-CM-1-1-MR_ssp370.nc
Procesando AWI-CM-1-1-MR ssp585 ...
Sin datos crudos para AWI-CM-1-1-MR ssp585, se omite
Preparando pesos de regrilla para BCC-CSM2-MR ...
Procesando BCC-CSM2-MR historical ...
Ya procesado, se omite: tos_BCC-CSM2-MR_historical.nc
Procesando BCC-CSM2-MR ssp245 ...
Ya procesado, se omite: tos_BCC-CSM2-MR_ssp245.nc
Procesando BCC-CSM2-MR ssp370 ...
Ya procesado, se omite: tos_BCC-CSM2-MR_ssp370.nc
Procesando BCC-CSM2-MR ssp585 ...
Ya procesado, se omite: tos_BCC-CSM2-MR_ssp585.nc
Preparando pesos de regrilla para CAMS-CSM1-0 ...
Procesando CAMS-CSM1-0 historical ...
Ya procesado, se omite: tos_CAMS-CSM1-0_historical.nc
Procesando CAMS-CSM1-0 ssp245 ...
Ya procesado, se omite: tos_CAMS-CSM1-0_ssp245.nc
Procesando CAMS-CSM1-0 ssp370 ...
Ya procesado, se omite: tos_CAMS-CSM1-0_ssp370.nc
Procesando CAMS-CSM1-0 ssp585 ...
Ya procesado, se omite: tos_CAMS-CSM1-0_ssp585.nc
Preparando pesos de regrilla para CanESM5 ...
Procesando CanESM5 historical ...
Ya procesado, se omite: tos_CanESM5_historical.nc
Procesando CanESM5 ssp245 ...
Ya procesado, se omite: tos_CanESM5_ssp245.nc
Procesando CanESM5 ssp370 ...
Ya procesado, se omite: tos_CanESM5_ssp370.nc
Procesando CanESM5 ssp585 ...
Ya procesado, se omite: tos_CanESM5_ssp585.nc
Preparando pesos de regrilla para CanESM5-1 ...
Procesando CanESM5-1 historical ...
Ya procesado, se omite: tos_CanESM5-1_historical.nc
Procesando CanESM5-1 ssp245 ...
Ya procesado, se omite: tos_CanESM5-1_ssp245.nc
Procesando CanESM5-1 ssp370 ...
Ya procesado, se omite: tos_CanESM5-1_ssp370.nc
Procesando CanESM5-1 ssp585 ...
Ya procesado, se omite: tos_CanESM5-1_ssp585.nc
Preparando pesos de regrilla para CanESM5-CanOE ...
Procesando CanESM5-CanOE historical ...
Ya procesado, se omite: tos_CanESM5-CanOE_historical.nc
Procesando CanESM5-CanOE ssp245 ...
Ya procesado, se omite: tos_CanESM5-CanOE_ssp245.nc
Procesando CanESM5-CanOE ssp370 ...
Ya procesado, se omite: tos_CanESM5-CanOE_ssp370.nc
Procesando CanESM5-CanOE ssp585 ...
Ya procesado, se omite: tos_CanESM5-CanOE_ssp585.nc
Preparando pesos de regrilla para CAS-ESM2-0 ...
Procesando CAS-ESM2-0 historical ...
Ya procesado, se omite: tos_CAS-ESM2-0_historical.nc
Procesando CAS-ESM2-0 ssp245 ...
Ya procesado, se omite: tos_CAS-ESM2-0_ssp245.nc
Procesando CAS-ESM2-0 ssp370 ...
Ya procesado, se omite: tos_CAS-ESM2-0_ssp370.nc
Procesando CAS-ESM2-0 ssp585 ...
Ya procesado, se omite: tos_CAS-ESM2-0_ssp585.nc
Preparando pesos de regrilla para CESM2 ...
Procesando CESM2 historical ...
Ya procesado, se omite: tos_CESM2_historical.nc
Procesando CESM2 ssp245 ...
Ya procesado, se omite: tos_CESM2_ssp245.nc
Procesando CESM2 ssp370 ...
Ya procesado, se omite: tos_CESM2_ssp370.nc
Procesando CESM2 ssp585 ...
Ya procesado, se omite: tos_CESM2_ssp585.nc
Preparando pesos de regrilla para CESM2-WACCM ...
Procesando CESM2-WACCM historical ...
Ya procesado, se omite: tos_CESM2-WACCM_historical.nc
Procesando CESM2-WACCM ssp245 ...
Ya procesado, se omite: tos_CESM2-WACCM_ssp245.nc
Procesando CESM2-WACCM ssp370 ...
Ya procesado, se omite: tos_CESM2-WACCM_ssp370.nc
Procesando CESM2-WACCM ssp585 ...
Ya procesado, se omite: tos_CESM2-WACCM_ssp585.nc
Preparando pesos de regrilla para CMCC-CM2-SR5 ...
Procesando CMCC-CM2-SR5 historical ...
Ya procesado, se omite: tos_CMCC-CM2-SR5_historical.nc
Procesando CMCC-CM2-SR5 ssp245 ...
Ya procesado, se omite: tos_CMCC-CM2-SR5_ssp245.nc
Procesando CMCC-CM2-SR5 ssp370 ...
Ya procesado, se omite: tos_CMCC-CM2-SR5_ssp370.nc
Procesando CMCC-CM2-SR5 ssp585 ...
Ya procesado, se omite: tos_CMCC-CM2-SR5_ssp585.nc
Preparando pesos de regrilla para CMCC-ESM2 ...
Procesando CMCC-ESM2 historical ...
Ya procesado, se omite: tos_CMCC-ESM2_historical.nc
Procesando CMCC-ESM2 ssp245 ...
Ya procesado, se omite: tos_CMCC-ESM2_ssp245.nc
Procesando CMCC-ESM2 ssp370 ...
Ya procesado, se omite: tos_CMCC-ESM2_ssp370.nc
Procesando CMCC-ESM2 ssp585 ...
Ya procesado, se omite: tos_CMCC-ESM2_ssp585.nc
Preparando pesos de regrilla para CNRM-CM6-1 ...
Procesando CNRM-CM6-1 historical ...
Ya procesado, se omite: tos_CNRM-CM6-1_historical.nc
Procesando CNRM-CM6-1 ssp245 ...
Ya procesado, se omite: tos_CNRM-CM6-1_ssp245.nc
Procesando CNRM-CM6-1 ssp370 ...
Ya procesado, se omite: tos_CNRM-CM6-1_ssp370.nc
Procesando CNRM-CM6-1 ssp585 ...
Ya procesado, se omite: tos_CNRM-CM6-1_ssp585.nc
Preparando pesos de regrilla para CNRM-CM6-1-HR ...
Procesando CNRM-CM6-1-HR historical ...
Ya procesado, se omite: tos_CNRM-CM6-1-HR_historical.nc
Procesando CNRM-CM6-1-HR ssp245 ...
Ya procesado, se omite: tos_CNRM-CM6-1-HR_ssp245.nc
Procesando CNRM-CM6-1-HR ssp370 ...
Ya procesado, se omite: tos_CNRM-CM6-1-HR_ssp370.nc
Procesando CNRM-CM6-1-HR ssp585 ...
Ya procesado, se omite: tos_CNRM-CM6-1-HR_ssp585.nc
Preparando pesos de regrilla para CNRM-ESM2-1 ...
Procesando CNRM-ESM2-1 historical ...
Ya procesado, se omite: tos_CNRM-ESM2-1_historical.nc
Procesando CNRM-ESM2-1 ssp245 ...
Ya procesado, se omite: tos_CNRM-ESM2-1_ssp245.nc
Procesando CNRM-ESM2-1 ssp370 ...
Ya procesado, se omite: tos_CNRM-ESM2-1_ssp370.nc
Procesando CNRM-ESM2-1 ssp585 ...
Ya procesado, se omite: tos_CNRM-ESM2-1_ssp585.nc
Preparando pesos de regrilla para EC-Earth3 ...
Procesando EC-Earth3 historical ...
Ya procesado, se omite: tos_EC-Earth3_historical.nc
Procesando EC-Earth3 ssp245 ...
Ya procesado, se omite: tos_EC-Earth3_ssp245.nc
Procesando EC-Earth3 ssp370 ...
Ya procesado, se omite: tos_EC-Earth3_ssp370.nc
Procesando EC-Earth3 ssp585 ...
Ya procesado, se omite: tos_EC-Earth3_ssp585.nc
Preparando pesos de regrilla para EC-Earth3-Veg ...
Procesando EC-Earth3-Veg historical ...
Ya procesado, se omite: tos_EC-Earth3-Veg_historical.nc
Procesando EC-Earth3-Veg ssp245 ...
Ya procesado, se omite: tos_EC-Earth3-Veg_ssp245.nc
Procesando EC-Earth3-Veg ssp370 ...
Ya procesado, se omite: tos_EC-Earth3-Veg_ssp370.nc
Procesando EC-Earth3-Veg ssp585 ...
Ya procesado, se omite: tos_EC-Earth3-Veg_ssp585.nc
Preparando pesos de regrilla para EC-Earth3-Veg-LR ...
Procesando EC-Earth3-Veg-LR historical ...
Ya procesado, se omite: tos_EC-Earth3-Veg-LR_historical.nc
Procesando EC-Earth3-Veg-LR ssp245 ...
Ya procesado, se omite: tos_EC-Earth3-Veg-LR_ssp245.nc
Procesando EC-Earth3-Veg-LR ssp370 ...
Ya procesado, se omite: tos_EC-Earth3-Veg-LR_ssp370.nc
Procesando EC-Earth3-Veg-LR ssp585 ...
Ya procesado, se omite: tos_EC-Earth3-Veg-LR_ssp585.nc
Preparando pesos de regrilla para FGOALS-f3-L ...
Procesando FGOALS-f3-L historical ...
Ya procesado, se omite: tos_FGOALS-f3-L_historical.nc
Procesando FGOALS-f3-L ssp245 ...
Ya procesado, se omite: tos_FGOALS-f3-L_ssp245.nc
Procesando FGOALS-f3-L ssp370 ...
Ya procesado, se omite: tos_FGOALS-f3-L_ssp370.nc
Procesando FGOALS-f3-L ssp585 ...
Ya procesado, se omite: tos_FGOALS-f3-L_ssp585.nc
Preparando pesos de regrilla para FGOALS-g3 ...
Procesando FGOALS-g3 historical ...
Ya procesado, se omite: tos_FGOALS-g3_historical.nc
Procesando FGOALS-g3 ssp245 ...
Ya procesado, se omite: tos_FGOALS-g3_ssp245.nc
Procesando FGOALS-g3 ssp370 ...
Ya procesado, se omite: tos_FGOALS-g3_ssp370.nc
Procesando FGOALS-g3 ssp585 ...
Ya procesado, se omite: tos_FGOALS-g3_ssp585.nc
Preparando pesos de regrilla para GFDL-ESM4 ...
Procesando GFDL-ESM4 historical ...
Ya procesado, se omite: tos_GFDL-ESM4_historical.nc
Procesando GFDL-ESM4 ssp245 ...
Ya procesado, se omite: tos_GFDL-ESM4_ssp245.nc
Procesando GFDL-ESM4 ssp370 ...
Ya procesado, se omite: tos_GFDL-ESM4_ssp370.nc
Procesando GFDL-ESM4 ssp585 ...
Ya procesado, se omite: tos_GFDL-ESM4_ssp585.nc
Preparando pesos de regrilla para GISS-E2-1-G ...
Procesando GISS-E2-1-G historical ...
Ya procesado, se omite: tos_GISS-E2-1-G_historical.nc
Procesando GISS-E2-1-G ssp245 ...
Ya procesado, se omite: tos_GISS-E2-1-G_ssp245.nc
Procesando GISS-E2-1-G ssp370 ...
Ya procesado, se omite: tos_GISS-E2-1-G_ssp370.nc
Procesando GISS-E2-1-G ssp585 ...
Ya procesado, se omite: tos_GISS-E2-1-G_ssp585.nc
Preparando pesos de regrilla para GISS-E2-1-H ...
Procesando GISS-E2-1-H historical ...
Ya procesado, se omite: tos_GISS-E2-1-H_historical.nc
Procesando GISS-E2-1-H ssp245 ...
Ya procesado, se omite: tos_GISS-E2-1-H_ssp245.nc
Procesando GISS-E2-1-H ssp370 ...
Ya procesado, se omite: tos_GISS-E2-1-H_ssp370.nc
Procesando GISS-E2-1-H ssp585 ...
Ya procesado, se omite: tos_GISS-E2-1-H_ssp585.nc
Preparando pesos de regrilla para GISS-E2-2-G ...
Procesando GISS-E2-2-G historical ...
Ya procesado, se omite: tos_GISS-E2-2-G_historical.nc
Procesando GISS-E2-2-G ssp245 ...
Ya procesado, se omite: tos_GISS-E2-2-G_ssp245.nc
Procesando GISS-E2-2-G ssp370 ...
Ya procesado, se omite: tos_GISS-E2-2-G_ssp370.nc
Procesando GISS-E2-2-G ssp585 ...
Ya procesado, se omite: tos_GISS-E2-2-G_ssp585.nc
Preparando pesos de regrilla para IITM-ESM ...
Procesando IITM-ESM historical ...
Ya procesado, se omite: tos_IITM-ESM_historical.nc
Procesando IITM-ESM ssp245 ...
Ya procesado, se omite: tos_IITM-ESM_ssp245.nc
Procesando IITM-ESM ssp370 ...
Ya procesado, se omite: tos_IITM-ESM_ssp370.nc
Procesando IITM-ESM ssp585 ...
Ya procesado, se omite: tos_IITM-ESM_ssp585.nc
Preparando pesos de regrilla para INM-CM4-8 ...
Procesando INM-CM4-8 historical ...
Ya procesado, se omite: tos_INM-CM4-8_historical.nc
Procesando INM-CM4-8 ssp245 ...
Ya procesado, se omite: tos_INM-CM4-8_ssp245.nc
Procesando INM-CM4-8 ssp370 ...
Ya procesado, se omite: tos_INM-CM4-8_ssp370.nc
Procesando INM-CM4-8 ssp585 ...
Ya procesado, se omite: tos_INM-CM4-8_ssp585.nc
Preparando pesos de regrilla para INM-CM5-0 ...
Procesando INM-CM5-0 historical ...
Ya procesado, se omite: tos_INM-CM5-0_historical.nc
Procesando INM-CM5-0 ssp245 ...
Ya procesado, se omite: tos_INM-CM5-0_ssp245.nc
Procesando INM-CM5-0 ssp370 ...
Ya procesado, se omite: tos_INM-CM5-0_ssp370.nc
Procesando INM-CM5-0 ssp585 ...
Ya procesado, se omite: tos_INM-CM5-0_ssp585.nc
Preparando pesos de regrilla para IPSL-CM6A-LR ...
Procesando IPSL-CM6A-LR historical ...
Ya procesado, se omite: tos_IPSL-CM6A-LR_historical.nc
Procesando IPSL-CM6A-LR ssp245 ...
Ya procesado, se omite: tos_IPSL-CM6A-LR_ssp245.nc
Procesando IPSL-CM6A-LR ssp370 ...
Ya procesado, se omite: tos_IPSL-CM6A-LR_ssp370.nc
Procesando IPSL-CM6A-LR ssp585 ...
Ya procesado, se omite: tos_IPSL-CM6A-LR_ssp585.nc
Preparando pesos de regrilla para KACE-1-0-G ...
Procesando KACE-1-0-G historical ...
Ya procesado, se omite: tos_KACE-1-0-G_historical.nc
Procesando KACE-1-0-G ssp245 ...
Ya procesado, se omite: tos_KACE-1-0-G_ssp245.nc
Procesando KACE-1-0-G ssp370 ...
Ya procesado, se omite: tos_KACE-1-0-G_ssp370.nc
Procesando KACE-1-0-G ssp585 ...
Ya procesado, se omite: tos_KACE-1-0-G_ssp585.nc
Preparando pesos de regrilla para MCM-UA-1-0 ...
Procesando MCM-UA-1-0 historical ...
Ya procesado, se omite: tos_MCM-UA-1-0_historical.nc
Procesando MCM-UA-1-0 ssp245 ...
Ya procesado, se omite: tos_MCM-UA-1-0_ssp245.nc
Procesando MCM-UA-1-0 ssp370 ...
Ya procesado, se omite: tos_MCM-UA-1-0_ssp370.nc
Procesando MCM-UA-1-0 ssp585 ...
Ya procesado, se omite: tos_MCM-UA-1-0_ssp585.nc
Preparando pesos de regrilla para MIROC6 ...
Procesando MIROC6 historical ...
Ya procesado, se omite: tos_MIROC6_historical.nc
Procesando MIROC6 ssp245 ...
Ya procesado, se omite: tos_MIROC6_ssp245.nc
Procesando MIROC6 ssp370 ...
Ya procesado, se omite: tos_MIROC6_ssp370.nc
Procesando MIROC6 ssp585 ...
Ya procesado, se omite: tos_MIROC6_ssp585.nc
Preparando pesos de regrilla para MIROC-ES2L ...
Procesando MIROC-ES2L historical ...
Ya procesado, se omite: tos_MIROC-ES2L_historical.nc
Procesando MIROC-ES2L ssp245 ...
Ya procesado, se omite: tos_MIROC-ES2L_ssp245.nc
Procesando MIROC-ES2L ssp370 ...
Ya procesado, se omite: tos_MIROC-ES2L_ssp370.nc
Procesando MIROC-ES2L ssp585 ...
Ya procesado, se omite: tos_MIROC-ES2L_ssp585.nc
Preparando pesos de regrilla para MPI-ESM1-2-HR ...
Procesando MPI-ESM1-2-HR historical ...
Ya procesado, se omite: tos_MPI-ESM1-2-HR_historical.nc
Procesando MPI-ESM1-2-HR ssp245 ...
Ya procesado, se omite: tos_MPI-ESM1-2-HR_ssp245.nc
Procesando MPI-ESM1-2-HR ssp370 ...
Ya procesado, se omite: tos_MPI-ESM1-2-HR_ssp370.nc
Procesando MPI-ESM1-2-HR ssp585 ...
Ya procesado, se omite: tos_MPI-ESM1-2-HR_ssp585.nc
Preparando pesos de regrilla para MPI-ESM1-2-LR ...
Procesando MPI-ESM1-2-LR historical ...
Ya procesado, se omite: tos_MPI-ESM1-2-LR_historical.nc
Procesando MPI-ESM1-2-LR ssp245 ...
Ya procesado, se omite: tos_MPI-ESM1-2-LR_ssp245.nc
Procesando MPI-ESM1-2-LR ssp370 ...
Ya procesado, se omite: tos_MPI-ESM1-2-LR_ssp370.nc
Procesando MPI-ESM1-2-LR ssp585 ...
Ya procesado, se omite: tos_MPI-ESM1-2-LR_ssp585.nc
Preparando pesos de regrilla para MRI-ESM2-0 ...
Procesando MRI-ESM2-0 historical ...
Ya procesado, se omite: tos_MRI-ESM2-0_historical.nc
Procesando MRI-ESM2-0 ssp245 ...
Ya procesado, se omite: tos_MRI-ESM2-0_ssp245.nc
Procesando MRI-ESM2-0 ssp370 ...
Ya procesado, se omite: tos_MRI-ESM2-0_ssp370.nc
Procesando MRI-ESM2-0 ssp585 ...
Ya procesado, se omite: tos_MRI-ESM2-0_ssp585.nc
Preparando pesos de regrilla para NorESM2-LM ...
Procesando NorESM2-LM historical ...
Ya procesado, se omite: tos_NorESM2-LM_historical.nc
Procesando NorESM2-LM ssp245 ...
Ya procesado, se omite: tos_NorESM2-LM_ssp245.nc
Procesando NorESM2-LM ssp370 ...
Ya procesado, se omite: tos_NorESM2-LM_ssp370.nc
Procesando NorESM2-LM ssp585 ...
Ya procesado, se omite: tos_NorESM2-LM_ssp585.nc
Preparando pesos de regrilla para NorESM2-MM ...
Procesando NorESM2-MM historical ...
Ya procesado, se omite: tos_NorESM2-MM_historical.nc
Procesando NorESM2-MM ssp245 ...
Ya procesado, se omite: tos_NorESM2-MM_ssp245.nc
Procesando NorESM2-MM ssp370 ...
Ya procesado, se omite: tos_NorESM2-MM_ssp370.nc
Procesando NorESM2-MM ssp585 ...
Ya procesado, se omite: tos_NorESM2-MM_ssp585.nc
Preparando pesos de regrilla para TaiESM1 ...
Procesando TaiESM1 historical ...
Ya procesado, se omite: tos_TaiESM1_historical.nc
Procesando TaiESM1 ssp245 ...
Ya procesado, se omite: tos_TaiESM1_ssp245.nc
Procesando TaiESM1 ssp370 ...
Ya procesado, se omite: tos_TaiESM1_ssp370.nc
Procesando TaiESM1 ssp585 ...
Ya procesado, se omite: tos_TaiESM1_ssp585.nc
Preparando pesos de regrilla para UKESM1-0-LL ...
Procesando UKESM1-0-LL historical ...
Ya procesado, se omite: tos_UKESM1-0-LL_historical.nc
Procesando UKESM1-0-LL ssp245 ...
Ya procesado, se omite: tos_UKESM1-0-LL_ssp245.nc
Procesando UKESM1-0-LL ssp370 ...
Ya procesado, se omite: tos_UKESM1-0-LL_ssp370.nc
Procesando UKESM1-0-LL ssp585 ...
Ya procesado, se omite: tos_UKESM1-0-LL_ssp585.nc
== Paso 05: python3 scripts/05_apply_ocean_mask.py ==
Ya procesado, se omite: tos_ACCESS-CM2_ssp370.nc
Ya procesado, se omite: tos_ACCESS-ESM1-5_ssp370.nc
Ya procesado, se omite: tos_AWI-CM-1-1-MR_ssp370.nc
Ya procesado, se omite: tos_BCC-CSM2-MR_historical.nc
Ya procesado, se omite: tos_BCC-CSM2-MR_ssp245.nc
Ya procesado, se omite: tos_BCC-CSM2-MR_ssp370.nc
Ya procesado, se omite: tos_BCC-CSM2-MR_ssp585.nc
Ya procesado, se omite: tos_CAMS-CSM1-0_historical.nc
Ya procesado, se omite: tos_CAMS-CSM1-0_ssp245.nc
Ya procesado, se omite: tos_CAMS-CSM1-0_ssp370.nc
Ya procesado, se omite: tos_CAMS-CSM1-0_ssp585.nc
Ya procesado, se omite: tos_CAS-ESM2-0_historical.nc
Ya procesado, se omite: tos_CAS-ESM2-0_ssp245.nc
Ya procesado, se omite: tos_CAS-ESM2-0_ssp370.nc
Ya procesado, se omite: tos_CAS-ESM2-0_ssp585.nc
Ya procesado, se omite: tos_CESM2-WACCM_historical.nc
Ya procesado, se omite: tos_CESM2-WACCM_ssp245.nc
Ya procesado, se omite: tos_CESM2-WACCM_ssp370.nc
Ya procesado, se omite: tos_CESM2-WACCM_ssp585.nc
Ya procesado, se omite: tos_CESM2_historical.nc
Ya procesado, se omite: tos_CESM2_ssp245.nc
Ya procesado, se omite: tos_CESM2_ssp370.nc
Ya procesado, se omite: tos_CESM2_ssp585.nc
Ya procesado, se omite: tos_CMCC-CM2-SR5_historical.nc
Ya procesado, se omite: tos_CMCC-CM2-SR5_ssp245.nc
Ya procesado, se omite: tos_CMCC-CM2-SR5_ssp370.nc
Ya procesado, se omite: tos_CMCC-CM2-SR5_ssp585.nc
Ya procesado, se omite: tos_CMCC-ESM2_historical.nc
Ya procesado, se omite: tos_CMCC-ESM2_ssp245.nc
Ya procesado, se omite: tos_CMCC-ESM2_ssp370.nc
Ya procesado, se omite: tos_CMCC-ESM2_ssp585.nc
Ya procesado, se omite: tos_CNRM-CM6-1-HR_historical.nc
Ya procesado, se omite: tos_CNRM-CM6-1-HR_ssp245.nc
Ya procesado, se omite: tos_CNRM-CM6-1-HR_ssp370.nc
Ya procesado, se omite: tos_CNRM-CM6-1-HR_ssp585.nc
Ya procesado, se omite: tos_CNRM-CM6-1_historical.nc
Ya procesado, se omite: tos_CNRM-CM6-1_ssp245.nc
Ya procesado, se omite: tos_CNRM-CM6-1_ssp370.nc
Ya procesado, se omite: tos_CNRM-CM6-1_ssp585.nc
Ya procesado, se omite: tos_CNRM-ESM2-1_historical.nc
Ya procesado, se omite: tos_CNRM-ESM2-1_ssp245.nc
Ya procesado, se omite: tos_CNRM-ESM2-1_ssp370.nc
Ya procesado, se omite: tos_CNRM-ESM2-1_ssp585.nc
Ya procesado, se omite: tos_CanESM5-1_historical.nc
Ya procesado, se omite: tos_CanESM5-1_ssp245.nc
Ya procesado, se omite: tos_CanESM5-1_ssp370.nc
Ya procesado, se omite: tos_CanESM5-1_ssp585.nc
Ya procesado, se omite: tos_CanESM5-CanOE_historical.nc
Ya procesado, se omite: tos_CanESM5-CanOE_ssp245.nc
Ya procesado, se omite: tos_CanESM5-CanOE_ssp370.nc
Ya procesado, se omite: tos_CanESM5-CanOE_ssp585.nc
Ya procesado, se omite: tos_CanESM5_historical.nc
Ya procesado, se omite: tos_CanESM5_ssp245.nc
Ya procesado, se omite: tos_CanESM5_ssp370.nc
Ya procesado, se omite: tos_CanESM5_ssp585.nc
Ya procesado, se omite: tos_EC-Earth3-Veg-LR_historical.nc
Ya procesado, se omite: tos_EC-Earth3-Veg-LR_ssp245.nc
Ya procesado, se omite: tos_EC-Earth3-Veg-LR_ssp370.nc
Ya procesado, se omite: tos_EC-Earth3-Veg-LR_ssp585.nc
Ya procesado, se omite: tos_EC-Earth3-Veg_historical.nc
Ya procesado, se omite: tos_EC-Earth3-Veg_ssp245.nc
Ya procesado, se omite: tos_EC-Earth3-Veg_ssp370.nc
Ya procesado, se omite: tos_EC-Earth3-Veg_ssp585.nc
Ya procesado, se omite: tos_EC-Earth3_historical.nc
Ya procesado, se omite: tos_EC-Earth3_ssp245.nc
Ya procesado, se omite: tos_EC-Earth3_ssp370.nc
Ya procesado, se omite: tos_EC-Earth3_ssp585.nc
Ya procesado, se omite: tos_FGOALS-f3-L_historical.nc
Ya procesado, se omite: tos_FGOALS-f3-L_ssp245.nc
Ya procesado, se omite: tos_FGOALS-f3-L_ssp370.nc
Ya procesado, se omite: tos_FGOALS-f3-L_ssp585.nc
Ya procesado, se omite: tos_FGOALS-g3_historical.nc
Ya procesado, se omite: tos_FGOALS-g3_ssp245.nc
Ya procesado, se omite: tos_FGOALS-g3_ssp370.nc
Ya procesado, se omite: tos_FGOALS-g3_ssp585.nc
Ya procesado, se omite: tos_GFDL-ESM4_historical.nc
Ya procesado, se omite: tos_GFDL-ESM4_ssp245.nc
Ya procesado, se omite: tos_GFDL-ESM4_ssp370.nc
Ya procesado, se omite: tos_GFDL-ESM4_ssp585.nc
Ya procesado, se omite: tos_GISS-E2-1-G_historical.nc
Ya procesado, se omite: tos_GISS-E2-1-G_ssp245.nc
Ya procesado, se omite: tos_GISS-E2-1-G_ssp370.nc
Ya procesado, se omite: tos_GISS-E2-1-G_ssp585.nc
Ya procesado, se omite: tos_GISS-E2-1-H_historical.nc
Ya procesado, se omite: tos_GISS-E2-1-H_ssp245.nc
Ya procesado, se omite: tos_GISS-E2-1-H_ssp370.nc
Ya procesado, se omite: tos_GISS-E2-1-H_ssp585.nc
Ya procesado, se omite: tos_GISS-E2-2-G_historical.nc
Ya procesado, se omite: tos_GISS-E2-2-G_ssp245.nc
Ya procesado, se omite: tos_GISS-E2-2-G_ssp370.nc
Ya procesado, se omite: tos_GISS-E2-2-G_ssp585.nc
Ya procesado, se omite: tos_IITM-ESM_historical.nc
Ya procesado, se omite: tos_IITM-ESM_ssp245.nc
Ya procesado, se omite: tos_IITM-ESM_ssp370.nc
Ya procesado, se omite: tos_IITM-ESM_ssp585.nc
Ya procesado, se omite: tos_INM-CM4-8_historical.nc
Ya procesado, se omite: tos_INM-CM4-8_ssp245.nc
Ya procesado, se omite: tos_INM-CM4-8_ssp370.nc
Ya procesado, se omite: tos_INM-CM4-8_ssp585.nc
Ya procesado, se omite: tos_INM-CM5-0_historical.nc
Ya procesado, se omite: tos_INM-CM5-0_ssp245.nc
Ya procesado, se omite: tos_INM-CM5-0_ssp370.nc
Ya procesado, se omite: tos_INM-CM5-0_ssp585.nc
Ya procesado, se omite: tos_IPSL-CM6A-LR_historical.nc
Ya procesado, se omite: tos_IPSL-CM6A-LR_ssp245.nc
Ya procesado, se omite: tos_IPSL-CM6A-LR_ssp370.nc
Ya procesado, se omite: tos_IPSL-CM6A-LR_ssp585.nc
Ya procesado, se omite: tos_KACE-1-0-G_historical.nc
Ya procesado, se omite: tos_KACE-1-0-G_ssp245.nc
Ya procesado, se omite: tos_KACE-1-0-G_ssp370.nc
Ya procesado, se omite: tos_KACE-1-0-G_ssp585.nc
Ya procesado, se omite: tos_MCM-UA-1-0_historical.nc
Ya procesado, se omite: tos_MCM-UA-1-0_ssp245.nc
Ya procesado, se omite: tos_MCM-UA-1-0_ssp370.nc
Ya procesado, se omite: tos_MCM-UA-1-0_ssp585.nc
Ya procesado, se omite: tos_MIROC-ES2L_historical.nc
Ya procesado, se omite: tos_MIROC-ES2L_ssp245.nc
Ya procesado, se omite: tos_MIROC-ES2L_ssp370.nc
Ya procesado, se omite: tos_MIROC-ES2L_ssp585.nc
Ya procesado, se omite: tos_MIROC6_historical.nc
Ya procesado, se omite: tos_MIROC6_ssp245.nc
Ya procesado, se omite: tos_MIROC6_ssp370.nc
Ya procesado, se omite: tos_MIROC6_ssp585.nc
Ya procesado, se omite: tos_MPI-ESM1-2-HR_historical.nc
Ya procesado, se omite: tos_MPI-ESM1-2-HR_ssp245.nc
Ya procesado, se omite: tos_MPI-ESM1-2-HR_ssp370.nc
Ya procesado, se omite: tos_MPI-ESM1-2-HR_ssp585.nc
Ya procesado, se omite: tos_MPI-ESM1-2-LR_historical.nc
Ya procesado, se omite: tos_MPI-ESM1-2-LR_ssp245.nc
Ya procesado, se omite: tos_MPI-ESM1-2-LR_ssp370.nc
Ya procesado, se omite: tos_MPI-ESM1-2-LR_ssp585.nc
Ya procesado, se omite: tos_MRI-ESM2-0_historical.nc
Ya procesado, se omite: tos_MRI-ESM2-0_ssp245.nc
Ya procesado, se omite: tos_MRI-ESM2-0_ssp370.nc
Ya procesado, se omite: tos_MRI-ESM2-0_ssp585.nc
Ya procesado, se omite: tos_NorESM2-LM_historical.nc
Ya procesado, se omite: tos_NorESM2-LM_ssp245.nc
Ya procesado, se omite: tos_NorESM2-LM_ssp370.nc
Ya procesado, se omite: tos_NorESM2-LM_ssp585.nc
Ya procesado, se omite: tos_NorESM2-MM_historical.nc
Ya procesado, se omite: tos_NorESM2-MM_ssp245.nc
Ya procesado, se omite: tos_NorESM2-MM_ssp370.nc
Ya procesado, se omite: tos_NorESM2-MM_ssp585.nc
Ya procesado, se omite: tos_TaiESM1_historical.nc
Ya procesado, se omite: tos_TaiESM1_ssp245.nc
Ya procesado, se omite: tos_TaiESM1_ssp370.nc
Ya procesado, se omite: tos_TaiESM1_ssp585.nc
Ya procesado, se omite: tos_UKESM1-0-LL_historical.nc
Ya procesado, se omite: tos_UKESM1-0-LL_ssp245.nc
Ya procesado, se omite: tos_UKESM1-0-LL_ssp370.nc
Ya procesado, se omite: tos_UKESM1-0-LL_ssp585.nc
== Paso 06: python3 scripts/06_qc_checks.py data/processed/masked data/processed/qc_report.csv ==
QC escrito en data/processed/qc_report.csv (160 archivos, 160 reusados de una corrida anterior, 0 con fallas)
== Paso 07: python3 scripts/07_build_inventory_report.py data/processed/qc_report.csv data/processed/masked data/processed/models_inventory_final.csv ==
Inventario final escrito en data/processed/models_inventory_final.csv (40/40 modelos seleccionados)
Pipeline completo.
== Graficos: plot_maps.py ==
Graficando mapas: 40 modelo(s) + ERSSTv5 ...
  ACCESS-CM2
  ACCESS-ESM1-5
  AWI-CM-1-1-MR
  BCC-CSM2-MR
  CAMS-CSM1-0
  CAS-ESM2-0
  CESM2
  CESM2-WACCM
  CMCC-CM2-SR5
  CMCC-ESM2
  CNRM-CM6-1
  CNRM-CM6-1-HR
  CNRM-ESM2-1
  CanESM5
  CanESM5-1
  CanESM5-CanOE
  EC-Earth3
  EC-Earth3-Veg
  EC-Earth3-Veg-LR
  FGOALS-f3-L
  FGOALS-g3
  GFDL-ESM4
  GISS-E2-1-G
  GISS-E2-1-H
  GISS-E2-2-G
  IITM-ESM
  INM-CM4-8
  INM-CM5-0
  IPSL-CM6A-LR
  KACE-1-0-G
  MCM-UA-1-0
  MIROC-ES2L
  MIROC6
  MPI-ESM1-2-HR
  MPI-ESM1-2-LR
  MRI-ESM2-0
  NorESM2-LM
  NorESM2-MM
  TaiESM1
  UKESM1-0-LL
  ERSSTv5
Listo, 41 figura(s) en /home/jonathan/personal/e1_smn/figures
== Graficos: plot_box_series.py ==
ACCESS-CM2
ACCESS-ESM1-5
AWI-CM-1-1-MR
BCC-CSM2-MR
CAMS-CSM1-0
CAS-ESM2-0
CESM2
CESM2-WACCM
CMCC-CM2-SR5
CMCC-ESM2
CNRM-CM6-1
CNRM-CM6-1-HR
CNRM-ESM2-1
CanESM5
CanESM5-1
CanESM5-CanOE
EC-Earth3
EC-Earth3-Veg
EC-Earth3-Veg-LR
FGOALS-f3-L
FGOALS-g3
GFDL-ESM4
GISS-E2-1-G
GISS-E2-1-H
GISS-E2-2-G
IITM-ESM
INM-CM4-8
INM-CM5-0
IPSL-CM6A-LR
KACE-1-0-G
MCM-UA-1-0
MIROC-ES2L
MIROC6
MPI-ESM1-2-HR
MPI-ESM1-2-LR
MRI-ESM2-0
NorESM2-LM
NorESM2-MM
TaiESM1
UKESM1-0-LL
Listo, 40 modelo(s) graficado(s) (2 figuras cada uno) en /home/jonathan/personal/e1_smn/figures
== Graficos: plot_qc_summary.py ==

1 caso(s) PENDIENTE (link vivo encontrado, falta descargar y/o procesar):
   - MIROC-ES2H / historical

64 caso(s) SIN_LINK (existe segun 00b, pero 01 no encontro ningun link vivo):
   - AWI-ESM-1-1-LR / historical
   - BCC-ESM1 / historical
   - BCC-ESM1 / ssp370
   - CESM2-FV2 / historical
   - CESM2-FV2 / ssp370
   - CESM2-FV2 / ssp585
   - CESM2-WACCM-FV2 / historical
   - CIESM / historical
   - CIESM / ssp245
   - CIESM / ssp585
   - CMCC-CM2-HR4 / historical
   - E3SM-1-0 / historical
   - E3SM-1-0 / ssp370
   - E3SM-1-0 / ssp585
   - E3SM-1-1 / historical
   - E3SM-1-1 / ssp585
   - E3SM-1-1-ECA / historical
   - E3SM-1-1-ECA / ssp585
   - E3SM-2-0 / historical
   - E3SM-2-0 / ssp370
   - E3SM-2-0-NARRM / historical
   - E3SM-2-1 / historical
   - EC-Earth3-AerChem / historical
   - EC-Earth3-AerChem / ssp370
   - EC-Earth3-CC / historical
   - EC-Earth3-CC / ssp245
   - EC-Earth3-CC / ssp585
   - EC-Earth3-HR / historical
   - EC-Earth3-HR / ssp245
   - FIO-ESM-2-0 / historical
   - FIO-ESM-2-0 / ssp245
   - FIO-ESM-2-0 / ssp585
   - GFDL-CM4 / historical
   - GFDL-CM4 / ssp245
   - GFDL-CM4 / ssp585
   - GISS-E2-1-G-CC / historical
   - GISS-E2-1-G-CC / ssp245
   - GISS-E2-1-G-CC / ssp585
   - GISS-E2-2-H / historical
   - GISS-E3-G / historical
   - HadGEM3-GC31-LL / historical
   - HadGEM3-GC31-LL / ssp245
   - HadGEM3-GC31-LL / ssp585
   - HadGEM3-GC31-MM / historical
   - HadGEM3-GC31-MM / ssp585
   - ICON-ESM-LR / historical
   - IPSL-CM5A2-INCA / historical
   - IPSL-CM5A2-INCA / ssp370
   - IPSL-CM6A-LR-INCA / historical
   - KIOST-ESM / historical
   - KIOST-ESM / ssp245
   - KIOST-ESM / ssp585
   - MIROC-ES2H / ssp245
   - MIROC-ES2H / ssp370
   - MIROC-ES2H / ssp585
   - MPI-ESM-1-2-HAM / historical
   - MPI-ESM-1-2-HAM / ssp370
   - NESM3 / historical
   - NESM3 / ssp245
   - NESM3 / ssp585
   - NorCPM1 / historical
   - SAM0-UNICON / historical
   - UKESM1-1-LL / historical
   - UKESM1-1-LL / ssp370

Listo: 160 filas de QC procesadas, figura en /home/jonathan/personal/e1_smn/figures/sst_QD_vf.png
== Graficos: plot_boxplot_comparison.py ==
Graficando boxplots comparativos ...
  Nino 3.4: 41 fuente(s), 116 anios comunes -> /home/jonathan/personal/e1_smn/figures/boxplot_Nino3.4.png
  Nino 1+2: 41 fuente(s), 116 anios comunes -> /home/jonathan/personal/e1_smn/figures/boxplot_Nino1+2.png
Listo.
== Graficos: plot_region_nino_orthographic.py ==
Centro de proyeccion (Niño 3.4): lon=-145.0, lat=0.0
Figura guardada en /home/jonathan/personal/e1_smn/figures/region_nino_proj.png
== Paso 00: bash scripts/00_setup_env.sh ==
Entorno verificado: cdo=Climate Data Operators version 2.4.0 (https://mpimet.mpg.de/cdo), python3=Python 3.12.2
Estructura de carpetas lista bajo /home/jonathan/personal/e1_smn/data y /home/jonathan/personal/e1_smn/logs
== Paso 00b: python3 scripts/00b_build_model_list.py config/models_seed_cmip6.csv ==
Modelos CMIP6 con tos/Omon publicado (nodo principal): 102
config/models_seed_cmip6.csv ya existe y el universo de modelos con tos/Omon sigue en 102 -- no se vuelve a inspeccionar. Para forzar un refresco de todas formas (ej. cambio en config/periods.yaml): borra config/models_seed_cmip6.csv y /home/jonathan/personal/e1_smn/informe/model_availability_priority.csv y volve a correr esto.
== Paso 01: python3 scripts/01_query_esgf_catalog.py config/models_seed_cmip6.csv data/interim/models_catalog_status.csv data/interim/esgf_file_urls.json ==
ACCESS-CM2 (grid=gn, miembro=r1i1p1f1): completo=True archivos_por_experimento={'historical': 1, 'ssp245': 1, 'ssp370': 1, 'ssp585': 1}
ACCESS-ESM1-5 (grid=gn, miembro=r1i1p1f1): completo=True archivos_por_experimento={'historical': 1, 'ssp245': 1, 'ssp370': 1, 'ssp585': 1}
AWI-CM-1-1-MR (grid=gn, miembro=r1i1p1f1): completo=True archivos_por_experimento={'historical': 18, 'ssp245': 9, 'ssp370': 9, 'ssp585': 9}
BCC-CSM2-MR (grid=gn, miembro=r1i1p1f1): completo=True archivos_por_experimento={'historical': 1, 'ssp245': 1, 'ssp370': 1, 'ssp585': 1}
CAMS-CSM1-0 (grid=gn, miembro=r1i1p1f1): completo=True archivos_por_experimento={'historical': 1, 'ssp245': 1, 'ssp370': 1, 'ssp585': 1}
CAS-ESM2-0 (grid=gn, miembro=r1i1p1f1): completo=True archivos_por_experimento={'historical': 1, 'ssp245': 1, 'ssp370': 1, 'ssp585': 1}
CESM2 (grid=gr, miembro=r1i1p1f1): completo=True archivos_por_experimento={'historical': 1, 'ssp245': 2, 'ssp370': 2, 'ssp585': 2}
CESM2-WACCM (grid=gr, miembro=r1i1p1f1): completo=True archivos_por_experimento={'historical': 1, 'ssp245': 2, 'ssp370': 2, 'ssp585': 1}
CMCC-CM2-SR5 (grid=gn, miembro=r1i1p1f1): completo=True archivos_por_experimento={'historical': 1, 'ssp245': 1, 'ssp370': 1, 'ssp585': 1}
CMCC-ESM2 (grid=gn, miembro=r1i1p1f1): completo=True archivos_por_experimento={'historical': 1, 'ssp245': 1, 'ssp370': 1, 'ssp585': 1}
CNRM-CM6-1 (grid=gn, miembro=r1i1p1f2): completo=True archivos_por_experimento={'historical': 1, 'ssp245': 1, 'ssp370': 1, 'ssp585': 1}
CNRM-CM6-1-HR (grid=gn, miembro=r1i1p1f2): completo=True archivos_por_experimento={'historical': 1, 'ssp245': 1, 'ssp370': 1, 'ssp585': 1}
CNRM-ESM2-1 (grid=gn, miembro=r1i1p1f2): completo=True archivos_por_experimento={'historical': 1, 'ssp245': 1, 'ssp370': 1, 'ssp585': 1}
CanESM5 (grid=gn, miembro=r1i1p1f1): completo=True archivos_por_experimento={'historical': 1, 'ssp245': 1, 'ssp370': 1, 'ssp585': 1}
CanESM5-1 (grid=gn, miembro=r1i1p1f1): completo=True archivos_por_experimento={'historical': 1, 'ssp245': 1, 'ssp370': 1, 'ssp585': 1}
CanESM5-CanOE (grid=gn, miembro=r1i1p2f1): completo=True archivos_por_experimento={'historical': 1, 'ssp245': 1, 'ssp370': 1, 'ssp585': 1}
EC-Earth3 (grid=gn, miembro=r1i1p1f1): completo=True archivos_por_experimento={'historical': 165, 'ssp245': 86, 'ssp370': 86, 'ssp585': 86}
EC-Earth3-Veg (grid=gn, miembro=r1i1p1f1): completo=True archivos_por_experimento={'historical': 165, 'ssp245': 86, 'ssp370': 86, 'ssp585': 86}
EC-Earth3-Veg-LR (grid=gn, miembro=r1i1p1f1): completo=True archivos_por_experimento={'historical': 165, 'ssp245': 86, 'ssp370': 86, 'ssp585': 86}
FGOALS-f3-L (grid=gn, miembro=r1i1p1f1): completo=True archivos_por_experimento={'historical': 1, 'ssp245': 2, 'ssp370': 2, 'ssp585': 2}
FGOALS-g3 (grid=gn, miembro=r1i1p1f1): completo=True archivos_por_experimento={'historical': 1, 'ssp245': 2, 'ssp370': 2, 'ssp585': 2}
GFDL-ESM4 (grid=gr, miembro=r1i1p1f1): completo=True archivos_por_experimento={'historical': 9, 'ssp245': 5, 'ssp370': 5, 'ssp585': 5}
GISS-E2-1-G (grid=gn, miembro=r1i1p3f1): completo=True archivos_por_experimento={'historical': 4, 'ssp245': 2, 'ssp370': 2, 'ssp585': 2}
GISS-E2-1-H (grid=gn, miembro=r1i1p3f1): completo=True archivos_por_experimento={'historical': 4, 'ssp245': 2, 'ssp370': 2, 'ssp585': 2}
GISS-E2-2-G (grid=gn, miembro=r1i1p3f1): completo=True archivos_por_experimento={'historical': 7, 'ssp245': 4, 'ssp370': 4, 'ssp585': 4}
IITM-ESM (grid=gn, miembro=r1i1p1f1): completo=True archivos_por_experimento={'historical': 23, 'ssp245': 17, 'ssp370': 9, 'ssp585': 17}
INM-CM4-8 (grid=gr1, miembro=r1i1p1f1): completo=True archivos_por_experimento={'historical': 4, 'ssp245': 2, 'ssp370': 2, 'ssp585': 2}
INM-CM5-0 (grid=gr1, miembro=r1i1p1f1): completo=True archivos_por_experimento={'historical': 4, 'ssp245': 2, 'ssp370': 2, 'ssp585': 2}
IPSL-CM6A-LR (grid=gn, miembro=r1i1p1f1): completo=True archivos_por_experimento={'historical': 1, 'ssp245': 1, 'ssp370': 1, 'ssp585': 1}
    historical: el archivo de empalme no responde, se descarta todo el experimento
KACE-1-0-G (grid=gr, miembro=r1i1p1f1): completo=False archivos_por_experimento={'historical': 0, 'ssp245': 1, 'ssp370': 1, 'ssp585': 1}
MCM-UA-1-0 (grid=gn, miembro=r1i1p1f2): completo=True archivos_por_experimento={'historical': 1, 'ssp245': 1, 'ssp370': 1, 'ssp585': 1}
    ssp245: el archivo de empalme no responde, se descarta todo el experimento
    ssp370: el archivo de empalme no responde, se descarta todo el experimento
    ssp585: el archivo de empalme no responde, se descarta todo el experimento
MIROC-ES2H (grid=gr1, miembro=r1i1p4f2): completo=False archivos_por_experimento={'historical': 1, 'ssp245': 0, 'ssp370': 0, 'ssp585': 0}
MIROC-ES2L (grid=gr1, miembro=r1i1p1f2): completo=True archivos_por_experimento={'historical': 1, 'ssp245': 1, 'ssp370': 1, 'ssp585': 1}
MIROC6 (grid=gn, miembro=r1i1p1f1): completo=True archivos_por_experimento={'historical': 2, 'ssp245': 1, 'ssp370': 1, 'ssp585': 1}
MPI-ESM1-2-HR (grid=gn, miembro=r1i1p1f1): completo=True archivos_por_experimento={'historical': 33, 'ssp245': 18, 'ssp370': 18, 'ssp585': 18}
MPI-ESM1-2-LR (grid=gn, miembro=r1i1p1f1): completo=True archivos_por_experimento={'historical': 9, 'ssp245': 5, 'ssp370': 5, 'ssp585': 5}
MRI-ESM2-0 (grid=gn, miembro=r1i1p1f1): completo=True archivos_por_experimento={'historical': 1, 'ssp245': 1, 'ssp370': 1, 'ssp585': 1}
NorESM2-LM (grid=gn, miembro=r1i1p1f1): completo=True archivos_por_experimento={'historical': 17, 'ssp245': 9, 'ssp370': 9, 'ssp585': 9}
NorESM2-MM (grid=gn, miembro=r1i1p1f1): completo=True archivos_por_experimento={'historical': 17, 'ssp245': 9, 'ssp370': 9, 'ssp585': 9}
TaiESM1 (grid=gn, miembro=r1i1p1f1): completo=True archivos_por_experimento={'historical': 165, 'ssp245': 86, 'ssp370': 86, 'ssp585': 86}
UKESM1-0-LL (grid=gn, miembro=r1i1p1f2): completo=True archivos_por_experimento={'historical': 2, 'ssp245': 2, 'ssp370': 2, 'ssp585': 2}
Catalogo escrito en data/interim/models_catalog_status.csv y data/interim/esgf_file_urls.json (39/41 modelos completos)
== Paso 02: bash scripts/run_download_if_idle.sh ==
== 02a: descarga CMIP6 via ESGF (nodo principal) ==
ACCESS-CM2 historical: ya procesado (paso 04/05), se omite la descarga de crudos
ACCESS-CM2 ssp245: ya procesado (paso 04/05), se omite la descarga de crudos
ACCESS-CM2 ssp370: ya procesado (paso 04/05), se omite la descarga de crudos
ACCESS-CM2 ssp585: ya procesado (paso 04/05), se omite la descarga de crudos
ACCESS-ESM1-5 historical: ya procesado (paso 04/05), se omite la descarga de crudos
ACCESS-ESM1-5 ssp245: ya procesado (paso 04/05), se omite la descarga de crudos
ACCESS-ESM1-5 ssp370: ya procesado (paso 04/05), se omite la descarga de crudos
ACCESS-ESM1-5 ssp585: ya procesado (paso 04/05), se omite la descarga de crudos
AWI-CM-1-1-MR historical: ya procesado (paso 04/05), se omite la descarga de crudos
AWI-CM-1-1-MR ssp245: ya procesado (paso 04/05), se omite la descarga de crudos
AWI-CM-1-1-MR ssp370: ya procesado (paso 04/05), se omite la descarga de crudos
AWI-CM-1-1-MR ssp585: ya procesado (paso 04/05), se omite la descarga de crudos
BCC-CSM2-MR historical: ya procesado (paso 04/05), se omite la descarga de crudos
BCC-CSM2-MR ssp245: ya procesado (paso 04/05), se omite la descarga de crudos
BCC-CSM2-MR ssp370: ya procesado (paso 04/05), se omite la descarga de crudos
BCC-CSM2-MR ssp585: ya procesado (paso 04/05), se omite la descarga de crudos
CAMS-CSM1-0 historical: ya procesado (paso 04/05), se omite la descarga de crudos
CAMS-CSM1-0 ssp245: ya procesado (paso 04/05), se omite la descarga de crudos
CAMS-CSM1-0 ssp370: ya procesado (paso 04/05), se omite la descarga de crudos
CAMS-CSM1-0 ssp585: ya procesado (paso 04/05), se omite la descarga de crudos
CAS-ESM2-0 historical: ya procesado (paso 04/05), se omite la descarga de crudos
CAS-ESM2-0 ssp245: ya procesado (paso 04/05), se omite la descarga de crudos
CAS-ESM2-0 ssp370: ya procesado (paso 04/05), se omite la descarga de crudos
CAS-ESM2-0 ssp585: ya procesado (paso 04/05), se omite la descarga de crudos
CESM2 historical: ya procesado (paso 04/05), se omite la descarga de crudos
CESM2 ssp245: ya procesado (paso 04/05), se omite la descarga de crudos
CESM2 ssp370: ya procesado (paso 04/05), se omite la descarga de crudos
CESM2 ssp585: ya procesado (paso 04/05), se omite la descarga de crudos
CESM2-WACCM historical: ya procesado (paso 04/05), se omite la descarga de crudos
CESM2-WACCM ssp245: ya procesado (paso 04/05), se omite la descarga de crudos
CESM2-WACCM ssp370: ya procesado (paso 04/05), se omite la descarga de crudos
CESM2-WACCM ssp585: ya procesado (paso 04/05), se omite la descarga de crudos
CMCC-CM2-SR5 historical: ya procesado (paso 04/05), se omite la descarga de crudos
CMCC-CM2-SR5 ssp245: ya procesado (paso 04/05), se omite la descarga de crudos
CMCC-CM2-SR5 ssp370: ya procesado (paso 04/05), se omite la descarga de crudos
CMCC-CM2-SR5 ssp585: ya procesado (paso 04/05), se omite la descarga de crudos
CMCC-ESM2 historical: ya procesado (paso 04/05), se omite la descarga de crudos
CMCC-ESM2 ssp245: ya procesado (paso 04/05), se omite la descarga de crudos
CMCC-ESM2 ssp370: ya procesado (paso 04/05), se omite la descarga de crudos
CMCC-ESM2 ssp585: ya procesado (paso 04/05), se omite la descarga de crudos
CNRM-CM6-1 historical: ya procesado (paso 04/05), se omite la descarga de crudos
CNRM-CM6-1 ssp245: ya procesado (paso 04/05), se omite la descarga de crudos
CNRM-CM6-1 ssp370: ya procesado (paso 04/05), se omite la descarga de crudos
CNRM-CM6-1 ssp585: ya procesado (paso 04/05), se omite la descarga de crudos
CNRM-CM6-1-HR historical: ya procesado (paso 04/05), se omite la descarga de crudos
CNRM-CM6-1-HR ssp245: ya procesado (paso 04/05), se omite la descarga de crudos
CNRM-CM6-1-HR ssp370: ya procesado (paso 04/05), se omite la descarga de crudos
CNRM-CM6-1-HR ssp585: ya procesado (paso 04/05), se omite la descarga de crudos
CNRM-ESM2-1 historical: ya procesado (paso 04/05), se omite la descarga de crudos
CNRM-ESM2-1 ssp245: ya procesado (paso 04/05), se omite la descarga de crudos
CNRM-ESM2-1 ssp370: ya procesado (paso 04/05), se omite la descarga de crudos
CNRM-ESM2-1 ssp585: ya procesado (paso 04/05), se omite la descarga de crudos
CanESM5 historical: ya procesado (paso 04/05), se omite la descarga de crudos
CanESM5 ssp245: ya procesado (paso 04/05), se omite la descarga de crudos
CanESM5 ssp370: ya procesado (paso 04/05), se omite la descarga de crudos
CanESM5 ssp585: ya procesado (paso 04/05), se omite la descarga de crudos
CanESM5-1 historical: ya procesado (paso 04/05), se omite la descarga de crudos
CanESM5-1 ssp245: ya procesado (paso 04/05), se omite la descarga de crudos
CanESM5-1 ssp370: ya procesado (paso 04/05), se omite la descarga de crudos
CanESM5-1 ssp585: ya procesado (paso 04/05), se omite la descarga de crudos
CanESM5-CanOE historical: ya procesado (paso 04/05), se omite la descarga de crudos
CanESM5-CanOE ssp245: ya procesado (paso 04/05), se omite la descarga de crudos
CanESM5-CanOE ssp370: ya procesado (paso 04/05), se omite la descarga de crudos
CanESM5-CanOE ssp585: ya procesado (paso 04/05), se omite la descarga de crudos
EC-Earth3 historical: ya procesado (paso 04/05), se omite la descarga de crudos
EC-Earth3 ssp245: ya procesado (paso 04/05), se omite la descarga de crudos
EC-Earth3 ssp370: ya procesado (paso 04/05), se omite la descarga de crudos
EC-Earth3 ssp585: ya procesado (paso 04/05), se omite la descarga de crudos
EC-Earth3-Veg historical: ya procesado (paso 04/05), se omite la descarga de crudos
EC-Earth3-Veg ssp245: ya procesado (paso 04/05), se omite la descarga de crudos
EC-Earth3-Veg ssp370: ya procesado (paso 04/05), se omite la descarga de crudos
EC-Earth3-Veg ssp585: ya procesado (paso 04/05), se omite la descarga de crudos
EC-Earth3-Veg-LR historical: ya procesado (paso 04/05), se omite la descarga de crudos
EC-Earth3-Veg-LR ssp245: ya procesado (paso 04/05), se omite la descarga de crudos
EC-Earth3-Veg-LR ssp370: ya procesado (paso 04/05), se omite la descarga de crudos
EC-Earth3-Veg-LR ssp585: ya procesado (paso 04/05), se omite la descarga de crudos
FGOALS-f3-L historical: ya procesado (paso 04/05), se omite la descarga de crudos
FGOALS-f3-L ssp245: ya procesado (paso 04/05), se omite la descarga de crudos
FGOALS-f3-L ssp370: ya procesado (paso 04/05), se omite la descarga de crudos
FGOALS-f3-L ssp585: ya procesado (paso 04/05), se omite la descarga de crudos
FGOALS-g3 historical: ya procesado (paso 04/05), se omite la descarga de crudos
FGOALS-g3 ssp245: ya procesado (paso 04/05), se omite la descarga de crudos
FGOALS-g3 ssp370: ya procesado (paso 04/05), se omite la descarga de crudos
FGOALS-g3 ssp585: ya procesado (paso 04/05), se omite la descarga de crudos
GFDL-ESM4 historical: ya procesado (paso 04/05), se omite la descarga de crudos
GFDL-ESM4 ssp245: ya procesado (paso 04/05), se omite la descarga de crudos
GFDL-ESM4 ssp370: ya procesado (paso 04/05), se omite la descarga de crudos
GFDL-ESM4 ssp585: ya procesado (paso 04/05), se omite la descarga de crudos
GISS-E2-1-G historical: ya procesado (paso 04/05), se omite la descarga de crudos
GISS-E2-1-G ssp245: ya procesado (paso 04/05), se omite la descarga de crudos
GISS-E2-1-G ssp370: ya procesado (paso 04/05), se omite la descarga de crudos
GISS-E2-1-G ssp585: ya procesado (paso 04/05), se omite la descarga de crudos
GISS-E2-1-H historical: ya procesado (paso 04/05), se omite la descarga de crudos
GISS-E2-1-H ssp245: ya procesado (paso 04/05), se omite la descarga de crudos
GISS-E2-1-H ssp370: ya procesado (paso 04/05), se omite la descarga de crudos
GISS-E2-1-H ssp585: ya procesado (paso 04/05), se omite la descarga de crudos
GISS-E2-2-G historical: ya procesado (paso 04/05), se omite la descarga de crudos
GISS-E2-2-G ssp245: ya procesado (paso 04/05), se omite la descarga de crudos
GISS-E2-2-G ssp370: ya procesado (paso 04/05), se omite la descarga de crudos
GISS-E2-2-G ssp585: ya procesado (paso 04/05), se omite la descarga de crudos
IITM-ESM historical: ya procesado (paso 04/05), se omite la descarga de crudos
IITM-ESM ssp245: ya procesado (paso 04/05), se omite la descarga de crudos
IITM-ESM ssp370: ya procesado (paso 04/05), se omite la descarga de crudos
IITM-ESM ssp585: ya procesado (paso 04/05), se omite la descarga de crudos
INM-CM4-8 historical: ya procesado (paso 04/05), se omite la descarga de crudos
INM-CM4-8 ssp245: ya procesado (paso 04/05), se omite la descarga de crudos
INM-CM4-8 ssp370: ya procesado (paso 04/05), se omite la descarga de crudos
INM-CM4-8 ssp585: ya procesado (paso 04/05), se omite la descarga de crudos
INM-CM5-0 historical: ya procesado (paso 04/05), se omite la descarga de crudos
INM-CM5-0 ssp245: ya procesado (paso 04/05), se omite la descarga de crudos
INM-CM5-0 ssp370: ya procesado (paso 04/05), se omite la descarga de crudos
INM-CM5-0 ssp585: ya procesado (paso 04/05), se omite la descarga de crudos
IPSL-CM6A-LR historical: ya procesado (paso 04/05), se omite la descarga de crudos
IPSL-CM6A-LR ssp245: ya procesado (paso 04/05), se omite la descarga de crudos
IPSL-CM6A-LR ssp370: ya procesado (paso 04/05), se omite la descarga de crudos
IPSL-CM6A-LR ssp585: ya procesado (paso 04/05), se omite la descarga de crudos
MCM-UA-1-0 historical: ya procesado (paso 04/05), se omite la descarga de crudos
MCM-UA-1-0 ssp245: ya procesado (paso 04/05), se omite la descarga de crudos
MCM-UA-1-0 ssp370: ya procesado (paso 04/05), se omite la descarga de crudos
MCM-UA-1-0 ssp585: ya procesado (paso 04/05), se omite la descarga de crudos
MIROC-ES2L historical: ya procesado (paso 04/05), se omite la descarga de crudos
MIROC-ES2L ssp245: ya procesado (paso 04/05), se omite la descarga de crudos
MIROC-ES2L ssp370: ya procesado (paso 04/05), se omite la descarga de crudos
MIROC-ES2L ssp585: ya procesado (paso 04/05), se omite la descarga de crudos
MIROC6 historical: ya procesado (paso 04/05), se omite la descarga de crudos
MIROC6 ssp245: ya procesado (paso 04/05), se omite la descarga de crudos
MIROC6 ssp370: ya procesado (paso 04/05), se omite la descarga de crudos
MIROC6 ssp585: ya procesado (paso 04/05), se omite la descarga de crudos
MPI-ESM1-2-HR historical: ya procesado (paso 04/05), se omite la descarga de crudos
MPI-ESM1-2-HR ssp245: ya procesado (paso 04/05), se omite la descarga de crudos
MPI-ESM1-2-HR ssp370: ya procesado (paso 04/05), se omite la descarga de crudos
MPI-ESM1-2-HR ssp585: ya procesado (paso 04/05), se omite la descarga de crudos
MPI-ESM1-2-LR historical: ya procesado (paso 04/05), se omite la descarga de crudos
MPI-ESM1-2-LR ssp245: ya procesado (paso 04/05), se omite la descarga de crudos
MPI-ESM1-2-LR ssp370: ya procesado (paso 04/05), se omite la descarga de crudos
MPI-ESM1-2-LR ssp585: ya procesado (paso 04/05), se omite la descarga de crudos
MRI-ESM2-0 historical: ya procesado (paso 04/05), se omite la descarga de crudos
MRI-ESM2-0 ssp245: ya procesado (paso 04/05), se omite la descarga de crudos
MRI-ESM2-0 ssp370: ya procesado (paso 04/05), se omite la descarga de crudos
MRI-ESM2-0 ssp585: ya procesado (paso 04/05), se omite la descarga de crudos
NorESM2-LM historical: ya procesado (paso 04/05), se omite la descarga de crudos
NorESM2-LM ssp245: ya procesado (paso 04/05), se omite la descarga de crudos
NorESM2-LM ssp370: ya procesado (paso 04/05), se omite la descarga de crudos
NorESM2-LM ssp585: ya procesado (paso 04/05), se omite la descarga de crudos
NorESM2-MM historical: ya procesado (paso 04/05), se omite la descarga de crudos
NorESM2-MM ssp245: ya procesado (paso 04/05), se omite la descarga de crudos
NorESM2-MM ssp370: ya procesado (paso 04/05), se omite la descarga de crudos
NorESM2-MM ssp585: ya procesado (paso 04/05), se omite la descarga de crudos
TaiESM1 historical: ya procesado (paso 04/05), se omite la descarga de crudos
TaiESM1 ssp245: ya procesado (paso 04/05), se omite la descarga de crudos
TaiESM1 ssp370: ya procesado (paso 04/05), se omite la descarga de crudos
TaiESM1 ssp585: ya procesado (paso 04/05), se omite la descarga de crudos
UKESM1-0-LL historical: ya procesado (paso 04/05), se omite la descarga de crudos
UKESM1-0-LL ssp245: ya procesado (paso 04/05), se omite la descarga de crudos
UKESM1-0-LL ssp370: ya procesado (paso 04/05), se omite la descarga de crudos
UKESM1-0-LL ssp585: ya procesado (paso 04/05), se omite la descarga de crudos
2 modelo(s) no se encontraron en el nodo principal de ESGF.
Buscar en nodos alternativos de ESGF (02b) y Copernicus CDS (02c)? [S/n, 15s, por defecto S] 
(sin respuesta en 15s, se continua como si hubieras dicho que si)
== 02b: 2 modelos no encontrados en el nodo principal -- probando nodos alternativos de ESGF ==
Buscando KACE-1-0-G en nodos alternativos ...
  https://esgf.ceda.ac.uk/esg-search/search: completo (miembro r1i1p1f1)
  https://esgf-data.dkrz.de/esg-search/search: completo (miembro r1i1p1f1)
  ESGF respondio 500 en https://esgf-node.ipsl.upmc.fr/esg-search/search -- reintento 1/2 en 5s
  https://esgf-node.ipsl.upmc.fr/esg-search/search: fallo (500 Server Error: 500 for url: https://esgf-node.ipsl.upmc.fr/esg-search/search?project=CMIP6&source_id=KACE-1-0-G&experiment_id=historical&variable_id=tos&table_id=Omon&type=File&format=application%2Fsolr%2Bjson&limit=0&facets=variant_label)
  https://esg-dn1.nsc.liu.se/esg-search/search: completo (miembro r1i1p1f1)
  https://esgf.nci.org.au/esg-search/search: completo (miembro r1i1p1f1)
    historical: el archivo de empalme no responde, se descarta todo el experimento
  https://metagrid.esgf-west.org/proxy/search: incompleto {'historical': 0, 'ssp245': 1, 'ssp370': 1, 'ssp585': 1}
    historical: el archivo de empalme no responde, se descarta todo el experimento
  https://esgf-node.ornl.gov/proxy/search: incompleto {'historical': 0, 'ssp245': 1, 'ssp370': 1, 'ssp585': 1}
  https://esgf-metagrid.cloud.dkrz.de/proxy/search: completo (miembro r1i1p1f1)
  elegido: https://esgf.ceda.ac.uk/esg-search/search (miembro r1i1p1f1, de 5 nodo(s) que resolvieron completo)
  nodo usado: https://esgf.ceda.ac.uk/esg-search/search
Buscando MIROC-ES2H en nodos alternativos ...
  https://esgf.ceda.ac.uk/esg-search/search: sin variant_label comun a los 3 experimentos
  https://esgf-data.dkrz.de/esg-search/search: sin variant_label comun a los 3 experimentos
  ESGF respondio 500 en https://esgf-node.ipsl.upmc.fr/esg-search/search -- reintento 1/2 en 6s
  https://esgf-node.ipsl.upmc.fr/esg-search/search: fallo (500 Server Error: 500 for url: https://esgf-node.ipsl.upmc.fr/esg-search/search?project=CMIP6&source_id=MIROC-ES2H&experiment_id=historical&variable_id=tos&table_id=Omon&type=File&format=application%2Fsolr%2Bjson&limit=0&facets=variant_label)
    historical: el archivo de empalme no responde, se descarta todo el experimento
    ssp245: el archivo de empalme no responde, se descarta todo el experimento
    ssp370: el archivo de empalme no responde, se descarta todo el experimento
    ssp585: el archivo de empalme no responde, se descarta todo el experimento
  https://esg-dn1.nsc.liu.se/esg-search/search: incompleto {'historical': 0, 'ssp245': 0, 'ssp370': 0, 'ssp585': 0}
  https://esgf.nci.org.au/esg-search/search: sin variant_label comun a los 3 experimentos
    ssp245: el archivo de empalme no responde, se descarta todo el experimento
    ssp370: el archivo de empalme no responde, se descarta todo el experimento
    ssp585: el archivo de empalme no responde, se descarta todo el experimento
  https://metagrid.esgf-west.org/proxy/search: incompleto {'historical': 1, 'ssp245': 0, 'ssp370': 0, 'ssp585': 0}
    ssp245: el archivo de empalme no responde, se descarta todo el experimento
    ssp370: el archivo de empalme no responde, se descarta todo el experimento
    ssp585: el archivo de empalme no responde, se descarta todo el experimento
  https://esgf-node.ornl.gov/proxy/search: incompleto {'historical': 1, 'ssp245': 0, 'ssp370': 0, 'ssp585': 0}
  https://esgf-metagrid.cloud.dkrz.de/proxy/search: sin variant_label comun a los 3 experimentos

Resueltos via nodo alternativo: 1 -> ['KACE-1-0-G']
Siguen sin encontrarse: 1 -> ['MIROC-ES2H']
(intentar con 02c_download_copernicus_cds.py para los que siguen sin encontrarse)
== 02a (reintento): descarga lo que 02b haya resuelto ==
ACCESS-CM2 historical: ya procesado (paso 04/05), se omite la descarga de crudos
ACCESS-CM2 ssp245: ya procesado (paso 04/05), se omite la descarga de crudos
ACCESS-CM2 ssp370: ya procesado (paso 04/05), se omite la descarga de crudos
ACCESS-CM2 ssp585: ya procesado (paso 04/05), se omite la descarga de crudos
ACCESS-ESM1-5 historical: ya procesado (paso 04/05), se omite la descarga de crudos
ACCESS-ESM1-5 ssp245: ya procesado (paso 04/05), se omite la descarga de crudos
ACCESS-ESM1-5 ssp370: ya procesado (paso 04/05), se omite la descarga de crudos
ACCESS-ESM1-5 ssp585: ya procesado (paso 04/05), se omite la descarga de crudos
AWI-CM-1-1-MR historical: ya procesado (paso 04/05), se omite la descarga de crudos
AWI-CM-1-1-MR ssp245: ya procesado (paso 04/05), se omite la descarga de crudos
AWI-CM-1-1-MR ssp370: ya procesado (paso 04/05), se omite la descarga de crudos
AWI-CM-1-1-MR ssp585: ya procesado (paso 04/05), se omite la descarga de crudos
BCC-CSM2-MR historical: ya procesado (paso 04/05), se omite la descarga de crudos
BCC-CSM2-MR ssp245: ya procesado (paso 04/05), se omite la descarga de crudos
BCC-CSM2-MR ssp370: ya procesado (paso 04/05), se omite la descarga de crudos
BCC-CSM2-MR ssp585: ya procesado (paso 04/05), se omite la descarga de crudos
CAMS-CSM1-0 historical: ya procesado (paso 04/05), se omite la descarga de crudos
CAMS-CSM1-0 ssp245: ya procesado (paso 04/05), se omite la descarga de crudos
CAMS-CSM1-0 ssp370: ya procesado (paso 04/05), se omite la descarga de crudos
CAMS-CSM1-0 ssp585: ya procesado (paso 04/05), se omite la descarga de crudos
CAS-ESM2-0 historical: ya procesado (paso 04/05), se omite la descarga de crudos
CAS-ESM2-0 ssp245: ya procesado (paso 04/05), se omite la descarga de crudos
CAS-ESM2-0 ssp370: ya procesado (paso 04/05), se omite la descarga de crudos
CAS-ESM2-0 ssp585: ya procesado (paso 04/05), se omite la descarga de crudos
CESM2 historical: ya procesado (paso 04/05), se omite la descarga de crudos
CESM2 ssp245: ya procesado (paso 04/05), se omite la descarga de crudos
CESM2 ssp370: ya procesado (paso 04/05), se omite la descarga de crudos
CESM2 ssp585: ya procesado (paso 04/05), se omite la descarga de crudos
CESM2-WACCM historical: ya procesado (paso 04/05), se omite la descarga de crudos
CESM2-WACCM ssp245: ya procesado (paso 04/05), se omite la descarga de crudos
CESM2-WACCM ssp370: ya procesado (paso 04/05), se omite la descarga de crudos
CESM2-WACCM ssp585: ya procesado (paso 04/05), se omite la descarga de crudos
CMCC-CM2-SR5 historical: ya procesado (paso 04/05), se omite la descarga de crudos
CMCC-CM2-SR5 ssp245: ya procesado (paso 04/05), se omite la descarga de crudos
CMCC-CM2-SR5 ssp370: ya procesado (paso 04/05), se omite la descarga de crudos
CMCC-CM2-SR5 ssp585: ya procesado (paso 04/05), se omite la descarga de crudos
CMCC-ESM2 historical: ya procesado (paso 04/05), se omite la descarga de crudos
CMCC-ESM2 ssp245: ya procesado (paso 04/05), se omite la descarga de crudos
CMCC-ESM2 ssp370: ya procesado (paso 04/05), se omite la descarga de crudos
CMCC-ESM2 ssp585: ya procesado (paso 04/05), se omite la descarga de crudos
CNRM-CM6-1 historical: ya procesado (paso 04/05), se omite la descarga de crudos
CNRM-CM6-1 ssp245: ya procesado (paso 04/05), se omite la descarga de crudos
CNRM-CM6-1 ssp370: ya procesado (paso 04/05), se omite la descarga de crudos
CNRM-CM6-1 ssp585: ya procesado (paso 04/05), se omite la descarga de crudos
CNRM-CM6-1-HR historical: ya procesado (paso 04/05), se omite la descarga de crudos
CNRM-CM6-1-HR ssp245: ya procesado (paso 04/05), se omite la descarga de crudos
CNRM-CM6-1-HR ssp370: ya procesado (paso 04/05), se omite la descarga de crudos
CNRM-CM6-1-HR ssp585: ya procesado (paso 04/05), se omite la descarga de crudos
CNRM-ESM2-1 historical: ya procesado (paso 04/05), se omite la descarga de crudos
CNRM-ESM2-1 ssp245: ya procesado (paso 04/05), se omite la descarga de crudos
CNRM-ESM2-1 ssp370: ya procesado (paso 04/05), se omite la descarga de crudos
CNRM-ESM2-1 ssp585: ya procesado (paso 04/05), se omite la descarga de crudos
CanESM5 historical: ya procesado (paso 04/05), se omite la descarga de crudos
CanESM5 ssp245: ya procesado (paso 04/05), se omite la descarga de crudos
CanESM5 ssp370: ya procesado (paso 04/05), se omite la descarga de crudos
CanESM5 ssp585: ya procesado (paso 04/05), se omite la descarga de crudos
CanESM5-1 historical: ya procesado (paso 04/05), se omite la descarga de crudos
CanESM5-1 ssp245: ya procesado (paso 04/05), se omite la descarga de crudos
CanESM5-1 ssp370: ya procesado (paso 04/05), se omite la descarga de crudos
CanESM5-1 ssp585: ya procesado (paso 04/05), se omite la descarga de crudos
CanESM5-CanOE historical: ya procesado (paso 04/05), se omite la descarga de crudos
CanESM5-CanOE ssp245: ya procesado (paso 04/05), se omite la descarga de crudos
CanESM5-CanOE ssp370: ya procesado (paso 04/05), se omite la descarga de crudos
CanESM5-CanOE ssp585: ya procesado (paso 04/05), se omite la descarga de crudos
EC-Earth3 historical: ya procesado (paso 04/05), se omite la descarga de crudos
EC-Earth3 ssp245: ya procesado (paso 04/05), se omite la descarga de crudos
EC-Earth3 ssp370: ya procesado (paso 04/05), se omite la descarga de crudos
EC-Earth3 ssp585: ya procesado (paso 04/05), se omite la descarga de crudos
EC-Earth3-Veg historical: ya procesado (paso 04/05), se omite la descarga de crudos
EC-Earth3-Veg ssp245: ya procesado (paso 04/05), se omite la descarga de crudos
EC-Earth3-Veg ssp370: ya procesado (paso 04/05), se omite la descarga de crudos
EC-Earth3-Veg ssp585: ya procesado (paso 04/05), se omite la descarga de crudos
EC-Earth3-Veg-LR historical: ya procesado (paso 04/05), se omite la descarga de crudos
EC-Earth3-Veg-LR ssp245: ya procesado (paso 04/05), se omite la descarga de crudos
EC-Earth3-Veg-LR ssp370: ya procesado (paso 04/05), se omite la descarga de crudos
EC-Earth3-Veg-LR ssp585: ya procesado (paso 04/05), se omite la descarga de crudos
FGOALS-f3-L historical: ya procesado (paso 04/05), se omite la descarga de crudos
FGOALS-f3-L ssp245: ya procesado (paso 04/05), se omite la descarga de crudos
FGOALS-f3-L ssp370: ya procesado (paso 04/05), se omite la descarga de crudos
FGOALS-f3-L ssp585: ya procesado (paso 04/05), se omite la descarga de crudos
FGOALS-g3 historical: ya procesado (paso 04/05), se omite la descarga de crudos
FGOALS-g3 ssp245: ya procesado (paso 04/05), se omite la descarga de crudos
FGOALS-g3 ssp370: ya procesado (paso 04/05), se omite la descarga de crudos
FGOALS-g3 ssp585: ya procesado (paso 04/05), se omite la descarga de crudos
GFDL-ESM4 historical: ya procesado (paso 04/05), se omite la descarga de crudos
GFDL-ESM4 ssp245: ya procesado (paso 04/05), se omite la descarga de crudos
GFDL-ESM4 ssp370: ya procesado (paso 04/05), se omite la descarga de crudos
GFDL-ESM4 ssp585: ya procesado (paso 04/05), se omite la descarga de crudos
GISS-E2-1-G historical: ya procesado (paso 04/05), se omite la descarga de crudos
GISS-E2-1-G ssp245: ya procesado (paso 04/05), se omite la descarga de crudos
GISS-E2-1-G ssp370: ya procesado (paso 04/05), se omite la descarga de crudos
GISS-E2-1-G ssp585: ya procesado (paso 04/05), se omite la descarga de crudos
GISS-E2-1-H historical: ya procesado (paso 04/05), se omite la descarga de crudos
GISS-E2-1-H ssp245: ya procesado (paso 04/05), se omite la descarga de crudos
GISS-E2-1-H ssp370: ya procesado (paso 04/05), se omite la descarga de crudos
GISS-E2-1-H ssp585: ya procesado (paso 04/05), se omite la descarga de crudos
GISS-E2-2-G historical: ya procesado (paso 04/05), se omite la descarga de crudos
GISS-E2-2-G ssp245: ya procesado (paso 04/05), se omite la descarga de crudos
GISS-E2-2-G ssp370: ya procesado (paso 04/05), se omite la descarga de crudos
GISS-E2-2-G ssp585: ya procesado (paso 04/05), se omite la descarga de crudos
IITM-ESM historical: ya procesado (paso 04/05), se omite la descarga de crudos
IITM-ESM ssp245: ya procesado (paso 04/05), se omite la descarga de crudos
IITM-ESM ssp370: ya procesado (paso 04/05), se omite la descarga de crudos
IITM-ESM ssp585: ya procesado (paso 04/05), se omite la descarga de crudos
INM-CM4-8 historical: ya procesado (paso 04/05), se omite la descarga de crudos
INM-CM4-8 ssp245: ya procesado (paso 04/05), se omite la descarga de crudos
INM-CM4-8 ssp370: ya procesado (paso 04/05), se omite la descarga de crudos
INM-CM4-8 ssp585: ya procesado (paso 04/05), se omite la descarga de crudos
INM-CM5-0 historical: ya procesado (paso 04/05), se omite la descarga de crudos
INM-CM5-0 ssp245: ya procesado (paso 04/05), se omite la descarga de crudos
INM-CM5-0 ssp370: ya procesado (paso 04/05), se omite la descarga de crudos
INM-CM5-0 ssp585: ya procesado (paso 04/05), se omite la descarga de crudos
IPSL-CM6A-LR historical: ya procesado (paso 04/05), se omite la descarga de crudos
IPSL-CM6A-LR ssp245: ya procesado (paso 04/05), se omite la descarga de crudos
IPSL-CM6A-LR ssp370: ya procesado (paso 04/05), se omite la descarga de crudos
IPSL-CM6A-LR ssp585: ya procesado (paso 04/05), se omite la descarga de crudos
MCM-UA-1-0 historical: ya procesado (paso 04/05), se omite la descarga de crudos
MCM-UA-1-0 ssp245: ya procesado (paso 04/05), se omite la descarga de crudos
MCM-UA-1-0 ssp370: ya procesado (paso 04/05), se omite la descarga de crudos
MCM-UA-1-0 ssp585: ya procesado (paso 04/05), se omite la descarga de crudos
MIROC-ES2L historical: ya procesado (paso 04/05), se omite la descarga de crudos
MIROC-ES2L ssp245: ya procesado (paso 04/05), se omite la descarga de crudos
MIROC-ES2L ssp370: ya procesado (paso 04/05), se omite la descarga de crudos
MIROC-ES2L ssp585: ya procesado (paso 04/05), se omite la descarga de crudos
MIROC6 historical: ya procesado (paso 04/05), se omite la descarga de crudos
MIROC6 ssp245: ya procesado (paso 04/05), se omite la descarga de crudos
MIROC6 ssp370: ya procesado (paso 04/05), se omite la descarga de crudos
MIROC6 ssp585: ya procesado (paso 04/05), se omite la descarga de crudos
MPI-ESM1-2-HR historical: ya procesado (paso 04/05), se omite la descarga de crudos
MPI-ESM1-2-HR ssp245: ya procesado (paso 04/05), se omite la descarga de crudos
MPI-ESM1-2-HR ssp370: ya procesado (paso 04/05), se omite la descarga de crudos
MPI-ESM1-2-HR ssp585: ya procesado (paso 04/05), se omite la descarga de crudos
MPI-ESM1-2-LR historical: ya procesado (paso 04/05), se omite la descarga de crudos
MPI-ESM1-2-LR ssp245: ya procesado (paso 04/05), se omite la descarga de crudos
MPI-ESM1-2-LR ssp370: ya procesado (paso 04/05), se omite la descarga de crudos
MPI-ESM1-2-LR ssp585: ya procesado (paso 04/05), se omite la descarga de crudos
MRI-ESM2-0 historical: ya procesado (paso 04/05), se omite la descarga de crudos
MRI-ESM2-0 ssp245: ya procesado (paso 04/05), se omite la descarga de crudos
MRI-ESM2-0 ssp370: ya procesado (paso 04/05), se omite la descarga de crudos
MRI-ESM2-0 ssp585: ya procesado (paso 04/05), se omite la descarga de crudos
NorESM2-LM historical: ya procesado (paso 04/05), se omite la descarga de crudos
NorESM2-LM ssp245: ya procesado (paso 04/05), se omite la descarga de crudos
NorESM2-LM ssp370: ya procesado (paso 04/05), se omite la descarga de crudos
NorESM2-LM ssp585: ya procesado (paso 04/05), se omite la descarga de crudos
NorESM2-MM historical: ya procesado (paso 04/05), se omite la descarga de crudos
NorESM2-MM ssp245: ya procesado (paso 04/05), se omite la descarga de crudos
NorESM2-MM ssp370: ya procesado (paso 04/05), se omite la descarga de crudos
NorESM2-MM ssp585: ya procesado (paso 04/05), se omite la descarga de crudos
TaiESM1 historical: ya procesado (paso 04/05), se omite la descarga de crudos
TaiESM1 ssp245: ya procesado (paso 04/05), se omite la descarga de crudos
TaiESM1 ssp370: ya procesado (paso 04/05), se omite la descarga de crudos
TaiESM1 ssp585: ya procesado (paso 04/05), se omite la descarga de crudos
UKESM1-0-LL historical: ya procesado (paso 04/05), se omite la descarga de crudos
UKESM1-0-LL ssp245: ya procesado (paso 04/05), se omite la descarga de crudos
UKESM1-0-LL ssp370: ya procesado (paso 04/05), se omite la descarga de crudos
UKESM1-0-LL ssp585: ya procesado (paso 04/05), se omite la descarga de crudos
KACE-1-0-G historical: ya procesado (paso 04/05), se omite la descarga de crudos
KACE-1-0-G ssp245: ya procesado (paso 04/05), se omite la descarga de crudos
KACE-1-0-G ssp370: ya procesado (paso 04/05), se omite la descarga de crudos
KACE-1-0-G ssp585: ya procesado (paso 04/05), se omite la descarga de crudos
1 de 1 modelos aun sin encontrar estan en la lista blanca de Copernicus
== 02c: probando Copernicus CDS (solo lista blanca, ver arriba) ==
1 modelos via Copernicus CDS: ['MIROC-ES2H']
Procesando MIROC-ES2H historical via Copernicus CDS ...
2026-09-21 21:32:55,977 INFO Request ID is ba24736e-ac8e-4ade-946f-7bcefabc88ba
2026-09-21 21:32:56,426 INFO status has been updated to accepted
2026-09-21 21:33:20,634 INFO status has been updated to failed
  MIROC-ES2H historical: fallo CDS (400 Client Error: Bad Request for url: https://cds.climate.copernicus.eu/api/retrieve/v1/jobs/ba24736e-ac8e-4ade-946f-7bcefabc88ba/results
The job has failed
The job failed with: RoocsValueError) -- reintento 1/2 en 30s
2026-09-21 21:33:53,174 INFO Request ID is 15e6aaeb-3a19-4d85-af50-e6c3a0aff67d
2026-09-21 21:33:58,833 INFO status has been updated to accepted
2026-09-21 21:34:51,473 INFO status has been updated to failed
Procesando MIROC-ES2H ssp245 via Copernicus CDS ...
2026-09-21 21:34:53,281 INFO Request ID is 4bcffec4-95b4-43d2-8367-a6fcced69dbf
2026-09-21 21:34:53,533 INFO status has been updated to accepted
2026-09-21 21:35:08,050 INFO status has been updated to running
2026-09-21 21:35:15,903 INFO status has been updated to failed
  MIROC-ES2H ssp245: fallo CDS (400 Client Error: Bad Request for url: https://cds.climate.copernicus.eu/api/retrieve/v1/jobs/4bcffec4-95b4-43d2-8367-a6fcced69dbf/results
The job has failed
The job failed with: RoocsValueError) -- reintento 1/2 en 30s
2026-09-21 21:35:48,262 INFO Request ID is f1ed7b3c-61fe-406b-96fb-687acc9e9517
2026-09-21 21:35:48,596 INFO status has been updated to accepted
2026-09-21 21:36:03,199 INFO status has been updated to running
2026-09-21 21:36:11,055 INFO status has been updated to failed
Procesando MIROC-ES2H ssp370 via Copernicus CDS ...
2026-09-21 21:36:16,642 INFO Request ID is 67c074f5-78d0-4795-a415-3cab9659b041
2026-09-21 21:36:16,915 INFO status has been updated to accepted
2026-09-21 21:36:40,342 INFO status has been updated to failed
  MIROC-ES2H ssp370: fallo CDS (400 Client Error: Bad Request for url: https://cds.climate.copernicus.eu/api/retrieve/v1/jobs/67c074f5-78d0-4795-a415-3cab9659b041/results
The job has failed
The job failed with: RoocsValueError) -- reintento 1/2 en 30s
2026-09-21 21:37:12,457 INFO Request ID is f99277f9-bab9-492c-b521-c3abb4fb98a3
2026-09-21 21:37:12,705 INFO status has been updated to accepted
2026-09-21 21:37:37,390 INFO status has been updated to failed
Procesando MIROC-ES2H ssp585 via Copernicus CDS ...
2026-09-21 21:37:40,103 INFO Request ID is f269bd49-934e-4671-995a-29f3208b16e0
2026-09-21 21:37:40,370 INFO status has been updated to accepted
2026-09-21 21:37:55,802 INFO status has been updated to running
2026-09-21 21:38:03,664 INFO status has been updated to failed
  MIROC-ES2H ssp585: fallo CDS (400 Client Error: Bad Request for url: https://cds.climate.copernicus.eu/api/retrieve/v1/jobs/f269bd49-934e-4671-995a-29f3208b16e0/results
The job has failed
The job failed with: RoocsValueError) -- reintento 1/2 en 30s
2026-09-21 21:38:38,472 INFO Request ID is 9dda3807-1253-4582-8f23-fa04bd872046
2026-09-21 21:38:39,336 INFO status has been updated to accepted
2026-09-21 21:38:58,383 INFO status has been updated to running
2026-09-21 21:39:06,244 INFO status has been updated to failed

Revisa logs/download_failures.log para lo que fallo.
1 modelo(s) siguen sin resolverse -- intentos_busqueda incrementado (tope: 3, borrar data/interim/models_catalog_status.csv para reintentar de cero)
Descarga completa (ESGF principal + alternativo + Copernicus segun disponibilidad y credenciales).
== Paso 03: bash scripts/03_download_ersstv5.sh ==
Ya existe data/raw/ersstv5/ersstv5_region.nc, se omite.
== Paso 04: bash scripts/04_process_to_common_grid.sh ==
Preparando pesos de regrilla para ACCESS-CM2 ...
Procesando ACCESS-CM2 historical ...
Sin datos crudos para ACCESS-CM2 historical, se omite
Procesando ACCESS-CM2 ssp245 ...
Sin datos crudos para ACCESS-CM2 ssp245, se omite
Procesando ACCESS-CM2 ssp370 ...
Ya procesado, se omite: tos_ACCESS-CM2_ssp370.nc
Procesando ACCESS-CM2 ssp585 ...
Sin datos crudos para ACCESS-CM2 ssp585, se omite
Preparando pesos de regrilla para ACCESS-ESM1-5 ...
Procesando ACCESS-ESM1-5 historical ...
Sin datos crudos para ACCESS-ESM1-5 historical, se omite
Procesando ACCESS-ESM1-5 ssp245 ...
Sin datos crudos para ACCESS-ESM1-5 ssp245, se omite
Procesando ACCESS-ESM1-5 ssp370 ...
Ya procesado, se omite: tos_ACCESS-ESM1-5_ssp370.nc
Procesando ACCESS-ESM1-5 ssp585 ...
Sin datos crudos para ACCESS-ESM1-5 ssp585, se omite
Preparando pesos de regrilla para AWI-CM-1-1-MR ...
Procesando AWI-CM-1-1-MR historical ...
Sin datos crudos para AWI-CM-1-1-MR historical, se omite
Procesando AWI-CM-1-1-MR ssp245 ...
Sin datos crudos para AWI-CM-1-1-MR ssp245, se omite
Procesando AWI-CM-1-1-MR ssp370 ...
Ya procesado, se omite: tos_AWI-CM-1-1-MR_ssp370.nc
Procesando AWI-CM-1-1-MR ssp585 ...
Sin datos crudos para AWI-CM-1-1-MR ssp585, se omite
Preparando pesos de regrilla para BCC-CSM2-MR ...
Procesando BCC-CSM2-MR historical ...
Ya procesado, se omite: tos_BCC-CSM2-MR_historical.nc
Procesando BCC-CSM2-MR ssp245 ...
Ya procesado, se omite: tos_BCC-CSM2-MR_ssp245.nc
Procesando BCC-CSM2-MR ssp370 ...
Ya procesado, se omite: tos_BCC-CSM2-MR_ssp370.nc
Procesando BCC-CSM2-MR ssp585 ...
Ya procesado, se omite: tos_BCC-CSM2-MR_ssp585.nc
Preparando pesos de regrilla para CAMS-CSM1-0 ...
Procesando CAMS-CSM1-0 historical ...
Ya procesado, se omite: tos_CAMS-CSM1-0_historical.nc
Procesando CAMS-CSM1-0 ssp245 ...
Ya procesado, se omite: tos_CAMS-CSM1-0_ssp245.nc
Procesando CAMS-CSM1-0 ssp370 ...
Ya procesado, se omite: tos_CAMS-CSM1-0_ssp370.nc
Procesando CAMS-CSM1-0 ssp585 ...
Ya procesado, se omite: tos_CAMS-CSM1-0_ssp585.nc
Preparando pesos de regrilla para CanESM5 ...
Procesando CanESM5 historical ...
Ya procesado, se omite: tos_CanESM5_historical.nc
Procesando CanESM5 ssp245 ...
Ya procesado, se omite: tos_CanESM5_ssp245.nc
Procesando CanESM5 ssp370 ...
Ya procesado, se omite: tos_CanESM5_ssp370.nc
Procesando CanESM5 ssp585 ...
Ya procesado, se omite: tos_CanESM5_ssp585.nc
Preparando pesos de regrilla para CanESM5-1 ...
Procesando CanESM5-1 historical ...
Ya procesado, se omite: tos_CanESM5-1_historical.nc
Procesando CanESM5-1 ssp245 ...
Ya procesado, se omite: tos_CanESM5-1_ssp245.nc
Procesando CanESM5-1 ssp370 ...
Ya procesado, se omite: tos_CanESM5-1_ssp370.nc
Procesando CanESM5-1 ssp585 ...
Ya procesado, se omite: tos_CanESM5-1_ssp585.nc
Preparando pesos de regrilla para CanESM5-CanOE ...
Procesando CanESM5-CanOE historical ...
Ya procesado, se omite: tos_CanESM5-CanOE_historical.nc
Procesando CanESM5-CanOE ssp245 ...
Ya procesado, se omite: tos_CanESM5-CanOE_ssp245.nc
Procesando CanESM5-CanOE ssp370 ...
Ya procesado, se omite: tos_CanESM5-CanOE_ssp370.nc
Procesando CanESM5-CanOE ssp585 ...
Ya procesado, se omite: tos_CanESM5-CanOE_ssp585.nc
Preparando pesos de regrilla para CAS-ESM2-0 ...
Procesando CAS-ESM2-0 historical ...
Ya procesado, se omite: tos_CAS-ESM2-0_historical.nc
Procesando CAS-ESM2-0 ssp245 ...
Ya procesado, se omite: tos_CAS-ESM2-0_ssp245.nc
Procesando CAS-ESM2-0 ssp370 ...
Ya procesado, se omite: tos_CAS-ESM2-0_ssp370.nc
Procesando CAS-ESM2-0 ssp585 ...
Ya procesado, se omite: tos_CAS-ESM2-0_ssp585.nc
Preparando pesos de regrilla para CESM2 ...
Procesando CESM2 historical ...
Ya procesado, se omite: tos_CESM2_historical.nc
Procesando CESM2 ssp245 ...
Ya procesado, se omite: tos_CESM2_ssp245.nc
Procesando CESM2 ssp370 ...
Ya procesado, se omite: tos_CESM2_ssp370.nc
Procesando CESM2 ssp585 ...
Ya procesado, se omite: tos_CESM2_ssp585.nc
Preparando pesos de regrilla para CESM2-WACCM ...
Procesando CESM2-WACCM historical ...
Ya procesado, se omite: tos_CESM2-WACCM_historical.nc
Procesando CESM2-WACCM ssp245 ...
Ya procesado, se omite: tos_CESM2-WACCM_ssp245.nc
Procesando CESM2-WACCM ssp370 ...
Ya procesado, se omite: tos_CESM2-WACCM_ssp370.nc
Procesando CESM2-WACCM ssp585 ...
Ya procesado, se omite: tos_CESM2-WACCM_ssp585.nc
Preparando pesos de regrilla para CMCC-CM2-SR5 ...
Procesando CMCC-CM2-SR5 historical ...
Ya procesado, se omite: tos_CMCC-CM2-SR5_historical.nc
Procesando CMCC-CM2-SR5 ssp245 ...
Ya procesado, se omite: tos_CMCC-CM2-SR5_ssp245.nc
Procesando CMCC-CM2-SR5 ssp370 ...
Ya procesado, se omite: tos_CMCC-CM2-SR5_ssp370.nc
Procesando CMCC-CM2-SR5 ssp585 ...
Ya procesado, se omite: tos_CMCC-CM2-SR5_ssp585.nc
Preparando pesos de regrilla para CMCC-ESM2 ...
Procesando CMCC-ESM2 historical ...
Ya procesado, se omite: tos_CMCC-ESM2_historical.nc
Procesando CMCC-ESM2 ssp245 ...
Ya procesado, se omite: tos_CMCC-ESM2_ssp245.nc
Procesando CMCC-ESM2 ssp370 ...
Ya procesado, se omite: tos_CMCC-ESM2_ssp370.nc
Procesando CMCC-ESM2 ssp585 ...
Ya procesado, se omite: tos_CMCC-ESM2_ssp585.nc
Preparando pesos de regrilla para CNRM-CM6-1 ...
Procesando CNRM-CM6-1 historical ...
Ya procesado, se omite: tos_CNRM-CM6-1_historical.nc
Procesando CNRM-CM6-1 ssp245 ...
Ya procesado, se omite: tos_CNRM-CM6-1_ssp245.nc
Procesando CNRM-CM6-1 ssp370 ...
Ya procesado, se omite: tos_CNRM-CM6-1_ssp370.nc
Procesando CNRM-CM6-1 ssp585 ...
Ya procesado, se omite: tos_CNRM-CM6-1_ssp585.nc
Preparando pesos de regrilla para CNRM-CM6-1-HR ...
Procesando CNRM-CM6-1-HR historical ...
Ya procesado, se omite: tos_CNRM-CM6-1-HR_historical.nc
Procesando CNRM-CM6-1-HR ssp245 ...
Ya procesado, se omite: tos_CNRM-CM6-1-HR_ssp245.nc
Procesando CNRM-CM6-1-HR ssp370 ...
Ya procesado, se omite: tos_CNRM-CM6-1-HR_ssp370.nc
Procesando CNRM-CM6-1-HR ssp585 ...
Ya procesado, se omite: tos_CNRM-CM6-1-HR_ssp585.nc
Preparando pesos de regrilla para CNRM-ESM2-1 ...
Procesando CNRM-ESM2-1 historical ...
Ya procesado, se omite: tos_CNRM-ESM2-1_historical.nc
Procesando CNRM-ESM2-1 ssp245 ...
Ya procesado, se omite: tos_CNRM-ESM2-1_ssp245.nc
Procesando CNRM-ESM2-1 ssp370 ...
Ya procesado, se omite: tos_CNRM-ESM2-1_ssp370.nc
Procesando CNRM-ESM2-1 ssp585 ...
Ya procesado, se omite: tos_CNRM-ESM2-1_ssp585.nc
Preparando pesos de regrilla para EC-Earth3 ...
Procesando EC-Earth3 historical ...
Ya procesado, se omite: tos_EC-Earth3_historical.nc
Procesando EC-Earth3 ssp245 ...
Ya procesado, se omite: tos_EC-Earth3_ssp245.nc
Procesando EC-Earth3 ssp370 ...
Ya procesado, se omite: tos_EC-Earth3_ssp370.nc
Procesando EC-Earth3 ssp585 ...
Ya procesado, se omite: tos_EC-Earth3_ssp585.nc
Preparando pesos de regrilla para EC-Earth3-Veg ...
Procesando EC-Earth3-Veg historical ...
Ya procesado, se omite: tos_EC-Earth3-Veg_historical.nc
Procesando EC-Earth3-Veg ssp245 ...
Ya procesado, se omite: tos_EC-Earth3-Veg_ssp245.nc
Procesando EC-Earth3-Veg ssp370 ...
Ya procesado, se omite: tos_EC-Earth3-Veg_ssp370.nc
Procesando EC-Earth3-Veg ssp585 ...
Ya procesado, se omite: tos_EC-Earth3-Veg_ssp585.nc
Preparando pesos de regrilla para EC-Earth3-Veg-LR ...
Procesando EC-Earth3-Veg-LR historical ...
Ya procesado, se omite: tos_EC-Earth3-Veg-LR_historical.nc
Procesando EC-Earth3-Veg-LR ssp245 ...
Ya procesado, se omite: tos_EC-Earth3-Veg-LR_ssp245.nc
Procesando EC-Earth3-Veg-LR ssp370 ...
Ya procesado, se omite: tos_EC-Earth3-Veg-LR_ssp370.nc
Procesando EC-Earth3-Veg-LR ssp585 ...
Ya procesado, se omite: tos_EC-Earth3-Veg-LR_ssp585.nc
Preparando pesos de regrilla para FGOALS-f3-L ...
Procesando FGOALS-f3-L historical ...
Ya procesado, se omite: tos_FGOALS-f3-L_historical.nc
Procesando FGOALS-f3-L ssp245 ...
Ya procesado, se omite: tos_FGOALS-f3-L_ssp245.nc
Procesando FGOALS-f3-L ssp370 ...
Ya procesado, se omite: tos_FGOALS-f3-L_ssp370.nc
Procesando FGOALS-f3-L ssp585 ...
Ya procesado, se omite: tos_FGOALS-f3-L_ssp585.nc
Preparando pesos de regrilla para FGOALS-g3 ...
Procesando FGOALS-g3 historical ...
Ya procesado, se omite: tos_FGOALS-g3_historical.nc
Procesando FGOALS-g3 ssp245 ...
Ya procesado, se omite: tos_FGOALS-g3_ssp245.nc
Procesando FGOALS-g3 ssp370 ...
Ya procesado, se omite: tos_FGOALS-g3_ssp370.nc
Procesando FGOALS-g3 ssp585 ...
Ya procesado, se omite: tos_FGOALS-g3_ssp585.nc
Preparando pesos de regrilla para GFDL-ESM4 ...
Procesando GFDL-ESM4 historical ...
Ya procesado, se omite: tos_GFDL-ESM4_historical.nc
Procesando GFDL-ESM4 ssp245 ...
Ya procesado, se omite: tos_GFDL-ESM4_ssp245.nc
Procesando GFDL-ESM4 ssp370 ...
Ya procesado, se omite: tos_GFDL-ESM4_ssp370.nc
Procesando GFDL-ESM4 ssp585 ...
Ya procesado, se omite: tos_GFDL-ESM4_ssp585.nc
Preparando pesos de regrilla para GISS-E2-1-G ...
Procesando GISS-E2-1-G historical ...
Ya procesado, se omite: tos_GISS-E2-1-G_historical.nc
Procesando GISS-E2-1-G ssp245 ...
Ya procesado, se omite: tos_GISS-E2-1-G_ssp245.nc
Procesando GISS-E2-1-G ssp370 ...
Ya procesado, se omite: tos_GISS-E2-1-G_ssp370.nc
Procesando GISS-E2-1-G ssp585 ...
Ya procesado, se omite: tos_GISS-E2-1-G_ssp585.nc
Preparando pesos de regrilla para GISS-E2-1-H ...
Procesando GISS-E2-1-H historical ...
Ya procesado, se omite: tos_GISS-E2-1-H_historical.nc
Procesando GISS-E2-1-H ssp245 ...
Ya procesado, se omite: tos_GISS-E2-1-H_ssp245.nc
Procesando GISS-E2-1-H ssp370 ...
Ya procesado, se omite: tos_GISS-E2-1-H_ssp370.nc
Procesando GISS-E2-1-H ssp585 ...
Ya procesado, se omite: tos_GISS-E2-1-H_ssp585.nc
Preparando pesos de regrilla para GISS-E2-2-G ...
Procesando GISS-E2-2-G historical ...
Ya procesado, se omite: tos_GISS-E2-2-G_historical.nc
Procesando GISS-E2-2-G ssp245 ...
Ya procesado, se omite: tos_GISS-E2-2-G_ssp245.nc
Procesando GISS-E2-2-G ssp370 ...
Ya procesado, se omite: tos_GISS-E2-2-G_ssp370.nc
Procesando GISS-E2-2-G ssp585 ...
Ya procesado, se omite: tos_GISS-E2-2-G_ssp585.nc
Preparando pesos de regrilla para IITM-ESM ...
Procesando IITM-ESM historical ...
Ya procesado, se omite: tos_IITM-ESM_historical.nc
Procesando IITM-ESM ssp245 ...
Ya procesado, se omite: tos_IITM-ESM_ssp245.nc
Procesando IITM-ESM ssp370 ...
Ya procesado, se omite: tos_IITM-ESM_ssp370.nc
Procesando IITM-ESM ssp585 ...
Ya procesado, se omite: tos_IITM-ESM_ssp585.nc
Preparando pesos de regrilla para INM-CM4-8 ...
Procesando INM-CM4-8 historical ...
Ya procesado, se omite: tos_INM-CM4-8_historical.nc
Procesando INM-CM4-8 ssp245 ...
Ya procesado, se omite: tos_INM-CM4-8_ssp245.nc
Procesando INM-CM4-8 ssp370 ...
Ya procesado, se omite: tos_INM-CM4-8_ssp370.nc
Procesando INM-CM4-8 ssp585 ...
Ya procesado, se omite: tos_INM-CM4-8_ssp585.nc
Preparando pesos de regrilla para INM-CM5-0 ...
Procesando INM-CM5-0 historical ...
Ya procesado, se omite: tos_INM-CM5-0_historical.nc
Procesando INM-CM5-0 ssp245 ...
Ya procesado, se omite: tos_INM-CM5-0_ssp245.nc
Procesando INM-CM5-0 ssp370 ...
Ya procesado, se omite: tos_INM-CM5-0_ssp370.nc
Procesando INM-CM5-0 ssp585 ...
Ya procesado, se omite: tos_INM-CM5-0_ssp585.nc
Preparando pesos de regrilla para IPSL-CM6A-LR ...
Procesando IPSL-CM6A-LR historical ...
Ya procesado, se omite: tos_IPSL-CM6A-LR_historical.nc
Procesando IPSL-CM6A-LR ssp245 ...
Ya procesado, se omite: tos_IPSL-CM6A-LR_ssp245.nc
Procesando IPSL-CM6A-LR ssp370 ...
Ya procesado, se omite: tos_IPSL-CM6A-LR_ssp370.nc
Procesando IPSL-CM6A-LR ssp585 ...
Ya procesado, se omite: tos_IPSL-CM6A-LR_ssp585.nc
Preparando pesos de regrilla para KACE-1-0-G ...
Procesando KACE-1-0-G historical ...
Ya procesado, se omite: tos_KACE-1-0-G_historical.nc
Procesando KACE-1-0-G ssp245 ...
Ya procesado, se omite: tos_KACE-1-0-G_ssp245.nc
Procesando KACE-1-0-G ssp370 ...
Ya procesado, se omite: tos_KACE-1-0-G_ssp370.nc
Procesando KACE-1-0-G ssp585 ...
Ya procesado, se omite: tos_KACE-1-0-G_ssp585.nc
Preparando pesos de regrilla para MCM-UA-1-0 ...
Procesando MCM-UA-1-0 historical ...
Ya procesado, se omite: tos_MCM-UA-1-0_historical.nc
Procesando MCM-UA-1-0 ssp245 ...
Ya procesado, se omite: tos_MCM-UA-1-0_ssp245.nc
Procesando MCM-UA-1-0 ssp370 ...
Ya procesado, se omite: tos_MCM-UA-1-0_ssp370.nc
Procesando MCM-UA-1-0 ssp585 ...
Ya procesado, se omite: tos_MCM-UA-1-0_ssp585.nc
Preparando pesos de regrilla para MIROC6 ...
Procesando MIROC6 historical ...
Ya procesado, se omite: tos_MIROC6_historical.nc
Procesando MIROC6 ssp245 ...
Ya procesado, se omite: tos_MIROC6_ssp245.nc
Procesando MIROC6 ssp370 ...
Ya procesado, se omite: tos_MIROC6_ssp370.nc
Procesando MIROC6 ssp585 ...
Ya procesado, se omite: tos_MIROC6_ssp585.nc
Preparando pesos de regrilla para MIROC-ES2L ...
Procesando MIROC-ES2L historical ...
Ya procesado, se omite: tos_MIROC-ES2L_historical.nc
Procesando MIROC-ES2L ssp245 ...
Ya procesado, se omite: tos_MIROC-ES2L_ssp245.nc
Procesando MIROC-ES2L ssp370 ...
Ya procesado, se omite: tos_MIROC-ES2L_ssp370.nc
Procesando MIROC-ES2L ssp585 ...
Ya procesado, se omite: tos_MIROC-ES2L_ssp585.nc
Preparando pesos de regrilla para MPI-ESM1-2-HR ...
Procesando MPI-ESM1-2-HR historical ...
Ya procesado, se omite: tos_MPI-ESM1-2-HR_historical.nc
Procesando MPI-ESM1-2-HR ssp245 ...
Ya procesado, se omite: tos_MPI-ESM1-2-HR_ssp245.nc
Procesando MPI-ESM1-2-HR ssp370 ...
Ya procesado, se omite: tos_MPI-ESM1-2-HR_ssp370.nc
Procesando MPI-ESM1-2-HR ssp585 ...
Ya procesado, se omite: tos_MPI-ESM1-2-HR_ssp585.nc
Preparando pesos de regrilla para MPI-ESM1-2-LR ...
Procesando MPI-ESM1-2-LR historical ...
Ya procesado, se omite: tos_MPI-ESM1-2-LR_historical.nc
Procesando MPI-ESM1-2-LR ssp245 ...
Ya procesado, se omite: tos_MPI-ESM1-2-LR_ssp245.nc
Procesando MPI-ESM1-2-LR ssp370 ...
Ya procesado, se omite: tos_MPI-ESM1-2-LR_ssp370.nc
Procesando MPI-ESM1-2-LR ssp585 ...
Ya procesado, se omite: tos_MPI-ESM1-2-LR_ssp585.nc
Preparando pesos de regrilla para MRI-ESM2-0 ...
Procesando MRI-ESM2-0 historical ...
Ya procesado, se omite: tos_MRI-ESM2-0_historical.nc
Procesando MRI-ESM2-0 ssp245 ...
Ya procesado, se omite: tos_MRI-ESM2-0_ssp245.nc
Procesando MRI-ESM2-0 ssp370 ...
Ya procesado, se omite: tos_MRI-ESM2-0_ssp370.nc
Procesando MRI-ESM2-0 ssp585 ...
Ya procesado, se omite: tos_MRI-ESM2-0_ssp585.nc
Preparando pesos de regrilla para NorESM2-LM ...
Procesando NorESM2-LM historical ...
Ya procesado, se omite: tos_NorESM2-LM_historical.nc
Procesando NorESM2-LM ssp245 ...
Ya procesado, se omite: tos_NorESM2-LM_ssp245.nc
Procesando NorESM2-LM ssp370 ...
Ya procesado, se omite: tos_NorESM2-LM_ssp370.nc
Procesando NorESM2-LM ssp585 ...
Ya procesado, se omite: tos_NorESM2-LM_ssp585.nc
Preparando pesos de regrilla para NorESM2-MM ...
Procesando NorESM2-MM historical ...
Ya procesado, se omite: tos_NorESM2-MM_historical.nc
Procesando NorESM2-MM ssp245 ...
Ya procesado, se omite: tos_NorESM2-MM_ssp245.nc
Procesando NorESM2-MM ssp370 ...
Ya procesado, se omite: tos_NorESM2-MM_ssp370.nc
Procesando NorESM2-MM ssp585 ...
Ya procesado, se omite: tos_NorESM2-MM_ssp585.nc
Preparando pesos de regrilla para TaiESM1 ...
Procesando TaiESM1 historical ...
Ya procesado, se omite: tos_TaiESM1_historical.nc
Procesando TaiESM1 ssp245 ...
Ya procesado, se omite: tos_TaiESM1_ssp245.nc
Procesando TaiESM1 ssp370 ...
Ya procesado, se omite: tos_TaiESM1_ssp370.nc
Procesando TaiESM1 ssp585 ...
Ya procesado, se omite: tos_TaiESM1_ssp585.nc
Preparando pesos de regrilla para UKESM1-0-LL ...
Procesando UKESM1-0-LL historical ...
Ya procesado, se omite: tos_UKESM1-0-LL_historical.nc
Procesando UKESM1-0-LL ssp245 ...
Ya procesado, se omite: tos_UKESM1-0-LL_ssp245.nc
Procesando UKESM1-0-LL ssp370 ...
Ya procesado, se omite: tos_UKESM1-0-LL_ssp370.nc
Procesando UKESM1-0-LL ssp585 ...
Ya procesado, se omite: tos_UKESM1-0-LL_ssp585.nc
== Paso 05: python3 scripts/05_apply_ocean_mask.py ==
Ya procesado, se omite: tos_ACCESS-CM2_ssp370.nc
Ya procesado, se omite: tos_ACCESS-ESM1-5_ssp370.nc
Ya procesado, se omite: tos_AWI-CM-1-1-MR_ssp370.nc
Ya procesado, se omite: tos_BCC-CSM2-MR_historical.nc
Ya procesado, se omite: tos_BCC-CSM2-MR_ssp245.nc
Ya procesado, se omite: tos_BCC-CSM2-MR_ssp370.nc
Ya procesado, se omite: tos_BCC-CSM2-MR_ssp585.nc
Ya procesado, se omite: tos_CAMS-CSM1-0_historical.nc
Ya procesado, se omite: tos_CAMS-CSM1-0_ssp245.nc
Ya procesado, se omite: tos_CAMS-CSM1-0_ssp370.nc
Ya procesado, se omite: tos_CAMS-CSM1-0_ssp585.nc
Ya procesado, se omite: tos_CAS-ESM2-0_historical.nc
Ya procesado, se omite: tos_CAS-ESM2-0_ssp245.nc
Ya procesado, se omite: tos_CAS-ESM2-0_ssp370.nc
Ya procesado, se omite: tos_CAS-ESM2-0_ssp585.nc
Ya procesado, se omite: tos_CESM2-WACCM_historical.nc
Ya procesado, se omite: tos_CESM2-WACCM_ssp245.nc
Ya procesado, se omite: tos_CESM2-WACCM_ssp370.nc
Ya procesado, se omite: tos_CESM2-WACCM_ssp585.nc
Ya procesado, se omite: tos_CESM2_historical.nc
Ya procesado, se omite: tos_CESM2_ssp245.nc
Ya procesado, se omite: tos_CESM2_ssp370.nc
Ya procesado, se omite: tos_CESM2_ssp585.nc
Ya procesado, se omite: tos_CMCC-CM2-SR5_historical.nc
Ya procesado, se omite: tos_CMCC-CM2-SR5_ssp245.nc
Ya procesado, se omite: tos_CMCC-CM2-SR5_ssp370.nc
Ya procesado, se omite: tos_CMCC-CM2-SR5_ssp585.nc
Ya procesado, se omite: tos_CMCC-ESM2_historical.nc
Ya procesado, se omite: tos_CMCC-ESM2_ssp245.nc
Ya procesado, se omite: tos_CMCC-ESM2_ssp370.nc
Ya procesado, se omite: tos_CMCC-ESM2_ssp585.nc
Ya procesado, se omite: tos_CNRM-CM6-1-HR_historical.nc
Ya procesado, se omite: tos_CNRM-CM6-1-HR_ssp245.nc
Ya procesado, se omite: tos_CNRM-CM6-1-HR_ssp370.nc
Ya procesado, se omite: tos_CNRM-CM6-1-HR_ssp585.nc
Ya procesado, se omite: tos_CNRM-CM6-1_historical.nc
Ya procesado, se omite: tos_CNRM-CM6-1_ssp245.nc
Ya procesado, se omite: tos_CNRM-CM6-1_ssp370.nc
Ya procesado, se omite: tos_CNRM-CM6-1_ssp585.nc
Ya procesado, se omite: tos_CNRM-ESM2-1_historical.nc
Ya procesado, se omite: tos_CNRM-ESM2-1_ssp245.nc
Ya procesado, se omite: tos_CNRM-ESM2-1_ssp370.nc
Ya procesado, se omite: tos_CNRM-ESM2-1_ssp585.nc
Ya procesado, se omite: tos_CanESM5-1_historical.nc
Ya procesado, se omite: tos_CanESM5-1_ssp245.nc
Ya procesado, se omite: tos_CanESM5-1_ssp370.nc
Ya procesado, se omite: tos_CanESM5-1_ssp585.nc
Ya procesado, se omite: tos_CanESM5-CanOE_historical.nc
Ya procesado, se omite: tos_CanESM5-CanOE_ssp245.nc
Ya procesado, se omite: tos_CanESM5-CanOE_ssp370.nc
Ya procesado, se omite: tos_CanESM5-CanOE_ssp585.nc
Ya procesado, se omite: tos_CanESM5_historical.nc
Ya procesado, se omite: tos_CanESM5_ssp245.nc
Ya procesado, se omite: tos_CanESM5_ssp370.nc
Ya procesado, se omite: tos_CanESM5_ssp585.nc
Ya procesado, se omite: tos_EC-Earth3-Veg-LR_historical.nc
Ya procesado, se omite: tos_EC-Earth3-Veg-LR_ssp245.nc
Ya procesado, se omite: tos_EC-Earth3-Veg-LR_ssp370.nc
Ya procesado, se omite: tos_EC-Earth3-Veg-LR_ssp585.nc
Ya procesado, se omite: tos_EC-Earth3-Veg_historical.nc
Ya procesado, se omite: tos_EC-Earth3-Veg_ssp245.nc
Ya procesado, se omite: tos_EC-Earth3-Veg_ssp370.nc
Ya procesado, se omite: tos_EC-Earth3-Veg_ssp585.nc
Ya procesado, se omite: tos_EC-Earth3_historical.nc
Ya procesado, se omite: tos_EC-Earth3_ssp245.nc
Ya procesado, se omite: tos_EC-Earth3_ssp370.nc
Ya procesado, se omite: tos_EC-Earth3_ssp585.nc
Ya procesado, se omite: tos_FGOALS-f3-L_historical.nc
Ya procesado, se omite: tos_FGOALS-f3-L_ssp245.nc
Ya procesado, se omite: tos_FGOALS-f3-L_ssp370.nc
Ya procesado, se omite: tos_FGOALS-f3-L_ssp585.nc
Ya procesado, se omite: tos_FGOALS-g3_historical.nc
Ya procesado, se omite: tos_FGOALS-g3_ssp245.nc
Ya procesado, se omite: tos_FGOALS-g3_ssp370.nc
Ya procesado, se omite: tos_FGOALS-g3_ssp585.nc
Ya procesado, se omite: tos_GFDL-ESM4_historical.nc
Ya procesado, se omite: tos_GFDL-ESM4_ssp245.nc
Ya procesado, se omite: tos_GFDL-ESM4_ssp370.nc
Ya procesado, se omite: tos_GFDL-ESM4_ssp585.nc
Ya procesado, se omite: tos_GISS-E2-1-G_historical.nc
Ya procesado, se omite: tos_GISS-E2-1-G_ssp245.nc
Ya procesado, se omite: tos_GISS-E2-1-G_ssp370.nc
Ya procesado, se omite: tos_GISS-E2-1-G_ssp585.nc
Ya procesado, se omite: tos_GISS-E2-1-H_historical.nc
Ya procesado, se omite: tos_GISS-E2-1-H_ssp245.nc
Ya procesado, se omite: tos_GISS-E2-1-H_ssp370.nc
Ya procesado, se omite: tos_GISS-E2-1-H_ssp585.nc
Ya procesado, se omite: tos_GISS-E2-2-G_historical.nc
Ya procesado, se omite: tos_GISS-E2-2-G_ssp245.nc
Ya procesado, se omite: tos_GISS-E2-2-G_ssp370.nc
Ya procesado, se omite: tos_GISS-E2-2-G_ssp585.nc
Ya procesado, se omite: tos_IITM-ESM_historical.nc
Ya procesado, se omite: tos_IITM-ESM_ssp245.nc
Ya procesado, se omite: tos_IITM-ESM_ssp370.nc
Ya procesado, se omite: tos_IITM-ESM_ssp585.nc
Ya procesado, se omite: tos_INM-CM4-8_historical.nc
Ya procesado, se omite: tos_INM-CM4-8_ssp245.nc
Ya procesado, se omite: tos_INM-CM4-8_ssp370.nc
Ya procesado, se omite: tos_INM-CM4-8_ssp585.nc
Ya procesado, se omite: tos_INM-CM5-0_historical.nc
Ya procesado, se omite: tos_INM-CM5-0_ssp245.nc
Ya procesado, se omite: tos_INM-CM5-0_ssp370.nc
Ya procesado, se omite: tos_INM-CM5-0_ssp585.nc
Ya procesado, se omite: tos_IPSL-CM6A-LR_historical.nc
Ya procesado, se omite: tos_IPSL-CM6A-LR_ssp245.nc
Ya procesado, se omite: tos_IPSL-CM6A-LR_ssp370.nc
Ya procesado, se omite: tos_IPSL-CM6A-LR_ssp585.nc
Ya procesado, se omite: tos_KACE-1-0-G_historical.nc
Ya procesado, se omite: tos_KACE-1-0-G_ssp245.nc
Ya procesado, se omite: tos_KACE-1-0-G_ssp370.nc
Ya procesado, se omite: tos_KACE-1-0-G_ssp585.nc
Ya procesado, se omite: tos_MCM-UA-1-0_historical.nc
Ya procesado, se omite: tos_MCM-UA-1-0_ssp245.nc
Ya procesado, se omite: tos_MCM-UA-1-0_ssp370.nc
Ya procesado, se omite: tos_MCM-UA-1-0_ssp585.nc
Ya procesado, se omite: tos_MIROC-ES2L_historical.nc
Ya procesado, se omite: tos_MIROC-ES2L_ssp245.nc
Ya procesado, se omite: tos_MIROC-ES2L_ssp370.nc
Ya procesado, se omite: tos_MIROC-ES2L_ssp585.nc
Ya procesado, se omite: tos_MIROC6_historical.nc
Ya procesado, se omite: tos_MIROC6_ssp245.nc
Ya procesado, se omite: tos_MIROC6_ssp370.nc
Ya procesado, se omite: tos_MIROC6_ssp585.nc
Ya procesado, se omite: tos_MPI-ESM1-2-HR_historical.nc
Ya procesado, se omite: tos_MPI-ESM1-2-HR_ssp245.nc
Ya procesado, se omite: tos_MPI-ESM1-2-HR_ssp370.nc
Ya procesado, se omite: tos_MPI-ESM1-2-HR_ssp585.nc
Ya procesado, se omite: tos_MPI-ESM1-2-LR_historical.nc
Ya procesado, se omite: tos_MPI-ESM1-2-LR_ssp245.nc
Ya procesado, se omite: tos_MPI-ESM1-2-LR_ssp370.nc
Ya procesado, se omite: tos_MPI-ESM1-2-LR_ssp585.nc
Ya procesado, se omite: tos_MRI-ESM2-0_historical.nc
Ya procesado, se omite: tos_MRI-ESM2-0_ssp245.nc
Ya procesado, se omite: tos_MRI-ESM2-0_ssp370.nc
Ya procesado, se omite: tos_MRI-ESM2-0_ssp585.nc
Ya procesado, se omite: tos_NorESM2-LM_historical.nc
Ya procesado, se omite: tos_NorESM2-LM_ssp245.nc
Ya procesado, se omite: tos_NorESM2-LM_ssp370.nc
Ya procesado, se omite: tos_NorESM2-LM_ssp585.nc
Ya procesado, se omite: tos_NorESM2-MM_historical.nc
Ya procesado, se omite: tos_NorESM2-MM_ssp245.nc
Ya procesado, se omite: tos_NorESM2-MM_ssp370.nc
Ya procesado, se omite: tos_NorESM2-MM_ssp585.nc
Ya procesado, se omite: tos_TaiESM1_historical.nc
Ya procesado, se omite: tos_TaiESM1_ssp245.nc
Ya procesado, se omite: tos_TaiESM1_ssp370.nc
Ya procesado, se omite: tos_TaiESM1_ssp585.nc
Ya procesado, se omite: tos_UKESM1-0-LL_historical.nc
Ya procesado, se omite: tos_UKESM1-0-LL_ssp245.nc
Ya procesado, se omite: tos_UKESM1-0-LL_ssp370.nc
Ya procesado, se omite: tos_UKESM1-0-LL_ssp585.nc
== Paso 06: python3 scripts/06_qc_checks.py data/processed/masked data/processed/qc_report.csv ==
QC escrito en data/processed/qc_report.csv (160 archivos, 160 reusados de una corrida anterior, 0 con fallas)
== Paso 07: python3 scripts/07_build_inventory_report.py data/processed/qc_report.csv data/processed/masked data/processed/models_inventory_final.csv ==
Inventario final escrito en data/processed/models_inventory_final.csv (40/40 modelos seleccionados)
Pipeline completo.
== Registro de modelos ==
/home/jonathan/personal/e1_smn/informe/model_registry.csv: 102 modelos (41 con institucion/grilla, los que llegaron a ser seed -- ver config/models_seed_cmip6.csv)
== Graficos: plot_maps.py ==
41 mapa(s) 2D ya existen. Regenerar TODAS? [s/N, 15s, por defecto N] 
(sin respuesta en 15s, se mantienen las existentes)
Graficando mapas: 40 modelo(s) + ERSSTv5 ...
  ACCESS-CM2
  ACCESS-CM2: sst_2d_ACCESS-CM2.png ya existe, se omite
  ACCESS-ESM1-5
  ACCESS-ESM1-5: sst_2d_ACCESS-ESM1-5.png ya existe, se omite
  AWI-CM-1-1-MR
  AWI-CM-1-1-MR: sst_2d_AWI-CM-1-1-MR.png ya existe, se omite
  BCC-CSM2-MR
  BCC-CSM2-MR: sst_2d_BCC-CSM2-MR.png ya existe, se omite
  CAMS-CSM1-0
  CAMS-CSM1-0: sst_2d_CAMS-CSM1-0.png ya existe, se omite
  CAS-ESM2-0
  CAS-ESM2-0: sst_2d_CAS-ESM2-0.png ya existe, se omite
  CESM2
  CESM2: sst_2d_CESM2.png ya existe, se omite
  CESM2-WACCM
  CESM2-WACCM: sst_2d_CESM2-WACCM.png ya existe, se omite
  CMCC-CM2-SR5
  CMCC-CM2-SR5: sst_2d_CMCC-CM2-SR5.png ya existe, se omite
  CMCC-ESM2
  CMCC-ESM2: sst_2d_CMCC-ESM2.png ya existe, se omite
  CNRM-CM6-1
  CNRM-CM6-1: sst_2d_CNRM-CM6-1.png ya existe, se omite
  CNRM-CM6-1-HR
  CNRM-CM6-1-HR: sst_2d_CNRM-CM6-1-HR.png ya existe, se omite
  CNRM-ESM2-1
  CNRM-ESM2-1: sst_2d_CNRM-ESM2-1.png ya existe, se omite
  CanESM5
  CanESM5: sst_2d_CanESM5.png ya existe, se omite
  CanESM5-1
  CanESM5-1: sst_2d_CanESM5-1.png ya existe, se omite
  CanESM5-CanOE
  CanESM5-CanOE: sst_2d_CanESM5-CanOE.png ya existe, se omite
  EC-Earth3
  EC-Earth3: sst_2d_EC-Earth3.png ya existe, se omite
  EC-Earth3-Veg
  EC-Earth3-Veg: sst_2d_EC-Earth3-Veg.png ya existe, se omite
  EC-Earth3-Veg-LR
  EC-Earth3-Veg-LR: sst_2d_EC-Earth3-Veg-LR.png ya existe, se omite
  FGOALS-f3-L
  FGOALS-f3-L: sst_2d_FGOALS-f3-L.png ya existe, se omite
  FGOALS-g3
  FGOALS-g3: sst_2d_FGOALS-g3.png ya existe, se omite
  GFDL-ESM4
  GFDL-ESM4: sst_2d_GFDL-ESM4.png ya existe, se omite
  GISS-E2-1-G
  GISS-E2-1-G: sst_2d_GISS-E2-1-G.png ya existe, se omite
  GISS-E2-1-H
  GISS-E2-1-H: sst_2d_GISS-E2-1-H.png ya existe, se omite
  GISS-E2-2-G
  GISS-E2-2-G: sst_2d_GISS-E2-2-G.png ya existe, se omite
  IITM-ESM
  IITM-ESM: sst_2d_IITM-ESM.png ya existe, se omite
  INM-CM4-8
  INM-CM4-8: sst_2d_INM-CM4-8.png ya existe, se omite
  INM-CM5-0
  INM-CM5-0: sst_2d_INM-CM5-0.png ya existe, se omite
  IPSL-CM6A-LR
  IPSL-CM6A-LR: sst_2d_IPSL-CM6A-LR.png ya existe, se omite
  KACE-1-0-G
  KACE-1-0-G: sst_2d_KACE-1-0-G.png ya existe, se omite
  MCM-UA-1-0
  MCM-UA-1-0: sst_2d_MCM-UA-1-0.png ya existe, se omite
  MIROC-ES2L
  MIROC-ES2L: sst_2d_MIROC-ES2L.png ya existe, se omite
  MIROC6
  MIROC6: sst_2d_MIROC6.png ya existe, se omite
  MPI-ESM1-2-HR
  MPI-ESM1-2-HR: sst_2d_MPI-ESM1-2-HR.png ya existe, se omite
  MPI-ESM1-2-LR
  MPI-ESM1-2-LR: sst_2d_MPI-ESM1-2-LR.png ya existe, se omite
  MRI-ESM2-0
  MRI-ESM2-0: sst_2d_MRI-ESM2-0.png ya existe, se omite
  NorESM2-LM
  NorESM2-LM: sst_2d_NorESM2-LM.png ya existe, se omite
  NorESM2-MM
  NorESM2-MM: sst_2d_NorESM2-MM.png ya existe, se omite
  TaiESM1
  TaiESM1: sst_2d_TaiESM1.png ya existe, se omite
  UKESM1-0-LL
  UKESM1-0-LL: sst_2d_UKESM1-0-LL.png ya existe, se omite
  ERSSTv5
  ERSSTv5: sst_2d_ERSSTv5.png ya existe, se omite
Listo, 41 figura(s) en /home/jonathan/personal/e1_smn/figures
== Graficos: plot_box_series.py ==
80 serie(s) de caja ya existen. Regenerar TODAS? [s/N, 15s, por defecto N] 
(sin respuesta en 15s, se mantienen las existentes)
ACCESS-CM2
  ACCESS-CM2 Nino 1+2: serie_ACCESS-CM2_sst_Nino1+2.png ya existe, se omite
  ACCESS-CM2 Nino 3.4: serie_ACCESS-CM2_sst_Nino3.4.png ya existe, se omite
ACCESS-ESM1-5
  ACCESS-ESM1-5 Nino 1+2: serie_ACCESS-ESM1-5_sst_Nino1+2.png ya existe, se omite
  ACCESS-ESM1-5 Nino 3.4: serie_ACCESS-ESM1-5_sst_Nino3.4.png ya existe, se omite
AWI-CM-1-1-MR
  AWI-CM-1-1-MR Nino 1+2: serie_AWI-CM-1-1-MR_sst_Nino1+2.png ya existe, se omite
  AWI-CM-1-1-MR Nino 3.4: serie_AWI-CM-1-1-MR_sst_Nino3.4.png ya existe, se omite
BCC-CSM2-MR
  BCC-CSM2-MR Nino 1+2: serie_BCC-CSM2-MR_sst_Nino1+2.png ya existe, se omite
  BCC-CSM2-MR Nino 3.4: serie_BCC-CSM2-MR_sst_Nino3.4.png ya existe, se omite
CAMS-CSM1-0
  CAMS-CSM1-0 Nino 1+2: serie_CAMS-CSM1-0_sst_Nino1+2.png ya existe, se omite
  CAMS-CSM1-0 Nino 3.4: serie_CAMS-CSM1-0_sst_Nino3.4.png ya existe, se omite
CAS-ESM2-0
  CAS-ESM2-0 Nino 1+2: serie_CAS-ESM2-0_sst_Nino1+2.png ya existe, se omite
  CAS-ESM2-0 Nino 3.4: serie_CAS-ESM2-0_sst_Nino3.4.png ya existe, se omite
CESM2
  CESM2 Nino 1+2: serie_CESM2_sst_Nino1+2.png ya existe, se omite
  CESM2 Nino 3.4: serie_CESM2_sst_Nino3.4.png ya existe, se omite
CESM2-WACCM
  CESM2-WACCM Nino 1+2: serie_CESM2-WACCM_sst_Nino1+2.png ya existe, se omite
  CESM2-WACCM Nino 3.4: serie_CESM2-WACCM_sst_Nino3.4.png ya existe, se omite
CMCC-CM2-SR5
  CMCC-CM2-SR5 Nino 1+2: serie_CMCC-CM2-SR5_sst_Nino1+2.png ya existe, se omite
  CMCC-CM2-SR5 Nino 3.4: serie_CMCC-CM2-SR5_sst_Nino3.4.png ya existe, se omite
CMCC-ESM2
  CMCC-ESM2 Nino 1+2: serie_CMCC-ESM2_sst_Nino1+2.png ya existe, se omite
  CMCC-ESM2 Nino 3.4: serie_CMCC-ESM2_sst_Nino3.4.png ya existe, se omite
CNRM-CM6-1
  CNRM-CM6-1 Nino 1+2: serie_CNRM-CM6-1_sst_Nino1+2.png ya existe, se omite
  CNRM-CM6-1 Nino 3.4: serie_CNRM-CM6-1_sst_Nino3.4.png ya existe, se omite
CNRM-CM6-1-HR
  CNRM-CM6-1-HR Nino 1+2: serie_CNRM-CM6-1-HR_sst_Nino1+2.png ya existe, se omite
  CNRM-CM6-1-HR Nino 3.4: serie_CNRM-CM6-1-HR_sst_Nino3.4.png ya existe, se omite
CNRM-ESM2-1
  CNRM-ESM2-1 Nino 1+2: serie_CNRM-ESM2-1_sst_Nino1+2.png ya existe, se omite
  CNRM-ESM2-1 Nino 3.4: serie_CNRM-ESM2-1_sst_Nino3.4.png ya existe, se omite
CanESM5
  CanESM5 Nino 1+2: serie_CanESM5_sst_Nino1+2.png ya existe, se omite
  CanESM5 Nino 3.4: serie_CanESM5_sst_Nino3.4.png ya existe, se omite
CanESM5-1
  CanESM5-1 Nino 1+2: serie_CanESM5-1_sst_Nino1+2.png ya existe, se omite
  CanESM5-1 Nino 3.4: serie_CanESM5-1_sst_Nino3.4.png ya existe, se omite
CanESM5-CanOE
  CanESM5-CanOE Nino 1+2: serie_CanESM5-CanOE_sst_Nino1+2.png ya existe, se omite
  CanESM5-CanOE Nino 3.4: serie_CanESM5-CanOE_sst_Nino3.4.png ya existe, se omite
EC-Earth3
  EC-Earth3 Nino 1+2: serie_EC-Earth3_sst_Nino1+2.png ya existe, se omite
  EC-Earth3 Nino 3.4: serie_EC-Earth3_sst_Nino3.4.png ya existe, se omite
EC-Earth3-Veg
  EC-Earth3-Veg Nino 1+2: serie_EC-Earth3-Veg_sst_Nino1+2.png ya existe, se omite
  EC-Earth3-Veg Nino 3.4: serie_EC-Earth3-Veg_sst_Nino3.4.png ya existe, se omite
EC-Earth3-Veg-LR
  EC-Earth3-Veg-LR Nino 1+2: serie_EC-Earth3-Veg-LR_sst_Nino1+2.png ya existe, se omite
  EC-Earth3-Veg-LR Nino 3.4: serie_EC-Earth3-Veg-LR_sst_Nino3.4.png ya existe, se omite
FGOALS-f3-L
  FGOALS-f3-L Nino 1+2: serie_FGOALS-f3-L_sst_Nino1+2.png ya existe, se omite
  FGOALS-f3-L Nino 3.4: serie_FGOALS-f3-L_sst_Nino3.4.png ya existe, se omite
FGOALS-g3
  FGOALS-g3 Nino 1+2: serie_FGOALS-g3_sst_Nino1+2.png ya existe, se omite
  FGOALS-g3 Nino 3.4: serie_FGOALS-g3_sst_Nino3.4.png ya existe, se omite
GFDL-ESM4
  GFDL-ESM4 Nino 1+2: serie_GFDL-ESM4_sst_Nino1+2.png ya existe, se omite
  GFDL-ESM4 Nino 3.4: serie_GFDL-ESM4_sst_Nino3.4.png ya existe, se omite
GISS-E2-1-G
  GISS-E2-1-G Nino 1+2: serie_GISS-E2-1-G_sst_Nino1+2.png ya existe, se omite
  GISS-E2-1-G Nino 3.4: serie_GISS-E2-1-G_sst_Nino3.4.png ya existe, se omite
GISS-E2-1-H
  GISS-E2-1-H Nino 1+2: serie_GISS-E2-1-H_sst_Nino1+2.png ya existe, se omite
  GISS-E2-1-H Nino 3.4: serie_GISS-E2-1-H_sst_Nino3.4.png ya existe, se omite
GISS-E2-2-G
  GISS-E2-2-G Nino 1+2: serie_GISS-E2-2-G_sst_Nino1+2.png ya existe, se omite
  GISS-E2-2-G Nino 3.4: serie_GISS-E2-2-G_sst_Nino3.4.png ya existe, se omite
IITM-ESM
  IITM-ESM Nino 1+2: serie_IITM-ESM_sst_Nino1+2.png ya existe, se omite
  IITM-ESM Nino 3.4: serie_IITM-ESM_sst_Nino3.4.png ya existe, se omite
INM-CM4-8
  INM-CM4-8 Nino 1+2: serie_INM-CM4-8_sst_Nino1+2.png ya existe, se omite
  INM-CM4-8 Nino 3.4: serie_INM-CM4-8_sst_Nino3.4.png ya existe, se omite
INM-CM5-0
  INM-CM5-0 Nino 1+2: serie_INM-CM5-0_sst_Nino1+2.png ya existe, se omite
  INM-CM5-0 Nino 3.4: serie_INM-CM5-0_sst_Nino3.4.png ya existe, se omite
IPSL-CM6A-LR
  IPSL-CM6A-LR Nino 1+2: serie_IPSL-CM6A-LR_sst_Nino1+2.png ya existe, se omite
  IPSL-CM6A-LR Nino 3.4: serie_IPSL-CM6A-LR_sst_Nino3.4.png ya existe, se omite
KACE-1-0-G
  KACE-1-0-G Nino 1+2: serie_KACE-1-0-G_sst_Nino1+2.png ya existe, se omite
  KACE-1-0-G Nino 3.4: serie_KACE-1-0-G_sst_Nino3.4.png ya existe, se omite
MCM-UA-1-0
  MCM-UA-1-0 Nino 1+2: serie_MCM-UA-1-0_sst_Nino1+2.png ya existe, se omite
  MCM-UA-1-0 Nino 3.4: serie_MCM-UA-1-0_sst_Nino3.4.png ya existe, se omite
MIROC-ES2L
  MIROC-ES2L Nino 1+2: serie_MIROC-ES2L_sst_Nino1+2.png ya existe, se omite
  MIROC-ES2L Nino 3.4: serie_MIROC-ES2L_sst_Nino3.4.png ya existe, se omite
MIROC6
  MIROC6 Nino 1+2: serie_MIROC6_sst_Nino1+2.png ya existe, se omite
  MIROC6 Nino 3.4: serie_MIROC6_sst_Nino3.4.png ya existe, se omite
MPI-ESM1-2-HR
  MPI-ESM1-2-HR Nino 1+2: serie_MPI-ESM1-2-HR_sst_Nino1+2.png ya existe, se omite
  MPI-ESM1-2-HR Nino 3.4: serie_MPI-ESM1-2-HR_sst_Nino3.4.png ya existe, se omite
MPI-ESM1-2-LR
  MPI-ESM1-2-LR Nino 1+2: serie_MPI-ESM1-2-LR_sst_Nino1+2.png ya existe, se omite
  MPI-ESM1-2-LR Nino 3.4: serie_MPI-ESM1-2-LR_sst_Nino3.4.png ya existe, se omite
MRI-ESM2-0
  MRI-ESM2-0 Nino 1+2: serie_MRI-ESM2-0_sst_Nino1+2.png ya existe, se omite
  MRI-ESM2-0 Nino 3.4: serie_MRI-ESM2-0_sst_Nino3.4.png ya existe, se omite
NorESM2-LM
  NorESM2-LM Nino 1+2: serie_NorESM2-LM_sst_Nino1+2.png ya existe, se omite
  NorESM2-LM Nino 3.4: serie_NorESM2-LM_sst_Nino3.4.png ya existe, se omite
NorESM2-MM
  NorESM2-MM Nino 1+2: serie_NorESM2-MM_sst_Nino1+2.png ya existe, se omite
  NorESM2-MM Nino 3.4: serie_NorESM2-MM_sst_Nino3.4.png ya existe, se omite
TaiESM1
  TaiESM1 Nino 1+2: serie_TaiESM1_sst_Nino1+2.png ya existe, se omite
  TaiESM1 Nino 3.4: serie_TaiESM1_sst_Nino3.4.png ya existe, se omite
UKESM1-0-LL
  UKESM1-0-LL Nino 1+2: serie_UKESM1-0-LL_sst_Nino1+2.png ya existe, se omite
  UKESM1-0-LL Nino 3.4: serie_UKESM1-0-LL_sst_Nino3.4.png ya existe, se omite
Listo, 40 modelo(s) graficado(s) (2 figuras cada uno) en /home/jonathan/personal/e1_smn/figures
== Graficos: plot_qc_summary.py ==
1 figura(s) ya existen. Regenerar TODAS? [s/N, 15s, por defecto N] 
(sin respuesta en 15s, se mantienen las existentes)
== Graficos: plot_boxplot_comparison.py ==
2 boxplot(s) comparativo(s) ya existen. Regenerar TODAS? [s/N, 15s, por defecto N] 
(sin respuesta en 15s, se mantienen las existentes)
Graficando boxplots comparativos ...
  Nino 3.4: boxplot_Nino3.4.png ya existe, se omite
  Nino 1+2: boxplot_Nino1+2.png ya existe, se omite
Listo.
== Graficos: plot_region_nino_orthographic.py ==
region_nino_proj.png ya existe. Regenerar? [s/N, 15s, por defecto N] 
(sin respuesta en 15s, se mantiene la figura existente)
== Paso 00: bash scripts/00_setup_env.sh ==
Entorno verificado: cdo=Climate Data Operators version 2.4.0 (https://mpimet.mpg.de/cdo), python3=Python 3.12.2
Estructura de carpetas lista bajo /home/jonathan/personal/e1_smn/data y /home/jonathan/personal/e1_smn/logs
== Paso 00b: python3 scripts/00b_build_model_list.py config/models_seed_cmip6.csv ==
Modelos CMIP6 con tos/Omon publicado (nodo principal): 102
config/models_seed_cmip6.csv ya existe y el universo de modelos con tos/Omon sigue en 102 -- no se vuelve a inspeccionar. Para forzar un refresco de todas formas (ej. cambio en config/periods.yaml): borra config/models_seed_cmip6.csv y /home/jonathan/personal/e1_smn/informe/model_availability_priority.csv y volve a correr esto.
== Paso 01: python3 scripts/01_query_esgf_catalog.py config/models_seed_cmip6.csv data/interim/models_catalog_status.csv data/interim/esgf_file_urls.json ==
data/interim/models_catalog_status.csv ya existe, no se vuelve a consultar ESGF.
Para forzar un refresco (por si algun modelo se completo en ESGF desde la ultima vez): borra data/interim/models_catalog_status.csv Y data/interim/esgf_file_urls.json juntos (no uno solo, para que no queden inconsistentes entre si) y volve a correr esto. OJO: si habias resuelto algun modelo a mano por fuera de la semilla (00c + 02b), se pierde del catalogo y hay que correr 02b de nuevo para el.
== Paso 02: bash scripts/run_download_if_idle.sh ==
== 02a: descarga CMIP6 via ESGF (nodo principal) ==
Procesando ACCESS-CM2 historical (1) ...
  descargando archivo 1/1: tos_Omon_ACCESS-CM2_historical_r1i1p1f1_gn_185001-201412.nc
Procesando ACCESS-CM2 ssp245 (1) ...
  descargando archivo 1/1: tos_Omon_ACCESS-CM2_ssp245_r1i1p1f1_gn_201501-210012.nc
Procesando ACCESS-CM2 ssp370 (1) ...
  descargando archivo 1/1: tos_Omon_ACCESS-CM2_ssp370_r1i1p1f1_gn_201501-210012.nc
Procesando ACCESS-CM2 ssp585 (1) ...
  descargando archivo 1/1: tos_Omon_ACCESS-CM2_ssp585_r1i1p1f1_gn_201501-210012.nc
Procesando ACCESS-ESM1-5 historical (2) ...
  descargando archivo 1/1: tos_Omon_ACCESS-ESM1-5_historical_r1i1p1f1_gn_185001-201412.nc
Procesando ACCESS-ESM1-5 ssp245 (2) ...
  descargando archivo 1/1: tos_Omon_ACCESS-ESM1-5_ssp245_r1i1p1f1_gn_201501-210012.nc
Procesando ACCESS-ESM1-5 ssp370 (2) ...
  descargando archivo 1/1: tos_Omon_ACCESS-ESM1-5_ssp370_r1i1p1f1_gn_201501-210012.nc
Procesando ACCESS-ESM1-5 ssp585 (2) ...
  descargando archivo 1/1: tos_Omon_ACCESS-ESM1-5_ssp585_r1i1p1f1_gn_201501-210012.nc
Procesando AWI-CM-1-1-MR historical (3) ...
  descargando archivo 1/18: tos_Omon_AWI-CM-1-1-MR_historical_r1i1p1f1_gn_185001-185012.nc
  descargando archivo 2/18: tos_Omon_AWI-CM-1-1-MR_historical_r1i1p1f1_gn_185101-186012.nc
  descargando archivo 3/18: tos_Omon_AWI-CM-1-1-MR_historical_r1i1p1f1_gn_186101-187012.nc
  descargando archivo 4/18: tos_Omon_AWI-CM-1-1-MR_historical_r1i1p1f1_gn_187101-188012.nc
  descargando archivo 5/18: tos_Omon_AWI-CM-1-1-MR_historical_r1i1p1f1_gn_188101-189012.nc
  descargando archivo 6/18: tos_Omon_AWI-CM-1-1-MR_historical_r1i1p1f1_gn_189101-190012.nc
  descargando archivo 7/18: tos_Omon_AWI-CM-1-1-MR_historical_r1i1p1f1_gn_190101-191012.nc
  descargando archivo 8/18: tos_Omon_AWI-CM-1-1-MR_historical_r1i1p1f1_gn_191101-192012.nc
  descargando archivo 9/18: tos_Omon_AWI-CM-1-1-MR_historical_r1i1p1f1_gn_192101-193012.nc
  descargando archivo 10/18: tos_Omon_AWI-CM-1-1-MR_historical_r1i1p1f1_gn_193101-194012.nc
  descargando archivo 11/18: tos_Omon_AWI-CM-1-1-MR_historical_r1i1p1f1_gn_194101-195012.nc
  descargando archivo 12/18: tos_Omon_AWI-CM-1-1-MR_historical_r1i1p1f1_gn_195101-196012.nc
  descargando archivo 13/18: tos_Omon_AWI-CM-1-1-MR_historical_r1i1p1f1_gn_196101-197012.nc
  descargando archivo 14/18: tos_Omon_AWI-CM-1-1-MR_historical_r1i1p1f1_gn_197101-198012.nc
  descargando archivo 15/18: tos_Omon_AWI-CM-1-1-MR_historical_r1i1p1f1_gn_198101-199012.nc
  descargando archivo 16/18: tos_Omon_AWI-CM-1-1-MR_historical_r1i1p1f1_gn_199101-200012.nc
  descargando archivo 17/18: tos_Omon_AWI-CM-1-1-MR_historical_r1i1p1f1_gn_200101-201012.nc
  descargando archivo 18/18: tos_Omon_AWI-CM-1-1-MR_historical_r1i1p1f1_gn_201101-201412.nc
Procesando AWI-CM-1-1-MR ssp245 (3) ...
  descargando archivo 1/9: tos_Omon_AWI-CM-1-1-MR_ssp245_r1i1p1f1_gn_201501-202012.nc
  descargando archivo 2/9: tos_Omon_AWI-CM-1-1-MR_ssp245_r1i1p1f1_gn_202101-203012.nc
  descargando archivo 3/9: tos_Omon_AWI-CM-1-1-MR_ssp245_r1i1p1f1_gn_203101-204012.nc
  descargando archivo 4/9: tos_Omon_AWI-CM-1-1-MR_ssp245_r1i1p1f1_gn_204101-205012.nc
  descargando archivo 5/9: tos_Omon_AWI-CM-1-1-MR_ssp245_r1i1p1f1_gn_205101-206012.nc
  descargando archivo 6/9: tos_Omon_AWI-CM-1-1-MR_ssp245_r1i1p1f1_gn_206101-207012.nc
  descargando archivo 7/9: tos_Omon_AWI-CM-1-1-MR_ssp245_r1i1p1f1_gn_207101-208012.nc
  descargando archivo 8/9: tos_Omon_AWI-CM-1-1-MR_ssp245_r1i1p1f1_gn_208101-209012.nc
  descargando archivo 9/9: tos_Omon_AWI-CM-1-1-MR_ssp245_r1i1p1f1_gn_209101-210012.nc
Procesando AWI-CM-1-1-MR ssp370 (3) ...
  descargando archivo 1/9: tos_Omon_AWI-CM-1-1-MR_ssp370_r1i1p1f1_gn_201501-202012.nc
== Paso 00: bash scripts/00_setup_env.sh ==
Entorno verificado: cdo=Climate Data Operators version 2.4.0 (https://mpimet.mpg.de/cdo), python3=Python 3.12.2
Estructura de carpetas lista bajo /home/jonathan/personal/e1_smn/data y /home/jonathan/personal/e1_smn/logs
== Paso 00b: python3 scripts/00b_build_model_list.py config/models_seed_cmip6.csv ==
Modelos CMIP6 con tos/Omon publicado (nodo principal): 102
config/models_seed_cmip6.csv ya existe y el universo de modelos con tos/Omon sigue en 102 -- no se vuelve a inspeccionar. Para forzar un refresco de todas formas (ej. cambio en config/periods.yaml): borra config/models_seed_cmip6.csv y /home/jonathan/personal/e1_smn/informe/model_availability_priority.csv y volve a correr esto.
== Paso 01: python3 scripts/01_query_esgf_catalog.py config/models_seed_cmip6.csv data/interim/models_catalog_status.csv data/interim/esgf_file_urls.json ==
data/interim/models_catalog_status.csv ya existe, no se vuelve a consultar ESGF.
Para forzar un refresco (por si algun modelo se completo en ESGF desde la ultima vez): borra data/interim/models_catalog_status.csv Y data/interim/esgf_file_urls.json juntos (no uno solo, para que no queden inconsistentes entre si) y volve a correr esto. OJO: si habias resuelto algun modelo a mano por fuera de la semilla (00c + 02b), se pierde del catalogo y hay que correr 02b de nuevo para el.
== Paso 02: bash scripts/run_download_if_idle.sh ==
Descarga ya en curso en otro proceso -- no se lanza otra (ver reporte de estado).
== Paso 03: bash scripts/03_download_ersstv5.sh ==
Ya existe data/raw/ersstv5/ersstv5_region.nc, se omite.
== Paso 04: bash scripts/04_process_to_common_grid.sh ==
Preparando pesos de regrilla para ACCESS-CM2 ...
Procesando ACCESS-CM2 historical ...
Procesando ACCESS-CM2 ssp245 ...
Procesando ACCESS-CM2 ssp370 ...
Procesando ACCESS-CM2 ssp585 ...
Preparando pesos de regrilla para ACCESS-ESM1-5 ...
Procesando ACCESS-ESM1-5 historical ...
Procesando ACCESS-ESM1-5 ssp245 ...
Procesando ACCESS-ESM1-5 ssp370 ...
Procesando ACCESS-ESM1-5 ssp585 ...
Preparando pesos de regrilla para AWI-CM-1-1-MR ...
Procesando AWI-CM-1-1-MR historical ...
  descargando archivo 2/9: tos_Omon_AWI-CM-1-1-MR_ssp370_r1i1p1f1_gn_202101-203012.nc
Procesando AWI-CM-1-1-MR ssp245 ...
Procesando AWI-CM-1-1-MR ssp370 ...
cdo    selname: Open failed on >data/raw/cmip6/AWI-CM-1-1-MR/ssp370/tos_Omon_AWI-CM-1-1-MR_ssp370_r1i1p1f1_gn_202101-203012.nc<
                Unknown Error
  descargando archivo 3/9: tos_Omon_AWI-CM-1-1-MR_ssp370_r1i1p1f1_gn_203101-204012.nc
  descargando archivo 4/9: tos_Omon_AWI-CM-1-1-MR_ssp370_r1i1p1f1_gn_204101-205012.nc
  descargando archivo 5/9: tos_Omon_AWI-CM-1-1-MR_ssp370_r1i1p1f1_gn_205101-206012.nc
  descargando archivo 6/9: tos_Omon_AWI-CM-1-1-MR_ssp370_r1i1p1f1_gn_206101-207012.nc
  descargando archivo 7/9: tos_Omon_AWI-CM-1-1-MR_ssp370_r1i1p1f1_gn_207101-208012.nc
  descargando archivo 8/9: tos_Omon_AWI-CM-1-1-MR_ssp370_r1i1p1f1_gn_208101-209012.nc
  descargando archivo 9/9: tos_Omon_AWI-CM-1-1-MR_ssp370_r1i1p1f1_gn_209101-210012.nc
Procesando AWI-CM-1-1-MR ssp585 (3) ...
  descargando archivo 1/9: tos_Omon_AWI-CM-1-1-MR_ssp585_r1i1p1f1_gn_201501-202012.nc
  descargando archivo 2/9: tos_Omon_AWI-CM-1-1-MR_ssp585_r1i1p1f1_gn_202101-203012.nc
  descargando archivo 3/9: tos_Omon_AWI-CM-1-1-MR_ssp585_r1i1p1f1_gn_203101-204012.nc
  descargando archivo 4/9: tos_Omon_AWI-CM-1-1-MR_ssp585_r1i1p1f1_gn_204101-205012.nc
  descargando archivo 5/9: tos_Omon_AWI-CM-1-1-MR_ssp585_r1i1p1f1_gn_205101-206012.nc
  descargando archivo 6/9: tos_Omon_AWI-CM-1-1-MR_ssp585_r1i1p1f1_gn_206101-207012.nc
  descargando archivo 7/9: tos_Omon_AWI-CM-1-1-MR_ssp585_r1i1p1f1_gn_207101-208012.nc
  descargando archivo 8/9: tos_Omon_AWI-CM-1-1-MR_ssp585_r1i1p1f1_gn_208101-209012.nc
  descargando archivo 9/9: tos_Omon_AWI-CM-1-1-MR_ssp585_r1i1p1f1_gn_209101-210012.nc
BCC-CSM2-MR historical: ya procesado (paso 04/05), se omite la descarga de crudos
BCC-CSM2-MR ssp245: ya procesado (paso 04/05), se omite la descarga de crudos
BCC-CSM2-MR ssp370: ya procesado (paso 04/05), se omite la descarga de crudos
BCC-CSM2-MR ssp585: ya procesado (paso 04/05), se omite la descarga de crudos
CAMS-CSM1-0 historical: ya procesado (paso 04/05), se omite la descarga de crudos
CAMS-CSM1-0 ssp245: ya procesado (paso 04/05), se omite la descarga de crudos
CAMS-CSM1-0 ssp370: ya procesado (paso 04/05), se omite la descarga de crudos
CAMS-CSM1-0 ssp585: ya procesado (paso 04/05), se omite la descarga de crudos
CAS-ESM2-0 historical: ya procesado (paso 04/05), se omite la descarga de crudos
CAS-ESM2-0 ssp245: ya procesado (paso 04/05), se omite la descarga de crudos
CAS-ESM2-0 ssp370: ya procesado (paso 04/05), se omite la descarga de crudos
CAS-ESM2-0 ssp585: ya procesado (paso 04/05), se omite la descarga de crudos
CESM2 historical: ya procesado (paso 04/05), se omite la descarga de crudos
CESM2 ssp245: ya procesado (paso 04/05), se omite la descarga de crudos
CESM2 ssp370: ya procesado (paso 04/05), se omite la descarga de crudos
CESM2 ssp585: ya procesado (paso 04/05), se omite la descarga de crudos
CESM2-WACCM historical: ya procesado (paso 04/05), se omite la descarga de crudos
CESM2-WACCM ssp245: ya procesado (paso 04/05), se omite la descarga de crudos
CESM2-WACCM ssp370: ya procesado (paso 04/05), se omite la descarga de crudos
CESM2-WACCM ssp585: ya procesado (paso 04/05), se omite la descarga de crudos
CMCC-CM2-SR5 historical: ya procesado (paso 04/05), se omite la descarga de crudos
CMCC-CM2-SR5 ssp245: ya procesado (paso 04/05), se omite la descarga de crudos
CMCC-CM2-SR5 ssp370: ya procesado (paso 04/05), se omite la descarga de crudos
CMCC-CM2-SR5 ssp585: ya procesado (paso 04/05), se omite la descarga de crudos
CMCC-ESM2 historical: ya procesado (paso 04/05), se omite la descarga de crudos
CMCC-ESM2 ssp245: ya procesado (paso 04/05), se omite la descarga de crudos
CMCC-ESM2 ssp370: ya procesado (paso 04/05), se omite la descarga de crudos
CMCC-ESM2 ssp585: ya procesado (paso 04/05), se omite la descarga de crudos
CNRM-CM6-1 historical: ya procesado (paso 04/05), se omite la descarga de crudos
CNRM-CM6-1 ssp245: ya procesado (paso 04/05), se omite la descarga de crudos
CNRM-CM6-1 ssp370: ya procesado (paso 04/05), se omite la descarga de crudos
CNRM-CM6-1 ssp585: ya procesado (paso 04/05), se omite la descarga de crudos
CNRM-CM6-1-HR historical: ya procesado (paso 04/05), se omite la descarga de crudos
CNRM-CM6-1-HR ssp245: ya procesado (paso 04/05), se omite la descarga de crudos
CNRM-CM6-1-HR ssp370: ya procesado (paso 04/05), se omite la descarga de crudos
CNRM-CM6-1-HR ssp585: ya procesado (paso 04/05), se omite la descarga de crudos
CNRM-ESM2-1 historical: ya procesado (paso 04/05), se omite la descarga de crudos
CNRM-ESM2-1 ssp245: ya procesado (paso 04/05), se omite la descarga de crudos
CNRM-ESM2-1 ssp370: ya procesado (paso 04/05), se omite la descarga de crudos
CNRM-ESM2-1 ssp585: ya procesado (paso 04/05), se omite la descarga de crudos
CanESM5 historical: ya procesado (paso 04/05), se omite la descarga de crudos
CanESM5 ssp245: ya procesado (paso 04/05), se omite la descarga de crudos
CanESM5 ssp370: ya procesado (paso 04/05), se omite la descarga de crudos
CanESM5 ssp585: ya procesado (paso 04/05), se omite la descarga de crudos
CanESM5-1 historical: ya procesado (paso 04/05), se omite la descarga de crudos
CanESM5-1 ssp245: ya procesado (paso 04/05), se omite la descarga de crudos
CanESM5-1 ssp370: ya procesado (paso 04/05), se omite la descarga de crudos
CanESM5-1 ssp585: ya procesado (paso 04/05), se omite la descarga de crudos
CanESM5-CanOE historical: ya procesado (paso 04/05), se omite la descarga de crudos
CanESM5-CanOE ssp245: ya procesado (paso 04/05), se omite la descarga de crudos
CanESM5-CanOE ssp370: ya procesado (paso 04/05), se omite la descarga de crudos
CanESM5-CanOE ssp585: ya procesado (paso 04/05), se omite la descarga de crudos
EC-Earth3 historical: ya procesado (paso 04/05), se omite la descarga de crudos
EC-Earth3 ssp245: ya procesado (paso 04/05), se omite la descarga de crudos
EC-Earth3 ssp370: ya procesado (paso 04/05), se omite la descarga de crudos
EC-Earth3 ssp585: ya procesado (paso 04/05), se omite la descarga de crudos
EC-Earth3-Veg historical: ya procesado (paso 04/05), se omite la descarga de crudos
EC-Earth3-Veg ssp245: ya procesado (paso 04/05), se omite la descarga de crudos
EC-Earth3-Veg ssp370: ya procesado (paso 04/05), se omite la descarga de crudos
EC-Earth3-Veg ssp585: ya procesado (paso 04/05), se omite la descarga de crudos
EC-Earth3-Veg-LR historical: ya procesado (paso 04/05), se omite la descarga de crudos
EC-Earth3-Veg-LR ssp245: ya procesado (paso 04/05), se omite la descarga de crudos
EC-Earth3-Veg-LR ssp370: ya procesado (paso 04/05), se omite la descarga de crudos
EC-Earth3-Veg-LR ssp585: ya procesado (paso 04/05), se omite la descarga de crudos
FGOALS-f3-L historical: ya procesado (paso 04/05), se omite la descarga de crudos
FGOALS-f3-L ssp245: ya procesado (paso 04/05), se omite la descarga de crudos
FGOALS-f3-L ssp370: ya procesado (paso 04/05), se omite la descarga de crudos
FGOALS-f3-L ssp585: ya procesado (paso 04/05), se omite la descarga de crudos
FGOALS-g3 historical: ya procesado (paso 04/05), se omite la descarga de crudos
FGOALS-g3 ssp245: ya procesado (paso 04/05), se omite la descarga de crudos
FGOALS-g3 ssp370: ya procesado (paso 04/05), se omite la descarga de crudos
FGOALS-g3 ssp585: ya procesado (paso 04/05), se omite la descarga de crudos
GFDL-ESM4 historical: ya procesado (paso 04/05), se omite la descarga de crudos
GFDL-ESM4 ssp245: ya procesado (paso 04/05), se omite la descarga de crudos
GFDL-ESM4 ssp370: ya procesado (paso 04/05), se omite la descarga de crudos
GFDL-ESM4 ssp585: ya procesado (paso 04/05), se omite la descarga de crudos
GISS-E2-1-G historical: ya procesado (paso 04/05), se omite la descarga de crudos
GISS-E2-1-G ssp245: ya procesado (paso 04/05), se omite la descarga de crudos
GISS-E2-1-G ssp370: ya procesado (paso 04/05), se omite la descarga de crudos
GISS-E2-1-G ssp585: ya procesado (paso 04/05), se omite la descarga de crudos
GISS-E2-1-H historical: ya procesado (paso 04/05), se omite la descarga de crudos
GISS-E2-1-H ssp245: ya procesado (paso 04/05), se omite la descarga de crudos
GISS-E2-1-H ssp370: ya procesado (paso 04/05), se omite la descarga de crudos
GISS-E2-1-H ssp585: ya procesado (paso 04/05), se omite la descarga de crudos
GISS-E2-2-G historical: ya procesado (paso 04/05), se omite la descarga de crudos
GISS-E2-2-G ssp245: ya procesado (paso 04/05), se omite la descarga de crudos
GISS-E2-2-G ssp370: ya procesado (paso 04/05), se omite la descarga de crudos
GISS-E2-2-G ssp585: ya procesado (paso 04/05), se omite la descarga de crudos
IITM-ESM historical: ya procesado (paso 04/05), se omite la descarga de crudos
IITM-ESM ssp245: ya procesado (paso 04/05), se omite la descarga de crudos
IITM-ESM ssp370: ya procesado (paso 04/05), se omite la descarga de crudos
IITM-ESM ssp585: ya procesado (paso 04/05), se omite la descarga de crudos
INM-CM4-8 historical: ya procesado (paso 04/05), se omite la descarga de crudos
INM-CM4-8 ssp245: ya procesado (paso 04/05), se omite la descarga de crudos
INM-CM4-8 ssp370: ya procesado (paso 04/05), se omite la descarga de crudos
INM-CM4-8 ssp585: ya procesado (paso 04/05), se omite la descarga de crudos
INM-CM5-0 historical: ya procesado (paso 04/05), se omite la descarga de crudos
INM-CM5-0 ssp245: ya procesado (paso 04/05), se omite la descarga de crudos
INM-CM5-0 ssp370: ya procesado (paso 04/05), se omite la descarga de crudos
INM-CM5-0 ssp585: ya procesado (paso 04/05), se omite la descarga de crudos
IPSL-CM6A-LR historical: ya procesado (paso 04/05), se omite la descarga de crudos
IPSL-CM6A-LR ssp245: ya procesado (paso 04/05), se omite la descarga de crudos
IPSL-CM6A-LR ssp370: ya procesado (paso 04/05), se omite la descarga de crudos
IPSL-CM6A-LR ssp585: ya procesado (paso 04/05), se omite la descarga de crudos
MCM-UA-1-0 historical: ya procesado (paso 04/05), se omite la descarga de crudos
MCM-UA-1-0 ssp245: ya procesado (paso 04/05), se omite la descarga de crudos
MCM-UA-1-0 ssp370: ya procesado (paso 04/05), se omite la descarga de crudos
MCM-UA-1-0 ssp585: ya procesado (paso 04/05), se omite la descarga de crudos
MIROC-ES2L historical: ya procesado (paso 04/05), se omite la descarga de crudos
MIROC-ES2L ssp245: ya procesado (paso 04/05), se omite la descarga de crudos
MIROC-ES2L ssp370: ya procesado (paso 04/05), se omite la descarga de crudos
MIROC-ES2L ssp585: ya procesado (paso 04/05), se omite la descarga de crudos
MIROC6 historical: ya procesado (paso 04/05), se omite la descarga de crudos
MIROC6 ssp245: ya procesado (paso 04/05), se omite la descarga de crudos
MIROC6 ssp370: ya procesado (paso 04/05), se omite la descarga de crudos
MIROC6 ssp585: ya procesado (paso 04/05), se omite la descarga de crudos
MPI-ESM1-2-HR historical: ya procesado (paso 04/05), se omite la descarga de crudos
MPI-ESM1-2-HR ssp245: ya procesado (paso 04/05), se omite la descarga de crudos
MPI-ESM1-2-HR ssp370: ya procesado (paso 04/05), se omite la descarga de crudos
MPI-ESM1-2-HR ssp585: ya procesado (paso 04/05), se omite la descarga de crudos
MPI-ESM1-2-LR historical: ya procesado (paso 04/05), se omite la descarga de crudos
MPI-ESM1-2-LR ssp245: ya procesado (paso 04/05), se omite la descarga de crudos
MPI-ESM1-2-LR ssp370: ya procesado (paso 04/05), se omite la descarga de crudos
MPI-ESM1-2-LR ssp585: ya procesado (paso 04/05), se omite la descarga de crudos
MRI-ESM2-0 historical: ya procesado (paso 04/05), se omite la descarga de crudos
MRI-ESM2-0 ssp245: ya procesado (paso 04/05), se omite la descarga de crudos
MRI-ESM2-0 ssp370: ya procesado (paso 04/05), se omite la descarga de crudos
MRI-ESM2-0 ssp585: ya procesado (paso 04/05), se omite la descarga de crudos
NorESM2-LM historical: ya procesado (paso 04/05), se omite la descarga de crudos
NorESM2-LM ssp245: ya procesado (paso 04/05), se omite la descarga de crudos
NorESM2-LM ssp370: ya procesado (paso 04/05), se omite la descarga de crudos
NorESM2-LM ssp585: ya procesado (paso 04/05), se omite la descarga de crudos
NorESM2-MM historical: ya procesado (paso 04/05), se omite la descarga de crudos
NorESM2-MM ssp245: ya procesado (paso 04/05), se omite la descarga de crudos
NorESM2-MM ssp370: ya procesado (paso 04/05), se omite la descarga de crudos
NorESM2-MM ssp585: ya procesado (paso 04/05), se omite la descarga de crudos
TaiESM1 historical: ya procesado (paso 04/05), se omite la descarga de crudos
TaiESM1 ssp245: ya procesado (paso 04/05), se omite la descarga de crudos
TaiESM1 ssp370: ya procesado (paso 04/05), se omite la descarga de crudos
TaiESM1 ssp585: ya procesado (paso 04/05), se omite la descarga de crudos
UKESM1-0-LL historical: ya procesado (paso 04/05), se omite la descarga de crudos
UKESM1-0-LL ssp245: ya procesado (paso 04/05), se omite la descarga de crudos
UKESM1-0-LL ssp370: ya procesado (paso 04/05), se omite la descarga de crudos
UKESM1-0-LL ssp585: ya procesado (paso 04/05), se omite la descarga de crudos
KACE-1-0-G historical: ya procesado (paso 04/05), se omite la descarga de crudos
KACE-1-0-G ssp245: ya procesado (paso 04/05), se omite la descarga de crudos
KACE-1-0-G ssp370: ya procesado (paso 04/05), se omite la descarga de crudos
KACE-1-0-G ssp585: ya procesado (paso 04/05), se omite la descarga de crudos
1 modelo(s) no se encontraron en el nodo principal de ESGF.
Buscar en nodos alternativos de ESGF (02b) y Copernicus CDS (02c)? [S/n, 15s, por defecto S] 
(sin respuesta en 15s, se continua como si hubieras dicho que si)
== 02b: 1 modelos no encontrados en el nodo principal -- probando nodos alternativos de ESGF ==
Buscando MIROC-ES2H en nodos alternativos ...
  https://esgf.ceda.ac.uk/esg-search/search: sin variant_label comun a los 3 experimentos
  https://esgf-data.dkrz.de/esg-search/search: sin variant_label comun a los 3 experimentos
  ESGF respondio 500 en https://esgf-node.ipsl.upmc.fr/esg-search/search -- reintento 1/2 en 6s
  https://esgf-node.ipsl.upmc.fr/esg-search/search: fallo (500 Server Error: 500 for url: https://esgf-node.ipsl.upmc.fr/esg-search/search?project=CMIP6&source_id=MIROC-ES2H&experiment_id=historical&variable_id=tos&table_id=Omon&type=File&format=application%2Fsolr%2Bjson&limit=0&facets=variant_label)
    historical: el archivo de empalme no responde, se descarta todo el experimento
    ssp245: el archivo de empalme no responde, se descarta todo el experimento
    ssp370: el archivo de empalme no responde, se descarta todo el experimento
    ssp585: el archivo de empalme no responde, se descarta todo el experimento
  https://esg-dn1.nsc.liu.se/esg-search/search: incompleto {'historical': 0, 'ssp245': 0, 'ssp370': 0, 'ssp585': 0}
  https://esgf.nci.org.au/esg-search/search: sin variant_label comun a los 3 experimentos
    ssp245: el archivo de empalme no responde, se descarta todo el experimento
    ssp370: el archivo de empalme no responde, se descarta todo el experimento
    ssp585: el archivo de empalme no responde, se descarta todo el experimento
  https://metagrid.esgf-west.org/proxy/search: incompleto {'historical': 1, 'ssp245': 0, 'ssp370': 0, 'ssp585': 0}
    ssp245: el archivo de empalme no responde, se descarta todo el experimento
    ssp370: el archivo de empalme no responde, se descarta todo el experimento
    ssp585: el archivo de empalme no responde, se descarta todo el experimento
  https://esgf-node.ornl.gov/proxy/search: incompleto {'historical': 1, 'ssp245': 0, 'ssp370': 0, 'ssp585': 0}
  https://esgf-metagrid.cloud.dkrz.de/proxy/search: sin variant_label comun a los 3 experimentos

Resueltos via nodo alternativo: 0 -> []
Siguen sin encontrarse: 1 -> ['MIROC-ES2H']
(intentar con 02c_download_copernicus_cds.py para los que siguen sin encontrarse)
== 02a (reintento): descarga lo que 02b haya resuelto ==
ACCESS-CM2 historical: ya procesado (paso 04/05), se omite la descarga de crudos
ACCESS-CM2 ssp245: ya procesado (paso 04/05), se omite la descarga de crudos
ACCESS-CM2 ssp370: ya procesado (paso 04/05), se omite la descarga de crudos
ACCESS-CM2 ssp585: ya procesado (paso 04/05), se omite la descarga de crudos
ACCESS-ESM1-5 historical: ya procesado (paso 04/05), se omite la descarga de crudos
ACCESS-ESM1-5 ssp245: ya procesado (paso 04/05), se omite la descarga de crudos
ACCESS-ESM1-5 ssp370: ya procesado (paso 04/05), se omite la descarga de crudos
ACCESS-ESM1-5 ssp585: ya procesado (paso 04/05), se omite la descarga de crudos
AWI-CM-1-1-MR historical: ya procesado (paso 04/05), se omite la descarga de crudos
AWI-CM-1-1-MR ssp245: ya procesado (paso 04/05), se omite la descarga de crudos
Procesando AWI-CM-1-1-MR ssp370 (3) ...
Procesando AWI-CM-1-1-MR ssp585 (3) ...
BCC-CSM2-MR historical: ya procesado (paso 04/05), se omite la descarga de crudos
BCC-CSM2-MR ssp245: ya procesado (paso 04/05), se omite la descarga de crudos
BCC-CSM2-MR ssp370: ya procesado (paso 04/05), se omite la descarga de crudos
BCC-CSM2-MR ssp585: ya procesado (paso 04/05), se omite la descarga de crudos
CAMS-CSM1-0 historical: ya procesado (paso 04/05), se omite la descarga de crudos
CAMS-CSM1-0 ssp245: ya procesado (paso 04/05), se omite la descarga de crudos
CAMS-CSM1-0 ssp370: ya procesado (paso 04/05), se omite la descarga de crudos
CAMS-CSM1-0 ssp585: ya procesado (paso 04/05), se omite la descarga de crudos
CAS-ESM2-0 historical: ya procesado (paso 04/05), se omite la descarga de crudos
CAS-ESM2-0 ssp245: ya procesado (paso 04/05), se omite la descarga de crudos
CAS-ESM2-0 ssp370: ya procesado (paso 04/05), se omite la descarga de crudos
CAS-ESM2-0 ssp585: ya procesado (paso 04/05), se omite la descarga de crudos
CESM2 historical: ya procesado (paso 04/05), se omite la descarga de crudos
CESM2 ssp245: ya procesado (paso 04/05), se omite la descarga de crudos
CESM2 ssp370: ya procesado (paso 04/05), se omite la descarga de crudos
CESM2 ssp585: ya procesado (paso 04/05), se omite la descarga de crudos
CESM2-WACCM historical: ya procesado (paso 04/05), se omite la descarga de crudos
CESM2-WACCM ssp245: ya procesado (paso 04/05), se omite la descarga de crudos
CESM2-WACCM ssp370: ya procesado (paso 04/05), se omite la descarga de crudos
CESM2-WACCM ssp585: ya procesado (paso 04/05), se omite la descarga de crudos
CMCC-CM2-SR5 historical: ya procesado (paso 04/05), se omite la descarga de crudos
CMCC-CM2-SR5 ssp245: ya procesado (paso 04/05), se omite la descarga de crudos
CMCC-CM2-SR5 ssp370: ya procesado (paso 04/05), se omite la descarga de crudos
CMCC-CM2-SR5 ssp585: ya procesado (paso 04/05), se omite la descarga de crudos
CMCC-ESM2 historical: ya procesado (paso 04/05), se omite la descarga de crudos
CMCC-ESM2 ssp245: ya procesado (paso 04/05), se omite la descarga de crudos
CMCC-ESM2 ssp370: ya procesado (paso 04/05), se omite la descarga de crudos
CMCC-ESM2 ssp585: ya procesado (paso 04/05), se omite la descarga de crudos
CNRM-CM6-1 historical: ya procesado (paso 04/05), se omite la descarga de crudos
CNRM-CM6-1 ssp245: ya procesado (paso 04/05), se omite la descarga de crudos
CNRM-CM6-1 ssp370: ya procesado (paso 04/05), se omite la descarga de crudos
CNRM-CM6-1 ssp585: ya procesado (paso 04/05), se omite la descarga de crudos
CNRM-CM6-1-HR historical: ya procesado (paso 04/05), se omite la descarga de crudos
CNRM-CM6-1-HR ssp245: ya procesado (paso 04/05), se omite la descarga de crudos
CNRM-CM6-1-HR ssp370: ya procesado (paso 04/05), se omite la descarga de crudos
CNRM-CM6-1-HR ssp585: ya procesado (paso 04/05), se omite la descarga de crudos
CNRM-ESM2-1 historical: ya procesado (paso 04/05), se omite la descarga de crudos
CNRM-ESM2-1 ssp245: ya procesado (paso 04/05), se omite la descarga de crudos
CNRM-ESM2-1 ssp370: ya procesado (paso 04/05), se omite la descarga de crudos
CNRM-ESM2-1 ssp585: ya procesado (paso 04/05), se omite la descarga de crudos
CanESM5 historical: ya procesado (paso 04/05), se omite la descarga de crudos
CanESM5 ssp245: ya procesado (paso 04/05), se omite la descarga de crudos
CanESM5 ssp370: ya procesado (paso 04/05), se omite la descarga de crudos
CanESM5 ssp585: ya procesado (paso 04/05), se omite la descarga de crudos
CanESM5-1 historical: ya procesado (paso 04/05), se omite la descarga de crudos
CanESM5-1 ssp245: ya procesado (paso 04/05), se omite la descarga de crudos
CanESM5-1 ssp370: ya procesado (paso 04/05), se omite la descarga de crudos
CanESM5-1 ssp585: ya procesado (paso 04/05), se omite la descarga de crudos
CanESM5-CanOE historical: ya procesado (paso 04/05), se omite la descarga de crudos
CanESM5-CanOE ssp245: ya procesado (paso 04/05), se omite la descarga de crudos
CanESM5-CanOE ssp370: ya procesado (paso 04/05), se omite la descarga de crudos
CanESM5-CanOE ssp585: ya procesado (paso 04/05), se omite la descarga de crudos
EC-Earth3 historical: ya procesado (paso 04/05), se omite la descarga de crudos
EC-Earth3 ssp245: ya procesado (paso 04/05), se omite la descarga de crudos
EC-Earth3 ssp370: ya procesado (paso 04/05), se omite la descarga de crudos
EC-Earth3 ssp585: ya procesado (paso 04/05), se omite la descarga de crudos
EC-Earth3-Veg historical: ya procesado (paso 04/05), se omite la descarga de crudos
EC-Earth3-Veg ssp245: ya procesado (paso 04/05), se omite la descarga de crudos
EC-Earth3-Veg ssp370: ya procesado (paso 04/05), se omite la descarga de crudos
EC-Earth3-Veg ssp585: ya procesado (paso 04/05), se omite la descarga de crudos
EC-Earth3-Veg-LR historical: ya procesado (paso 04/05), se omite la descarga de crudos
EC-Earth3-Veg-LR ssp245: ya procesado (paso 04/05), se omite la descarga de crudos
EC-Earth3-Veg-LR ssp370: ya procesado (paso 04/05), se omite la descarga de crudos
EC-Earth3-Veg-LR ssp585: ya procesado (paso 04/05), se omite la descarga de crudos
FGOALS-f3-L historical: ya procesado (paso 04/05), se omite la descarga de crudos
FGOALS-f3-L ssp245: ya procesado (paso 04/05), se omite la descarga de crudos
FGOALS-f3-L ssp370: ya procesado (paso 04/05), se omite la descarga de crudos
FGOALS-f3-L ssp585: ya procesado (paso 04/05), se omite la descarga de crudos
FGOALS-g3 historical: ya procesado (paso 04/05), se omite la descarga de crudos
FGOALS-g3 ssp245: ya procesado (paso 04/05), se omite la descarga de crudos
FGOALS-g3 ssp370: ya procesado (paso 04/05), se omite la descarga de crudos
FGOALS-g3 ssp585: ya procesado (paso 04/05), se omite la descarga de crudos
GFDL-ESM4 historical: ya procesado (paso 04/05), se omite la descarga de crudos
GFDL-ESM4 ssp245: ya procesado (paso 04/05), se omite la descarga de crudos
GFDL-ESM4 ssp370: ya procesado (paso 04/05), se omite la descarga de crudos
GFDL-ESM4 ssp585: ya procesado (paso 04/05), se omite la descarga de crudos
GISS-E2-1-G historical: ya procesado (paso 04/05), se omite la descarga de crudos
GISS-E2-1-G ssp245: ya procesado (paso 04/05), se omite la descarga de crudos
GISS-E2-1-G ssp370: ya procesado (paso 04/05), se omite la descarga de crudos
GISS-E2-1-G ssp585: ya procesado (paso 04/05), se omite la descarga de crudos
GISS-E2-1-H historical: ya procesado (paso 04/05), se omite la descarga de crudos
GISS-E2-1-H ssp245: ya procesado (paso 04/05), se omite la descarga de crudos
GISS-E2-1-H ssp370: ya procesado (paso 04/05), se omite la descarga de crudos
GISS-E2-1-H ssp585: ya procesado (paso 04/05), se omite la descarga de crudos
GISS-E2-2-G historical: ya procesado (paso 04/05), se omite la descarga de crudos
GISS-E2-2-G ssp245: ya procesado (paso 04/05), se omite la descarga de crudos
GISS-E2-2-G ssp370: ya procesado (paso 04/05), se omite la descarga de crudos
GISS-E2-2-G ssp585: ya procesado (paso 04/05), se omite la descarga de crudos
IITM-ESM historical: ya procesado (paso 04/05), se omite la descarga de crudos
IITM-ESM ssp245: ya procesado (paso 04/05), se omite la descarga de crudos
IITM-ESM ssp370: ya procesado (paso 04/05), se omite la descarga de crudos
IITM-ESM ssp585: ya procesado (paso 04/05), se omite la descarga de crudos
INM-CM4-8 historical: ya procesado (paso 04/05), se omite la descarga de crudos
INM-CM4-8 ssp245: ya procesado (paso 04/05), se omite la descarga de crudos
INM-CM4-8 ssp370: ya procesado (paso 04/05), se omite la descarga de crudos
INM-CM4-8 ssp585: ya procesado (paso 04/05), se omite la descarga de crudos
INM-CM5-0 historical: ya procesado (paso 04/05), se omite la descarga de crudos
INM-CM5-0 ssp245: ya procesado (paso 04/05), se omite la descarga de crudos
INM-CM5-0 ssp370: ya procesado (paso 04/05), se omite la descarga de crudos
INM-CM5-0 ssp585: ya procesado (paso 04/05), se omite la descarga de crudos
IPSL-CM6A-LR historical: ya procesado (paso 04/05), se omite la descarga de crudos
IPSL-CM6A-LR ssp245: ya procesado (paso 04/05), se omite la descarga de crudos
IPSL-CM6A-LR ssp370: ya procesado (paso 04/05), se omite la descarga de crudos
IPSL-CM6A-LR ssp585: ya procesado (paso 04/05), se omite la descarga de crudos
MCM-UA-1-0 historical: ya procesado (paso 04/05), se omite la descarga de crudos
MCM-UA-1-0 ssp245: ya procesado (paso 04/05), se omite la descarga de crudos
MCM-UA-1-0 ssp370: ya procesado (paso 04/05), se omite la descarga de crudos
MCM-UA-1-0 ssp585: ya procesado (paso 04/05), se omite la descarga de crudos
MIROC-ES2L historical: ya procesado (paso 04/05), se omite la descarga de crudos
MIROC-ES2L ssp245: ya procesado (paso 04/05), se omite la descarga de crudos
MIROC-ES2L ssp370: ya procesado (paso 04/05), se omite la descarga de crudos
MIROC-ES2L ssp585: ya procesado (paso 04/05), se omite la descarga de crudos
MIROC6 historical: ya procesado (paso 04/05), se omite la descarga de crudos
MIROC6 ssp245: ya procesado (paso 04/05), se omite la descarga de crudos
MIROC6 ssp370: ya procesado (paso 04/05), se omite la descarga de crudos
MIROC6 ssp585: ya procesado (paso 04/05), se omite la descarga de crudos
MPI-ESM1-2-HR historical: ya procesado (paso 04/05), se omite la descarga de crudos
MPI-ESM1-2-HR ssp245: ya procesado (paso 04/05), se omite la descarga de crudos
MPI-ESM1-2-HR ssp370: ya procesado (paso 04/05), se omite la descarga de crudos
MPI-ESM1-2-HR ssp585: ya procesado (paso 04/05), se omite la descarga de crudos
MPI-ESM1-2-LR historical: ya procesado (paso 04/05), se omite la descarga de crudos
MPI-ESM1-2-LR ssp245: ya procesado (paso 04/05), se omite la descarga de crudos
MPI-ESM1-2-LR ssp370: ya procesado (paso 04/05), se omite la descarga de crudos
MPI-ESM1-2-LR ssp585: ya procesado (paso 04/05), se omite la descarga de crudos
MRI-ESM2-0 historical: ya procesado (paso 04/05), se omite la descarga de crudos
MRI-ESM2-0 ssp245: ya procesado (paso 04/05), se omite la descarga de crudos
MRI-ESM2-0 ssp370: ya procesado (paso 04/05), se omite la descarga de crudos
MRI-ESM2-0 ssp585: ya procesado (paso 04/05), se omite la descarga de crudos
NorESM2-LM historical: ya procesado (paso 04/05), se omite la descarga de crudos
NorESM2-LM ssp245: ya procesado (paso 04/05), se omite la descarga de crudos
NorESM2-LM ssp370: ya procesado (paso 04/05), se omite la descarga de crudos
NorESM2-LM ssp585: ya procesado (paso 04/05), se omite la descarga de crudos
NorESM2-MM historical: ya procesado (paso 04/05), se omite la descarga de crudos
NorESM2-MM ssp245: ya procesado (paso 04/05), se omite la descarga de crudos
NorESM2-MM ssp370: ya procesado (paso 04/05), se omite la descarga de crudos
NorESM2-MM ssp585: ya procesado (paso 04/05), se omite la descarga de crudos
TaiESM1 historical: ya procesado (paso 04/05), se omite la descarga de crudos
TaiESM1 ssp245: ya procesado (paso 04/05), se omite la descarga de crudos
TaiESM1 ssp370: ya procesado (paso 04/05), se omite la descarga de crudos
TaiESM1 ssp585: ya procesado (paso 04/05), se omite la descarga de crudos
UKESM1-0-LL historical: ya procesado (paso 04/05), se omite la descarga de crudos
UKESM1-0-LL ssp245: ya procesado (paso 04/05), se omite la descarga de crudos
UKESM1-0-LL ssp370: ya procesado (paso 04/05), se omite la descarga de crudos
UKESM1-0-LL ssp585: ya procesado (paso 04/05), se omite la descarga de crudos
KACE-1-0-G historical: ya procesado (paso 04/05), se omite la descarga de crudos
KACE-1-0-G ssp245: ya procesado (paso 04/05), se omite la descarga de crudos
KACE-1-0-G ssp370: ya procesado (paso 04/05), se omite la descarga de crudos
KACE-1-0-G ssp585: ya procesado (paso 04/05), se omite la descarga de crudos
1 de 1 modelos aun sin encontrar estan en la lista blanca de Copernicus
== 02c: probando Copernicus CDS (solo lista blanca, ver arriba) ==
1 modelos via Copernicus CDS: ['MIROC-ES2H']
Procesando MIROC-ES2H historical via Copernicus CDS ...
2026-09-22 03:32:08,227 INFO Request ID is 4f1ea905-a5de-4cbb-b016-49af0ceef4ec
2026-09-22 03:32:11,274 INFO status has been updated to accepted
2026-09-22 03:33:28,861 INFO status has been updated to failed
  MIROC-ES2H historical: fallo CDS (400 Client Error: Bad Request for url: https://cds.climate.copernicus.eu/api/retrieve/v1/jobs/4f1ea905-a5de-4cbb-b016-49af0ceef4ec/results
The job has failed
The job failed with: RoocsValueError) -- reintento 1/2 en 30s
2026-09-22 03:34:03,917 INFO Request ID is 1b57fe6b-dee8-4d7e-a07c-b704397a0404
2026-09-22 03:34:04,172 INFO status has been updated to accepted
2026-09-22 03:34:19,068 INFO status has been updated to running
2026-09-22 03:34:26,927 INFO status has been updated to failed
Procesando MIROC-ES2H ssp245 via Copernicus CDS ...
2026-09-22 03:34:30,397 INFO Request ID is c39e8a3a-4212-48fe-8f8d-628e86f07506
2026-09-22 03:34:30,704 INFO status has been updated to accepted
2026-09-22 03:34:48,675 INFO status has been updated to running
2026-09-22 03:34:56,532 INFO status has been updated to failed
  MIROC-ES2H ssp245: fallo CDS (400 Client Error: Bad Request for url: https://cds.climate.copernicus.eu/api/retrieve/v1/jobs/c39e8a3a-4212-48fe-8f8d-628e86f07506/results
The job has failed
The job failed with: RoocsValueError) -- reintento 1/2 en 30s
2026-09-22 03:35:30,311 INFO Request ID is 2b99b54e-0c29-4cf1-818f-3ad1725d755e
2026-09-22 03:35:30,578 INFO status has been updated to accepted
2026-09-22 03:35:46,268 INFO status has been updated to running
2026-09-22 03:35:54,134 INFO status has been updated to failed
Procesando MIROC-ES2H ssp370 via Copernicus CDS ...
2026-09-22 03:35:55,489 INFO Request ID is 8912e76e-e4e4-4201-a611-a63803000486
2026-09-22 03:35:55,744 INFO status has been updated to accepted
2026-09-22 03:36:29,838 INFO status has been updated to failed
  MIROC-ES2H ssp370: fallo CDS (400 Client Error: Bad Request for url: https://cds.climate.copernicus.eu/api/retrieve/v1/jobs/8912e76e-e4e4-4201-a611-a63803000486/results
The job has failed
The job failed with: RoocsValueError) -- reintento 1/2 en 30s
2026-09-22 03:37:02,304 INFO Request ID is 0bb3ed4e-3fa9-4c67-a5e8-1a1e86466581
2026-09-22 03:37:02,572 INFO status has been updated to accepted
2026-09-22 03:37:26,757 INFO status has been updated to failed
Procesando MIROC-ES2H ssp585 via Copernicus CDS ...
2026-09-22 03:37:35,663 INFO Request ID is 3605d32b-0367-4464-831c-e656774a6ba1
2026-09-22 03:37:35,926 INFO status has been updated to accepted
2026-09-22 03:38:53,283 INFO status has been updated to failed
  MIROC-ES2H ssp585: fallo CDS (400 Client Error: Bad Request for url: https://cds.climate.copernicus.eu/api/retrieve/v1/jobs/3605d32b-0367-4464-831c-e656774a6ba1/results
The job has failed
The job failed with: RoocsValueError) -- reintento 1/2 en 30s
2026-09-22 03:39:24,805 INFO Request ID is 2f663824-044a-4001-86ca-8b185246aa7e
2026-09-22 03:39:25,060 INFO status has been updated to accepted
2026-09-22 03:39:47,767 INFO status has been updated to failed

Revisa logs/download_failures.log para lo que fallo.
1 modelo(s) siguen sin resolverse -- intentos_busqueda incrementado (tope: 3, borrar data/interim/models_catalog_status.csv para reintentar de cero)
Descarga completa (ESGF principal + alternativo + Copernicus segun disponibilidad y credenciales).
== Paso 03: bash scripts/03_download_ersstv5.sh ==
Ya existe data/raw/ersstv5/ersstv5_region.nc, se omite.
== Paso 04: bash scripts/04_process_to_common_grid.sh ==
Preparando pesos de regrilla para ACCESS-CM2 ...
Procesando ACCESS-CM2 historical ...
Ya procesado, se omite: tos_ACCESS-CM2_historical.nc
Procesando ACCESS-CM2 ssp245 ...
Ya procesado, se omite: tos_ACCESS-CM2_ssp245.nc
Procesando ACCESS-CM2 ssp370 ...
Ya procesado, se omite: tos_ACCESS-CM2_ssp370.nc
Procesando ACCESS-CM2 ssp585 ...
Ya procesado, se omite: tos_ACCESS-CM2_ssp585.nc
Preparando pesos de regrilla para ACCESS-ESM1-5 ...
Procesando ACCESS-ESM1-5 historical ...
Ya procesado, se omite: tos_ACCESS-ESM1-5_historical.nc
Procesando ACCESS-ESM1-5 ssp245 ...
Ya procesado, se omite: tos_ACCESS-ESM1-5_ssp245.nc
Procesando ACCESS-ESM1-5 ssp370 ...
Ya procesado, se omite: tos_ACCESS-ESM1-5_ssp370.nc
Procesando ACCESS-ESM1-5 ssp585 ...
Ya procesado, se omite: tos_ACCESS-ESM1-5_ssp585.nc
Preparando pesos de regrilla para AWI-CM-1-1-MR ...
Procesando AWI-CM-1-1-MR historical ...
Ya procesado, se omite: tos_AWI-CM-1-1-MR_historical.nc
Procesando AWI-CM-1-1-MR ssp245 ...
Ya procesado, se omite: tos_AWI-CM-1-1-MR_ssp245.nc
Procesando AWI-CM-1-1-MR ssp370 ...
Procesando AWI-CM-1-1-MR ssp585 ...
Preparando pesos de regrilla para BCC-CSM2-MR ...
Procesando BCC-CSM2-MR historical ...
Ya procesado, se omite: tos_BCC-CSM2-MR_historical.nc
Procesando BCC-CSM2-MR ssp245 ...
Ya procesado, se omite: tos_BCC-CSM2-MR_ssp245.nc
Procesando BCC-CSM2-MR ssp370 ...
Ya procesado, se omite: tos_BCC-CSM2-MR_ssp370.nc
Procesando BCC-CSM2-MR ssp585 ...
Ya procesado, se omite: tos_BCC-CSM2-MR_ssp585.nc
Preparando pesos de regrilla para CAMS-CSM1-0 ...
Procesando CAMS-CSM1-0 historical ...
Ya procesado, se omite: tos_CAMS-CSM1-0_historical.nc
Procesando CAMS-CSM1-0 ssp245 ...
Ya procesado, se omite: tos_CAMS-CSM1-0_ssp245.nc
Procesando CAMS-CSM1-0 ssp370 ...
Ya procesado, se omite: tos_CAMS-CSM1-0_ssp370.nc
Procesando CAMS-CSM1-0 ssp585 ...
Ya procesado, se omite: tos_CAMS-CSM1-0_ssp585.nc
Preparando pesos de regrilla para CanESM5 ...
Procesando CanESM5 historical ...
Ya procesado, se omite: tos_CanESM5_historical.nc
Procesando CanESM5 ssp245 ...
Ya procesado, se omite: tos_CanESM5_ssp245.nc
Procesando CanESM5 ssp370 ...
Ya procesado, se omite: tos_CanESM5_ssp370.nc
Procesando CanESM5 ssp585 ...
Ya procesado, se omite: tos_CanESM5_ssp585.nc
Preparando pesos de regrilla para CanESM5-1 ...
Procesando CanESM5-1 historical ...
Ya procesado, se omite: tos_CanESM5-1_historical.nc
Procesando CanESM5-1 ssp245 ...
Ya procesado, se omite: tos_CanESM5-1_ssp245.nc
Procesando CanESM5-1 ssp370 ...
Ya procesado, se omite: tos_CanESM5-1_ssp370.nc
Procesando CanESM5-1 ssp585 ...
Ya procesado, se omite: tos_CanESM5-1_ssp585.nc
Preparando pesos de regrilla para CanESM5-CanOE ...
Procesando CanESM5-CanOE historical ...
Ya procesado, se omite: tos_CanESM5-CanOE_historical.nc
Procesando CanESM5-CanOE ssp245 ...
Ya procesado, se omite: tos_CanESM5-CanOE_ssp245.nc
Procesando CanESM5-CanOE ssp370 ...
Ya procesado, se omite: tos_CanESM5-CanOE_ssp370.nc
Procesando CanESM5-CanOE ssp585 ...
Ya procesado, se omite: tos_CanESM5-CanOE_ssp585.nc
Preparando pesos de regrilla para CAS-ESM2-0 ...
Procesando CAS-ESM2-0 historical ...
Ya procesado, se omite: tos_CAS-ESM2-0_historical.nc
Procesando CAS-ESM2-0 ssp245 ...
Ya procesado, se omite: tos_CAS-ESM2-0_ssp245.nc
Procesando CAS-ESM2-0 ssp370 ...
Ya procesado, se omite: tos_CAS-ESM2-0_ssp370.nc
Procesando CAS-ESM2-0 ssp585 ...
Ya procesado, se omite: tos_CAS-ESM2-0_ssp585.nc
Preparando pesos de regrilla para CESM2 ...
Procesando CESM2 historical ...
Ya procesado, se omite: tos_CESM2_historical.nc
Procesando CESM2 ssp245 ...
Ya procesado, se omite: tos_CESM2_ssp245.nc
Procesando CESM2 ssp370 ...
Ya procesado, se omite: tos_CESM2_ssp370.nc
Procesando CESM2 ssp585 ...
Ya procesado, se omite: tos_CESM2_ssp585.nc
Preparando pesos de regrilla para CESM2-WACCM ...
Procesando CESM2-WACCM historical ...
Ya procesado, se omite: tos_CESM2-WACCM_historical.nc
Procesando CESM2-WACCM ssp245 ...
Ya procesado, se omite: tos_CESM2-WACCM_ssp245.nc
Procesando CESM2-WACCM ssp370 ...
Ya procesado, se omite: tos_CESM2-WACCM_ssp370.nc
Procesando CESM2-WACCM ssp585 ...
Ya procesado, se omite: tos_CESM2-WACCM_ssp585.nc
Preparando pesos de regrilla para CMCC-CM2-SR5 ...
Procesando CMCC-CM2-SR5 historical ...
Ya procesado, se omite: tos_CMCC-CM2-SR5_historical.nc
Procesando CMCC-CM2-SR5 ssp245 ...
Ya procesado, se omite: tos_CMCC-CM2-SR5_ssp245.nc
Procesando CMCC-CM2-SR5 ssp370 ...
Ya procesado, se omite: tos_CMCC-CM2-SR5_ssp370.nc
Procesando CMCC-CM2-SR5 ssp585 ...
Ya procesado, se omite: tos_CMCC-CM2-SR5_ssp585.nc
Preparando pesos de regrilla para CMCC-ESM2 ...
Procesando CMCC-ESM2 historical ...
Ya procesado, se omite: tos_CMCC-ESM2_historical.nc
Procesando CMCC-ESM2 ssp245 ...
Ya procesado, se omite: tos_CMCC-ESM2_ssp245.nc
Procesando CMCC-ESM2 ssp370 ...
Ya procesado, se omite: tos_CMCC-ESM2_ssp370.nc
Procesando CMCC-ESM2 ssp585 ...
Ya procesado, se omite: tos_CMCC-ESM2_ssp585.nc
Preparando pesos de regrilla para CNRM-CM6-1 ...
Procesando CNRM-CM6-1 historical ...
Ya procesado, se omite: tos_CNRM-CM6-1_historical.nc
Procesando CNRM-CM6-1 ssp245 ...
Ya procesado, se omite: tos_CNRM-CM6-1_ssp245.nc
Procesando CNRM-CM6-1 ssp370 ...
Ya procesado, se omite: tos_CNRM-CM6-1_ssp370.nc
Procesando CNRM-CM6-1 ssp585 ...
Ya procesado, se omite: tos_CNRM-CM6-1_ssp585.nc
Preparando pesos de regrilla para CNRM-CM6-1-HR ...
Procesando CNRM-CM6-1-HR historical ...
Ya procesado, se omite: tos_CNRM-CM6-1-HR_historical.nc
Procesando CNRM-CM6-1-HR ssp245 ...
Ya procesado, se omite: tos_CNRM-CM6-1-HR_ssp245.nc
Procesando CNRM-CM6-1-HR ssp370 ...
Ya procesado, se omite: tos_CNRM-CM6-1-HR_ssp370.nc
Procesando CNRM-CM6-1-HR ssp585 ...
Ya procesado, se omite: tos_CNRM-CM6-1-HR_ssp585.nc
Preparando pesos de regrilla para CNRM-ESM2-1 ...
Procesando CNRM-ESM2-1 historical ...
Ya procesado, se omite: tos_CNRM-ESM2-1_historical.nc
Procesando CNRM-ESM2-1 ssp245 ...
Ya procesado, se omite: tos_CNRM-ESM2-1_ssp245.nc
Procesando CNRM-ESM2-1 ssp370 ...
Ya procesado, se omite: tos_CNRM-ESM2-1_ssp370.nc
Procesando CNRM-ESM2-1 ssp585 ...
Ya procesado, se omite: tos_CNRM-ESM2-1_ssp585.nc
Preparando pesos de regrilla para EC-Earth3 ...
Procesando EC-Earth3 historical ...
Ya procesado, se omite: tos_EC-Earth3_historical.nc
Procesando EC-Earth3 ssp245 ...
Ya procesado, se omite: tos_EC-Earth3_ssp245.nc
Procesando EC-Earth3 ssp370 ...
Ya procesado, se omite: tos_EC-Earth3_ssp370.nc
Procesando EC-Earth3 ssp585 ...
Ya procesado, se omite: tos_EC-Earth3_ssp585.nc
Preparando pesos de regrilla para EC-Earth3-Veg ...
Procesando EC-Earth3-Veg historical ...
Ya procesado, se omite: tos_EC-Earth3-Veg_historical.nc
Procesando EC-Earth3-Veg ssp245 ...
Ya procesado, se omite: tos_EC-Earth3-Veg_ssp245.nc
Procesando EC-Earth3-Veg ssp370 ...
Ya procesado, se omite: tos_EC-Earth3-Veg_ssp370.nc
Procesando EC-Earth3-Veg ssp585 ...
Ya procesado, se omite: tos_EC-Earth3-Veg_ssp585.nc
Preparando pesos de regrilla para EC-Earth3-Veg-LR ...
Procesando EC-Earth3-Veg-LR historical ...
Ya procesado, se omite: tos_EC-Earth3-Veg-LR_historical.nc
Procesando EC-Earth3-Veg-LR ssp245 ...
Ya procesado, se omite: tos_EC-Earth3-Veg-LR_ssp245.nc
Procesando EC-Earth3-Veg-LR ssp370 ...
Ya procesado, se omite: tos_EC-Earth3-Veg-LR_ssp370.nc
Procesando EC-Earth3-Veg-LR ssp585 ...
Ya procesado, se omite: tos_EC-Earth3-Veg-LR_ssp585.nc
Preparando pesos de regrilla para FGOALS-f3-L ...
Procesando FGOALS-f3-L historical ...
Ya procesado, se omite: tos_FGOALS-f3-L_historical.nc
Procesando FGOALS-f3-L ssp245 ...
Ya procesado, se omite: tos_FGOALS-f3-L_ssp245.nc
Procesando FGOALS-f3-L ssp370 ...
Ya procesado, se omite: tos_FGOALS-f3-L_ssp370.nc
Procesando FGOALS-f3-L ssp585 ...
Ya procesado, se omite: tos_FGOALS-f3-L_ssp585.nc
Preparando pesos de regrilla para FGOALS-g3 ...
Procesando FGOALS-g3 historical ...
Ya procesado, se omite: tos_FGOALS-g3_historical.nc
Procesando FGOALS-g3 ssp245 ...
Ya procesado, se omite: tos_FGOALS-g3_ssp245.nc
Procesando FGOALS-g3 ssp370 ...
Ya procesado, se omite: tos_FGOALS-g3_ssp370.nc
Procesando FGOALS-g3 ssp585 ...
Ya procesado, se omite: tos_FGOALS-g3_ssp585.nc
Preparando pesos de regrilla para GFDL-ESM4 ...
Procesando GFDL-ESM4 historical ...
Ya procesado, se omite: tos_GFDL-ESM4_historical.nc
Procesando GFDL-ESM4 ssp245 ...
Ya procesado, se omite: tos_GFDL-ESM4_ssp245.nc
Procesando GFDL-ESM4 ssp370 ...
Ya procesado, se omite: tos_GFDL-ESM4_ssp370.nc
Procesando GFDL-ESM4 ssp585 ...
Ya procesado, se omite: tos_GFDL-ESM4_ssp585.nc
Preparando pesos de regrilla para GISS-E2-1-G ...
Procesando GISS-E2-1-G historical ...
Ya procesado, se omite: tos_GISS-E2-1-G_historical.nc
Procesando GISS-E2-1-G ssp245 ...
Ya procesado, se omite: tos_GISS-E2-1-G_ssp245.nc
Procesando GISS-E2-1-G ssp370 ...
Ya procesado, se omite: tos_GISS-E2-1-G_ssp370.nc
Procesando GISS-E2-1-G ssp585 ...
Ya procesado, se omite: tos_GISS-E2-1-G_ssp585.nc
Preparando pesos de regrilla para GISS-E2-1-H ...
Procesando GISS-E2-1-H historical ...
Ya procesado, se omite: tos_GISS-E2-1-H_historical.nc
Procesando GISS-E2-1-H ssp245 ...
Ya procesado, se omite: tos_GISS-E2-1-H_ssp245.nc
Procesando GISS-E2-1-H ssp370 ...
Ya procesado, se omite: tos_GISS-E2-1-H_ssp370.nc
Procesando GISS-E2-1-H ssp585 ...
Ya procesado, se omite: tos_GISS-E2-1-H_ssp585.nc
Preparando pesos de regrilla para GISS-E2-2-G ...
Procesando GISS-E2-2-G historical ...
Ya procesado, se omite: tos_GISS-E2-2-G_historical.nc
Procesando GISS-E2-2-G ssp245 ...
Ya procesado, se omite: tos_GISS-E2-2-G_ssp245.nc
Procesando GISS-E2-2-G ssp370 ...
Ya procesado, se omite: tos_GISS-E2-2-G_ssp370.nc
Procesando GISS-E2-2-G ssp585 ...
Ya procesado, se omite: tos_GISS-E2-2-G_ssp585.nc
Preparando pesos de regrilla para IITM-ESM ...
Procesando IITM-ESM historical ...
Ya procesado, se omite: tos_IITM-ESM_historical.nc
Procesando IITM-ESM ssp245 ...
Ya procesado, se omite: tos_IITM-ESM_ssp245.nc
Procesando IITM-ESM ssp370 ...
Ya procesado, se omite: tos_IITM-ESM_ssp370.nc
Procesando IITM-ESM ssp585 ...
Ya procesado, se omite: tos_IITM-ESM_ssp585.nc
Preparando pesos de regrilla para INM-CM4-8 ...
Procesando INM-CM4-8 historical ...
Ya procesado, se omite: tos_INM-CM4-8_historical.nc
Procesando INM-CM4-8 ssp245 ...
Ya procesado, se omite: tos_INM-CM4-8_ssp245.nc
Procesando INM-CM4-8 ssp370 ...
Ya procesado, se omite: tos_INM-CM4-8_ssp370.nc
Procesando INM-CM4-8 ssp585 ...
Ya procesado, se omite: tos_INM-CM4-8_ssp585.nc
Preparando pesos de regrilla para INM-CM5-0 ...
Procesando INM-CM5-0 historical ...
Ya procesado, se omite: tos_INM-CM5-0_historical.nc
Procesando INM-CM5-0 ssp245 ...
Ya procesado, se omite: tos_INM-CM5-0_ssp245.nc
Procesando INM-CM5-0 ssp370 ...
Ya procesado, se omite: tos_INM-CM5-0_ssp370.nc
Procesando INM-CM5-0 ssp585 ...
Ya procesado, se omite: tos_INM-CM5-0_ssp585.nc
Preparando pesos de regrilla para IPSL-CM6A-LR ...
Procesando IPSL-CM6A-LR historical ...
Ya procesado, se omite: tos_IPSL-CM6A-LR_historical.nc
Procesando IPSL-CM6A-LR ssp245 ...
Ya procesado, se omite: tos_IPSL-CM6A-LR_ssp245.nc
Procesando IPSL-CM6A-LR ssp370 ...
Ya procesado, se omite: tos_IPSL-CM6A-LR_ssp370.nc
Procesando IPSL-CM6A-LR ssp585 ...
Ya procesado, se omite: tos_IPSL-CM6A-LR_ssp585.nc
Preparando pesos de regrilla para KACE-1-0-G ...
Procesando KACE-1-0-G historical ...
Ya procesado, se omite: tos_KACE-1-0-G_historical.nc
Procesando KACE-1-0-G ssp245 ...
Ya procesado, se omite: tos_KACE-1-0-G_ssp245.nc
Procesando KACE-1-0-G ssp370 ...
Ya procesado, se omite: tos_KACE-1-0-G_ssp370.nc
Procesando KACE-1-0-G ssp585 ...
Ya procesado, se omite: tos_KACE-1-0-G_ssp585.nc
Preparando pesos de regrilla para MCM-UA-1-0 ...
Procesando MCM-UA-1-0 historical ...
Ya procesado, se omite: tos_MCM-UA-1-0_historical.nc
Procesando MCM-UA-1-0 ssp245 ...
Ya procesado, se omite: tos_MCM-UA-1-0_ssp245.nc
Procesando MCM-UA-1-0 ssp370 ...
Ya procesado, se omite: tos_MCM-UA-1-0_ssp370.nc
Procesando MCM-UA-1-0 ssp585 ...
Ya procesado, se omite: tos_MCM-UA-1-0_ssp585.nc
Preparando pesos de regrilla para MIROC6 ...
Procesando MIROC6 historical ...
Ya procesado, se omite: tos_MIROC6_historical.nc
Procesando MIROC6 ssp245 ...
Ya procesado, se omite: tos_MIROC6_ssp245.nc
Procesando MIROC6 ssp370 ...
Ya procesado, se omite: tos_MIROC6_ssp370.nc
Procesando MIROC6 ssp585 ...
Ya procesado, se omite: tos_MIROC6_ssp585.nc
Preparando pesos de regrilla para MIROC-ES2L ...
Procesando MIROC-ES2L historical ...
Ya procesado, se omite: tos_MIROC-ES2L_historical.nc
Procesando MIROC-ES2L ssp245 ...
Ya procesado, se omite: tos_MIROC-ES2L_ssp245.nc
Procesando MIROC-ES2L ssp370 ...
Ya procesado, se omite: tos_MIROC-ES2L_ssp370.nc
Procesando MIROC-ES2L ssp585 ...
Ya procesado, se omite: tos_MIROC-ES2L_ssp585.nc
Preparando pesos de regrilla para MPI-ESM1-2-HR ...
Procesando MPI-ESM1-2-HR historical ...
Ya procesado, se omite: tos_MPI-ESM1-2-HR_historical.nc
Procesando MPI-ESM1-2-HR ssp245 ...
Ya procesado, se omite: tos_MPI-ESM1-2-HR_ssp245.nc
Procesando MPI-ESM1-2-HR ssp370 ...
Ya procesado, se omite: tos_MPI-ESM1-2-HR_ssp370.nc
Procesando MPI-ESM1-2-HR ssp585 ...
Ya procesado, se omite: tos_MPI-ESM1-2-HR_ssp585.nc
Preparando pesos de regrilla para MPI-ESM1-2-LR ...
Procesando MPI-ESM1-2-LR historical ...
Ya procesado, se omite: tos_MPI-ESM1-2-LR_historical.nc
Procesando MPI-ESM1-2-LR ssp245 ...
Ya procesado, se omite: tos_MPI-ESM1-2-LR_ssp245.nc
Procesando MPI-ESM1-2-LR ssp370 ...
Ya procesado, se omite: tos_MPI-ESM1-2-LR_ssp370.nc
Procesando MPI-ESM1-2-LR ssp585 ...
Ya procesado, se omite: tos_MPI-ESM1-2-LR_ssp585.nc
Preparando pesos de regrilla para MRI-ESM2-0 ...
Procesando MRI-ESM2-0 historical ...
Ya procesado, se omite: tos_MRI-ESM2-0_historical.nc
Procesando MRI-ESM2-0 ssp245 ...
Ya procesado, se omite: tos_MRI-ESM2-0_ssp245.nc
Procesando MRI-ESM2-0 ssp370 ...
Ya procesado, se omite: tos_MRI-ESM2-0_ssp370.nc
Procesando MRI-ESM2-0 ssp585 ...
Ya procesado, se omite: tos_MRI-ESM2-0_ssp585.nc
Preparando pesos de regrilla para NorESM2-LM ...
Procesando NorESM2-LM historical ...
Ya procesado, se omite: tos_NorESM2-LM_historical.nc
Procesando NorESM2-LM ssp245 ...
Ya procesado, se omite: tos_NorESM2-LM_ssp245.nc
Procesando NorESM2-LM ssp370 ...
Ya procesado, se omite: tos_NorESM2-LM_ssp370.nc
Procesando NorESM2-LM ssp585 ...
Ya procesado, se omite: tos_NorESM2-LM_ssp585.nc
Preparando pesos de regrilla para NorESM2-MM ...
Procesando NorESM2-MM historical ...
Ya procesado, se omite: tos_NorESM2-MM_historical.nc
Procesando NorESM2-MM ssp245 ...
Ya procesado, se omite: tos_NorESM2-MM_ssp245.nc
Procesando NorESM2-MM ssp370 ...
Ya procesado, se omite: tos_NorESM2-MM_ssp370.nc
Procesando NorESM2-MM ssp585 ...
Ya procesado, se omite: tos_NorESM2-MM_ssp585.nc
Preparando pesos de regrilla para TaiESM1 ...
Procesando TaiESM1 historical ...
Ya procesado, se omite: tos_TaiESM1_historical.nc
Procesando TaiESM1 ssp245 ...
Ya procesado, se omite: tos_TaiESM1_ssp245.nc
Procesando TaiESM1 ssp370 ...
Ya procesado, se omite: tos_TaiESM1_ssp370.nc
Procesando TaiESM1 ssp585 ...
Ya procesado, se omite: tos_TaiESM1_ssp585.nc
Preparando pesos de regrilla para UKESM1-0-LL ...
Procesando UKESM1-0-LL historical ...
Ya procesado, se omite: tos_UKESM1-0-LL_historical.nc
Procesando UKESM1-0-LL ssp245 ...
Ya procesado, se omite: tos_UKESM1-0-LL_ssp245.nc
Procesando UKESM1-0-LL ssp370 ...
Ya procesado, se omite: tos_UKESM1-0-LL_ssp370.nc
Procesando UKESM1-0-LL ssp585 ...
Ya procesado, se omite: tos_UKESM1-0-LL_ssp585.nc
== Paso 05: python3 scripts/05_apply_ocean_mask.py ==
  tos_ACCESS-CM2_historical.nc: 566280 puntos con |valor| > 400, vueltos NaN
  tos_ACCESS-CM2_ssp245.nc: 295152 puntos con |valor| > 400, vueltos NaN
  tos_ACCESS-CM2_ssp370.nc: 295152 puntos con |valor| > 400, vueltos NaN
  tos_ACCESS-CM2_ssp585.nc: 295152 puntos con |valor| > 400, vueltos NaN
  tos_ACCESS-ESM1-5_historical.nc: 566280 puntos con |valor| > 400, vueltos NaN
  tos_ACCESS-ESM1-5_ssp245.nc: 295152 puntos con |valor| > 400, vueltos NaN
  tos_ACCESS-ESM1-5_ssp370.nc: 295152 puntos con |valor| > 400, vueltos NaN
  tos_ACCESS-ESM1-5_ssp585.nc: 295152 puntos con |valor| > 400, vueltos NaN
  tos_AWI-CM-1-1-MR_historical.nc: 209880 puntos con |valor| > 400, vueltos NaN
  tos_AWI-CM-1-1-MR_ssp245.nc: 109392 puntos con |valor| > 400, vueltos NaN
  tos_AWI-CM-1-1-MR_ssp370.nc: 109392 puntos con |valor| > 400, vueltos NaN
  tos_AWI-CM-1-1-MR_ssp585.nc: 109392 puntos con |valor| > 400, vueltos NaN
Ya procesado, se omite: tos_BCC-CSM2-MR_historical.nc
Ya procesado, se omite: tos_BCC-CSM2-MR_ssp245.nc
Ya procesado, se omite: tos_BCC-CSM2-MR_ssp370.nc
Ya procesado, se omite: tos_BCC-CSM2-MR_ssp585.nc
Ya procesado, se omite: tos_CAMS-CSM1-0_historical.nc
Ya procesado, se omite: tos_CAMS-CSM1-0_ssp245.nc
Ya procesado, se omite: tos_CAMS-CSM1-0_ssp370.nc
Ya procesado, se omite: tos_CAMS-CSM1-0_ssp585.nc
Ya procesado, se omite: tos_CAS-ESM2-0_historical.nc
Ya procesado, se omite: tos_CAS-ESM2-0_ssp245.nc
Ya procesado, se omite: tos_CAS-ESM2-0_ssp370.nc
Ya procesado, se omite: tos_CAS-ESM2-0_ssp585.nc
Ya procesado, se omite: tos_CESM2-WACCM_historical.nc
Ya procesado, se omite: tos_CESM2-WACCM_ssp245.nc
Ya procesado, se omite: tos_CESM2-WACCM_ssp370.nc
Ya procesado, se omite: tos_CESM2-WACCM_ssp585.nc
Ya procesado, se omite: tos_CESM2_historical.nc
Ya procesado, se omite: tos_CESM2_ssp245.nc
Ya procesado, se omite: tos_CESM2_ssp370.nc
Ya procesado, se omite: tos_CESM2_ssp585.nc
Ya procesado, se omite: tos_CMCC-CM2-SR5_historical.nc
Ya procesado, se omite: tos_CMCC-CM2-SR5_ssp245.nc
Ya procesado, se omite: tos_CMCC-CM2-SR5_ssp370.nc
Ya procesado, se omite: tos_CMCC-CM2-SR5_ssp585.nc
Ya procesado, se omite: tos_CMCC-ESM2_historical.nc
Ya procesado, se omite: tos_CMCC-ESM2_ssp245.nc
Ya procesado, se omite: tos_CMCC-ESM2_ssp370.nc
Ya procesado, se omite: tos_CMCC-ESM2_ssp585.nc
Ya procesado, se omite: tos_CNRM-CM6-1-HR_historical.nc
Ya procesado, se omite: tos_CNRM-CM6-1-HR_ssp245.nc
Ya procesado, se omite: tos_CNRM-CM6-1-HR_ssp370.nc
Ya procesado, se omite: tos_CNRM-CM6-1-HR_ssp585.nc
Ya procesado, se omite: tos_CNRM-CM6-1_historical.nc
Ya procesado, se omite: tos_CNRM-CM6-1_ssp245.nc
Ya procesado, se omite: tos_CNRM-CM6-1_ssp370.nc
Ya procesado, se omite: tos_CNRM-CM6-1_ssp585.nc
Ya procesado, se omite: tos_CNRM-ESM2-1_historical.nc
Ya procesado, se omite: tos_CNRM-ESM2-1_ssp245.nc
Ya procesado, se omite: tos_CNRM-ESM2-1_ssp370.nc
Ya procesado, se omite: tos_CNRM-ESM2-1_ssp585.nc
Ya procesado, se omite: tos_CanESM5-1_historical.nc
Ya procesado, se omite: tos_CanESM5-1_ssp245.nc
Ya procesado, se omite: tos_CanESM5-1_ssp370.nc
Ya procesado, se omite: tos_CanESM5-1_ssp585.nc
Ya procesado, se omite: tos_CanESM5-CanOE_historical.nc
Ya procesado, se omite: tos_CanESM5-CanOE_ssp245.nc
Ya procesado, se omite: tos_CanESM5-CanOE_ssp370.nc
Ya procesado, se omite: tos_CanESM5-CanOE_ssp585.nc
Ya procesado, se omite: tos_CanESM5_historical.nc
Ya procesado, se omite: tos_CanESM5_ssp245.nc
Ya procesado, se omite: tos_CanESM5_ssp370.nc
Ya procesado, se omite: tos_CanESM5_ssp585.nc
Ya procesado, se omite: tos_EC-Earth3-Veg-LR_historical.nc
Ya procesado, se omite: tos_EC-Earth3-Veg-LR_ssp245.nc
Ya procesado, se omite: tos_EC-Earth3-Veg-LR_ssp370.nc
Ya procesado, se omite: tos_EC-Earth3-Veg-LR_ssp585.nc
Ya procesado, se omite: tos_EC-Earth3-Veg_historical.nc
Ya procesado, se omite: tos_EC-Earth3-Veg_ssp245.nc
Ya procesado, se omite: tos_EC-Earth3-Veg_ssp370.nc
Ya procesado, se omite: tos_EC-Earth3-Veg_ssp585.nc
Ya procesado, se omite: tos_EC-Earth3_historical.nc
Ya procesado, se omite: tos_EC-Earth3_ssp245.nc
Ya procesado, se omite: tos_EC-Earth3_ssp370.nc
Ya procesado, se omite: tos_EC-Earth3_ssp585.nc
Ya procesado, se omite: tos_FGOALS-f3-L_historical.nc
Ya procesado, se omite: tos_FGOALS-f3-L_ssp245.nc
Ya procesado, se omite: tos_FGOALS-f3-L_ssp370.nc
Ya procesado, se omite: tos_FGOALS-f3-L_ssp585.nc
Ya procesado, se omite: tos_FGOALS-g3_historical.nc
Ya procesado, se omite: tos_FGOALS-g3_ssp245.nc
Ya procesado, se omite: tos_FGOALS-g3_ssp370.nc
Ya procesado, se omite: tos_FGOALS-g3_ssp585.nc
Ya procesado, se omite: tos_GFDL-ESM4_historical.nc
Ya procesado, se omite: tos_GFDL-ESM4_ssp245.nc
Ya procesado, se omite: tos_GFDL-ESM4_ssp370.nc
Ya procesado, se omite: tos_GFDL-ESM4_ssp585.nc
Ya procesado, se omite: tos_GISS-E2-1-G_historical.nc
Ya procesado, se omite: tos_GISS-E2-1-G_ssp245.nc
Ya procesado, se omite: tos_GISS-E2-1-G_ssp370.nc
Ya procesado, se omite: tos_GISS-E2-1-G_ssp585.nc
Ya procesado, se omite: tos_GISS-E2-1-H_historical.nc
Ya procesado, se omite: tos_GISS-E2-1-H_ssp245.nc
Ya procesado, se omite: tos_GISS-E2-1-H_ssp370.nc
Ya procesado, se omite: tos_GISS-E2-1-H_ssp585.nc
Ya procesado, se omite: tos_GISS-E2-2-G_historical.nc
Ya procesado, se omite: tos_GISS-E2-2-G_ssp245.nc
Ya procesado, se omite: tos_GISS-E2-2-G_ssp370.nc
Ya procesado, se omite: tos_GISS-E2-2-G_ssp585.nc
Ya procesado, se omite: tos_IITM-ESM_historical.nc
Ya procesado, se omite: tos_IITM-ESM_ssp245.nc
Ya procesado, se omite: tos_IITM-ESM_ssp370.nc
Ya procesado, se omite: tos_IITM-ESM_ssp585.nc
Ya procesado, se omite: tos_INM-CM4-8_historical.nc
Ya procesado, se omite: tos_INM-CM4-8_ssp245.nc
Ya procesado, se omite: tos_INM-CM4-8_ssp370.nc
Ya procesado, se omite: tos_INM-CM4-8_ssp585.nc
Ya procesado, se omite: tos_INM-CM5-0_historical.nc
Ya procesado, se omite: tos_INM-CM5-0_ssp245.nc
Ya procesado, se omite: tos_INM-CM5-0_ssp370.nc
Ya procesado, se omite: tos_INM-CM5-0_ssp585.nc
Ya procesado, se omite: tos_IPSL-CM6A-LR_historical.nc
Ya procesado, se omite: tos_IPSL-CM6A-LR_ssp245.nc
Ya procesado, se omite: tos_IPSL-CM6A-LR_ssp370.nc
Ya procesado, se omite: tos_IPSL-CM6A-LR_ssp585.nc
Ya procesado, se omite: tos_KACE-1-0-G_historical.nc
Ya procesado, se omite: tos_KACE-1-0-G_ssp245.nc
Ya procesado, se omite: tos_KACE-1-0-G_ssp370.nc
Ya procesado, se omite: tos_KACE-1-0-G_ssp585.nc
Ya procesado, se omite: tos_MCM-UA-1-0_historical.nc
Ya procesado, se omite: tos_MCM-UA-1-0_ssp245.nc
Ya procesado, se omite: tos_MCM-UA-1-0_ssp370.nc
Ya procesado, se omite: tos_MCM-UA-1-0_ssp585.nc
Ya procesado, se omite: tos_MIROC-ES2L_historical.nc
Ya procesado, se omite: tos_MIROC-ES2L_ssp245.nc
Ya procesado, se omite: tos_MIROC-ES2L_ssp370.nc
Ya procesado, se omite: tos_MIROC-ES2L_ssp585.nc
Ya procesado, se omite: tos_MIROC6_historical.nc
Ya procesado, se omite: tos_MIROC6_ssp245.nc
Ya procesado, se omite: tos_MIROC6_ssp370.nc
Ya procesado, se omite: tos_MIROC6_ssp585.nc
Ya procesado, se omite: tos_MPI-ESM1-2-HR_historical.nc
Ya procesado, se omite: tos_MPI-ESM1-2-HR_ssp245.nc
Ya procesado, se omite: tos_MPI-ESM1-2-HR_ssp370.nc
Ya procesado, se omite: tos_MPI-ESM1-2-HR_ssp585.nc
Ya procesado, se omite: tos_MPI-ESM1-2-LR_historical.nc
Ya procesado, se omite: tos_MPI-ESM1-2-LR_ssp245.nc
Ya procesado, se omite: tos_MPI-ESM1-2-LR_ssp370.nc
Ya procesado, se omite: tos_MPI-ESM1-2-LR_ssp585.nc
Ya procesado, se omite: tos_MRI-ESM2-0_historical.nc
Ya procesado, se omite: tos_MRI-ESM2-0_ssp245.nc
Ya procesado, se omite: tos_MRI-ESM2-0_ssp370.nc
Ya procesado, se omite: tos_MRI-ESM2-0_ssp585.nc
Ya procesado, se omite: tos_NorESM2-LM_historical.nc
Ya procesado, se omite: tos_NorESM2-LM_ssp245.nc
Ya procesado, se omite: tos_NorESM2-LM_ssp370.nc
Ya procesado, se omite: tos_NorESM2-LM_ssp585.nc
Ya procesado, se omite: tos_NorESM2-MM_historical.nc
Ya procesado, se omite: tos_NorESM2-MM_ssp245.nc
Ya procesado, se omite: tos_NorESM2-MM_ssp370.nc
Ya procesado, se omite: tos_NorESM2-MM_ssp585.nc
Ya procesado, se omite: tos_TaiESM1_historical.nc
Ya procesado, se omite: tos_TaiESM1_ssp245.nc
Ya procesado, se omite: tos_TaiESM1_ssp370.nc
Ya procesado, se omite: tos_TaiESM1_ssp585.nc
Ya procesado, se omite: tos_UKESM1-0-LL_historical.nc
Ya procesado, se omite: tos_UKESM1-0-LL_ssp245.nc
Ya procesado, se omite: tos_UKESM1-0-LL_ssp370.nc
Ya procesado, se omite: tos_UKESM1-0-LL_ssp585.nc
== Paso 06: python3 scripts/06_qc_checks.py data/processed/masked data/processed/qc_report.csv ==
QC escrito en data/processed/qc_report.csv (160 archivos, 160 reusados de una corrida anterior, 0 con fallas)
== Paso 07: python3 scripts/07_build_inventory_report.py data/processed/qc_report.csv data/processed/masked data/processed/models_inventory_final.csv ==
Inventario final escrito en data/processed/models_inventory_final.csv (40/40 modelos seleccionados)
Pipeline completo.
== Registro de modelos ==
/home/jonathan/personal/e1_smn/informe/model_registry.csv: 102 modelos (41 con institucion/grilla, los que llegaron a ser seed -- ver config/models_seed_cmip6.csv)
== Graficos: plot_maps.py ==
38 mapa(s) 2D ya existen. Regenerar TODAS? [s/N, 15s, por defecto N] 
(sin respuesta en 15s, se mantienen las existentes)
Graficando mapas: 40 modelo(s) + ERSSTv5 ...
  ACCESS-CM2
  ACCESS-ESM1-5
  AWI-CM-1-1-MR
  BCC-CSM2-MR
  BCC-CSM2-MR: sst_2d_BCC-CSM2-MR.png ya existe, se omite
  CAMS-CSM1-0
  CAMS-CSM1-0: sst_2d_CAMS-CSM1-0.png ya existe, se omite
  CAS-ESM2-0
  CAS-ESM2-0: sst_2d_CAS-ESM2-0.png ya existe, se omite
  CESM2
  CESM2: sst_2d_CESM2.png ya existe, se omite
  CESM2-WACCM
  CESM2-WACCM: sst_2d_CESM2-WACCM.png ya existe, se omite
  CMCC-CM2-SR5
  CMCC-CM2-SR5: sst_2d_CMCC-CM2-SR5.png ya existe, se omite
  CMCC-ESM2
  CMCC-ESM2: sst_2d_CMCC-ESM2.png ya existe, se omite
  CNRM-CM6-1
  CNRM-CM6-1: sst_2d_CNRM-CM6-1.png ya existe, se omite
  CNRM-CM6-1-HR
  CNRM-CM6-1-HR: sst_2d_CNRM-CM6-1-HR.png ya existe, se omite
  CNRM-ESM2-1
  CNRM-ESM2-1: sst_2d_CNRM-ESM2-1.png ya existe, se omite
  CanESM5
  CanESM5: sst_2d_CanESM5.png ya existe, se omite
  CanESM5-1
  CanESM5-1: sst_2d_CanESM5-1.png ya existe, se omite
  CanESM5-CanOE
  CanESM5-CanOE: sst_2d_CanESM5-CanOE.png ya existe, se omite
  EC-Earth3
  EC-Earth3: sst_2d_EC-Earth3.png ya existe, se omite
  EC-Earth3-Veg
  EC-Earth3-Veg: sst_2d_EC-Earth3-Veg.png ya existe, se omite
  EC-Earth3-Veg-LR
  EC-Earth3-Veg-LR: sst_2d_EC-Earth3-Veg-LR.png ya existe, se omite
  FGOALS-f3-L
  FGOALS-f3-L: sst_2d_FGOALS-f3-L.png ya existe, se omite
  FGOALS-g3
  FGOALS-g3: sst_2d_FGOALS-g3.png ya existe, se omite
  GFDL-ESM4
  GFDL-ESM4: sst_2d_GFDL-ESM4.png ya existe, se omite
  GISS-E2-1-G
  GISS-E2-1-G: sst_2d_GISS-E2-1-G.png ya existe, se omite
  GISS-E2-1-H
  GISS-E2-1-H: sst_2d_GISS-E2-1-H.png ya existe, se omite
  GISS-E2-2-G
  GISS-E2-2-G: sst_2d_GISS-E2-2-G.png ya existe, se omite
  IITM-ESM
  IITM-ESM: sst_2d_IITM-ESM.png ya existe, se omite
  INM-CM4-8
  INM-CM4-8: sst_2d_INM-CM4-8.png ya existe, se omite
  INM-CM5-0
  INM-CM5-0: sst_2d_INM-CM5-0.png ya existe, se omite
  IPSL-CM6A-LR
  IPSL-CM6A-LR: sst_2d_IPSL-CM6A-LR.png ya existe, se omite
  KACE-1-0-G
  KACE-1-0-G: sst_2d_KACE-1-0-G.png ya existe, se omite
  MCM-UA-1-0
  MCM-UA-1-0: sst_2d_MCM-UA-1-0.png ya existe, se omite
  MIROC-ES2L
  MIROC-ES2L: sst_2d_MIROC-ES2L.png ya existe, se omite
  MIROC6
  MIROC6: sst_2d_MIROC6.png ya existe, se omite
  MPI-ESM1-2-HR
  MPI-ESM1-2-HR: sst_2d_MPI-ESM1-2-HR.png ya existe, se omite
  MPI-ESM1-2-LR
  MPI-ESM1-2-LR: sst_2d_MPI-ESM1-2-LR.png ya existe, se omite
  MRI-ESM2-0
  MRI-ESM2-0: sst_2d_MRI-ESM2-0.png ya existe, se omite
  NorESM2-LM
  NorESM2-LM: sst_2d_NorESM2-LM.png ya existe, se omite
  NorESM2-MM
  NorESM2-MM: sst_2d_NorESM2-MM.png ya existe, se omite
  TaiESM1
  TaiESM1: sst_2d_TaiESM1.png ya existe, se omite
  UKESM1-0-LL
  UKESM1-0-LL: sst_2d_UKESM1-0-LL.png ya existe, se omite
  ERSSTv5
  ERSSTv5: sst_2d_ERSSTv5.png ya existe, se omite
Listo, 41 figura(s) en /home/jonathan/personal/e1_smn/figures
== Graficos: plot_box_series.py ==
ACCESS-CM2
ACCESS-ESM1-5
AWI-CM-1-1-MR
BCC-CSM2-MR
CAMS-CSM1-0
CAS-ESM2-0
CESM2
CESM2-WACCM
CMCC-CM2-SR5
CMCC-ESM2
CNRM-CM6-1
CNRM-CM6-1-HR
CNRM-ESM2-1
CanESM5
CanESM5-1
CanESM5-CanOE
EC-Earth3
EC-Earth3-Veg
EC-Earth3-Veg-LR
FGOALS-f3-L
FGOALS-g3
GFDL-ESM4
GISS-E2-1-G
GISS-E2-1-H
GISS-E2-2-G
IITM-ESM
INM-CM4-8
INM-CM5-0
IPSL-CM6A-LR
KACE-1-0-G
MCM-UA-1-0
MIROC-ES2L
MIROC6
MPI-ESM1-2-HR
MPI-ESM1-2-LR
MRI-ESM2-0
NorESM2-LM
NorESM2-MM
TaiESM1
UKESM1-0-LL
Listo, 40 modelo(s) graficado(s) (2 figuras cada uno) en /home/jonathan/personal/e1_smn/figures
== Graficos: plot_qc_summary.py ==
1 figura(s) ya existen. Regenerar TODAS? [s/N, 15s, por defecto N] 
(sin respuesta en 15s, se mantienen las existentes)
== Graficos: plot_boxplot_comparison.py ==
Graficando boxplots comparativos ...
  Nino 3.4: 41 fuente(s), 116 anios comunes -> /home/jonathan/personal/e1_smn/figures/boxplot_Nino3.4.png
  Nino 1+2: 41 fuente(s), 116 anios comunes -> /home/jonathan/personal/e1_smn/figures/boxplot_Nino1+2.png
Listo.
== Graficos: plot_region_nino_orthographic.py ==
Centro de proyeccion (Niño 3.4): lon=-145.0, lat=0.0
Figura guardada en /home/jonathan/personal/e1_smn/figures/region_nino_proj.png
== Paso 00: bash scripts/00_setup_env.sh ==
Entorno verificado: cdo=Climate Data Operators version 2.4.0 (https://mpimet.mpg.de/cdo), python3=Python 3.12.2
Estructura de carpetas lista bajo /home/jonathan/personal/e1_smn/data y /home/jonathan/personal/e1_smn/logs
== Paso 00b: python3 scripts/00b_build_model_list.py config/models_seed_cmip6.csv ==
Modelos CMIP6 con tos/Omon publicado (nodo principal): 102
config/models_seed_cmip6.csv ya existe y el universo de modelos con tos/Omon sigue en 102 -- no se vuelve a inspeccionar. Para forzar un refresco de todas formas (ej. cambio en config/periods.yaml): borra config/models_seed_cmip6.csv y /home/jonathan/personal/e1_smn/informe/model_availability_priority.csv y volve a correr esto.
== Paso 01: python3 scripts/01_query_esgf_catalog.py config/models_seed_cmip6.csv data/interim/models_catalog_status.csv data/interim/esgf_file_urls.json ==
data/interim/models_catalog_status.csv ya existe, no se vuelve a consultar ESGF.
Para forzar un refresco (por si algun modelo se completo en ESGF desde la ultima vez): borra data/interim/models_catalog_status.csv Y data/interim/esgf_file_urls.json juntos (no uno solo, para que no queden inconsistentes entre si) y volve a correr esto. OJO: si habias resuelto algun modelo a mano por fuera de la semilla (00c + 02b), se pierde del catalogo y hay que correr 02b de nuevo para el.
== Paso 02: bash scripts/run_download_if_idle.sh ==
== 02a: descarga CMIP6 via ESGF (nodo principal) ==
ACCESS-CM2 historical: ya procesado (paso 04/05), se omite la descarga de crudos
ACCESS-CM2 ssp245: ya procesado (paso 04/05), se omite la descarga de crudos
ACCESS-CM2 ssp370: ya procesado (paso 04/05), se omite la descarga de crudos
ACCESS-CM2 ssp585: ya procesado (paso 04/05), se omite la descarga de crudos
ACCESS-ESM1-5 historical: ya procesado (paso 04/05), se omite la descarga de crudos
ACCESS-ESM1-5 ssp245: ya procesado (paso 04/05), se omite la descarga de crudos
ACCESS-ESM1-5 ssp370: ya procesado (paso 04/05), se omite la descarga de crudos
ACCESS-ESM1-5 ssp585: ya procesado (paso 04/05), se omite la descarga de crudos
AWI-CM-1-1-MR historical: ya procesado (paso 04/05), se omite la descarga de crudos
AWI-CM-1-1-MR ssp245: ya procesado (paso 04/05), se omite la descarga de crudos
AWI-CM-1-1-MR ssp370: ya procesado (paso 04/05), se omite la descarga de crudos
AWI-CM-1-1-MR ssp585: ya procesado (paso 04/05), se omite la descarga de crudos
BCC-CSM2-MR historical: ya procesado (paso 04/05), se omite la descarga de crudos
BCC-CSM2-MR ssp245: ya procesado (paso 04/05), se omite la descarga de crudos
BCC-CSM2-MR ssp370: ya procesado (paso 04/05), se omite la descarga de crudos
BCC-CSM2-MR ssp585: ya procesado (paso 04/05), se omite la descarga de crudos
CAMS-CSM1-0 historical: ya procesado (paso 04/05), se omite la descarga de crudos
CAMS-CSM1-0 ssp245: ya procesado (paso 04/05), se omite la descarga de crudos
CAMS-CSM1-0 ssp370: ya procesado (paso 04/05), se omite la descarga de crudos
CAMS-CSM1-0 ssp585: ya procesado (paso 04/05), se omite la descarga de crudos
CAS-ESM2-0 historical: ya procesado (paso 04/05), se omite la descarga de crudos
CAS-ESM2-0 ssp245: ya procesado (paso 04/05), se omite la descarga de crudos
CAS-ESM2-0 ssp370: ya procesado (paso 04/05), se omite la descarga de crudos
CAS-ESM2-0 ssp585: ya procesado (paso 04/05), se omite la descarga de crudos
CESM2 historical: ya procesado (paso 04/05), se omite la descarga de crudos
CESM2 ssp245: ya procesado (paso 04/05), se omite la descarga de crudos
CESM2 ssp370: ya procesado (paso 04/05), se omite la descarga de crudos
CESM2 ssp585: ya procesado (paso 04/05), se omite la descarga de crudos
CESM2-WACCM historical: ya procesado (paso 04/05), se omite la descarga de crudos
CESM2-WACCM ssp245: ya procesado (paso 04/05), se omite la descarga de crudos
CESM2-WACCM ssp370: ya procesado (paso 04/05), se omite la descarga de crudos
CESM2-WACCM ssp585: ya procesado (paso 04/05), se omite la descarga de crudos
CMCC-CM2-SR5 historical: ya procesado (paso 04/05), se omite la descarga de crudos
CMCC-CM2-SR5 ssp245: ya procesado (paso 04/05), se omite la descarga de crudos
CMCC-CM2-SR5 ssp370: ya procesado (paso 04/05), se omite la descarga de crudos
CMCC-CM2-SR5 ssp585: ya procesado (paso 04/05), se omite la descarga de crudos
CMCC-ESM2 historical: ya procesado (paso 04/05), se omite la descarga de crudos
CMCC-ESM2 ssp245: ya procesado (paso 04/05), se omite la descarga de crudos
CMCC-ESM2 ssp370: ya procesado (paso 04/05), se omite la descarga de crudos
CMCC-ESM2 ssp585: ya procesado (paso 04/05), se omite la descarga de crudos
CNRM-CM6-1 historical: ya procesado (paso 04/05), se omite la descarga de crudos
CNRM-CM6-1 ssp245: ya procesado (paso 04/05), se omite la descarga de crudos
CNRM-CM6-1 ssp370: ya procesado (paso 04/05), se omite la descarga de crudos
CNRM-CM6-1 ssp585: ya procesado (paso 04/05), se omite la descarga de crudos
CNRM-CM6-1-HR historical: ya procesado (paso 04/05), se omite la descarga de crudos
CNRM-CM6-1-HR ssp245: ya procesado (paso 04/05), se omite la descarga de crudos
CNRM-CM6-1-HR ssp370: ya procesado (paso 04/05), se omite la descarga de crudos
CNRM-CM6-1-HR ssp585: ya procesado (paso 04/05), se omite la descarga de crudos
CNRM-ESM2-1 historical: ya procesado (paso 04/05), se omite la descarga de crudos
CNRM-ESM2-1 ssp245: ya procesado (paso 04/05), se omite la descarga de crudos
CNRM-ESM2-1 ssp370: ya procesado (paso 04/05), se omite la descarga de crudos
CNRM-ESM2-1 ssp585: ya procesado (paso 04/05), se omite la descarga de crudos
CanESM5 historical: ya procesado (paso 04/05), se omite la descarga de crudos
CanESM5 ssp245: ya procesado (paso 04/05), se omite la descarga de crudos
CanESM5 ssp370: ya procesado (paso 04/05), se omite la descarga de crudos
CanESM5 ssp585: ya procesado (paso 04/05), se omite la descarga de crudos
CanESM5-1 historical: ya procesado (paso 04/05), se omite la descarga de crudos
CanESM5-1 ssp245: ya procesado (paso 04/05), se omite la descarga de crudos
CanESM5-1 ssp370: ya procesado (paso 04/05), se omite la descarga de crudos
CanESM5-1 ssp585: ya procesado (paso 04/05), se omite la descarga de crudos
CanESM5-CanOE historical: ya procesado (paso 04/05), se omite la descarga de crudos
CanESM5-CanOE ssp245: ya procesado (paso 04/05), se omite la descarga de crudos
CanESM5-CanOE ssp370: ya procesado (paso 04/05), se omite la descarga de crudos
CanESM5-CanOE ssp585: ya procesado (paso 04/05), se omite la descarga de crudos
EC-Earth3 historical: ya procesado (paso 04/05), se omite la descarga de crudos
EC-Earth3 ssp245: ya procesado (paso 04/05), se omite la descarga de crudos
EC-Earth3 ssp370: ya procesado (paso 04/05), se omite la descarga de crudos
EC-Earth3 ssp585: ya procesado (paso 04/05), se omite la descarga de crudos
EC-Earth3-Veg historical: ya procesado (paso 04/05), se omite la descarga de crudos
EC-Earth3-Veg ssp245: ya procesado (paso 04/05), se omite la descarga de crudos
EC-Earth3-Veg ssp370: ya procesado (paso 04/05), se omite la descarga de crudos
EC-Earth3-Veg ssp585: ya procesado (paso 04/05), se omite la descarga de crudos
EC-Earth3-Veg-LR historical: ya procesado (paso 04/05), se omite la descarga de crudos
EC-Earth3-Veg-LR ssp245: ya procesado (paso 04/05), se omite la descarga de crudos
EC-Earth3-Veg-LR ssp370: ya procesado (paso 04/05), se omite la descarga de crudos
EC-Earth3-Veg-LR ssp585: ya procesado (paso 04/05), se omite la descarga de crudos
FGOALS-f3-L historical: ya procesado (paso 04/05), se omite la descarga de crudos
FGOALS-f3-L ssp245: ya procesado (paso 04/05), se omite la descarga de crudos
FGOALS-f3-L ssp370: ya procesado (paso 04/05), se omite la descarga de crudos
FGOALS-f3-L ssp585: ya procesado (paso 04/05), se omite la descarga de crudos
FGOALS-g3 historical: ya procesado (paso 04/05), se omite la descarga de crudos
FGOALS-g3 ssp245: ya procesado (paso 04/05), se omite la descarga de crudos
FGOALS-g3 ssp370: ya procesado (paso 04/05), se omite la descarga de crudos
FGOALS-g3 ssp585: ya procesado (paso 04/05), se omite la descarga de crudos
GFDL-ESM4 historical: ya procesado (paso 04/05), se omite la descarga de crudos
GFDL-ESM4 ssp245: ya procesado (paso 04/05), se omite la descarga de crudos
GFDL-ESM4 ssp370: ya procesado (paso 04/05), se omite la descarga de crudos
GFDL-ESM4 ssp585: ya procesado (paso 04/05), se omite la descarga de crudos
GISS-E2-1-G historical: ya procesado (paso 04/05), se omite la descarga de crudos
GISS-E2-1-G ssp245: ya procesado (paso 04/05), se omite la descarga de crudos
GISS-E2-1-G ssp370: ya procesado (paso 04/05), se omite la descarga de crudos
GISS-E2-1-G ssp585: ya procesado (paso 04/05), se omite la descarga de crudos
GISS-E2-1-H historical: ya procesado (paso 04/05), se omite la descarga de crudos
GISS-E2-1-H ssp245: ya procesado (paso 04/05), se omite la descarga de crudos
GISS-E2-1-H ssp370: ya procesado (paso 04/05), se omite la descarga de crudos
GISS-E2-1-H ssp585: ya procesado (paso 04/05), se omite la descarga de crudos
GISS-E2-2-G historical: ya procesado (paso 04/05), se omite la descarga de crudos
GISS-E2-2-G ssp245: ya procesado (paso 04/05), se omite la descarga de crudos
GISS-E2-2-G ssp370: ya procesado (paso 04/05), se omite la descarga de crudos
GISS-E2-2-G ssp585: ya procesado (paso 04/05), se omite la descarga de crudos
IITM-ESM historical: ya procesado (paso 04/05), se omite la descarga de crudos
IITM-ESM ssp245: ya procesado (paso 04/05), se omite la descarga de crudos
IITM-ESM ssp370: ya procesado (paso 04/05), se omite la descarga de crudos
IITM-ESM ssp585: ya procesado (paso 04/05), se omite la descarga de crudos
INM-CM4-8 historical: ya procesado (paso 04/05), se omite la descarga de crudos
INM-CM4-8 ssp245: ya procesado (paso 04/05), se omite la descarga de crudos
INM-CM4-8 ssp370: ya procesado (paso 04/05), se omite la descarga de crudos
INM-CM4-8 ssp585: ya procesado (paso 04/05), se omite la descarga de crudos
INM-CM5-0 historical: ya procesado (paso 04/05), se omite la descarga de crudos
INM-CM5-0 ssp245: ya procesado (paso 04/05), se omite la descarga de crudos
INM-CM5-0 ssp370: ya procesado (paso 04/05), se omite la descarga de crudos
INM-CM5-0 ssp585: ya procesado (paso 04/05), se omite la descarga de crudos
IPSL-CM6A-LR historical: ya procesado (paso 04/05), se omite la descarga de crudos
IPSL-CM6A-LR ssp245: ya procesado (paso 04/05), se omite la descarga de crudos
IPSL-CM6A-LR ssp370: ya procesado (paso 04/05), se omite la descarga de crudos
IPSL-CM6A-LR ssp585: ya procesado (paso 04/05), se omite la descarga de crudos
MCM-UA-1-0 historical: ya procesado (paso 04/05), se omite la descarga de crudos
MCM-UA-1-0 ssp245: ya procesado (paso 04/05), se omite la descarga de crudos
MCM-UA-1-0 ssp370: ya procesado (paso 04/05), se omite la descarga de crudos
MCM-UA-1-0 ssp585: ya procesado (paso 04/05), se omite la descarga de crudos
MIROC-ES2L historical: ya procesado (paso 04/05), se omite la descarga de crudos
MIROC-ES2L ssp245: ya procesado (paso 04/05), se omite la descarga de crudos
MIROC-ES2L ssp370: ya procesado (paso 04/05), se omite la descarga de crudos
MIROC-ES2L ssp585: ya procesado (paso 04/05), se omite la descarga de crudos
MIROC6 historical: ya procesado (paso 04/05), se omite la descarga de crudos
MIROC6 ssp245: ya procesado (paso 04/05), se omite la descarga de crudos
MIROC6 ssp370: ya procesado (paso 04/05), se omite la descarga de crudos
MIROC6 ssp585: ya procesado (paso 04/05), se omite la descarga de crudos
MPI-ESM1-2-HR historical: ya procesado (paso 04/05), se omite la descarga de crudos
MPI-ESM1-2-HR ssp245: ya procesado (paso 04/05), se omite la descarga de crudos
MPI-ESM1-2-HR ssp370: ya procesado (paso 04/05), se omite la descarga de crudos
MPI-ESM1-2-HR ssp585: ya procesado (paso 04/05), se omite la descarga de crudos
MPI-ESM1-2-LR historical: ya procesado (paso 04/05), se omite la descarga de crudos
MPI-ESM1-2-LR ssp245: ya procesado (paso 04/05), se omite la descarga de crudos
MPI-ESM1-2-LR ssp370: ya procesado (paso 04/05), se omite la descarga de crudos
MPI-ESM1-2-LR ssp585: ya procesado (paso 04/05), se omite la descarga de crudos
MRI-ESM2-0 historical: ya procesado (paso 04/05), se omite la descarga de crudos
MRI-ESM2-0 ssp245: ya procesado (paso 04/05), se omite la descarga de crudos
MRI-ESM2-0 ssp370: ya procesado (paso 04/05), se omite la descarga de crudos
MRI-ESM2-0 ssp585: ya procesado (paso 04/05), se omite la descarga de crudos
NorESM2-LM historical: ya procesado (paso 04/05), se omite la descarga de crudos
NorESM2-LM ssp245: ya procesado (paso 04/05), se omite la descarga de crudos
NorESM2-LM ssp370: ya procesado (paso 04/05), se omite la descarga de crudos
NorESM2-LM ssp585: ya procesado (paso 04/05), se omite la descarga de crudos
NorESM2-MM historical: ya procesado (paso 04/05), se omite la descarga de crudos
NorESM2-MM ssp245: ya procesado (paso 04/05), se omite la descarga de crudos
NorESM2-MM ssp370: ya procesado (paso 04/05), se omite la descarga de crudos
NorESM2-MM ssp585: ya procesado (paso 04/05), se omite la descarga de crudos
TaiESM1 historical: ya procesado (paso 04/05), se omite la descarga de crudos
TaiESM1 ssp245: ya procesado (paso 04/05), se omite la descarga de crudos
TaiESM1 ssp370: ya procesado (paso 04/05), se omite la descarga de crudos
TaiESM1 ssp585: ya procesado (paso 04/05), se omite la descarga de crudos
UKESM1-0-LL historical: ya procesado (paso 04/05), se omite la descarga de crudos
UKESM1-0-LL ssp245: ya procesado (paso 04/05), se omite la descarga de crudos
UKESM1-0-LL ssp370: ya procesado (paso 04/05), se omite la descarga de crudos
UKESM1-0-LL ssp585: ya procesado (paso 04/05), se omite la descarga de crudos
KACE-1-0-G historical: ya procesado (paso 04/05), se omite la descarga de crudos
KACE-1-0-G ssp245: ya procesado (paso 04/05), se omite la descarga de crudos
KACE-1-0-G ssp370: ya procesado (paso 04/05), se omite la descarga de crudos
KACE-1-0-G ssp585: ya procesado (paso 04/05), se omite la descarga de crudos
1 modelo(s) no se encontraron en el nodo principal de ESGF.
Buscar en nodos alternativos de ESGF (02b) y Copernicus CDS (02c)? [S/n, 15s, por defecto S] == 02b: omitido por decision del usuario ==
== 02c: omitido por decision del usuario (misma respuesta que 02b) ==
1 modelo(s) siguen sin resolverse -- intentos_busqueda incrementado (tope: 3, borrar data/interim/models_catalog_status.csv para reintentar de cero)
Descarga completa (ESGF principal + alternativo + Copernicus segun disponibilidad y credenciales).
== Paso 03: bash scripts/03_download_ersstv5.sh ==
Ya existe data/raw/ersstv5/ersstv5_region.nc, se omite.
== Paso 04: bash scripts/04_process_to_common_grid.sh ==
Preparando pesos de regrilla para ACCESS-CM2 ...
Procesando ACCESS-CM2 historical ...
Ya procesado, se omite: tos_ACCESS-CM2_historical.nc
Procesando ACCESS-CM2 ssp245 ...
Ya procesado, se omite: tos_ACCESS-CM2_ssp245.nc
Procesando ACCESS-CM2 ssp370 ...
Ya procesado, se omite: tos_ACCESS-CM2_ssp370.nc
Procesando ACCESS-CM2 ssp585 ...
Ya procesado, se omite: tos_ACCESS-CM2_ssp585.nc
Preparando pesos de regrilla para ACCESS-ESM1-5 ...
Procesando ACCESS-ESM1-5 historical ...
Ya procesado, se omite: tos_ACCESS-ESM1-5_historical.nc
Procesando ACCESS-ESM1-5 ssp245 ...
Ya procesado, se omite: tos_ACCESS-ESM1-5_ssp245.nc
Procesando ACCESS-ESM1-5 ssp370 ...
Ya procesado, se omite: tos_ACCESS-ESM1-5_ssp370.nc
Procesando ACCESS-ESM1-5 ssp585 ...
Ya procesado, se omite: tos_ACCESS-ESM1-5_ssp585.nc
Preparando pesos de regrilla para AWI-CM-1-1-MR ...
Procesando AWI-CM-1-1-MR historical ...
Ya procesado, se omite: tos_AWI-CM-1-1-MR_historical.nc
Procesando AWI-CM-1-1-MR ssp245 ...
Ya procesado, se omite: tos_AWI-CM-1-1-MR_ssp245.nc
Procesando AWI-CM-1-1-MR ssp370 ...
Ya procesado, se omite: tos_AWI-CM-1-1-MR_ssp370.nc
Procesando AWI-CM-1-1-MR ssp585 ...
Ya procesado, se omite: tos_AWI-CM-1-1-MR_ssp585.nc
Preparando pesos de regrilla para BCC-CSM2-MR ...
Procesando BCC-CSM2-MR historical ...
Ya procesado, se omite: tos_BCC-CSM2-MR_historical.nc
Procesando BCC-CSM2-MR ssp245 ...
Ya procesado, se omite: tos_BCC-CSM2-MR_ssp245.nc
Procesando BCC-CSM2-MR ssp370 ...
Ya procesado, se omite: tos_BCC-CSM2-MR_ssp370.nc
Procesando BCC-CSM2-MR ssp585 ...
Ya procesado, se omite: tos_BCC-CSM2-MR_ssp585.nc
Preparando pesos de regrilla para CAMS-CSM1-0 ...
Procesando CAMS-CSM1-0 historical ...
Ya procesado, se omite: tos_CAMS-CSM1-0_historical.nc
Procesando CAMS-CSM1-0 ssp245 ...
Ya procesado, se omite: tos_CAMS-CSM1-0_ssp245.nc
Procesando CAMS-CSM1-0 ssp370 ...
Ya procesado, se omite: tos_CAMS-CSM1-0_ssp370.nc
Procesando CAMS-CSM1-0 ssp585 ...
Ya procesado, se omite: tos_CAMS-CSM1-0_ssp585.nc
Preparando pesos de regrilla para CanESM5 ...
Procesando CanESM5 historical ...
Ya procesado, se omite: tos_CanESM5_historical.nc
Procesando CanESM5 ssp245 ...
Ya procesado, se omite: tos_CanESM5_ssp245.nc
Procesando CanESM5 ssp370 ...
Ya procesado, se omite: tos_CanESM5_ssp370.nc
Procesando CanESM5 ssp585 ...
Ya procesado, se omite: tos_CanESM5_ssp585.nc
Preparando pesos de regrilla para CanESM5-1 ...
Procesando CanESM5-1 historical ...
Ya procesado, se omite: tos_CanESM5-1_historical.nc
Procesando CanESM5-1 ssp245 ...
Ya procesado, se omite: tos_CanESM5-1_ssp245.nc
Procesando CanESM5-1 ssp370 ...
Ya procesado, se omite: tos_CanESM5-1_ssp370.nc
Procesando CanESM5-1 ssp585 ...
Ya procesado, se omite: tos_CanESM5-1_ssp585.nc
Preparando pesos de regrilla para CanESM5-CanOE ...
Procesando CanESM5-CanOE historical ...
Ya procesado, se omite: tos_CanESM5-CanOE_historical.nc
Procesando CanESM5-CanOE ssp245 ...
Ya procesado, se omite: tos_CanESM5-CanOE_ssp245.nc
Procesando CanESM5-CanOE ssp370 ...
Ya procesado, se omite: tos_CanESM5-CanOE_ssp370.nc
Procesando CanESM5-CanOE ssp585 ...
Ya procesado, se omite: tos_CanESM5-CanOE_ssp585.nc
Preparando pesos de regrilla para CAS-ESM2-0 ...
Procesando CAS-ESM2-0 historical ...
Ya procesado, se omite: tos_CAS-ESM2-0_historical.nc
Procesando CAS-ESM2-0 ssp245 ...
Ya procesado, se omite: tos_CAS-ESM2-0_ssp245.nc
Procesando CAS-ESM2-0 ssp370 ...
Ya procesado, se omite: tos_CAS-ESM2-0_ssp370.nc
Procesando CAS-ESM2-0 ssp585 ...
Ya procesado, se omite: tos_CAS-ESM2-0_ssp585.nc
Preparando pesos de regrilla para CESM2 ...
Procesando CESM2 historical ...
Ya procesado, se omite: tos_CESM2_historical.nc
Procesando CESM2 ssp245 ...
Ya procesado, se omite: tos_CESM2_ssp245.nc
Procesando CESM2 ssp370 ...
Ya procesado, se omite: tos_CESM2_ssp370.nc
Procesando CESM2 ssp585 ...
Ya procesado, se omite: tos_CESM2_ssp585.nc
Preparando pesos de regrilla para CESM2-WACCM ...
Procesando CESM2-WACCM historical ...
Ya procesado, se omite: tos_CESM2-WACCM_historical.nc
Procesando CESM2-WACCM ssp245 ...
Ya procesado, se omite: tos_CESM2-WACCM_ssp245.nc
Procesando CESM2-WACCM ssp370 ...
Ya procesado, se omite: tos_CESM2-WACCM_ssp370.nc
Procesando CESM2-WACCM ssp585 ...
Ya procesado, se omite: tos_CESM2-WACCM_ssp585.nc
Preparando pesos de regrilla para CMCC-CM2-SR5 ...
Procesando CMCC-CM2-SR5 historical ...
Ya procesado, se omite: tos_CMCC-CM2-SR5_historical.nc
Procesando CMCC-CM2-SR5 ssp245 ...
Ya procesado, se omite: tos_CMCC-CM2-SR5_ssp245.nc
Procesando CMCC-CM2-SR5 ssp370 ...
Ya procesado, se omite: tos_CMCC-CM2-SR5_ssp370.nc
Procesando CMCC-CM2-SR5 ssp585 ...
Ya procesado, se omite: tos_CMCC-CM2-SR5_ssp585.nc
Preparando pesos de regrilla para CMCC-ESM2 ...
Procesando CMCC-ESM2 historical ...
Ya procesado, se omite: tos_CMCC-ESM2_historical.nc
Procesando CMCC-ESM2 ssp245 ...
Ya procesado, se omite: tos_CMCC-ESM2_ssp245.nc
Procesando CMCC-ESM2 ssp370 ...
Ya procesado, se omite: tos_CMCC-ESM2_ssp370.nc
Procesando CMCC-ESM2 ssp585 ...
Ya procesado, se omite: tos_CMCC-ESM2_ssp585.nc
Preparando pesos de regrilla para CNRM-CM6-1 ...
Procesando CNRM-CM6-1 historical ...
Ya procesado, se omite: tos_CNRM-CM6-1_historical.nc
Procesando CNRM-CM6-1 ssp245 ...
Ya procesado, se omite: tos_CNRM-CM6-1_ssp245.nc
Procesando CNRM-CM6-1 ssp370 ...
Ya procesado, se omite: tos_CNRM-CM6-1_ssp370.nc
Procesando CNRM-CM6-1 ssp585 ...
Ya procesado, se omite: tos_CNRM-CM6-1_ssp585.nc
Preparando pesos de regrilla para CNRM-CM6-1-HR ...
Procesando CNRM-CM6-1-HR historical ...
Ya procesado, se omite: tos_CNRM-CM6-1-HR_historical.nc
Procesando CNRM-CM6-1-HR ssp245 ...
Ya procesado, se omite: tos_CNRM-CM6-1-HR_ssp245.nc
Procesando CNRM-CM6-1-HR ssp370 ...
Ya procesado, se omite: tos_CNRM-CM6-1-HR_ssp370.nc
Procesando CNRM-CM6-1-HR ssp585 ...
Ya procesado, se omite: tos_CNRM-CM6-1-HR_ssp585.nc
Preparando pesos de regrilla para CNRM-ESM2-1 ...
Procesando CNRM-ESM2-1 historical ...
Ya procesado, se omite: tos_CNRM-ESM2-1_historical.nc
Procesando CNRM-ESM2-1 ssp245 ...
Ya procesado, se omite: tos_CNRM-ESM2-1_ssp245.nc
Procesando CNRM-ESM2-1 ssp370 ...
Ya procesado, se omite: tos_CNRM-ESM2-1_ssp370.nc
Procesando CNRM-ESM2-1 ssp585 ...
Ya procesado, se omite: tos_CNRM-ESM2-1_ssp585.nc
Preparando pesos de regrilla para EC-Earth3 ...
Procesando EC-Earth3 historical ...
Ya procesado, se omite: tos_EC-Earth3_historical.nc
Procesando EC-Earth3 ssp245 ...
Ya procesado, se omite: tos_EC-Earth3_ssp245.nc
Procesando EC-Earth3 ssp370 ...
Ya procesado, se omite: tos_EC-Earth3_ssp370.nc
Procesando EC-Earth3 ssp585 ...
Ya procesado, se omite: tos_EC-Earth3_ssp585.nc
Preparando pesos de regrilla para EC-Earth3-Veg ...
Procesando EC-Earth3-Veg historical ...
Ya procesado, se omite: tos_EC-Earth3-Veg_historical.nc
Procesando EC-Earth3-Veg ssp245 ...
Ya procesado, se omite: tos_EC-Earth3-Veg_ssp245.nc
Procesando EC-Earth3-Veg ssp370 ...
Ya procesado, se omite: tos_EC-Earth3-Veg_ssp370.nc
Procesando EC-Earth3-Veg ssp585 ...
Ya procesado, se omite: tos_EC-Earth3-Veg_ssp585.nc
Preparando pesos de regrilla para EC-Earth3-Veg-LR ...
Procesando EC-Earth3-Veg-LR historical ...
Ya procesado, se omite: tos_EC-Earth3-Veg-LR_historical.nc
Procesando EC-Earth3-Veg-LR ssp245 ...
Ya procesado, se omite: tos_EC-Earth3-Veg-LR_ssp245.nc
Procesando EC-Earth3-Veg-LR ssp370 ...
Ya procesado, se omite: tos_EC-Earth3-Veg-LR_ssp370.nc
Procesando EC-Earth3-Veg-LR ssp585 ...
Ya procesado, se omite: tos_EC-Earth3-Veg-LR_ssp585.nc
Preparando pesos de regrilla para FGOALS-f3-L ...
Procesando FGOALS-f3-L historical ...
Ya procesado, se omite: tos_FGOALS-f3-L_historical.nc
Procesando FGOALS-f3-L ssp245 ...
Ya procesado, se omite: tos_FGOALS-f3-L_ssp245.nc
Procesando FGOALS-f3-L ssp370 ...
Ya procesado, se omite: tos_FGOALS-f3-L_ssp370.nc
Procesando FGOALS-f3-L ssp585 ...
Ya procesado, se omite: tos_FGOALS-f3-L_ssp585.nc
Preparando pesos de regrilla para FGOALS-g3 ...
Procesando FGOALS-g3 historical ...
Ya procesado, se omite: tos_FGOALS-g3_historical.nc
Procesando FGOALS-g3 ssp245 ...
Ya procesado, se omite: tos_FGOALS-g3_ssp245.nc
Procesando FGOALS-g3 ssp370 ...
Ya procesado, se omite: tos_FGOALS-g3_ssp370.nc
Procesando FGOALS-g3 ssp585 ...
Ya procesado, se omite: tos_FGOALS-g3_ssp585.nc
Preparando pesos de regrilla para GFDL-ESM4 ...
Procesando GFDL-ESM4 historical ...
Ya procesado, se omite: tos_GFDL-ESM4_historical.nc
Procesando GFDL-ESM4 ssp245 ...
Ya procesado, se omite: tos_GFDL-ESM4_ssp245.nc
Procesando GFDL-ESM4 ssp370 ...
Ya procesado, se omite: tos_GFDL-ESM4_ssp370.nc
Procesando GFDL-ESM4 ssp585 ...
Ya procesado, se omite: tos_GFDL-ESM4_ssp585.nc
Preparando pesos de regrilla para GISS-E2-1-G ...
Procesando GISS-E2-1-G historical ...
Ya procesado, se omite: tos_GISS-E2-1-G_historical.nc
Procesando GISS-E2-1-G ssp245 ...
Ya procesado, se omite: tos_GISS-E2-1-G_ssp245.nc
Procesando GISS-E2-1-G ssp370 ...
Ya procesado, se omite: tos_GISS-E2-1-G_ssp370.nc
Procesando GISS-E2-1-G ssp585 ...
Ya procesado, se omite: tos_GISS-E2-1-G_ssp585.nc
Preparando pesos de regrilla para GISS-E2-1-H ...
Procesando GISS-E2-1-H historical ...
Ya procesado, se omite: tos_GISS-E2-1-H_historical.nc
Procesando GISS-E2-1-H ssp245 ...
Ya procesado, se omite: tos_GISS-E2-1-H_ssp245.nc
Procesando GISS-E2-1-H ssp370 ...
Ya procesado, se omite: tos_GISS-E2-1-H_ssp370.nc
Procesando GISS-E2-1-H ssp585 ...
Ya procesado, se omite: tos_GISS-E2-1-H_ssp585.nc
Preparando pesos de regrilla para GISS-E2-2-G ...
Procesando GISS-E2-2-G historical ...
Ya procesado, se omite: tos_GISS-E2-2-G_historical.nc
Procesando GISS-E2-2-G ssp245 ...
Ya procesado, se omite: tos_GISS-E2-2-G_ssp245.nc
Procesando GISS-E2-2-G ssp370 ...
Ya procesado, se omite: tos_GISS-E2-2-G_ssp370.nc
Procesando GISS-E2-2-G ssp585 ...
Ya procesado, se omite: tos_GISS-E2-2-G_ssp585.nc
Preparando pesos de regrilla para IITM-ESM ...
Procesando IITM-ESM historical ...
Ya procesado, se omite: tos_IITM-ESM_historical.nc
Procesando IITM-ESM ssp245 ...
Ya procesado, se omite: tos_IITM-ESM_ssp245.nc
Procesando IITM-ESM ssp370 ...
Ya procesado, se omite: tos_IITM-ESM_ssp370.nc
Procesando IITM-ESM ssp585 ...
Ya procesado, se omite: tos_IITM-ESM_ssp585.nc
Preparando pesos de regrilla para INM-CM4-8 ...
Procesando INM-CM4-8 historical ...
Ya procesado, se omite: tos_INM-CM4-8_historical.nc
Procesando INM-CM4-8 ssp245 ...
Ya procesado, se omite: tos_INM-CM4-8_ssp245.nc
Procesando INM-CM4-8 ssp370 ...
Ya procesado, se omite: tos_INM-CM4-8_ssp370.nc
Procesando INM-CM4-8 ssp585 ...
Ya procesado, se omite: tos_INM-CM4-8_ssp585.nc
Preparando pesos de regrilla para INM-CM5-0 ...
Procesando INM-CM5-0 historical ...
Ya procesado, se omite: tos_INM-CM5-0_historical.nc
Procesando INM-CM5-0 ssp245 ...
Ya procesado, se omite: tos_INM-CM5-0_ssp245.nc
Procesando INM-CM5-0 ssp370 ...
Ya procesado, se omite: tos_INM-CM5-0_ssp370.nc
Procesando INM-CM5-0 ssp585 ...
Ya procesado, se omite: tos_INM-CM5-0_ssp585.nc
Preparando pesos de regrilla para IPSL-CM6A-LR ...
Procesando IPSL-CM6A-LR historical ...
Ya procesado, se omite: tos_IPSL-CM6A-LR_historical.nc
Procesando IPSL-CM6A-LR ssp245 ...
Ya procesado, se omite: tos_IPSL-CM6A-LR_ssp245.nc
Procesando IPSL-CM6A-LR ssp370 ...
Ya procesado, se omite: tos_IPSL-CM6A-LR_ssp370.nc
Procesando IPSL-CM6A-LR ssp585 ...
Ya procesado, se omite: tos_IPSL-CM6A-LR_ssp585.nc
Preparando pesos de regrilla para KACE-1-0-G ...
Procesando KACE-1-0-G historical ...
Ya procesado, se omite: tos_KACE-1-0-G_historical.nc
Procesando KACE-1-0-G ssp245 ...
Ya procesado, se omite: tos_KACE-1-0-G_ssp245.nc
Procesando KACE-1-0-G ssp370 ...
Ya procesado, se omite: tos_KACE-1-0-G_ssp370.nc
Procesando KACE-1-0-G ssp585 ...
Ya procesado, se omite: tos_KACE-1-0-G_ssp585.nc
Preparando pesos de regrilla para MCM-UA-1-0 ...
Procesando MCM-UA-1-0 historical ...
Ya procesado, se omite: tos_MCM-UA-1-0_historical.nc
Procesando MCM-UA-1-0 ssp245 ...
Ya procesado, se omite: tos_MCM-UA-1-0_ssp245.nc
Procesando MCM-UA-1-0 ssp370 ...
Ya procesado, se omite: tos_MCM-UA-1-0_ssp370.nc
Procesando MCM-UA-1-0 ssp585 ...
Ya procesado, se omite: tos_MCM-UA-1-0_ssp585.nc
Preparando pesos de regrilla para MIROC6 ...
Procesando MIROC6 historical ...
Ya procesado, se omite: tos_MIROC6_historical.nc
Procesando MIROC6 ssp245 ...
Ya procesado, se omite: tos_MIROC6_ssp245.nc
Procesando MIROC6 ssp370 ...
Ya procesado, se omite: tos_MIROC6_ssp370.nc
Procesando MIROC6 ssp585 ...
Ya procesado, se omite: tos_MIROC6_ssp585.nc
Preparando pesos de regrilla para MIROC-ES2L ...
Procesando MIROC-ES2L historical ...
Ya procesado, se omite: tos_MIROC-ES2L_historical.nc
Procesando MIROC-ES2L ssp245 ...
Ya procesado, se omite: tos_MIROC-ES2L_ssp245.nc
Procesando MIROC-ES2L ssp370 ...
Ya procesado, se omite: tos_MIROC-ES2L_ssp370.nc
Procesando MIROC-ES2L ssp585 ...
Ya procesado, se omite: tos_MIROC-ES2L_ssp585.nc
Preparando pesos de regrilla para MPI-ESM1-2-HR ...
Procesando MPI-ESM1-2-HR historical ...
Ya procesado, se omite: tos_MPI-ESM1-2-HR_historical.nc
Procesando MPI-ESM1-2-HR ssp245 ...
Ya procesado, se omite: tos_MPI-ESM1-2-HR_ssp245.nc
Procesando MPI-ESM1-2-HR ssp370 ...
Ya procesado, se omite: tos_MPI-ESM1-2-HR_ssp370.nc
Procesando MPI-ESM1-2-HR ssp585 ...
Ya procesado, se omite: tos_MPI-ESM1-2-HR_ssp585.nc
Preparando pesos de regrilla para MPI-ESM1-2-LR ...
Procesando MPI-ESM1-2-LR historical ...
Ya procesado, se omite: tos_MPI-ESM1-2-LR_historical.nc
Procesando MPI-ESM1-2-LR ssp245 ...
Ya procesado, se omite: tos_MPI-ESM1-2-LR_ssp245.nc
Procesando MPI-ESM1-2-LR ssp370 ...
Ya procesado, se omite: tos_MPI-ESM1-2-LR_ssp370.nc
Procesando MPI-ESM1-2-LR ssp585 ...
Ya procesado, se omite: tos_MPI-ESM1-2-LR_ssp585.nc
Preparando pesos de regrilla para MRI-ESM2-0 ...
Procesando MRI-ESM2-0 historical ...
Ya procesado, se omite: tos_MRI-ESM2-0_historical.nc
Procesando MRI-ESM2-0 ssp245 ...
Ya procesado, se omite: tos_MRI-ESM2-0_ssp245.nc
Procesando MRI-ESM2-0 ssp370 ...
Ya procesado, se omite: tos_MRI-ESM2-0_ssp370.nc
Procesando MRI-ESM2-0 ssp585 ...
Ya procesado, se omite: tos_MRI-ESM2-0_ssp585.nc
Preparando pesos de regrilla para NorESM2-LM ...
Procesando NorESM2-LM historical ...
Ya procesado, se omite: tos_NorESM2-LM_historical.nc
Procesando NorESM2-LM ssp245 ...
Ya procesado, se omite: tos_NorESM2-LM_ssp245.nc
Procesando NorESM2-LM ssp370 ...
Ya procesado, se omite: tos_NorESM2-LM_ssp370.nc
Procesando NorESM2-LM ssp585 ...
Ya procesado, se omite: tos_NorESM2-LM_ssp585.nc
Preparando pesos de regrilla para NorESM2-MM ...
Procesando NorESM2-MM historical ...
Ya procesado, se omite: tos_NorESM2-MM_historical.nc
Procesando NorESM2-MM ssp245 ...
Ya procesado, se omite: tos_NorESM2-MM_ssp245.nc
Procesando NorESM2-MM ssp370 ...
Ya procesado, se omite: tos_NorESM2-MM_ssp370.nc
Procesando NorESM2-MM ssp585 ...
Ya procesado, se omite: tos_NorESM2-MM_ssp585.nc
Preparando pesos de regrilla para TaiESM1 ...
Procesando TaiESM1 historical ...
Ya procesado, se omite: tos_TaiESM1_historical.nc
Procesando TaiESM1 ssp245 ...
Ya procesado, se omite: tos_TaiESM1_ssp245.nc
Procesando TaiESM1 ssp370 ...
Ya procesado, se omite: tos_TaiESM1_ssp370.nc
Procesando TaiESM1 ssp585 ...
Ya procesado, se omite: tos_TaiESM1_ssp585.nc
Preparando pesos de regrilla para UKESM1-0-LL ...
Procesando UKESM1-0-LL historical ...
Ya procesado, se omite: tos_UKESM1-0-LL_historical.nc
Procesando UKESM1-0-LL ssp245 ...
Ya procesado, se omite: tos_UKESM1-0-LL_ssp245.nc
Procesando UKESM1-0-LL ssp370 ...
Ya procesado, se omite: tos_UKESM1-0-LL_ssp370.nc
Procesando UKESM1-0-LL ssp585 ...
Ya procesado, se omite: tos_UKESM1-0-LL_ssp585.nc
== Paso 05: python3 scripts/05_apply_ocean_mask.py ==
Ya procesado, se omite: tos_ACCESS-CM2_historical.nc
Ya procesado, se omite: tos_ACCESS-CM2_ssp245.nc
Ya procesado, se omite: tos_ACCESS-CM2_ssp370.nc
Ya procesado, se omite: tos_ACCESS-CM2_ssp585.nc
Ya procesado, se omite: tos_ACCESS-ESM1-5_historical.nc
Ya procesado, se omite: tos_ACCESS-ESM1-5_ssp245.nc
Ya procesado, se omite: tos_ACCESS-ESM1-5_ssp370.nc
Ya procesado, se omite: tos_ACCESS-ESM1-5_ssp585.nc
Ya procesado, se omite: tos_AWI-CM-1-1-MR_historical.nc
Ya procesado, se omite: tos_AWI-CM-1-1-MR_ssp245.nc
Ya procesado, se omite: tos_AWI-CM-1-1-MR_ssp370.nc
Ya procesado, se omite: tos_AWI-CM-1-1-MR_ssp585.nc
Ya procesado, se omite: tos_BCC-CSM2-MR_historical.nc
Ya procesado, se omite: tos_BCC-CSM2-MR_ssp245.nc
Ya procesado, se omite: tos_BCC-CSM2-MR_ssp370.nc
Ya procesado, se omite: tos_BCC-CSM2-MR_ssp585.nc
Ya procesado, se omite: tos_CAMS-CSM1-0_historical.nc
Ya procesado, se omite: tos_CAMS-CSM1-0_ssp245.nc
Ya procesado, se omite: tos_CAMS-CSM1-0_ssp370.nc
Ya procesado, se omite: tos_CAMS-CSM1-0_ssp585.nc
Ya procesado, se omite: tos_CAS-ESM2-0_historical.nc
Ya procesado, se omite: tos_CAS-ESM2-0_ssp245.nc
Ya procesado, se omite: tos_CAS-ESM2-0_ssp370.nc
Ya procesado, se omite: tos_CAS-ESM2-0_ssp585.nc
Ya procesado, se omite: tos_CESM2-WACCM_historical.nc
Ya procesado, se omite: tos_CESM2-WACCM_ssp245.nc
Ya procesado, se omite: tos_CESM2-WACCM_ssp370.nc
Ya procesado, se omite: tos_CESM2-WACCM_ssp585.nc
Ya procesado, se omite: tos_CESM2_historical.nc
Ya procesado, se omite: tos_CESM2_ssp245.nc
Ya procesado, se omite: tos_CESM2_ssp370.nc
Ya procesado, se omite: tos_CESM2_ssp585.nc
Ya procesado, se omite: tos_CMCC-CM2-SR5_historical.nc
Ya procesado, se omite: tos_CMCC-CM2-SR5_ssp245.nc
Ya procesado, se omite: tos_CMCC-CM2-SR5_ssp370.nc
Ya procesado, se omite: tos_CMCC-CM2-SR5_ssp585.nc
Ya procesado, se omite: tos_CMCC-ESM2_historical.nc
Ya procesado, se omite: tos_CMCC-ESM2_ssp245.nc
Ya procesado, se omite: tos_CMCC-ESM2_ssp370.nc
Ya procesado, se omite: tos_CMCC-ESM2_ssp585.nc
Ya procesado, se omite: tos_CNRM-CM6-1-HR_historical.nc
Ya procesado, se omite: tos_CNRM-CM6-1-HR_ssp245.nc
Ya procesado, se omite: tos_CNRM-CM6-1-HR_ssp370.nc
Ya procesado, se omite: tos_CNRM-CM6-1-HR_ssp585.nc
Ya procesado, se omite: tos_CNRM-CM6-1_historical.nc
Ya procesado, se omite: tos_CNRM-CM6-1_ssp245.nc
Ya procesado, se omite: tos_CNRM-CM6-1_ssp370.nc
Ya procesado, se omite: tos_CNRM-CM6-1_ssp585.nc
Ya procesado, se omite: tos_CNRM-ESM2-1_historical.nc
Ya procesado, se omite: tos_CNRM-ESM2-1_ssp245.nc
Ya procesado, se omite: tos_CNRM-ESM2-1_ssp370.nc
Ya procesado, se omite: tos_CNRM-ESM2-1_ssp585.nc
Ya procesado, se omite: tos_CanESM5-1_historical.nc
Ya procesado, se omite: tos_CanESM5-1_ssp245.nc
Ya procesado, se omite: tos_CanESM5-1_ssp370.nc
Ya procesado, se omite: tos_CanESM5-1_ssp585.nc
Ya procesado, se omite: tos_CanESM5-CanOE_historical.nc
Ya procesado, se omite: tos_CanESM5-CanOE_ssp245.nc
Ya procesado, se omite: tos_CanESM5-CanOE_ssp370.nc
Ya procesado, se omite: tos_CanESM5-CanOE_ssp585.nc
Ya procesado, se omite: tos_CanESM5_historical.nc
Ya procesado, se omite: tos_CanESM5_ssp245.nc
Ya procesado, se omite: tos_CanESM5_ssp370.nc
Ya procesado, se omite: tos_CanESM5_ssp585.nc
Ya procesado, se omite: tos_EC-Earth3-Veg-LR_historical.nc
Ya procesado, se omite: tos_EC-Earth3-Veg-LR_ssp245.nc
Ya procesado, se omite: tos_EC-Earth3-Veg-LR_ssp370.nc
Ya procesado, se omite: tos_EC-Earth3-Veg-LR_ssp585.nc
Ya procesado, se omite: tos_EC-Earth3-Veg_historical.nc
Ya procesado, se omite: tos_EC-Earth3-Veg_ssp245.nc
Ya procesado, se omite: tos_EC-Earth3-Veg_ssp370.nc
Ya procesado, se omite: tos_EC-Earth3-Veg_ssp585.nc
Ya procesado, se omite: tos_EC-Earth3_historical.nc
Ya procesado, se omite: tos_EC-Earth3_ssp245.nc
Ya procesado, se omite: tos_EC-Earth3_ssp370.nc
Ya procesado, se omite: tos_EC-Earth3_ssp585.nc
Ya procesado, se omite: tos_FGOALS-f3-L_historical.nc
Ya procesado, se omite: tos_FGOALS-f3-L_ssp245.nc
Ya procesado, se omite: tos_FGOALS-f3-L_ssp370.nc
Ya procesado, se omite: tos_FGOALS-f3-L_ssp585.nc
Ya procesado, se omite: tos_FGOALS-g3_historical.nc
Ya procesado, se omite: tos_FGOALS-g3_ssp245.nc
Ya procesado, se omite: tos_FGOALS-g3_ssp370.nc
Ya procesado, se omite: tos_FGOALS-g3_ssp585.nc
Ya procesado, se omite: tos_GFDL-ESM4_historical.nc
Ya procesado, se omite: tos_GFDL-ESM4_ssp245.nc
Ya procesado, se omite: tos_GFDL-ESM4_ssp370.nc
Ya procesado, se omite: tos_GFDL-ESM4_ssp585.nc
Ya procesado, se omite: tos_GISS-E2-1-G_historical.nc
Ya procesado, se omite: tos_GISS-E2-1-G_ssp245.nc
Ya procesado, se omite: tos_GISS-E2-1-G_ssp370.nc
Ya procesado, se omite: tos_GISS-E2-1-G_ssp585.nc
Ya procesado, se omite: tos_GISS-E2-1-H_historical.nc
Ya procesado, se omite: tos_GISS-E2-1-H_ssp245.nc
Ya procesado, se omite: tos_GISS-E2-1-H_ssp370.nc
Ya procesado, se omite: tos_GISS-E2-1-H_ssp585.nc
Ya procesado, se omite: tos_GISS-E2-2-G_historical.nc
Ya procesado, se omite: tos_GISS-E2-2-G_ssp245.nc
Ya procesado, se omite: tos_GISS-E2-2-G_ssp370.nc
Ya procesado, se omite: tos_GISS-E2-2-G_ssp585.nc
Ya procesado, se omite: tos_IITM-ESM_historical.nc
Ya procesado, se omite: tos_IITM-ESM_ssp245.nc
Ya procesado, se omite: tos_IITM-ESM_ssp370.nc
Ya procesado, se omite: tos_IITM-ESM_ssp585.nc
Ya procesado, se omite: tos_INM-CM4-8_historical.nc
Ya procesado, se omite: tos_INM-CM4-8_ssp245.nc
Ya procesado, se omite: tos_INM-CM4-8_ssp370.nc
Ya procesado, se omite: tos_INM-CM4-8_ssp585.nc
Ya procesado, se omite: tos_INM-CM5-0_historical.nc
Ya procesado, se omite: tos_INM-CM5-0_ssp245.nc
Ya procesado, se omite: tos_INM-CM5-0_ssp370.nc
Ya procesado, se omite: tos_INM-CM5-0_ssp585.nc
Ya procesado, se omite: tos_IPSL-CM6A-LR_historical.nc
Ya procesado, se omite: tos_IPSL-CM6A-LR_ssp245.nc
Ya procesado, se omite: tos_IPSL-CM6A-LR_ssp370.nc
Ya procesado, se omite: tos_IPSL-CM6A-LR_ssp585.nc
Ya procesado, se omite: tos_KACE-1-0-G_historical.nc
Ya procesado, se omite: tos_KACE-1-0-G_ssp245.nc
Ya procesado, se omite: tos_KACE-1-0-G_ssp370.nc
Ya procesado, se omite: tos_KACE-1-0-G_ssp585.nc
Ya procesado, se omite: tos_MCM-UA-1-0_historical.nc
Ya procesado, se omite: tos_MCM-UA-1-0_ssp245.nc
Ya procesado, se omite: tos_MCM-UA-1-0_ssp370.nc
Ya procesado, se omite: tos_MCM-UA-1-0_ssp585.nc
Ya procesado, se omite: tos_MIROC-ES2L_historical.nc
Ya procesado, se omite: tos_MIROC-ES2L_ssp245.nc
Ya procesado, se omite: tos_MIROC-ES2L_ssp370.nc
Ya procesado, se omite: tos_MIROC-ES2L_ssp585.nc
Ya procesado, se omite: tos_MIROC6_historical.nc
Ya procesado, se omite: tos_MIROC6_ssp245.nc
Ya procesado, se omite: tos_MIROC6_ssp370.nc
Ya procesado, se omite: tos_MIROC6_ssp585.nc
Ya procesado, se omite: tos_MPI-ESM1-2-HR_historical.nc
Ya procesado, se omite: tos_MPI-ESM1-2-HR_ssp245.nc
Ya procesado, se omite: tos_MPI-ESM1-2-HR_ssp370.nc
Ya procesado, se omite: tos_MPI-ESM1-2-HR_ssp585.nc
Ya procesado, se omite: tos_MPI-ESM1-2-LR_historical.nc
Ya procesado, se omite: tos_MPI-ESM1-2-LR_ssp245.nc
Ya procesado, se omite: tos_MPI-ESM1-2-LR_ssp370.nc
Ya procesado, se omite: tos_MPI-ESM1-2-LR_ssp585.nc
Ya procesado, se omite: tos_MRI-ESM2-0_historical.nc
Ya procesado, se omite: tos_MRI-ESM2-0_ssp245.nc
Ya procesado, se omite: tos_MRI-ESM2-0_ssp370.nc
Ya procesado, se omite: tos_MRI-ESM2-0_ssp585.nc
Ya procesado, se omite: tos_NorESM2-LM_historical.nc
Ya procesado, se omite: tos_NorESM2-LM_ssp245.nc
Ya procesado, se omite: tos_NorESM2-LM_ssp370.nc
Ya procesado, se omite: tos_NorESM2-LM_ssp585.nc
Ya procesado, se omite: tos_NorESM2-MM_historical.nc
Ya procesado, se omite: tos_NorESM2-MM_ssp245.nc
Ya procesado, se omite: tos_NorESM2-MM_ssp370.nc
Ya procesado, se omite: tos_NorESM2-MM_ssp585.nc
Ya procesado, se omite: tos_TaiESM1_historical.nc
Ya procesado, se omite: tos_TaiESM1_ssp245.nc
Ya procesado, se omite: tos_TaiESM1_ssp370.nc
Ya procesado, se omite: tos_TaiESM1_ssp585.nc
Ya procesado, se omite: tos_UKESM1-0-LL_historical.nc
Ya procesado, se omite: tos_UKESM1-0-LL_ssp245.nc
Ya procesado, se omite: tos_UKESM1-0-LL_ssp370.nc
Ya procesado, se omite: tos_UKESM1-0-LL_ssp585.nc
== Paso 06: python3 scripts/06_qc_checks.py data/processed/masked data/processed/qc_report.csv ==
QC escrito en data/processed/qc_report.csv (160 archivos, 160 reusados de una corrida anterior, 0 con fallas)
== Paso 07: python3 scripts/07_build_inventory_report.py data/processed/qc_report.csv data/processed/masked data/processed/models_inventory_final.csv ==
Inventario final escrito en data/processed/models_inventory_final.csv (40/40 modelos seleccionados)
Pipeline completo.
== Registro de modelos ==
/home/jonathan/personal/e1_smn/informe/model_registry.csv: 102 modelos (41 con institucion/grilla, los que llegaron a ser seed -- ver config/models_seed_cmip6.csv)
== Graficos: plot_maps.py ==
Graficando mapas: 40 modelo(s) + ERSSTv5 ...
  ACCESS-CM2
  ACCESS-ESM1-5
  AWI-CM-1-1-MR
  BCC-CSM2-MR
  CAMS-CSM1-0
  CAS-ESM2-0
  CESM2
  CESM2-WACCM
  CMCC-CM2-SR5
  CMCC-ESM2
  CNRM-CM6-1
  CNRM-CM6-1-HR
  CNRM-ESM2-1
  CanESM5
  CanESM5-1
  CanESM5-CanOE
  EC-Earth3
  EC-Earth3-Veg
  EC-Earth3-Veg-LR
  FGOALS-f3-L
  FGOALS-g3
  GFDL-ESM4
  GISS-E2-1-G
  GISS-E2-1-H
  GISS-E2-2-G
  IITM-ESM
  INM-CM4-8
  INM-CM5-0
  IPSL-CM6A-LR
  KACE-1-0-G
  MCM-UA-1-0
  MIROC-ES2L
  MIROC6
  MPI-ESM1-2-HR
  MPI-ESM1-2-LR
  MRI-ESM2-0
  NorESM2-LM
  NorESM2-MM
  TaiESM1
  UKESM1-0-LL
  ERSSTv5
Listo, 41 figura(s) en /home/jonathan/personal/e1_smn/figures
== Graficos: plot_box_series.py ==
ACCESS-CM2
ACCESS-ESM1-5
AWI-CM-1-1-MR
BCC-CSM2-MR
CAMS-CSM1-0
CAS-ESM2-0
CESM2
CESM2-WACCM
CMCC-CM2-SR5
CMCC-ESM2
CNRM-CM6-1
CNRM-CM6-1-HR
CNRM-ESM2-1
CanESM5
CanESM5-1
CanESM5-CanOE
EC-Earth3
EC-Earth3-Veg
EC-Earth3-Veg-LR
FGOALS-f3-L
FGOALS-g3
GFDL-ESM4
GISS-E2-1-G
GISS-E2-1-H
GISS-E2-2-G
IITM-ESM
INM-CM4-8
INM-CM5-0
IPSL-CM6A-LR
KACE-1-0-G
MCM-UA-1-0
MIROC-ES2L
MIROC6
MPI-ESM1-2-HR
MPI-ESM1-2-LR
MRI-ESM2-0
NorESM2-LM
NorESM2-MM
TaiESM1
UKESM1-0-LL
Listo, 40 modelo(s) graficado(s) (2 figuras cada uno) en /home/jonathan/personal/e1_smn/figures
== Graficos: plot_qc_summary.py ==

1 caso(s) PENDIENTE (link vivo encontrado, falta descargar y/o procesar):
   - MIROC-ES2H / historical

64 caso(s) SIN_LINK (existe segun 00b, pero 01 no encontro ningun link vivo):
   - AWI-ESM-1-1-LR / historical
   - BCC-ESM1 / historical
   - BCC-ESM1 / ssp370
   - CESM2-FV2 / historical
   - CESM2-FV2 / ssp370
   - CESM2-FV2 / ssp585
   - CESM2-WACCM-FV2 / historical
   - CIESM / historical
   - CIESM / ssp245
   - CIESM / ssp585
   - CMCC-CM2-HR4 / historical
   - E3SM-1-0 / historical
   - E3SM-1-0 / ssp370
   - E3SM-1-0 / ssp585
   - E3SM-1-1 / historical
   - E3SM-1-1 / ssp585
   - E3SM-1-1-ECA / historical
   - E3SM-1-1-ECA / ssp585
   - E3SM-2-0 / historical
   - E3SM-2-0 / ssp370
   - E3SM-2-0-NARRM / historical
   - E3SM-2-1 / historical
   - EC-Earth3-AerChem / historical
   - EC-Earth3-AerChem / ssp370
   - EC-Earth3-CC / historical
   - EC-Earth3-CC / ssp245
   - EC-Earth3-CC / ssp585
   - EC-Earth3-HR / historical
   - EC-Earth3-HR / ssp245
   - FIO-ESM-2-0 / historical
   - FIO-ESM-2-0 / ssp245
   - FIO-ESM-2-0 / ssp585
   - GFDL-CM4 / historical
   - GFDL-CM4 / ssp245
   - GFDL-CM4 / ssp585
   - GISS-E2-1-G-CC / historical
   - GISS-E2-1-G-CC / ssp245
   - GISS-E2-1-G-CC / ssp585
   - GISS-E2-2-H / historical
   - GISS-E3-G / historical
   - HadGEM3-GC31-LL / historical
   - HadGEM3-GC31-LL / ssp245
   - HadGEM3-GC31-LL / ssp585
   - HadGEM3-GC31-MM / historical
   - HadGEM3-GC31-MM / ssp585
   - ICON-ESM-LR / historical
   - IPSL-CM5A2-INCA / historical
   - IPSL-CM5A2-INCA / ssp370
   - IPSL-CM6A-LR-INCA / historical
   - KIOST-ESM / historical
   - KIOST-ESM / ssp245
   - KIOST-ESM / ssp585
   - MIROC-ES2H / ssp245
   - MIROC-ES2H / ssp370
   - MIROC-ES2H / ssp585
   - MPI-ESM-1-2-HAM / historical
   - MPI-ESM-1-2-HAM / ssp370
   - NESM3 / historical
   - NESM3 / ssp245
   - NESM3 / ssp585
   - NorCPM1 / historical
   - SAM0-UNICON / historical
   - UKESM1-1-LL / historical
   - UKESM1-1-LL / ssp370

Listo: 160 filas de QC procesadas, figura en /home/jonathan/personal/e1_smn/figures/sst_QD_vf.png
== Graficos: plot_boxplot_comparison.py ==
Graficando boxplots comparativos ...
  Nino 3.4: 41 fuente(s), 116 anios comunes -> /home/jonathan/personal/e1_smn/figures/boxplot_Nino3.4.png
  Nino 1+2: 41 fuente(s), 116 anios comunes -> /home/jonathan/personal/e1_smn/figures/boxplot_Nino1+2.png
Listo.
== Graficos: plot_region_nino_orthographic.py ==
Centro de proyeccion (Niño 3.4): lon=-145.0, lat=0.0
Figura guardada en /home/jonathan/personal/e1_smn/figures/region_nino_proj.png
== Paso 00: bash scripts/00_setup_env.sh ==
Entorno verificado: cdo=Climate Data Operators version 2.4.0 (https://mpimet.mpg.de/cdo), python3=Python 3.12.2
Estructura de carpetas lista bajo /home/jonathan/personal/e1_smn/data y /home/jonathan/personal/e1_smn/logs
== Paso 00b: python3 scripts/00b_build_model_list.py config/models_seed_cmip6.csv ==
Modelos CMIP6 con tos/Omon publicado (nodo principal): 102
config/models_seed_cmip6.csv ya existe y el universo de modelos con tos/Omon sigue en 102 -- no se vuelve a inspeccionar. Para forzar un refresco de todas formas (ej. cambio en config/periods.yaml): borra config/models_seed_cmip6.csv y /home/jonathan/personal/e1_smn/informe/model_availability_priority.csv y volve a correr esto.
== Paso 01: python3 scripts/01_query_esgf_catalog.py config/models_seed_cmip6.csv data/interim/models_catalog_status.csv data/interim/esgf_file_urls.json ==
data/interim/models_catalog_status.csv ya existe, no se vuelve a consultar ESGF.
Para forzar un refresco (por si algun modelo se completo en ESGF desde la ultima vez): borra data/interim/models_catalog_status.csv Y data/interim/esgf_file_urls.json juntos (no uno solo, para que no queden inconsistentes entre si) y volve a correr esto. OJO: si habias resuelto algun modelo a mano por fuera de la semilla (00c + 02b), se pierde del catalogo y hay que correr 02b de nuevo para el.
== Paso 02: bash scripts/run_download_if_idle.sh ==
Modelos que ya agotaron 3 intentos de busqueda en corridas anteriores -- no se vuelven a intentar (borrar data/interim/models_catalog_status.csv para reintentar de cero):
  - MIROC-ES2H (3 intentos)
== 02a: descarga CMIP6 via ESGF (nodo principal) ==
ACCESS-CM2 historical: ya procesado (paso 04/05), se omite la descarga de crudos
ACCESS-CM2 ssp245: ya procesado (paso 04/05), se omite la descarga de crudos
ACCESS-CM2 ssp370: ya procesado (paso 04/05), se omite la descarga de crudos
ACCESS-CM2 ssp585: ya procesado (paso 04/05), se omite la descarga de crudos
ACCESS-ESM1-5 historical: ya procesado (paso 04/05), se omite la descarga de crudos
ACCESS-ESM1-5 ssp245: ya procesado (paso 04/05), se omite la descarga de crudos
ACCESS-ESM1-5 ssp370: ya procesado (paso 04/05), se omite la descarga de crudos
ACCESS-ESM1-5 ssp585: ya procesado (paso 04/05), se omite la descarga de crudos
AWI-CM-1-1-MR historical: ya procesado (paso 04/05), se omite la descarga de crudos
AWI-CM-1-1-MR ssp245: ya procesado (paso 04/05), se omite la descarga de crudos
AWI-CM-1-1-MR ssp370: ya procesado (paso 04/05), se omite la descarga de crudos
AWI-CM-1-1-MR ssp585: ya procesado (paso 04/05), se omite la descarga de crudos
BCC-CSM2-MR historical: ya procesado (paso 04/05), se omite la descarga de crudos
BCC-CSM2-MR ssp245: ya procesado (paso 04/05), se omite la descarga de crudos
BCC-CSM2-MR ssp370: ya procesado (paso 04/05), se omite la descarga de crudos
BCC-CSM2-MR ssp585: ya procesado (paso 04/05), se omite la descarga de crudos
CAMS-CSM1-0 historical: ya procesado (paso 04/05), se omite la descarga de crudos
CAMS-CSM1-0 ssp245: ya procesado (paso 04/05), se omite la descarga de crudos
CAMS-CSM1-0 ssp370: ya procesado (paso 04/05), se omite la descarga de crudos
CAMS-CSM1-0 ssp585: ya procesado (paso 04/05), se omite la descarga de crudos
CAS-ESM2-0 historical: ya procesado (paso 04/05), se omite la descarga de crudos
CAS-ESM2-0 ssp245: ya procesado (paso 04/05), se omite la descarga de crudos
CAS-ESM2-0 ssp370: ya procesado (paso 04/05), se omite la descarga de crudos
CAS-ESM2-0 ssp585: ya procesado (paso 04/05), se omite la descarga de crudos
CESM2 historical: ya procesado (paso 04/05), se omite la descarga de crudos
CESM2 ssp245: ya procesado (paso 04/05), se omite la descarga de crudos
CESM2 ssp370: ya procesado (paso 04/05), se omite la descarga de crudos
CESM2 ssp585: ya procesado (paso 04/05), se omite la descarga de crudos
CESM2-WACCM historical: ya procesado (paso 04/05), se omite la descarga de crudos
CESM2-WACCM ssp245: ya procesado (paso 04/05), se omite la descarga de crudos
CESM2-WACCM ssp370: ya procesado (paso 04/05), se omite la descarga de crudos
CESM2-WACCM ssp585: ya procesado (paso 04/05), se omite la descarga de crudos
CMCC-CM2-SR5 historical: ya procesado (paso 04/05), se omite la descarga de crudos
CMCC-CM2-SR5 ssp245: ya procesado (paso 04/05), se omite la descarga de crudos
CMCC-CM2-SR5 ssp370: ya procesado (paso 04/05), se omite la descarga de crudos
CMCC-CM2-SR5 ssp585: ya procesado (paso 04/05), se omite la descarga de crudos
CMCC-ESM2 historical: ya procesado (paso 04/05), se omite la descarga de crudos
CMCC-ESM2 ssp245: ya procesado (paso 04/05), se omite la descarga de crudos
CMCC-ESM2 ssp370: ya procesado (paso 04/05), se omite la descarga de crudos
CMCC-ESM2 ssp585: ya procesado (paso 04/05), se omite la descarga de crudos
CNRM-CM6-1 historical: ya procesado (paso 04/05), se omite la descarga de crudos
CNRM-CM6-1 ssp245: ya procesado (paso 04/05), se omite la descarga de crudos
CNRM-CM6-1 ssp370: ya procesado (paso 04/05), se omite la descarga de crudos
CNRM-CM6-1 ssp585: ya procesado (paso 04/05), se omite la descarga de crudos
CNRM-CM6-1-HR historical: ya procesado (paso 04/05), se omite la descarga de crudos
CNRM-CM6-1-HR ssp245: ya procesado (paso 04/05), se omite la descarga de crudos
CNRM-CM6-1-HR ssp370: ya procesado (paso 04/05), se omite la descarga de crudos
CNRM-CM6-1-HR ssp585: ya procesado (paso 04/05), se omite la descarga de crudos
CNRM-ESM2-1 historical: ya procesado (paso 04/05), se omite la descarga de crudos
CNRM-ESM2-1 ssp245: ya procesado (paso 04/05), se omite la descarga de crudos
CNRM-ESM2-1 ssp370: ya procesado (paso 04/05), se omite la descarga de crudos
CNRM-ESM2-1 ssp585: ya procesado (paso 04/05), se omite la descarga de crudos
CanESM5 historical: ya procesado (paso 04/05), se omite la descarga de crudos
CanESM5 ssp245: ya procesado (paso 04/05), se omite la descarga de crudos
CanESM5 ssp370: ya procesado (paso 04/05), se omite la descarga de crudos
CanESM5 ssp585: ya procesado (paso 04/05), se omite la descarga de crudos
CanESM5-1 historical: ya procesado (paso 04/05), se omite la descarga de crudos
CanESM5-1 ssp245: ya procesado (paso 04/05), se omite la descarga de crudos
CanESM5-1 ssp370: ya procesado (paso 04/05), se omite la descarga de crudos
CanESM5-1 ssp585: ya procesado (paso 04/05), se omite la descarga de crudos
CanESM5-CanOE historical: ya procesado (paso 04/05), se omite la descarga de crudos
CanESM5-CanOE ssp245: ya procesado (paso 04/05), se omite la descarga de crudos
CanESM5-CanOE ssp370: ya procesado (paso 04/05), se omite la descarga de crudos
CanESM5-CanOE ssp585: ya procesado (paso 04/05), se omite la descarga de crudos
EC-Earth3 historical: ya procesado (paso 04/05), se omite la descarga de crudos
EC-Earth3 ssp245: ya procesado (paso 04/05), se omite la descarga de crudos
EC-Earth3 ssp370: ya procesado (paso 04/05), se omite la descarga de crudos
EC-Earth3 ssp585: ya procesado (paso 04/05), se omite la descarga de crudos
EC-Earth3-Veg historical: ya procesado (paso 04/05), se omite la descarga de crudos
EC-Earth3-Veg ssp245: ya procesado (paso 04/05), se omite la descarga de crudos
EC-Earth3-Veg ssp370: ya procesado (paso 04/05), se omite la descarga de crudos
EC-Earth3-Veg ssp585: ya procesado (paso 04/05), se omite la descarga de crudos
EC-Earth3-Veg-LR historical: ya procesado (paso 04/05), se omite la descarga de crudos
EC-Earth3-Veg-LR ssp245: ya procesado (paso 04/05), se omite la descarga de crudos
EC-Earth3-Veg-LR ssp370: ya procesado (paso 04/05), se omite la descarga de crudos
EC-Earth3-Veg-LR ssp585: ya procesado (paso 04/05), se omite la descarga de crudos
FGOALS-f3-L historical: ya procesado (paso 04/05), se omite la descarga de crudos
FGOALS-f3-L ssp245: ya procesado (paso 04/05), se omite la descarga de crudos
FGOALS-f3-L ssp370: ya procesado (paso 04/05), se omite la descarga de crudos
FGOALS-f3-L ssp585: ya procesado (paso 04/05), se omite la descarga de crudos
FGOALS-g3 historical: ya procesado (paso 04/05), se omite la descarga de crudos
FGOALS-g3 ssp245: ya procesado (paso 04/05), se omite la descarga de crudos
FGOALS-g3 ssp370: ya procesado (paso 04/05), se omite la descarga de crudos
FGOALS-g3 ssp585: ya procesado (paso 04/05), se omite la descarga de crudos
GFDL-ESM4 historical: ya procesado (paso 04/05), se omite la descarga de crudos
GFDL-ESM4 ssp245: ya procesado (paso 04/05), se omite la descarga de crudos
GFDL-ESM4 ssp370: ya procesado (paso 04/05), se omite la descarga de crudos
GFDL-ESM4 ssp585: ya procesado (paso 04/05), se omite la descarga de crudos
GISS-E2-1-G historical: ya procesado (paso 04/05), se omite la descarga de crudos
GISS-E2-1-G ssp245: ya procesado (paso 04/05), se omite la descarga de crudos
GISS-E2-1-G ssp370: ya procesado (paso 04/05), se omite la descarga de crudos
GISS-E2-1-G ssp585: ya procesado (paso 04/05), se omite la descarga de crudos
GISS-E2-1-H historical: ya procesado (paso 04/05), se omite la descarga de crudos
GISS-E2-1-H ssp245: ya procesado (paso 04/05), se omite la descarga de crudos
GISS-E2-1-H ssp370: ya procesado (paso 04/05), se omite la descarga de crudos
GISS-E2-1-H ssp585: ya procesado (paso 04/05), se omite la descarga de crudos
GISS-E2-2-G historical: ya procesado (paso 04/05), se omite la descarga de crudos
GISS-E2-2-G ssp245: ya procesado (paso 04/05), se omite la descarga de crudos
GISS-E2-2-G ssp370: ya procesado (paso 04/05), se omite la descarga de crudos
GISS-E2-2-G ssp585: ya procesado (paso 04/05), se omite la descarga de crudos
IITM-ESM historical: ya procesado (paso 04/05), se omite la descarga de crudos
IITM-ESM ssp245: ya procesado (paso 04/05), se omite la descarga de crudos
IITM-ESM ssp370: ya procesado (paso 04/05), se omite la descarga de crudos
IITM-ESM ssp585: ya procesado (paso 04/05), se omite la descarga de crudos
INM-CM4-8 historical: ya procesado (paso 04/05), se omite la descarga de crudos
INM-CM4-8 ssp245: ya procesado (paso 04/05), se omite la descarga de crudos
INM-CM4-8 ssp370: ya procesado (paso 04/05), se omite la descarga de crudos
INM-CM4-8 ssp585: ya procesado (paso 04/05), se omite la descarga de crudos
INM-CM5-0 historical: ya procesado (paso 04/05), se omite la descarga de crudos
INM-CM5-0 ssp245: ya procesado (paso 04/05), se omite la descarga de crudos
INM-CM5-0 ssp370: ya procesado (paso 04/05), se omite la descarga de crudos
INM-CM5-0 ssp585: ya procesado (paso 04/05), se omite la descarga de crudos
IPSL-CM6A-LR historical: ya procesado (paso 04/05), se omite la descarga de crudos
IPSL-CM6A-LR ssp245: ya procesado (paso 04/05), se omite la descarga de crudos
IPSL-CM6A-LR ssp370: ya procesado (paso 04/05), se omite la descarga de crudos
IPSL-CM6A-LR ssp585: ya procesado (paso 04/05), se omite la descarga de crudos
MCM-UA-1-0 historical: ya procesado (paso 04/05), se omite la descarga de crudos
MCM-UA-1-0 ssp245: ya procesado (paso 04/05), se omite la descarga de crudos
MCM-UA-1-0 ssp370: ya procesado (paso 04/05), se omite la descarga de crudos
MCM-UA-1-0 ssp585: ya procesado (paso 04/05), se omite la descarga de crudos
MIROC-ES2L historical: ya procesado (paso 04/05), se omite la descarga de crudos
MIROC-ES2L ssp245: ya procesado (paso 04/05), se omite la descarga de crudos
MIROC-ES2L ssp370: ya procesado (paso 04/05), se omite la descarga de crudos
MIROC-ES2L ssp585: ya procesado (paso 04/05), se omite la descarga de crudos
MIROC6 historical: ya procesado (paso 04/05), se omite la descarga de crudos
MIROC6 ssp245: ya procesado (paso 04/05), se omite la descarga de crudos
MIROC6 ssp370: ya procesado (paso 04/05), se omite la descarga de crudos
MIROC6 ssp585: ya procesado (paso 04/05), se omite la descarga de crudos
MPI-ESM1-2-HR historical: ya procesado (paso 04/05), se omite la descarga de crudos
MPI-ESM1-2-HR ssp245: ya procesado (paso 04/05), se omite la descarga de crudos
MPI-ESM1-2-HR ssp370: ya procesado (paso 04/05), se omite la descarga de crudos
MPI-ESM1-2-HR ssp585: ya procesado (paso 04/05), se omite la descarga de crudos
MPI-ESM1-2-LR historical: ya procesado (paso 04/05), se omite la descarga de crudos
MPI-ESM1-2-LR ssp245: ya procesado (paso 04/05), se omite la descarga de crudos
MPI-ESM1-2-LR ssp370: ya procesado (paso 04/05), se omite la descarga de crudos
MPI-ESM1-2-LR ssp585: ya procesado (paso 04/05), se omite la descarga de crudos
MRI-ESM2-0 historical: ya procesado (paso 04/05), se omite la descarga de crudos
MRI-ESM2-0 ssp245: ya procesado (paso 04/05), se omite la descarga de crudos
MRI-ESM2-0 ssp370: ya procesado (paso 04/05), se omite la descarga de crudos
MRI-ESM2-0 ssp585: ya procesado (paso 04/05), se omite la descarga de crudos
NorESM2-LM historical: ya procesado (paso 04/05), se omite la descarga de crudos
NorESM2-LM ssp245: ya procesado (paso 04/05), se omite la descarga de crudos
NorESM2-LM ssp370: ya procesado (paso 04/05), se omite la descarga de crudos
NorESM2-LM ssp585: ya procesado (paso 04/05), se omite la descarga de crudos
NorESM2-MM historical: ya procesado (paso 04/05), se omite la descarga de crudos
NorESM2-MM ssp245: ya procesado (paso 04/05), se omite la descarga de crudos
NorESM2-MM ssp370: ya procesado (paso 04/05), se omite la descarga de crudos
NorESM2-MM ssp585: ya procesado (paso 04/05), se omite la descarga de crudos
TaiESM1 historical: ya procesado (paso 04/05), se omite la descarga de crudos
TaiESM1 ssp245: ya procesado (paso 04/05), se omite la descarga de crudos
TaiESM1 ssp370: ya procesado (paso 04/05), se omite la descarga de crudos
TaiESM1 ssp585: ya procesado (paso 04/05), se omite la descarga de crudos
UKESM1-0-LL historical: ya procesado (paso 04/05), se omite la descarga de crudos
UKESM1-0-LL ssp245: ya procesado (paso 04/05), se omite la descarga de crudos
UKESM1-0-LL ssp370: ya procesado (paso 04/05), se omite la descarga de crudos
UKESM1-0-LL ssp585: ya procesado (paso 04/05), se omite la descarga de crudos
KACE-1-0-G historical: ya procesado (paso 04/05), se omite la descarga de crudos
KACE-1-0-G ssp245: ya procesado (paso 04/05), se omite la descarga de crudos
KACE-1-0-G ssp370: ya procesado (paso 04/05), se omite la descarga de crudos
KACE-1-0-G ssp585: ya procesado (paso 04/05), se omite la descarga de crudos
== 02b: nada pendiente, se omite ==
== 02c: nada pendiente, se omite ==
Descarga completa (ESGF principal + alternativo + Copernicus segun disponibilidad y credenciales).
== Paso 03: bash scripts/03_download_ersstv5.sh ==
Ya existe data/raw/ersstv5/ersstv5_region.nc, se omite.
== Paso 04: bash scripts/04_process_to_common_grid.sh ==
Preparando pesos de regrilla para ACCESS-CM2 ...
Procesando ACCESS-CM2 historical ...
Ya procesado, se omite: tos_ACCESS-CM2_historical.nc
Procesando ACCESS-CM2 ssp245 ...
Ya procesado, se omite: tos_ACCESS-CM2_ssp245.nc
Procesando ACCESS-CM2 ssp370 ...
Ya procesado, se omite: tos_ACCESS-CM2_ssp370.nc
Procesando ACCESS-CM2 ssp585 ...
Ya procesado, se omite: tos_ACCESS-CM2_ssp585.nc
Preparando pesos de regrilla para ACCESS-ESM1-5 ...
Procesando ACCESS-ESM1-5 historical ...
Ya procesado, se omite: tos_ACCESS-ESM1-5_historical.nc
Procesando ACCESS-ESM1-5 ssp245 ...
Ya procesado, se omite: tos_ACCESS-ESM1-5_ssp245.nc
Procesando ACCESS-ESM1-5 ssp370 ...
Ya procesado, se omite: tos_ACCESS-ESM1-5_ssp370.nc
Procesando ACCESS-ESM1-5 ssp585 ...
Ya procesado, se omite: tos_ACCESS-ESM1-5_ssp585.nc
Preparando pesos de regrilla para AWI-CM-1-1-MR ...
Procesando AWI-CM-1-1-MR historical ...
Ya procesado, se omite: tos_AWI-CM-1-1-MR_historical.nc
Procesando AWI-CM-1-1-MR ssp245 ...
Ya procesado, se omite: tos_AWI-CM-1-1-MR_ssp245.nc
Procesando AWI-CM-1-1-MR ssp370 ...
Ya procesado, se omite: tos_AWI-CM-1-1-MR_ssp370.nc
Procesando AWI-CM-1-1-MR ssp585 ...
Ya procesado, se omite: tos_AWI-CM-1-1-MR_ssp585.nc
Preparando pesos de regrilla para BCC-CSM2-MR ...
Procesando BCC-CSM2-MR historical ...
Ya procesado, se omite: tos_BCC-CSM2-MR_historical.nc
Procesando BCC-CSM2-MR ssp245 ...
Ya procesado, se omite: tos_BCC-CSM2-MR_ssp245.nc
Procesando BCC-CSM2-MR ssp370 ...
Ya procesado, se omite: tos_BCC-CSM2-MR_ssp370.nc
Procesando BCC-CSM2-MR ssp585 ...
Ya procesado, se omite: tos_BCC-CSM2-MR_ssp585.nc
Preparando pesos de regrilla para CAMS-CSM1-0 ...
Procesando CAMS-CSM1-0 historical ...
Ya procesado, se omite: tos_CAMS-CSM1-0_historical.nc
Procesando CAMS-CSM1-0 ssp245 ...
Ya procesado, se omite: tos_CAMS-CSM1-0_ssp245.nc
Procesando CAMS-CSM1-0 ssp370 ...
Ya procesado, se omite: tos_CAMS-CSM1-0_ssp370.nc
Procesando CAMS-CSM1-0 ssp585 ...
Ya procesado, se omite: tos_CAMS-CSM1-0_ssp585.nc
Preparando pesos de regrilla para CanESM5 ...
Procesando CanESM5 historical ...
Ya procesado, se omite: tos_CanESM5_historical.nc
Procesando CanESM5 ssp245 ...
Ya procesado, se omite: tos_CanESM5_ssp245.nc
Procesando CanESM5 ssp370 ...
Ya procesado, se omite: tos_CanESM5_ssp370.nc
Procesando CanESM5 ssp585 ...
Ya procesado, se omite: tos_CanESM5_ssp585.nc
Preparando pesos de regrilla para CanESM5-1 ...
Procesando CanESM5-1 historical ...
Ya procesado, se omite: tos_CanESM5-1_historical.nc
Procesando CanESM5-1 ssp245 ...
Ya procesado, se omite: tos_CanESM5-1_ssp245.nc
Procesando CanESM5-1 ssp370 ...
Ya procesado, se omite: tos_CanESM5-1_ssp370.nc
Procesando CanESM5-1 ssp585 ...
Ya procesado, se omite: tos_CanESM5-1_ssp585.nc
Preparando pesos de regrilla para CanESM5-CanOE ...
Procesando CanESM5-CanOE historical ...
Ya procesado, se omite: tos_CanESM5-CanOE_historical.nc
Procesando CanESM5-CanOE ssp245 ...
Ya procesado, se omite: tos_CanESM5-CanOE_ssp245.nc
Procesando CanESM5-CanOE ssp370 ...
Ya procesado, se omite: tos_CanESM5-CanOE_ssp370.nc
Procesando CanESM5-CanOE ssp585 ...
Ya procesado, se omite: tos_CanESM5-CanOE_ssp585.nc
Preparando pesos de regrilla para CAS-ESM2-0 ...
Procesando CAS-ESM2-0 historical ...
Ya procesado, se omite: tos_CAS-ESM2-0_historical.nc
Procesando CAS-ESM2-0 ssp245 ...
Ya procesado, se omite: tos_CAS-ESM2-0_ssp245.nc
Procesando CAS-ESM2-0 ssp370 ...
Ya procesado, se omite: tos_CAS-ESM2-0_ssp370.nc
Procesando CAS-ESM2-0 ssp585 ...
Ya procesado, se omite: tos_CAS-ESM2-0_ssp585.nc
Preparando pesos de regrilla para CESM2 ...
Procesando CESM2 historical ...
Ya procesado, se omite: tos_CESM2_historical.nc
Procesando CESM2 ssp245 ...
Ya procesado, se omite: tos_CESM2_ssp245.nc
Procesando CESM2 ssp370 ...
Ya procesado, se omite: tos_CESM2_ssp370.nc
Procesando CESM2 ssp585 ...
Ya procesado, se omite: tos_CESM2_ssp585.nc
Preparando pesos de regrilla para CESM2-WACCM ...
Procesando CESM2-WACCM historical ...
Ya procesado, se omite: tos_CESM2-WACCM_historical.nc
Procesando CESM2-WACCM ssp245 ...
Ya procesado, se omite: tos_CESM2-WACCM_ssp245.nc
Procesando CESM2-WACCM ssp370 ...
Ya procesado, se omite: tos_CESM2-WACCM_ssp370.nc
Procesando CESM2-WACCM ssp585 ...
Ya procesado, se omite: tos_CESM2-WACCM_ssp585.nc
Preparando pesos de regrilla para CMCC-CM2-SR5 ...
Procesando CMCC-CM2-SR5 historical ...
Ya procesado, se omite: tos_CMCC-CM2-SR5_historical.nc
Procesando CMCC-CM2-SR5 ssp245 ...
Ya procesado, se omite: tos_CMCC-CM2-SR5_ssp245.nc
Procesando CMCC-CM2-SR5 ssp370 ...
Ya procesado, se omite: tos_CMCC-CM2-SR5_ssp370.nc
Procesando CMCC-CM2-SR5 ssp585 ...
Ya procesado, se omite: tos_CMCC-CM2-SR5_ssp585.nc
Preparando pesos de regrilla para CMCC-ESM2 ...
Procesando CMCC-ESM2 historical ...
Ya procesado, se omite: tos_CMCC-ESM2_historical.nc
Procesando CMCC-ESM2 ssp245 ...
Ya procesado, se omite: tos_CMCC-ESM2_ssp245.nc
Procesando CMCC-ESM2 ssp370 ...
Ya procesado, se omite: tos_CMCC-ESM2_ssp370.nc
Procesando CMCC-ESM2 ssp585 ...
Ya procesado, se omite: tos_CMCC-ESM2_ssp585.nc
Preparando pesos de regrilla para CNRM-CM6-1 ...
Procesando CNRM-CM6-1 historical ...
Ya procesado, se omite: tos_CNRM-CM6-1_historical.nc
Procesando CNRM-CM6-1 ssp245 ...
Ya procesado, se omite: tos_CNRM-CM6-1_ssp245.nc
Procesando CNRM-CM6-1 ssp370 ...
Ya procesado, se omite: tos_CNRM-CM6-1_ssp370.nc
Procesando CNRM-CM6-1 ssp585 ...
Ya procesado, se omite: tos_CNRM-CM6-1_ssp585.nc
Preparando pesos de regrilla para CNRM-CM6-1-HR ...
Procesando CNRM-CM6-1-HR historical ...
Ya procesado, se omite: tos_CNRM-CM6-1-HR_historical.nc
Procesando CNRM-CM6-1-HR ssp245 ...
Ya procesado, se omite: tos_CNRM-CM6-1-HR_ssp245.nc
Procesando CNRM-CM6-1-HR ssp370 ...
Ya procesado, se omite: tos_CNRM-CM6-1-HR_ssp370.nc
Procesando CNRM-CM6-1-HR ssp585 ...
Ya procesado, se omite: tos_CNRM-CM6-1-HR_ssp585.nc
Preparando pesos de regrilla para CNRM-ESM2-1 ...
Procesando CNRM-ESM2-1 historical ...
Ya procesado, se omite: tos_CNRM-ESM2-1_historical.nc
Procesando CNRM-ESM2-1 ssp245 ...
Ya procesado, se omite: tos_CNRM-ESM2-1_ssp245.nc
Procesando CNRM-ESM2-1 ssp370 ...
Ya procesado, se omite: tos_CNRM-ESM2-1_ssp370.nc
Procesando CNRM-ESM2-1 ssp585 ...
Ya procesado, se omite: tos_CNRM-ESM2-1_ssp585.nc
Preparando pesos de regrilla para EC-Earth3 ...
Procesando EC-Earth3 historical ...
Ya procesado, se omite: tos_EC-Earth3_historical.nc
Procesando EC-Earth3 ssp245 ...
Ya procesado, se omite: tos_EC-Earth3_ssp245.nc
Procesando EC-Earth3 ssp370 ...
Ya procesado, se omite: tos_EC-Earth3_ssp370.nc
Procesando EC-Earth3 ssp585 ...
Ya procesado, se omite: tos_EC-Earth3_ssp585.nc
Preparando pesos de regrilla para EC-Earth3-Veg ...
Procesando EC-Earth3-Veg historical ...
Ya procesado, se omite: tos_EC-Earth3-Veg_historical.nc
Procesando EC-Earth3-Veg ssp245 ...
Ya procesado, se omite: tos_EC-Earth3-Veg_ssp245.nc
Procesando EC-Earth3-Veg ssp370 ...
Ya procesado, se omite: tos_EC-Earth3-Veg_ssp370.nc
Procesando EC-Earth3-Veg ssp585 ...
Ya procesado, se omite: tos_EC-Earth3-Veg_ssp585.nc
Preparando pesos de regrilla para EC-Earth3-Veg-LR ...
Procesando EC-Earth3-Veg-LR historical ...
Ya procesado, se omite: tos_EC-Earth3-Veg-LR_historical.nc
Procesando EC-Earth3-Veg-LR ssp245 ...
Ya procesado, se omite: tos_EC-Earth3-Veg-LR_ssp245.nc
Procesando EC-Earth3-Veg-LR ssp370 ...
Ya procesado, se omite: tos_EC-Earth3-Veg-LR_ssp370.nc
Procesando EC-Earth3-Veg-LR ssp585 ...
Ya procesado, se omite: tos_EC-Earth3-Veg-LR_ssp585.nc
Preparando pesos de regrilla para FGOALS-f3-L ...
Procesando FGOALS-f3-L historical ...
Ya procesado, se omite: tos_FGOALS-f3-L_historical.nc
Procesando FGOALS-f3-L ssp245 ...
Ya procesado, se omite: tos_FGOALS-f3-L_ssp245.nc
Procesando FGOALS-f3-L ssp370 ...
Ya procesado, se omite: tos_FGOALS-f3-L_ssp370.nc
Procesando FGOALS-f3-L ssp585 ...
Ya procesado, se omite: tos_FGOALS-f3-L_ssp585.nc
Preparando pesos de regrilla para FGOALS-g3 ...
Procesando FGOALS-g3 historical ...
Ya procesado, se omite: tos_FGOALS-g3_historical.nc
Procesando FGOALS-g3 ssp245 ...
Ya procesado, se omite: tos_FGOALS-g3_ssp245.nc
Procesando FGOALS-g3 ssp370 ...
Ya procesado, se omite: tos_FGOALS-g3_ssp370.nc
Procesando FGOALS-g3 ssp585 ...
Ya procesado, se omite: tos_FGOALS-g3_ssp585.nc
Preparando pesos de regrilla para GFDL-ESM4 ...
Procesando GFDL-ESM4 historical ...
Ya procesado, se omite: tos_GFDL-ESM4_historical.nc
Procesando GFDL-ESM4 ssp245 ...
Ya procesado, se omite: tos_GFDL-ESM4_ssp245.nc
Procesando GFDL-ESM4 ssp370 ...
Ya procesado, se omite: tos_GFDL-ESM4_ssp370.nc
Procesando GFDL-ESM4 ssp585 ...
Ya procesado, se omite: tos_GFDL-ESM4_ssp585.nc
Preparando pesos de regrilla para GISS-E2-1-G ...
Procesando GISS-E2-1-G historical ...
Ya procesado, se omite: tos_GISS-E2-1-G_historical.nc
Procesando GISS-E2-1-G ssp245 ...
Ya procesado, se omite: tos_GISS-E2-1-G_ssp245.nc
Procesando GISS-E2-1-G ssp370 ...
Ya procesado, se omite: tos_GISS-E2-1-G_ssp370.nc
Procesando GISS-E2-1-G ssp585 ...
Ya procesado, se omite: tos_GISS-E2-1-G_ssp585.nc
Preparando pesos de regrilla para GISS-E2-1-H ...
Procesando GISS-E2-1-H historical ...
Ya procesado, se omite: tos_GISS-E2-1-H_historical.nc
Procesando GISS-E2-1-H ssp245 ...
Ya procesado, se omite: tos_GISS-E2-1-H_ssp245.nc
Procesando GISS-E2-1-H ssp370 ...
Ya procesado, se omite: tos_GISS-E2-1-H_ssp370.nc
Procesando GISS-E2-1-H ssp585 ...
Ya procesado, se omite: tos_GISS-E2-1-H_ssp585.nc
Preparando pesos de regrilla para GISS-E2-2-G ...
Procesando GISS-E2-2-G historical ...
Ya procesado, se omite: tos_GISS-E2-2-G_historical.nc
Procesando GISS-E2-2-G ssp245 ...
Ya procesado, se omite: tos_GISS-E2-2-G_ssp245.nc
Procesando GISS-E2-2-G ssp370 ...
Ya procesado, se omite: tos_GISS-E2-2-G_ssp370.nc
Procesando GISS-E2-2-G ssp585 ...
Ya procesado, se omite: tos_GISS-E2-2-G_ssp585.nc
Preparando pesos de regrilla para IITM-ESM ...
Procesando IITM-ESM historical ...
Ya procesado, se omite: tos_IITM-ESM_historical.nc
Procesando IITM-ESM ssp245 ...
Ya procesado, se omite: tos_IITM-ESM_ssp245.nc
Procesando IITM-ESM ssp370 ...
Ya procesado, se omite: tos_IITM-ESM_ssp370.nc
Procesando IITM-ESM ssp585 ...
Ya procesado, se omite: tos_IITM-ESM_ssp585.nc
Preparando pesos de regrilla para INM-CM4-8 ...
Procesando INM-CM4-8 historical ...
Ya procesado, se omite: tos_INM-CM4-8_historical.nc
Procesando INM-CM4-8 ssp245 ...
Ya procesado, se omite: tos_INM-CM4-8_ssp245.nc
Procesando INM-CM4-8 ssp370 ...
Ya procesado, se omite: tos_INM-CM4-8_ssp370.nc
Procesando INM-CM4-8 ssp585 ...
Ya procesado, se omite: tos_INM-CM4-8_ssp585.nc
Preparando pesos de regrilla para INM-CM5-0 ...
Procesando INM-CM5-0 historical ...
Ya procesado, se omite: tos_INM-CM5-0_historical.nc
Procesando INM-CM5-0 ssp245 ...
Ya procesado, se omite: tos_INM-CM5-0_ssp245.nc
Procesando INM-CM5-0 ssp370 ...
Ya procesado, se omite: tos_INM-CM5-0_ssp370.nc
Procesando INM-CM5-0 ssp585 ...
Ya procesado, se omite: tos_INM-CM5-0_ssp585.nc
Preparando pesos de regrilla para IPSL-CM6A-LR ...
Procesando IPSL-CM6A-LR historical ...
Ya procesado, se omite: tos_IPSL-CM6A-LR_historical.nc
Procesando IPSL-CM6A-LR ssp245 ...
Ya procesado, se omite: tos_IPSL-CM6A-LR_ssp245.nc
Procesando IPSL-CM6A-LR ssp370 ...
Ya procesado, se omite: tos_IPSL-CM6A-LR_ssp370.nc
Procesando IPSL-CM6A-LR ssp585 ...
Ya procesado, se omite: tos_IPSL-CM6A-LR_ssp585.nc
Preparando pesos de regrilla para KACE-1-0-G ...
Procesando KACE-1-0-G historical ...
Ya procesado, se omite: tos_KACE-1-0-G_historical.nc
Procesando KACE-1-0-G ssp245 ...
Ya procesado, se omite: tos_KACE-1-0-G_ssp245.nc
Procesando KACE-1-0-G ssp370 ...
Ya procesado, se omite: tos_KACE-1-0-G_ssp370.nc
Procesando KACE-1-0-G ssp585 ...
Ya procesado, se omite: tos_KACE-1-0-G_ssp585.nc
Preparando pesos de regrilla para MCM-UA-1-0 ...
Procesando MCM-UA-1-0 historical ...
Ya procesado, se omite: tos_MCM-UA-1-0_historical.nc
Procesando MCM-UA-1-0 ssp245 ...
Ya procesado, se omite: tos_MCM-UA-1-0_ssp245.nc
Procesando MCM-UA-1-0 ssp370 ...
Ya procesado, se omite: tos_MCM-UA-1-0_ssp370.nc
Procesando MCM-UA-1-0 ssp585 ...
Ya procesado, se omite: tos_MCM-UA-1-0_ssp585.nc
Preparando pesos de regrilla para MIROC6 ...
Procesando MIROC6 historical ...
Ya procesado, se omite: tos_MIROC6_historical.nc
Procesando MIROC6 ssp245 ...
Ya procesado, se omite: tos_MIROC6_ssp245.nc
Procesando MIROC6 ssp370 ...
Ya procesado, se omite: tos_MIROC6_ssp370.nc
Procesando MIROC6 ssp585 ...
Ya procesado, se omite: tos_MIROC6_ssp585.nc
Preparando pesos de regrilla para MIROC-ES2L ...
Procesando MIROC-ES2L historical ...
Ya procesado, se omite: tos_MIROC-ES2L_historical.nc
Procesando MIROC-ES2L ssp245 ...
Ya procesado, se omite: tos_MIROC-ES2L_ssp245.nc
Procesando MIROC-ES2L ssp370 ...
Ya procesado, se omite: tos_MIROC-ES2L_ssp370.nc
Procesando MIROC-ES2L ssp585 ...
Ya procesado, se omite: tos_MIROC-ES2L_ssp585.nc
Preparando pesos de regrilla para MPI-ESM1-2-HR ...
Procesando MPI-ESM1-2-HR historical ...
Ya procesado, se omite: tos_MPI-ESM1-2-HR_historical.nc
Procesando MPI-ESM1-2-HR ssp245 ...
Ya procesado, se omite: tos_MPI-ESM1-2-HR_ssp245.nc
Procesando MPI-ESM1-2-HR ssp370 ...
Ya procesado, se omite: tos_MPI-ESM1-2-HR_ssp370.nc
Procesando MPI-ESM1-2-HR ssp585 ...
Ya procesado, se omite: tos_MPI-ESM1-2-HR_ssp585.nc
Preparando pesos de regrilla para MPI-ESM1-2-LR ...
Procesando MPI-ESM1-2-LR historical ...
Ya procesado, se omite: tos_MPI-ESM1-2-LR_historical.nc
Procesando MPI-ESM1-2-LR ssp245 ...
Ya procesado, se omite: tos_MPI-ESM1-2-LR_ssp245.nc
Procesando MPI-ESM1-2-LR ssp370 ...
Ya procesado, se omite: tos_MPI-ESM1-2-LR_ssp370.nc
Procesando MPI-ESM1-2-LR ssp585 ...
Ya procesado, se omite: tos_MPI-ESM1-2-LR_ssp585.nc
Preparando pesos de regrilla para MRI-ESM2-0 ...
Procesando MRI-ESM2-0 historical ...
Ya procesado, se omite: tos_MRI-ESM2-0_historical.nc
Procesando MRI-ESM2-0 ssp245 ...
Ya procesado, se omite: tos_MRI-ESM2-0_ssp245.nc
Procesando MRI-ESM2-0 ssp370 ...
Ya procesado, se omite: tos_MRI-ESM2-0_ssp370.nc
Procesando MRI-ESM2-0 ssp585 ...
Ya procesado, se omite: tos_MRI-ESM2-0_ssp585.nc
Preparando pesos de regrilla para NorESM2-LM ...
Procesando NorESM2-LM historical ...
Ya procesado, se omite: tos_NorESM2-LM_historical.nc
Procesando NorESM2-LM ssp245 ...
Ya procesado, se omite: tos_NorESM2-LM_ssp245.nc
Procesando NorESM2-LM ssp370 ...
Ya procesado, se omite: tos_NorESM2-LM_ssp370.nc
Procesando NorESM2-LM ssp585 ...
Ya procesado, se omite: tos_NorESM2-LM_ssp585.nc
Preparando pesos de regrilla para NorESM2-MM ...
Procesando NorESM2-MM historical ...
Ya procesado, se omite: tos_NorESM2-MM_historical.nc
Procesando NorESM2-MM ssp245 ...
Ya procesado, se omite: tos_NorESM2-MM_ssp245.nc
Procesando NorESM2-MM ssp370 ...
Ya procesado, se omite: tos_NorESM2-MM_ssp370.nc
Procesando NorESM2-MM ssp585 ...
Ya procesado, se omite: tos_NorESM2-MM_ssp585.nc
Preparando pesos de regrilla para TaiESM1 ...
Procesando TaiESM1 historical ...
Ya procesado, se omite: tos_TaiESM1_historical.nc
Procesando TaiESM1 ssp245 ...
Ya procesado, se omite: tos_TaiESM1_ssp245.nc
Procesando TaiESM1 ssp370 ...
Ya procesado, se omite: tos_TaiESM1_ssp370.nc
Procesando TaiESM1 ssp585 ...
Ya procesado, se omite: tos_TaiESM1_ssp585.nc
Preparando pesos de regrilla para UKESM1-0-LL ...
Procesando UKESM1-0-LL historical ...
Ya procesado, se omite: tos_UKESM1-0-LL_historical.nc
Procesando UKESM1-0-LL ssp245 ...
Ya procesado, se omite: tos_UKESM1-0-LL_ssp245.nc
Procesando UKESM1-0-LL ssp370 ...
Ya procesado, se omite: tos_UKESM1-0-LL_ssp370.nc
Procesando UKESM1-0-LL ssp585 ...
Ya procesado, se omite: tos_UKESM1-0-LL_ssp585.nc
== Paso 05: python3 scripts/05_apply_ocean_mask.py ==
Ya procesado, se omite: tos_ACCESS-CM2_historical.nc
Ya procesado, se omite: tos_ACCESS-CM2_ssp245.nc
Ya procesado, se omite: tos_ACCESS-CM2_ssp370.nc
Ya procesado, se omite: tos_ACCESS-CM2_ssp585.nc
Ya procesado, se omite: tos_ACCESS-ESM1-5_historical.nc
Ya procesado, se omite: tos_ACCESS-ESM1-5_ssp245.nc
Ya procesado, se omite: tos_ACCESS-ESM1-5_ssp370.nc
Ya procesado, se omite: tos_ACCESS-ESM1-5_ssp585.nc
Ya procesado, se omite: tos_AWI-CM-1-1-MR_historical.nc
Ya procesado, se omite: tos_AWI-CM-1-1-MR_ssp245.nc
Ya procesado, se omite: tos_AWI-CM-1-1-MR_ssp370.nc
Ya procesado, se omite: tos_AWI-CM-1-1-MR_ssp585.nc
Ya procesado, se omite: tos_BCC-CSM2-MR_historical.nc
Ya procesado, se omite: tos_BCC-CSM2-MR_ssp245.nc
Ya procesado, se omite: tos_BCC-CSM2-MR_ssp370.nc
Ya procesado, se omite: tos_BCC-CSM2-MR_ssp585.nc
Ya procesado, se omite: tos_CAMS-CSM1-0_historical.nc
Ya procesado, se omite: tos_CAMS-CSM1-0_ssp245.nc
Ya procesado, se omite: tos_CAMS-CSM1-0_ssp370.nc
Ya procesado, se omite: tos_CAMS-CSM1-0_ssp585.nc
Ya procesado, se omite: tos_CAS-ESM2-0_historical.nc
Ya procesado, se omite: tos_CAS-ESM2-0_ssp245.nc
Ya procesado, se omite: tos_CAS-ESM2-0_ssp370.nc
Ya procesado, se omite: tos_CAS-ESM2-0_ssp585.nc
Ya procesado, se omite: tos_CESM2-WACCM_historical.nc
Ya procesado, se omite: tos_CESM2-WACCM_ssp245.nc
Ya procesado, se omite: tos_CESM2-WACCM_ssp370.nc
Ya procesado, se omite: tos_CESM2-WACCM_ssp585.nc
Ya procesado, se omite: tos_CESM2_historical.nc
Ya procesado, se omite: tos_CESM2_ssp245.nc
Ya procesado, se omite: tos_CESM2_ssp370.nc
Ya procesado, se omite: tos_CESM2_ssp585.nc
Ya procesado, se omite: tos_CMCC-CM2-SR5_historical.nc
Ya procesado, se omite: tos_CMCC-CM2-SR5_ssp245.nc
Ya procesado, se omite: tos_CMCC-CM2-SR5_ssp370.nc
Ya procesado, se omite: tos_CMCC-CM2-SR5_ssp585.nc
Ya procesado, se omite: tos_CMCC-ESM2_historical.nc
Ya procesado, se omite: tos_CMCC-ESM2_ssp245.nc
Ya procesado, se omite: tos_CMCC-ESM2_ssp370.nc
Ya procesado, se omite: tos_CMCC-ESM2_ssp585.nc
Ya procesado, se omite: tos_CNRM-CM6-1-HR_historical.nc
Ya procesado, se omite: tos_CNRM-CM6-1-HR_ssp245.nc
Ya procesado, se omite: tos_CNRM-CM6-1-HR_ssp370.nc
Ya procesado, se omite: tos_CNRM-CM6-1-HR_ssp585.nc
Ya procesado, se omite: tos_CNRM-CM6-1_historical.nc
Ya procesado, se omite: tos_CNRM-CM6-1_ssp245.nc
Ya procesado, se omite: tos_CNRM-CM6-1_ssp370.nc
Ya procesado, se omite: tos_CNRM-CM6-1_ssp585.nc
Ya procesado, se omite: tos_CNRM-ESM2-1_historical.nc
Ya procesado, se omite: tos_CNRM-ESM2-1_ssp245.nc
Ya procesado, se omite: tos_CNRM-ESM2-1_ssp370.nc
Ya procesado, se omite: tos_CNRM-ESM2-1_ssp585.nc
Ya procesado, se omite: tos_CanESM5-1_historical.nc
Ya procesado, se omite: tos_CanESM5-1_ssp245.nc
Ya procesado, se omite: tos_CanESM5-1_ssp370.nc
Ya procesado, se omite: tos_CanESM5-1_ssp585.nc
Ya procesado, se omite: tos_CanESM5-CanOE_historical.nc
Ya procesado, se omite: tos_CanESM5-CanOE_ssp245.nc
Ya procesado, se omite: tos_CanESM5-CanOE_ssp370.nc
Ya procesado, se omite: tos_CanESM5-CanOE_ssp585.nc
Ya procesado, se omite: tos_CanESM5_historical.nc
Ya procesado, se omite: tos_CanESM5_ssp245.nc
Ya procesado, se omite: tos_CanESM5_ssp370.nc
Ya procesado, se omite: tos_CanESM5_ssp585.nc
Ya procesado, se omite: tos_EC-Earth3-Veg-LR_historical.nc
Ya procesado, se omite: tos_EC-Earth3-Veg-LR_ssp245.nc
Ya procesado, se omite: tos_EC-Earth3-Veg-LR_ssp370.nc
Ya procesado, se omite: tos_EC-Earth3-Veg-LR_ssp585.nc
Ya procesado, se omite: tos_EC-Earth3-Veg_historical.nc
Ya procesado, se omite: tos_EC-Earth3-Veg_ssp245.nc
Ya procesado, se omite: tos_EC-Earth3-Veg_ssp370.nc
Ya procesado, se omite: tos_EC-Earth3-Veg_ssp585.nc
Ya procesado, se omite: tos_EC-Earth3_historical.nc
Ya procesado, se omite: tos_EC-Earth3_ssp245.nc
Ya procesado, se omite: tos_EC-Earth3_ssp370.nc
Ya procesado, se omite: tos_EC-Earth3_ssp585.nc
Ya procesado, se omite: tos_FGOALS-f3-L_historical.nc
Ya procesado, se omite: tos_FGOALS-f3-L_ssp245.nc
Ya procesado, se omite: tos_FGOALS-f3-L_ssp370.nc
Ya procesado, se omite: tos_FGOALS-f3-L_ssp585.nc
Ya procesado, se omite: tos_FGOALS-g3_historical.nc
Ya procesado, se omite: tos_FGOALS-g3_ssp245.nc
Ya procesado, se omite: tos_FGOALS-g3_ssp370.nc
Ya procesado, se omite: tos_FGOALS-g3_ssp585.nc
Ya procesado, se omite: tos_GFDL-ESM4_historical.nc
Ya procesado, se omite: tos_GFDL-ESM4_ssp245.nc
Ya procesado, se omite: tos_GFDL-ESM4_ssp370.nc
Ya procesado, se omite: tos_GFDL-ESM4_ssp585.nc
Ya procesado, se omite: tos_GISS-E2-1-G_historical.nc
Ya procesado, se omite: tos_GISS-E2-1-G_ssp245.nc
Ya procesado, se omite: tos_GISS-E2-1-G_ssp370.nc
Ya procesado, se omite: tos_GISS-E2-1-G_ssp585.nc
Ya procesado, se omite: tos_GISS-E2-1-H_historical.nc
Ya procesado, se omite: tos_GISS-E2-1-H_ssp245.nc
Ya procesado, se omite: tos_GISS-E2-1-H_ssp370.nc
Ya procesado, se omite: tos_GISS-E2-1-H_ssp585.nc
Ya procesado, se omite: tos_GISS-E2-2-G_historical.nc
Ya procesado, se omite: tos_GISS-E2-2-G_ssp245.nc
Ya procesado, se omite: tos_GISS-E2-2-G_ssp370.nc
Ya procesado, se omite: tos_GISS-E2-2-G_ssp585.nc
Ya procesado, se omite: tos_IITM-ESM_historical.nc
Ya procesado, se omite: tos_IITM-ESM_ssp245.nc
Ya procesado, se omite: tos_IITM-ESM_ssp370.nc
Ya procesado, se omite: tos_IITM-ESM_ssp585.nc
Ya procesado, se omite: tos_INM-CM4-8_historical.nc
Ya procesado, se omite: tos_INM-CM4-8_ssp245.nc
Ya procesado, se omite: tos_INM-CM4-8_ssp370.nc
Ya procesado, se omite: tos_INM-CM4-8_ssp585.nc
Ya procesado, se omite: tos_INM-CM5-0_historical.nc
Ya procesado, se omite: tos_INM-CM5-0_ssp245.nc
Ya procesado, se omite: tos_INM-CM5-0_ssp370.nc
Ya procesado, se omite: tos_INM-CM5-0_ssp585.nc
Ya procesado, se omite: tos_IPSL-CM6A-LR_historical.nc
Ya procesado, se omite: tos_IPSL-CM6A-LR_ssp245.nc
Ya procesado, se omite: tos_IPSL-CM6A-LR_ssp370.nc
Ya procesado, se omite: tos_IPSL-CM6A-LR_ssp585.nc
Ya procesado, se omite: tos_KACE-1-0-G_historical.nc
Ya procesado, se omite: tos_KACE-1-0-G_ssp245.nc
Ya procesado, se omite: tos_KACE-1-0-G_ssp370.nc
Ya procesado, se omite: tos_KACE-1-0-G_ssp585.nc
Ya procesado, se omite: tos_MCM-UA-1-0_historical.nc
Ya procesado, se omite: tos_MCM-UA-1-0_ssp245.nc
Ya procesado, se omite: tos_MCM-UA-1-0_ssp370.nc
Ya procesado, se omite: tos_MCM-UA-1-0_ssp585.nc
Ya procesado, se omite: tos_MIROC-ES2L_historical.nc
Ya procesado, se omite: tos_MIROC-ES2L_ssp245.nc
Ya procesado, se omite: tos_MIROC-ES2L_ssp370.nc
Ya procesado, se omite: tos_MIROC-ES2L_ssp585.nc
Ya procesado, se omite: tos_MIROC6_historical.nc
Ya procesado, se omite: tos_MIROC6_ssp245.nc
Ya procesado, se omite: tos_MIROC6_ssp370.nc
Ya procesado, se omite: tos_MIROC6_ssp585.nc
Ya procesado, se omite: tos_MPI-ESM1-2-HR_historical.nc
Ya procesado, se omite: tos_MPI-ESM1-2-HR_ssp245.nc
Ya procesado, se omite: tos_MPI-ESM1-2-HR_ssp370.nc
Ya procesado, se omite: tos_MPI-ESM1-2-HR_ssp585.nc
Ya procesado, se omite: tos_MPI-ESM1-2-LR_historical.nc
Ya procesado, se omite: tos_MPI-ESM1-2-LR_ssp245.nc
Ya procesado, se omite: tos_MPI-ESM1-2-LR_ssp370.nc
Ya procesado, se omite: tos_MPI-ESM1-2-LR_ssp585.nc
Ya procesado, se omite: tos_MRI-ESM2-0_historical.nc
Ya procesado, se omite: tos_MRI-ESM2-0_ssp245.nc
Ya procesado, se omite: tos_MRI-ESM2-0_ssp370.nc
Ya procesado, se omite: tos_MRI-ESM2-0_ssp585.nc
Ya procesado, se omite: tos_NorESM2-LM_historical.nc
Ya procesado, se omite: tos_NorESM2-LM_ssp245.nc
Ya procesado, se omite: tos_NorESM2-LM_ssp370.nc
Ya procesado, se omite: tos_NorESM2-LM_ssp585.nc
Ya procesado, se omite: tos_NorESM2-MM_historical.nc
Ya procesado, se omite: tos_NorESM2-MM_ssp245.nc
Ya procesado, se omite: tos_NorESM2-MM_ssp370.nc
Ya procesado, se omite: tos_NorESM2-MM_ssp585.nc
Ya procesado, se omite: tos_TaiESM1_historical.nc
Ya procesado, se omite: tos_TaiESM1_ssp245.nc
Ya procesado, se omite: tos_TaiESM1_ssp370.nc
Ya procesado, se omite: tos_TaiESM1_ssp585.nc
Ya procesado, se omite: tos_UKESM1-0-LL_historical.nc
Ya procesado, se omite: tos_UKESM1-0-LL_ssp245.nc
Ya procesado, se omite: tos_UKESM1-0-LL_ssp370.nc
Ya procesado, se omite: tos_UKESM1-0-LL_ssp585.nc
== Paso 06: python3 scripts/06_qc_checks.py data/processed/masked data/processed/qc_report.csv ==
QC escrito en data/processed/qc_report.csv (160 archivos, 160 reusados de una corrida anterior, 0 con fallas)
== Paso 07: python3 scripts/07_build_inventory_report.py data/processed/qc_report.csv data/processed/masked data/processed/models_inventory_final.csv ==
Inventario final escrito en data/processed/models_inventory_final.csv (40/40 modelos seleccionados)
Pipeline completo.
== Registro de modelos ==
/home/jonathan/personal/e1_smn/informe/model_registry.csv: 102 modelos (41 con institucion/grilla, los que llegaron a ser seed -- ver config/models_seed_cmip6.csv)
== Graficos: plot_maps.py ==
Graficando mapas: 40 modelo(s) + ERSSTv5 ...
  ACCESS-CM2
  ACCESS-ESM1-5
  AWI-CM-1-1-MR
  BCC-CSM2-MR
  CAMS-CSM1-0
  CAS-ESM2-0
  CESM2
  CESM2-WACCM
  CMCC-CM2-SR5
  CMCC-ESM2
  CNRM-CM6-1
  CNRM-CM6-1-HR
  CNRM-ESM2-1
  CanESM5
  CanESM5-1
  CanESM5-CanOE
  EC-Earth3
  EC-Earth3-Veg
  EC-Earth3-Veg-LR
  FGOALS-f3-L
  FGOALS-g3
  GFDL-ESM4
  GISS-E2-1-G
  GISS-E2-1-H
  GISS-E2-2-G
  IITM-ESM
  INM-CM4-8
  INM-CM5-0
  IPSL-CM6A-LR
  KACE-1-0-G
  MCM-UA-1-0
  MIROC-ES2L
  MIROC6
  MPI-ESM1-2-HR
  MPI-ESM1-2-LR
  MRI-ESM2-0
  NorESM2-LM
  NorESM2-MM
  TaiESM1
  UKESM1-0-LL
  ERSSTv5
Listo, 41 figura(s) en /home/jonathan/personal/e1_smn/figures
== Graficos: plot_box_series.py ==
1 serie(s) de caja ya existen. Regenerar TODAS? [s/N, 15s, por defecto N] 
(sin respuesta en 15s, se mantienen las existentes)
ACCESS-CM2
ACCESS-ESM1-5
AWI-CM-1-1-MR
BCC-CSM2-MR
CAMS-CSM1-0
  CAMS-CSM1-0 Nino 3.4: serie_CAMS-CSM1-0_sst_Nino3.4.png ya existe, se omite
CAS-ESM2-0
CESM2
CESM2-WACCM
CMCC-CM2-SR5
CMCC-ESM2
CNRM-CM6-1
CNRM-CM6-1-HR
CNRM-ESM2-1
CanESM5
CanESM5-1
CanESM5-CanOE
EC-Earth3
EC-Earth3-Veg
EC-Earth3-Veg-LR
FGOALS-f3-L
FGOALS-g3
GFDL-ESM4
GISS-E2-1-G
GISS-E2-1-H
GISS-E2-2-G
IITM-ESM
INM-CM4-8
INM-CM5-0
IPSL-CM6A-LR
KACE-1-0-G
MCM-UA-1-0
MIROC-ES2L
MIROC6
MPI-ESM1-2-HR
MPI-ESM1-2-LR
MRI-ESM2-0
NorESM2-LM
NorESM2-MM
TaiESM1
UKESM1-0-LL
Listo, 40 modelo(s) graficado(s) (2 figuras cada uno) en /home/jonathan/personal/e1_smn/figures
== Graficos: plot_qc_summary.py ==

1 caso(s) PENDIENTE (link vivo encontrado, falta descargar y/o procesar):
   - MIROC-ES2H / historical

64 caso(s) SIN_LINK (existe segun 00b, pero 01 no encontro ningun link vivo):
   - AWI-ESM-1-1-LR / historical
   - BCC-ESM1 / historical
   - BCC-ESM1 / ssp370
   - CESM2-FV2 / historical
   - CESM2-FV2 / ssp370
   - CESM2-FV2 / ssp585
   - CESM2-WACCM-FV2 / historical
   - CIESM / historical
   - CIESM / ssp245
   - CIESM / ssp585
   - CMCC-CM2-HR4 / historical
   - E3SM-1-0 / historical
   - E3SM-1-0 / ssp370
   - E3SM-1-0 / ssp585
   - E3SM-1-1 / historical
   - E3SM-1-1 / ssp585
   - E3SM-1-1-ECA / historical
   - E3SM-1-1-ECA / ssp585
   - E3SM-2-0 / historical
   - E3SM-2-0 / ssp370
   - E3SM-2-0-NARRM / historical
   - E3SM-2-1 / historical
   - EC-Earth3-AerChem / historical
   - EC-Earth3-AerChem / ssp370
   - EC-Earth3-CC / historical
   - EC-Earth3-CC / ssp245
   - EC-Earth3-CC / ssp585
   - EC-Earth3-HR / historical
   - EC-Earth3-HR / ssp245
   - FIO-ESM-2-0 / historical
   - FIO-ESM-2-0 / ssp245
   - FIO-ESM-2-0 / ssp585
   - GFDL-CM4 / historical
   - GFDL-CM4 / ssp245
   - GFDL-CM4 / ssp585
   - GISS-E2-1-G-CC / historical
   - GISS-E2-1-G-CC / ssp245
   - GISS-E2-1-G-CC / ssp585
   - GISS-E2-2-H / historical
   - GISS-E3-G / historical
   - HadGEM3-GC31-LL / historical
   - HadGEM3-GC31-LL / ssp245
   - HadGEM3-GC31-LL / ssp585
   - HadGEM3-GC31-MM / historical
   - HadGEM3-GC31-MM / ssp585
   - ICON-ESM-LR / historical
   - IPSL-CM5A2-INCA / historical
   - IPSL-CM5A2-INCA / ssp370
   - IPSL-CM6A-LR-INCA / historical
   - KIOST-ESM / historical
   - KIOST-ESM / ssp245
   - KIOST-ESM / ssp585
   - MIROC-ES2H / ssp245
   - MIROC-ES2H / ssp370
   - MIROC-ES2H / ssp585
   - MPI-ESM-1-2-HAM / historical
   - MPI-ESM-1-2-HAM / ssp370
   - NESM3 / historical
   - NESM3 / ssp245
   - NESM3 / ssp585
   - NorCPM1 / historical
   - SAM0-UNICON / historical
   - UKESM1-1-LL / historical
   - UKESM1-1-LL / ssp370

Listo: 160 filas de QC procesadas, figura en /home/jonathan/personal/e1_smn/figures/sst_QD_vf.png
== Graficos: plot_boxplot_comparison.py ==
Graficando boxplots comparativos ...
  Nino 3.4: 41 fuente(s), 116 anios comunes -> /home/jonathan/personal/e1_smn/figures/boxplot_Nino3.4.png
  Nino 1+2: 41 fuente(s), 116 anios comunes -> /home/jonathan/personal/e1_smn/figures/boxplot_Nino1+2.png
Listo.
== Graficos: plot_region_nino_orthographic.py ==
Centro de proyeccion (Niño 3.4): lon=-145.0, lat=0.0
Figura guardada en /home/jonathan/personal/e1_smn/figures/region_nino_proj.png
== Paso 00: bash scripts/00_setup_env.sh ==
Entorno verificado: cdo=Climate Data Operators version 2.4.0 (https://mpimet.mpg.de/cdo), python3=Python 3.12.2
Estructura de carpetas lista bajo /home/jonathan/personal/e1_smn/data y /home/jonathan/personal/e1_smn/logs
== Paso 00b: python3 scripts/00b_build_model_list.py config/models_seed_cmip6.csv ==
Modelos CMIP6 con tos/Omon publicado (nodo principal): 102
config/models_seed_cmip6.csv ya existe y el universo de modelos con tos/Omon sigue en 102 -- no se vuelve a inspeccionar. Para forzar un refresco de todas formas (ej. cambio en config/periods.yaml): borra config/models_seed_cmip6.csv y /home/jonathan/personal/e1_smn/informe/model_availability_priority.csv y volve a correr esto.
== Paso 01: python3 scripts/01_query_esgf_catalog.py config/models_seed_cmip6.csv data/interim/models_catalog_status.csv data/interim/esgf_file_urls.json ==
data/interim/models_catalog_status.csv ya existe, no se vuelve a consultar ESGF.
Para forzar un refresco (por si algun modelo se completo en ESGF desde la ultima vez): borra data/interim/models_catalog_status.csv Y data/interim/esgf_file_urls.json juntos (no uno solo, para que no queden inconsistentes entre si) y volve a correr esto. OJO: si habias resuelto algun modelo a mano por fuera de la semilla (00c + 02b), se pierde del catalogo y hay que correr 02b de nuevo para el.
== Paso 02: bash scripts/run_download_if_idle.sh ==
Modelos que ya agotaron 3 intentos de busqueda en corridas anteriores -- no se vuelven a intentar (borrar data/interim/models_catalog_status.csv para reintentar de cero):
  - MIROC-ES2H (3 intentos)
== 02a: descarga CMIP6 via ESGF (nodo principal) ==
ACCESS-CM2 historical: ya procesado (paso 04/05), se omite la descarga de crudos
ACCESS-CM2 ssp245: ya procesado (paso 04/05), se omite la descarga de crudos
ACCESS-CM2 ssp370: ya procesado (paso 04/05), se omite la descarga de crudos
ACCESS-CM2 ssp585: ya procesado (paso 04/05), se omite la descarga de crudos
ACCESS-ESM1-5 historical: ya procesado (paso 04/05), se omite la descarga de crudos
ACCESS-ESM1-5 ssp245: ya procesado (paso 04/05), se omite la descarga de crudos
ACCESS-ESM1-5 ssp370: ya procesado (paso 04/05), se omite la descarga de crudos
ACCESS-ESM1-5 ssp585: ya procesado (paso 04/05), se omite la descarga de crudos
AWI-CM-1-1-MR historical: ya procesado (paso 04/05), se omite la descarga de crudos
AWI-CM-1-1-MR ssp245: ya procesado (paso 04/05), se omite la descarga de crudos
AWI-CM-1-1-MR ssp370: ya procesado (paso 04/05), se omite la descarga de crudos
AWI-CM-1-1-MR ssp585: ya procesado (paso 04/05), se omite la descarga de crudos
BCC-CSM2-MR historical: ya procesado (paso 04/05), se omite la descarga de crudos
BCC-CSM2-MR ssp245: ya procesado (paso 04/05), se omite la descarga de crudos
BCC-CSM2-MR ssp370: ya procesado (paso 04/05), se omite la descarga de crudos
BCC-CSM2-MR ssp585: ya procesado (paso 04/05), se omite la descarga de crudos
CAMS-CSM1-0 historical: ya procesado (paso 04/05), se omite la descarga de crudos
CAMS-CSM1-0 ssp245: ya procesado (paso 04/05), se omite la descarga de crudos
CAMS-CSM1-0 ssp370: ya procesado (paso 04/05), se omite la descarga de crudos
CAMS-CSM1-0 ssp585: ya procesado (paso 04/05), se omite la descarga de crudos
CAS-ESM2-0 historical: ya procesado (paso 04/05), se omite la descarga de crudos
CAS-ESM2-0 ssp245: ya procesado (paso 04/05), se omite la descarga de crudos
CAS-ESM2-0 ssp370: ya procesado (paso 04/05), se omite la descarga de crudos
CAS-ESM2-0 ssp585: ya procesado (paso 04/05), se omite la descarga de crudos
CESM2 historical: ya procesado (paso 04/05), se omite la descarga de crudos
CESM2 ssp245: ya procesado (paso 04/05), se omite la descarga de crudos
CESM2 ssp370: ya procesado (paso 04/05), se omite la descarga de crudos
CESM2 ssp585: ya procesado (paso 04/05), se omite la descarga de crudos
CESM2-WACCM historical: ya procesado (paso 04/05), se omite la descarga de crudos
CESM2-WACCM ssp245: ya procesado (paso 04/05), se omite la descarga de crudos
CESM2-WACCM ssp370: ya procesado (paso 04/05), se omite la descarga de crudos
CESM2-WACCM ssp585: ya procesado (paso 04/05), se omite la descarga de crudos
CMCC-CM2-SR5 historical: ya procesado (paso 04/05), se omite la descarga de crudos
CMCC-CM2-SR5 ssp245: ya procesado (paso 04/05), se omite la descarga de crudos
CMCC-CM2-SR5 ssp370: ya procesado (paso 04/05), se omite la descarga de crudos
CMCC-CM2-SR5 ssp585: ya procesado (paso 04/05), se omite la descarga de crudos
CMCC-ESM2 historical: ya procesado (paso 04/05), se omite la descarga de crudos
CMCC-ESM2 ssp245: ya procesado (paso 04/05), se omite la descarga de crudos
CMCC-ESM2 ssp370: ya procesado (paso 04/05), se omite la descarga de crudos
CMCC-ESM2 ssp585: ya procesado (paso 04/05), se omite la descarga de crudos
CNRM-CM6-1 historical: ya procesado (paso 04/05), se omite la descarga de crudos
CNRM-CM6-1 ssp245: ya procesado (paso 04/05), se omite la descarga de crudos
CNRM-CM6-1 ssp370: ya procesado (paso 04/05), se omite la descarga de crudos
CNRM-CM6-1 ssp585: ya procesado (paso 04/05), se omite la descarga de crudos
CNRM-CM6-1-HR historical: ya procesado (paso 04/05), se omite la descarga de crudos
CNRM-CM6-1-HR ssp245: ya procesado (paso 04/05), se omite la descarga de crudos
CNRM-CM6-1-HR ssp370: ya procesado (paso 04/05), se omite la descarga de crudos
CNRM-CM6-1-HR ssp585: ya procesado (paso 04/05), se omite la descarga de crudos
CNRM-ESM2-1 historical: ya procesado (paso 04/05), se omite la descarga de crudos
CNRM-ESM2-1 ssp245: ya procesado (paso 04/05), se omite la descarga de crudos
CNRM-ESM2-1 ssp370: ya procesado (paso 04/05), se omite la descarga de crudos
CNRM-ESM2-1 ssp585: ya procesado (paso 04/05), se omite la descarga de crudos
CanESM5 historical: ya procesado (paso 04/05), se omite la descarga de crudos
CanESM5 ssp245: ya procesado (paso 04/05), se omite la descarga de crudos
CanESM5 ssp370: ya procesado (paso 04/05), se omite la descarga de crudos
CanESM5 ssp585: ya procesado (paso 04/05), se omite la descarga de crudos
CanESM5-1 historical: ya procesado (paso 04/05), se omite la descarga de crudos
CanESM5-1 ssp245: ya procesado (paso 04/05), se omite la descarga de crudos
CanESM5-1 ssp370: ya procesado (paso 04/05), se omite la descarga de crudos
CanESM5-1 ssp585: ya procesado (paso 04/05), se omite la descarga de crudos
CanESM5-CanOE historical: ya procesado (paso 04/05), se omite la descarga de crudos
CanESM5-CanOE ssp245: ya procesado (paso 04/05), se omite la descarga de crudos
CanESM5-CanOE ssp370: ya procesado (paso 04/05), se omite la descarga de crudos
CanESM5-CanOE ssp585: ya procesado (paso 04/05), se omite la descarga de crudos
EC-Earth3 historical: ya procesado (paso 04/05), se omite la descarga de crudos
EC-Earth3 ssp245: ya procesado (paso 04/05), se omite la descarga de crudos
EC-Earth3 ssp370: ya procesado (paso 04/05), se omite la descarga de crudos
EC-Earth3 ssp585: ya procesado (paso 04/05), se omite la descarga de crudos
EC-Earth3-Veg historical: ya procesado (paso 04/05), se omite la descarga de crudos
EC-Earth3-Veg ssp245: ya procesado (paso 04/05), se omite la descarga de crudos
EC-Earth3-Veg ssp370: ya procesado (paso 04/05), se omite la descarga de crudos
EC-Earth3-Veg ssp585: ya procesado (paso 04/05), se omite la descarga de crudos
EC-Earth3-Veg-LR historical: ya procesado (paso 04/05), se omite la descarga de crudos
EC-Earth3-Veg-LR ssp245: ya procesado (paso 04/05), se omite la descarga de crudos
EC-Earth3-Veg-LR ssp370: ya procesado (paso 04/05), se omite la descarga de crudos
EC-Earth3-Veg-LR ssp585: ya procesado (paso 04/05), se omite la descarga de crudos
FGOALS-f3-L historical: ya procesado (paso 04/05), se omite la descarga de crudos
FGOALS-f3-L ssp245: ya procesado (paso 04/05), se omite la descarga de crudos
FGOALS-f3-L ssp370: ya procesado (paso 04/05), se omite la descarga de crudos
FGOALS-f3-L ssp585: ya procesado (paso 04/05), se omite la descarga de crudos
FGOALS-g3 historical: ya procesado (paso 04/05), se omite la descarga de crudos
FGOALS-g3 ssp245: ya procesado (paso 04/05), se omite la descarga de crudos
FGOALS-g3 ssp370: ya procesado (paso 04/05), se omite la descarga de crudos
FGOALS-g3 ssp585: ya procesado (paso 04/05), se omite la descarga de crudos
GFDL-ESM4 historical: ya procesado (paso 04/05), se omite la descarga de crudos
GFDL-ESM4 ssp245: ya procesado (paso 04/05), se omite la descarga de crudos
GFDL-ESM4 ssp370: ya procesado (paso 04/05), se omite la descarga de crudos
GFDL-ESM4 ssp585: ya procesado (paso 04/05), se omite la descarga de crudos
GISS-E2-1-G historical: ya procesado (paso 04/05), se omite la descarga de crudos
GISS-E2-1-G ssp245: ya procesado (paso 04/05), se omite la descarga de crudos
GISS-E2-1-G ssp370: ya procesado (paso 04/05), se omite la descarga de crudos
GISS-E2-1-G ssp585: ya procesado (paso 04/05), se omite la descarga de crudos
GISS-E2-1-H historical: ya procesado (paso 04/05), se omite la descarga de crudos
GISS-E2-1-H ssp245: ya procesado (paso 04/05), se omite la descarga de crudos
GISS-E2-1-H ssp370: ya procesado (paso 04/05), se omite la descarga de crudos
GISS-E2-1-H ssp585: ya procesado (paso 04/05), se omite la descarga de crudos
GISS-E2-2-G historical: ya procesado (paso 04/05), se omite la descarga de crudos
GISS-E2-2-G ssp245: ya procesado (paso 04/05), se omite la descarga de crudos
GISS-E2-2-G ssp370: ya procesado (paso 04/05), se omite la descarga de crudos
GISS-E2-2-G ssp585: ya procesado (paso 04/05), se omite la descarga de crudos
IITM-ESM historical: ya procesado (paso 04/05), se omite la descarga de crudos
IITM-ESM ssp245: ya procesado (paso 04/05), se omite la descarga de crudos
IITM-ESM ssp370: ya procesado (paso 04/05), se omite la descarga de crudos
IITM-ESM ssp585: ya procesado (paso 04/05), se omite la descarga de crudos
INM-CM4-8 historical: ya procesado (paso 04/05), se omite la descarga de crudos
INM-CM4-8 ssp245: ya procesado (paso 04/05), se omite la descarga de crudos
INM-CM4-8 ssp370: ya procesado (paso 04/05), se omite la descarga de crudos
INM-CM4-8 ssp585: ya procesado (paso 04/05), se omite la descarga de crudos
INM-CM5-0 historical: ya procesado (paso 04/05), se omite la descarga de crudos
INM-CM5-0 ssp245: ya procesado (paso 04/05), se omite la descarga de crudos
INM-CM5-0 ssp370: ya procesado (paso 04/05), se omite la descarga de crudos
INM-CM5-0 ssp585: ya procesado (paso 04/05), se omite la descarga de crudos
IPSL-CM6A-LR historical: ya procesado (paso 04/05), se omite la descarga de crudos
IPSL-CM6A-LR ssp245: ya procesado (paso 04/05), se omite la descarga de crudos
IPSL-CM6A-LR ssp370: ya procesado (paso 04/05), se omite la descarga de crudos
IPSL-CM6A-LR ssp585: ya procesado (paso 04/05), se omite la descarga de crudos
MCM-UA-1-0 historical: ya procesado (paso 04/05), se omite la descarga de crudos
MCM-UA-1-0 ssp245: ya procesado (paso 04/05), se omite la descarga de crudos
MCM-UA-1-0 ssp370: ya procesado (paso 04/05), se omite la descarga de crudos
MCM-UA-1-0 ssp585: ya procesado (paso 04/05), se omite la descarga de crudos
MIROC-ES2L historical: ya procesado (paso 04/05), se omite la descarga de crudos
MIROC-ES2L ssp245: ya procesado (paso 04/05), se omite la descarga de crudos
MIROC-ES2L ssp370: ya procesado (paso 04/05), se omite la descarga de crudos
MIROC-ES2L ssp585: ya procesado (paso 04/05), se omite la descarga de crudos
MIROC6 historical: ya procesado (paso 04/05), se omite la descarga de crudos
MIROC6 ssp245: ya procesado (paso 04/05), se omite la descarga de crudos
MIROC6 ssp370: ya procesado (paso 04/05), se omite la descarga de crudos
MIROC6 ssp585: ya procesado (paso 04/05), se omite la descarga de crudos
MPI-ESM1-2-HR historical: ya procesado (paso 04/05), se omite la descarga de crudos
MPI-ESM1-2-HR ssp245: ya procesado (paso 04/05), se omite la descarga de crudos
MPI-ESM1-2-HR ssp370: ya procesado (paso 04/05), se omite la descarga de crudos
MPI-ESM1-2-HR ssp585: ya procesado (paso 04/05), se omite la descarga de crudos
MPI-ESM1-2-LR historical: ya procesado (paso 04/05), se omite la descarga de crudos
MPI-ESM1-2-LR ssp245: ya procesado (paso 04/05), se omite la descarga de crudos
MPI-ESM1-2-LR ssp370: ya procesado (paso 04/05), se omite la descarga de crudos
MPI-ESM1-2-LR ssp585: ya procesado (paso 04/05), se omite la descarga de crudos
MRI-ESM2-0 historical: ya procesado (paso 04/05), se omite la descarga de crudos
MRI-ESM2-0 ssp245: ya procesado (paso 04/05), se omite la descarga de crudos
MRI-ESM2-0 ssp370: ya procesado (paso 04/05), se omite la descarga de crudos
MRI-ESM2-0 ssp585: ya procesado (paso 04/05), se omite la descarga de crudos
NorESM2-LM historical: ya procesado (paso 04/05), se omite la descarga de crudos
NorESM2-LM ssp245: ya procesado (paso 04/05), se omite la descarga de crudos
NorESM2-LM ssp370: ya procesado (paso 04/05), se omite la descarga de crudos
NorESM2-LM ssp585: ya procesado (paso 04/05), se omite la descarga de crudos
NorESM2-MM historical: ya procesado (paso 04/05), se omite la descarga de crudos
NorESM2-MM ssp245: ya procesado (paso 04/05), se omite la descarga de crudos
NorESM2-MM ssp370: ya procesado (paso 04/05), se omite la descarga de crudos
NorESM2-MM ssp585: ya procesado (paso 04/05), se omite la descarga de crudos
TaiESM1 historical: ya procesado (paso 04/05), se omite la descarga de crudos
TaiESM1 ssp245: ya procesado (paso 04/05), se omite la descarga de crudos
TaiESM1 ssp370: ya procesado (paso 04/05), se omite la descarga de crudos
TaiESM1 ssp585: ya procesado (paso 04/05), se omite la descarga de crudos
UKESM1-0-LL historical: ya procesado (paso 04/05), se omite la descarga de crudos
UKESM1-0-LL ssp245: ya procesado (paso 04/05), se omite la descarga de crudos
UKESM1-0-LL ssp370: ya procesado (paso 04/05), se omite la descarga de crudos
UKESM1-0-LL ssp585: ya procesado (paso 04/05), se omite la descarga de crudos
KACE-1-0-G historical: ya procesado (paso 04/05), se omite la descarga de crudos
KACE-1-0-G ssp245: ya procesado (paso 04/05), se omite la descarga de crudos
KACE-1-0-G ssp370: ya procesado (paso 04/05), se omite la descarga de crudos
KACE-1-0-G ssp585: ya procesado (paso 04/05), se omite la descarga de crudos
== 02b: nada pendiente, se omite ==
== 02c: nada pendiente, se omite ==
Descarga completa (ESGF principal + alternativo + Copernicus segun disponibilidad y credenciales).
== Paso 03: bash scripts/03_download_ersstv5.sh ==
Ya existe data/raw/ersstv5/ersstv5_region.nc, se omite.
== Paso 04: bash scripts/04_process_to_common_grid.sh ==
Preparando pesos de regrilla para ACCESS-CM2 ...
Procesando ACCESS-CM2 historical ...
Ya procesado, se omite: tos_ACCESS-CM2_historical.nc
Procesando ACCESS-CM2 ssp245 ...
Ya procesado, se omite: tos_ACCESS-CM2_ssp245.nc
Procesando ACCESS-CM2 ssp370 ...
Ya procesado, se omite: tos_ACCESS-CM2_ssp370.nc
Procesando ACCESS-CM2 ssp585 ...
Ya procesado, se omite: tos_ACCESS-CM2_ssp585.nc
Preparando pesos de regrilla para ACCESS-ESM1-5 ...
Procesando ACCESS-ESM1-5 historical ...
Ya procesado, se omite: tos_ACCESS-ESM1-5_historical.nc
Procesando ACCESS-ESM1-5 ssp245 ...
Ya procesado, se omite: tos_ACCESS-ESM1-5_ssp245.nc
Procesando ACCESS-ESM1-5 ssp370 ...
Ya procesado, se omite: tos_ACCESS-ESM1-5_ssp370.nc
Procesando ACCESS-ESM1-5 ssp585 ...
Ya procesado, se omite: tos_ACCESS-ESM1-5_ssp585.nc
Preparando pesos de regrilla para AWI-CM-1-1-MR ...
Procesando AWI-CM-1-1-MR historical ...
Ya procesado, se omite: tos_AWI-CM-1-1-MR_historical.nc
Procesando AWI-CM-1-1-MR ssp245 ...
Ya procesado, se omite: tos_AWI-CM-1-1-MR_ssp245.nc
Procesando AWI-CM-1-1-MR ssp370 ...
Ya procesado, se omite: tos_AWI-CM-1-1-MR_ssp370.nc
Procesando AWI-CM-1-1-MR ssp585 ...
Ya procesado, se omite: tos_AWI-CM-1-1-MR_ssp585.nc
Preparando pesos de regrilla para BCC-CSM2-MR ...
Procesando BCC-CSM2-MR historical ...
Ya procesado, se omite: tos_BCC-CSM2-MR_historical.nc
Procesando BCC-CSM2-MR ssp245 ...
Ya procesado, se omite: tos_BCC-CSM2-MR_ssp245.nc
Procesando BCC-CSM2-MR ssp370 ...
Ya procesado, se omite: tos_BCC-CSM2-MR_ssp370.nc
Procesando BCC-CSM2-MR ssp585 ...
Ya procesado, se omite: tos_BCC-CSM2-MR_ssp585.nc
Preparando pesos de regrilla para CAMS-CSM1-0 ...
Procesando CAMS-CSM1-0 historical ...
Ya procesado, se omite: tos_CAMS-CSM1-0_historical.nc
Procesando CAMS-CSM1-0 ssp245 ...
Ya procesado, se omite: tos_CAMS-CSM1-0_ssp245.nc
Procesando CAMS-CSM1-0 ssp370 ...
Ya procesado, se omite: tos_CAMS-CSM1-0_ssp370.nc
Procesando CAMS-CSM1-0 ssp585 ...
Ya procesado, se omite: tos_CAMS-CSM1-0_ssp585.nc
Preparando pesos de regrilla para CanESM5 ...
Procesando CanESM5 historical ...
Ya procesado, se omite: tos_CanESM5_historical.nc
Procesando CanESM5 ssp245 ...
Ya procesado, se omite: tos_CanESM5_ssp245.nc
Procesando CanESM5 ssp370 ...
Ya procesado, se omite: tos_CanESM5_ssp370.nc
Procesando CanESM5 ssp585 ...
Ya procesado, se omite: tos_CanESM5_ssp585.nc
Preparando pesos de regrilla para CanESM5-1 ...
Procesando CanESM5-1 historical ...
Ya procesado, se omite: tos_CanESM5-1_historical.nc
Procesando CanESM5-1 ssp245 ...
Ya procesado, se omite: tos_CanESM5-1_ssp245.nc
Procesando CanESM5-1 ssp370 ...
Ya procesado, se omite: tos_CanESM5-1_ssp370.nc
Procesando CanESM5-1 ssp585 ...
Ya procesado, se omite: tos_CanESM5-1_ssp585.nc
Preparando pesos de regrilla para CanESM5-CanOE ...
Procesando CanESM5-CanOE historical ...
Ya procesado, se omite: tos_CanESM5-CanOE_historical.nc
Procesando CanESM5-CanOE ssp245 ...
Ya procesado, se omite: tos_CanESM5-CanOE_ssp245.nc
Procesando CanESM5-CanOE ssp370 ...
Ya procesado, se omite: tos_CanESM5-CanOE_ssp370.nc
Procesando CanESM5-CanOE ssp585 ...
Ya procesado, se omite: tos_CanESM5-CanOE_ssp585.nc
Preparando pesos de regrilla para CAS-ESM2-0 ...
Procesando CAS-ESM2-0 historical ...
Ya procesado, se omite: tos_CAS-ESM2-0_historical.nc
Procesando CAS-ESM2-0 ssp245 ...
Ya procesado, se omite: tos_CAS-ESM2-0_ssp245.nc
Procesando CAS-ESM2-0 ssp370 ...
Ya procesado, se omite: tos_CAS-ESM2-0_ssp370.nc
Procesando CAS-ESM2-0 ssp585 ...
Ya procesado, se omite: tos_CAS-ESM2-0_ssp585.nc
Preparando pesos de regrilla para CESM2 ...
Procesando CESM2 historical ...
Ya procesado, se omite: tos_CESM2_historical.nc
Procesando CESM2 ssp245 ...
Ya procesado, se omite: tos_CESM2_ssp245.nc
Procesando CESM2 ssp370 ...
Ya procesado, se omite: tos_CESM2_ssp370.nc
Procesando CESM2 ssp585 ...
Ya procesado, se omite: tos_CESM2_ssp585.nc
Preparando pesos de regrilla para CESM2-WACCM ...
Procesando CESM2-WACCM historical ...
Ya procesado, se omite: tos_CESM2-WACCM_historical.nc
Procesando CESM2-WACCM ssp245 ...
Ya procesado, se omite: tos_CESM2-WACCM_ssp245.nc
Procesando CESM2-WACCM ssp370 ...
Ya procesado, se omite: tos_CESM2-WACCM_ssp370.nc
Procesando CESM2-WACCM ssp585 ...
Ya procesado, se omite: tos_CESM2-WACCM_ssp585.nc
Preparando pesos de regrilla para CMCC-CM2-SR5 ...
Procesando CMCC-CM2-SR5 historical ...
Ya procesado, se omite: tos_CMCC-CM2-SR5_historical.nc
Procesando CMCC-CM2-SR5 ssp245 ...
Ya procesado, se omite: tos_CMCC-CM2-SR5_ssp245.nc
Procesando CMCC-CM2-SR5 ssp370 ...
Ya procesado, se omite: tos_CMCC-CM2-SR5_ssp370.nc
Procesando CMCC-CM2-SR5 ssp585 ...
Ya procesado, se omite: tos_CMCC-CM2-SR5_ssp585.nc
Preparando pesos de regrilla para CMCC-ESM2 ...
Procesando CMCC-ESM2 historical ...
Ya procesado, se omite: tos_CMCC-ESM2_historical.nc
Procesando CMCC-ESM2 ssp245 ...
Ya procesado, se omite: tos_CMCC-ESM2_ssp245.nc
Procesando CMCC-ESM2 ssp370 ...
Ya procesado, se omite: tos_CMCC-ESM2_ssp370.nc
Procesando CMCC-ESM2 ssp585 ...
Ya procesado, se omite: tos_CMCC-ESM2_ssp585.nc
Preparando pesos de regrilla para CNRM-CM6-1 ...
Procesando CNRM-CM6-1 historical ...
Ya procesado, se omite: tos_CNRM-CM6-1_historical.nc
Procesando CNRM-CM6-1 ssp245 ...
Ya procesado, se omite: tos_CNRM-CM6-1_ssp245.nc
Procesando CNRM-CM6-1 ssp370 ...
Ya procesado, se omite: tos_CNRM-CM6-1_ssp370.nc
Procesando CNRM-CM6-1 ssp585 ...
Ya procesado, se omite: tos_CNRM-CM6-1_ssp585.nc
Preparando pesos de regrilla para CNRM-CM6-1-HR ...
Procesando CNRM-CM6-1-HR historical ...
Ya procesado, se omite: tos_CNRM-CM6-1-HR_historical.nc
Procesando CNRM-CM6-1-HR ssp245 ...
Ya procesado, se omite: tos_CNRM-CM6-1-HR_ssp245.nc
Procesando CNRM-CM6-1-HR ssp370 ...
Ya procesado, se omite: tos_CNRM-CM6-1-HR_ssp370.nc
Procesando CNRM-CM6-1-HR ssp585 ...
Ya procesado, se omite: tos_CNRM-CM6-1-HR_ssp585.nc
Preparando pesos de regrilla para CNRM-ESM2-1 ...
Procesando CNRM-ESM2-1 historical ...
Ya procesado, se omite: tos_CNRM-ESM2-1_historical.nc
Procesando CNRM-ESM2-1 ssp245 ...
Ya procesado, se omite: tos_CNRM-ESM2-1_ssp245.nc
Procesando CNRM-ESM2-1 ssp370 ...
Ya procesado, se omite: tos_CNRM-ESM2-1_ssp370.nc
Procesando CNRM-ESM2-1 ssp585 ...
Ya procesado, se omite: tos_CNRM-ESM2-1_ssp585.nc
Preparando pesos de regrilla para EC-Earth3 ...
Procesando EC-Earth3 historical ...
Ya procesado, se omite: tos_EC-Earth3_historical.nc
Procesando EC-Earth3 ssp245 ...
Ya procesado, se omite: tos_EC-Earth3_ssp245.nc
Procesando EC-Earth3 ssp370 ...
Ya procesado, se omite: tos_EC-Earth3_ssp370.nc
Procesando EC-Earth3 ssp585 ...
Ya procesado, se omite: tos_EC-Earth3_ssp585.nc
Preparando pesos de regrilla para EC-Earth3-Veg ...
Procesando EC-Earth3-Veg historical ...
Ya procesado, se omite: tos_EC-Earth3-Veg_historical.nc
Procesando EC-Earth3-Veg ssp245 ...
Ya procesado, se omite: tos_EC-Earth3-Veg_ssp245.nc
Procesando EC-Earth3-Veg ssp370 ...
Ya procesado, se omite: tos_EC-Earth3-Veg_ssp370.nc
Procesando EC-Earth3-Veg ssp585 ...
Ya procesado, se omite: tos_EC-Earth3-Veg_ssp585.nc
Preparando pesos de regrilla para EC-Earth3-Veg-LR ...
Procesando EC-Earth3-Veg-LR historical ...
Ya procesado, se omite: tos_EC-Earth3-Veg-LR_historical.nc
Procesando EC-Earth3-Veg-LR ssp245 ...
Ya procesado, se omite: tos_EC-Earth3-Veg-LR_ssp245.nc
Procesando EC-Earth3-Veg-LR ssp370 ...
Ya procesado, se omite: tos_EC-Earth3-Veg-LR_ssp370.nc
Procesando EC-Earth3-Veg-LR ssp585 ...
Ya procesado, se omite: tos_EC-Earth3-Veg-LR_ssp585.nc
Preparando pesos de regrilla para FGOALS-f3-L ...
Procesando FGOALS-f3-L historical ...
Ya procesado, se omite: tos_FGOALS-f3-L_historical.nc
Procesando FGOALS-f3-L ssp245 ...
Ya procesado, se omite: tos_FGOALS-f3-L_ssp245.nc
Procesando FGOALS-f3-L ssp370 ...
Ya procesado, se omite: tos_FGOALS-f3-L_ssp370.nc
Procesando FGOALS-f3-L ssp585 ...
Ya procesado, se omite: tos_FGOALS-f3-L_ssp585.nc
Preparando pesos de regrilla para FGOALS-g3 ...
Procesando FGOALS-g3 historical ...
Ya procesado, se omite: tos_FGOALS-g3_historical.nc
Procesando FGOALS-g3 ssp245 ...
Ya procesado, se omite: tos_FGOALS-g3_ssp245.nc
Procesando FGOALS-g3 ssp370 ...
Ya procesado, se omite: tos_FGOALS-g3_ssp370.nc
Procesando FGOALS-g3 ssp585 ...
Ya procesado, se omite: tos_FGOALS-g3_ssp585.nc
Preparando pesos de regrilla para GFDL-ESM4 ...
Procesando GFDL-ESM4 historical ...
Ya procesado, se omite: tos_GFDL-ESM4_historical.nc
Procesando GFDL-ESM4 ssp245 ...
Ya procesado, se omite: tos_GFDL-ESM4_ssp245.nc
Procesando GFDL-ESM4 ssp370 ...
Ya procesado, se omite: tos_GFDL-ESM4_ssp370.nc
Procesando GFDL-ESM4 ssp585 ...
Ya procesado, se omite: tos_GFDL-ESM4_ssp585.nc
Preparando pesos de regrilla para GISS-E2-1-G ...
Procesando GISS-E2-1-G historical ...
Ya procesado, se omite: tos_GISS-E2-1-G_historical.nc
Procesando GISS-E2-1-G ssp245 ...
Ya procesado, se omite: tos_GISS-E2-1-G_ssp245.nc
Procesando GISS-E2-1-G ssp370 ...
Ya procesado, se omite: tos_GISS-E2-1-G_ssp370.nc
Procesando GISS-E2-1-G ssp585 ...
Ya procesado, se omite: tos_GISS-E2-1-G_ssp585.nc
Preparando pesos de regrilla para GISS-E2-1-H ...
Procesando GISS-E2-1-H historical ...
Ya procesado, se omite: tos_GISS-E2-1-H_historical.nc
Procesando GISS-E2-1-H ssp245 ...
Ya procesado, se omite: tos_GISS-E2-1-H_ssp245.nc
Procesando GISS-E2-1-H ssp370 ...
Ya procesado, se omite: tos_GISS-E2-1-H_ssp370.nc
Procesando GISS-E2-1-H ssp585 ...
Ya procesado, se omite: tos_GISS-E2-1-H_ssp585.nc
Preparando pesos de regrilla para GISS-E2-2-G ...
Procesando GISS-E2-2-G historical ...
Ya procesado, se omite: tos_GISS-E2-2-G_historical.nc
Procesando GISS-E2-2-G ssp245 ...
Ya procesado, se omite: tos_GISS-E2-2-G_ssp245.nc
Procesando GISS-E2-2-G ssp370 ...
Ya procesado, se omite: tos_GISS-E2-2-G_ssp370.nc
Procesando GISS-E2-2-G ssp585 ...
Ya procesado, se omite: tos_GISS-E2-2-G_ssp585.nc
Preparando pesos de regrilla para IITM-ESM ...
Procesando IITM-ESM historical ...
Ya procesado, se omite: tos_IITM-ESM_historical.nc
Procesando IITM-ESM ssp245 ...
Ya procesado, se omite: tos_IITM-ESM_ssp245.nc
Procesando IITM-ESM ssp370 ...
Ya procesado, se omite: tos_IITM-ESM_ssp370.nc
Procesando IITM-ESM ssp585 ...
Ya procesado, se omite: tos_IITM-ESM_ssp585.nc
Preparando pesos de regrilla para INM-CM4-8 ...
Procesando INM-CM4-8 historical ...
Ya procesado, se omite: tos_INM-CM4-8_historical.nc
Procesando INM-CM4-8 ssp245 ...
Ya procesado, se omite: tos_INM-CM4-8_ssp245.nc
Procesando INM-CM4-8 ssp370 ...
Ya procesado, se omite: tos_INM-CM4-8_ssp370.nc
Procesando INM-CM4-8 ssp585 ...
Ya procesado, se omite: tos_INM-CM4-8_ssp585.nc
Preparando pesos de regrilla para INM-CM5-0 ...
Procesando INM-CM5-0 historical ...
Ya procesado, se omite: tos_INM-CM5-0_historical.nc
Procesando INM-CM5-0 ssp245 ...
Ya procesado, se omite: tos_INM-CM5-0_ssp245.nc
Procesando INM-CM5-0 ssp370 ...
Ya procesado, se omite: tos_INM-CM5-0_ssp370.nc
Procesando INM-CM5-0 ssp585 ...
Ya procesado, se omite: tos_INM-CM5-0_ssp585.nc
Preparando pesos de regrilla para IPSL-CM6A-LR ...
Procesando IPSL-CM6A-LR historical ...
Ya procesado, se omite: tos_IPSL-CM6A-LR_historical.nc
Procesando IPSL-CM6A-LR ssp245 ...
Ya procesado, se omite: tos_IPSL-CM6A-LR_ssp245.nc
Procesando IPSL-CM6A-LR ssp370 ...
Ya procesado, se omite: tos_IPSL-CM6A-LR_ssp370.nc
Procesando IPSL-CM6A-LR ssp585 ...
Ya procesado, se omite: tos_IPSL-CM6A-LR_ssp585.nc
Preparando pesos de regrilla para KACE-1-0-G ...
Procesando KACE-1-0-G historical ...
Ya procesado, se omite: tos_KACE-1-0-G_historical.nc
Procesando KACE-1-0-G ssp245 ...
Ya procesado, se omite: tos_KACE-1-0-G_ssp245.nc
Procesando KACE-1-0-G ssp370 ...
Ya procesado, se omite: tos_KACE-1-0-G_ssp370.nc
Procesando KACE-1-0-G ssp585 ...
Ya procesado, se omite: tos_KACE-1-0-G_ssp585.nc
Preparando pesos de regrilla para MCM-UA-1-0 ...
Procesando MCM-UA-1-0 historical ...
Ya procesado, se omite: tos_MCM-UA-1-0_historical.nc
Procesando MCM-UA-1-0 ssp245 ...
Ya procesado, se omite: tos_MCM-UA-1-0_ssp245.nc
Procesando MCM-UA-1-0 ssp370 ...
Ya procesado, se omite: tos_MCM-UA-1-0_ssp370.nc
Procesando MCM-UA-1-0 ssp585 ...
Ya procesado, se omite: tos_MCM-UA-1-0_ssp585.nc
Preparando pesos de regrilla para MIROC6 ...
Procesando MIROC6 historical ...
Ya procesado, se omite: tos_MIROC6_historical.nc
Procesando MIROC6 ssp245 ...
Ya procesado, se omite: tos_MIROC6_ssp245.nc
Procesando MIROC6 ssp370 ...
Ya procesado, se omite: tos_MIROC6_ssp370.nc
Procesando MIROC6 ssp585 ...
Ya procesado, se omite: tos_MIROC6_ssp585.nc
Preparando pesos de regrilla para MIROC-ES2L ...
Procesando MIROC-ES2L historical ...
Ya procesado, se omite: tos_MIROC-ES2L_historical.nc
Procesando MIROC-ES2L ssp245 ...
Ya procesado, se omite: tos_MIROC-ES2L_ssp245.nc
Procesando MIROC-ES2L ssp370 ...
Ya procesado, se omite: tos_MIROC-ES2L_ssp370.nc
Procesando MIROC-ES2L ssp585 ...
Ya procesado, se omite: tos_MIROC-ES2L_ssp585.nc
Preparando pesos de regrilla para MPI-ESM1-2-HR ...
Procesando MPI-ESM1-2-HR historical ...
Ya procesado, se omite: tos_MPI-ESM1-2-HR_historical.nc
Procesando MPI-ESM1-2-HR ssp245 ...
Ya procesado, se omite: tos_MPI-ESM1-2-HR_ssp245.nc
Procesando MPI-ESM1-2-HR ssp370 ...
Ya procesado, se omite: tos_MPI-ESM1-2-HR_ssp370.nc
Procesando MPI-ESM1-2-HR ssp585 ...
Ya procesado, se omite: tos_MPI-ESM1-2-HR_ssp585.nc
Preparando pesos de regrilla para MPI-ESM1-2-LR ...
Procesando MPI-ESM1-2-LR historical ...
Ya procesado, se omite: tos_MPI-ESM1-2-LR_historical.nc
Procesando MPI-ESM1-2-LR ssp245 ...
Ya procesado, se omite: tos_MPI-ESM1-2-LR_ssp245.nc
Procesando MPI-ESM1-2-LR ssp370 ...
Ya procesado, se omite: tos_MPI-ESM1-2-LR_ssp370.nc
Procesando MPI-ESM1-2-LR ssp585 ...
Ya procesado, se omite: tos_MPI-ESM1-2-LR_ssp585.nc
Preparando pesos de regrilla para MRI-ESM2-0 ...
Procesando MRI-ESM2-0 historical ...
Ya procesado, se omite: tos_MRI-ESM2-0_historical.nc
Procesando MRI-ESM2-0 ssp245 ...
Ya procesado, se omite: tos_MRI-ESM2-0_ssp245.nc
Procesando MRI-ESM2-0 ssp370 ...
Ya procesado, se omite: tos_MRI-ESM2-0_ssp370.nc
Procesando MRI-ESM2-0 ssp585 ...
Ya procesado, se omite: tos_MRI-ESM2-0_ssp585.nc
Preparando pesos de regrilla para NorESM2-LM ...
Procesando NorESM2-LM historical ...
Ya procesado, se omite: tos_NorESM2-LM_historical.nc
Procesando NorESM2-LM ssp245 ...
Ya procesado, se omite: tos_NorESM2-LM_ssp245.nc
Procesando NorESM2-LM ssp370 ...
Ya procesado, se omite: tos_NorESM2-LM_ssp370.nc
Procesando NorESM2-LM ssp585 ...
Ya procesado, se omite: tos_NorESM2-LM_ssp585.nc
Preparando pesos de regrilla para NorESM2-MM ...
Procesando NorESM2-MM historical ...
Ya procesado, se omite: tos_NorESM2-MM_historical.nc
Procesando NorESM2-MM ssp245 ...
Ya procesado, se omite: tos_NorESM2-MM_ssp245.nc
Procesando NorESM2-MM ssp370 ...
Ya procesado, se omite: tos_NorESM2-MM_ssp370.nc
Procesando NorESM2-MM ssp585 ...
Ya procesado, se omite: tos_NorESM2-MM_ssp585.nc
Preparando pesos de regrilla para TaiESM1 ...
Procesando TaiESM1 historical ...
Ya procesado, se omite: tos_TaiESM1_historical.nc
Procesando TaiESM1 ssp245 ...
Ya procesado, se omite: tos_TaiESM1_ssp245.nc
Procesando TaiESM1 ssp370 ...
Ya procesado, se omite: tos_TaiESM1_ssp370.nc
Procesando TaiESM1 ssp585 ...
Ya procesado, se omite: tos_TaiESM1_ssp585.nc
Preparando pesos de regrilla para UKESM1-0-LL ...
Procesando UKESM1-0-LL historical ...
Ya procesado, se omite: tos_UKESM1-0-LL_historical.nc
Procesando UKESM1-0-LL ssp245 ...
Ya procesado, se omite: tos_UKESM1-0-LL_ssp245.nc
Procesando UKESM1-0-LL ssp370 ...
Ya procesado, se omite: tos_UKESM1-0-LL_ssp370.nc
Procesando UKESM1-0-LL ssp585 ...
Ya procesado, se omite: tos_UKESM1-0-LL_ssp585.nc
== Paso 05: python3 scripts/05_apply_ocean_mask.py ==
Ya procesado, se omite: tos_ACCESS-CM2_historical.nc
Ya procesado, se omite: tos_ACCESS-CM2_ssp245.nc
Ya procesado, se omite: tos_ACCESS-CM2_ssp370.nc
Ya procesado, se omite: tos_ACCESS-CM2_ssp585.nc
Ya procesado, se omite: tos_ACCESS-ESM1-5_historical.nc
Ya procesado, se omite: tos_ACCESS-ESM1-5_ssp245.nc
Ya procesado, se omite: tos_ACCESS-ESM1-5_ssp370.nc
Ya procesado, se omite: tos_ACCESS-ESM1-5_ssp585.nc
Ya procesado, se omite: tos_AWI-CM-1-1-MR_historical.nc
Ya procesado, se omite: tos_AWI-CM-1-1-MR_ssp245.nc
Ya procesado, se omite: tos_AWI-CM-1-1-MR_ssp370.nc
Ya procesado, se omite: tos_AWI-CM-1-1-MR_ssp585.nc
Ya procesado, se omite: tos_BCC-CSM2-MR_historical.nc
Ya procesado, se omite: tos_BCC-CSM2-MR_ssp245.nc
Ya procesado, se omite: tos_BCC-CSM2-MR_ssp370.nc
Ya procesado, se omite: tos_BCC-CSM2-MR_ssp585.nc
Ya procesado, se omite: tos_CAMS-CSM1-0_historical.nc
Ya procesado, se omite: tos_CAMS-CSM1-0_ssp245.nc
Ya procesado, se omite: tos_CAMS-CSM1-0_ssp370.nc
Ya procesado, se omite: tos_CAMS-CSM1-0_ssp585.nc
Ya procesado, se omite: tos_CAS-ESM2-0_historical.nc
Ya procesado, se omite: tos_CAS-ESM2-0_ssp245.nc
Ya procesado, se omite: tos_CAS-ESM2-0_ssp370.nc
Ya procesado, se omite: tos_CAS-ESM2-0_ssp585.nc
Ya procesado, se omite: tos_CESM2-WACCM_historical.nc
Ya procesado, se omite: tos_CESM2-WACCM_ssp245.nc
Ya procesado, se omite: tos_CESM2-WACCM_ssp370.nc
Ya procesado, se omite: tos_CESM2-WACCM_ssp585.nc
Ya procesado, se omite: tos_CESM2_historical.nc
Ya procesado, se omite: tos_CESM2_ssp245.nc
Ya procesado, se omite: tos_CESM2_ssp370.nc
Ya procesado, se omite: tos_CESM2_ssp585.nc
Ya procesado, se omite: tos_CMCC-CM2-SR5_historical.nc
Ya procesado, se omite: tos_CMCC-CM2-SR5_ssp245.nc
Ya procesado, se omite: tos_CMCC-CM2-SR5_ssp370.nc
Ya procesado, se omite: tos_CMCC-CM2-SR5_ssp585.nc
Ya procesado, se omite: tos_CMCC-ESM2_historical.nc
Ya procesado, se omite: tos_CMCC-ESM2_ssp245.nc
Ya procesado, se omite: tos_CMCC-ESM2_ssp370.nc
Ya procesado, se omite: tos_CMCC-ESM2_ssp585.nc
Ya procesado, se omite: tos_CNRM-CM6-1-HR_historical.nc
Ya procesado, se omite: tos_CNRM-CM6-1-HR_ssp245.nc
Ya procesado, se omite: tos_CNRM-CM6-1-HR_ssp370.nc
Ya procesado, se omite: tos_CNRM-CM6-1-HR_ssp585.nc
Ya procesado, se omite: tos_CNRM-CM6-1_historical.nc
Ya procesado, se omite: tos_CNRM-CM6-1_ssp245.nc
Ya procesado, se omite: tos_CNRM-CM6-1_ssp370.nc
Ya procesado, se omite: tos_CNRM-CM6-1_ssp585.nc
Ya procesado, se omite: tos_CNRM-ESM2-1_historical.nc
Ya procesado, se omite: tos_CNRM-ESM2-1_ssp245.nc
Ya procesado, se omite: tos_CNRM-ESM2-1_ssp370.nc
Ya procesado, se omite: tos_CNRM-ESM2-1_ssp585.nc
Ya procesado, se omite: tos_CanESM5-1_historical.nc
Ya procesado, se omite: tos_CanESM5-1_ssp245.nc
Ya procesado, se omite: tos_CanESM5-1_ssp370.nc
Ya procesado, se omite: tos_CanESM5-1_ssp585.nc
Ya procesado, se omite: tos_CanESM5-CanOE_historical.nc
Ya procesado, se omite: tos_CanESM5-CanOE_ssp245.nc
Ya procesado, se omite: tos_CanESM5-CanOE_ssp370.nc
Ya procesado, se omite: tos_CanESM5-CanOE_ssp585.nc
Ya procesado, se omite: tos_CanESM5_historical.nc
Ya procesado, se omite: tos_CanESM5_ssp245.nc
Ya procesado, se omite: tos_CanESM5_ssp370.nc
Ya procesado, se omite: tos_CanESM5_ssp585.nc
Ya procesado, se omite: tos_EC-Earth3-Veg-LR_historical.nc
Ya procesado, se omite: tos_EC-Earth3-Veg-LR_ssp245.nc
Ya procesado, se omite: tos_EC-Earth3-Veg-LR_ssp370.nc
Ya procesado, se omite: tos_EC-Earth3-Veg-LR_ssp585.nc
Ya procesado, se omite: tos_EC-Earth3-Veg_historical.nc
Ya procesado, se omite: tos_EC-Earth3-Veg_ssp245.nc
Ya procesado, se omite: tos_EC-Earth3-Veg_ssp370.nc
Ya procesado, se omite: tos_EC-Earth3-Veg_ssp585.nc
Ya procesado, se omite: tos_EC-Earth3_historical.nc
Ya procesado, se omite: tos_EC-Earth3_ssp245.nc
Ya procesado, se omite: tos_EC-Earth3_ssp370.nc
Ya procesado, se omite: tos_EC-Earth3_ssp585.nc
Ya procesado, se omite: tos_FGOALS-f3-L_historical.nc
Ya procesado, se omite: tos_FGOALS-f3-L_ssp245.nc
Ya procesado, se omite: tos_FGOALS-f3-L_ssp370.nc
Ya procesado, se omite: tos_FGOALS-f3-L_ssp585.nc
Ya procesado, se omite: tos_FGOALS-g3_historical.nc
Ya procesado, se omite: tos_FGOALS-g3_ssp245.nc
Ya procesado, se omite: tos_FGOALS-g3_ssp370.nc
Ya procesado, se omite: tos_FGOALS-g3_ssp585.nc
Ya procesado, se omite: tos_GFDL-ESM4_historical.nc
Ya procesado, se omite: tos_GFDL-ESM4_ssp245.nc
Ya procesado, se omite: tos_GFDL-ESM4_ssp370.nc
Ya procesado, se omite: tos_GFDL-ESM4_ssp585.nc
Ya procesado, se omite: tos_GISS-E2-1-G_historical.nc
Ya procesado, se omite: tos_GISS-E2-1-G_ssp245.nc
Ya procesado, se omite: tos_GISS-E2-1-G_ssp370.nc
Ya procesado, se omite: tos_GISS-E2-1-G_ssp585.nc
Ya procesado, se omite: tos_GISS-E2-1-H_historical.nc
Ya procesado, se omite: tos_GISS-E2-1-H_ssp245.nc
Ya procesado, se omite: tos_GISS-E2-1-H_ssp370.nc
Ya procesado, se omite: tos_GISS-E2-1-H_ssp585.nc
Ya procesado, se omite: tos_GISS-E2-2-G_historical.nc
Ya procesado, se omite: tos_GISS-E2-2-G_ssp245.nc
Ya procesado, se omite: tos_GISS-E2-2-G_ssp370.nc
Ya procesado, se omite: tos_GISS-E2-2-G_ssp585.nc
Ya procesado, se omite: tos_IITM-ESM_historical.nc
Ya procesado, se omite: tos_IITM-ESM_ssp245.nc
Ya procesado, se omite: tos_IITM-ESM_ssp370.nc
Ya procesado, se omite: tos_IITM-ESM_ssp585.nc
Ya procesado, se omite: tos_INM-CM4-8_historical.nc
Ya procesado, se omite: tos_INM-CM4-8_ssp245.nc
Ya procesado, se omite: tos_INM-CM4-8_ssp370.nc
Ya procesado, se omite: tos_INM-CM4-8_ssp585.nc
Ya procesado, se omite: tos_INM-CM5-0_historical.nc
Ya procesado, se omite: tos_INM-CM5-0_ssp245.nc
Ya procesado, se omite: tos_INM-CM5-0_ssp370.nc
Ya procesado, se omite: tos_INM-CM5-0_ssp585.nc
Ya procesado, se omite: tos_IPSL-CM6A-LR_historical.nc
Ya procesado, se omite: tos_IPSL-CM6A-LR_ssp245.nc
Ya procesado, se omite: tos_IPSL-CM6A-LR_ssp370.nc
Ya procesado, se omite: tos_IPSL-CM6A-LR_ssp585.nc
Ya procesado, se omite: tos_KACE-1-0-G_historical.nc
Ya procesado, se omite: tos_KACE-1-0-G_ssp245.nc
Ya procesado, se omite: tos_KACE-1-0-G_ssp370.nc
Ya procesado, se omite: tos_KACE-1-0-G_ssp585.nc
Ya procesado, se omite: tos_MCM-UA-1-0_historical.nc
Ya procesado, se omite: tos_MCM-UA-1-0_ssp245.nc
Ya procesado, se omite: tos_MCM-UA-1-0_ssp370.nc
Ya procesado, se omite: tos_MCM-UA-1-0_ssp585.nc
Ya procesado, se omite: tos_MIROC-ES2L_historical.nc
Ya procesado, se omite: tos_MIROC-ES2L_ssp245.nc
Ya procesado, se omite: tos_MIROC-ES2L_ssp370.nc
Ya procesado, se omite: tos_MIROC-ES2L_ssp585.nc
Ya procesado, se omite: tos_MIROC6_historical.nc
Ya procesado, se omite: tos_MIROC6_ssp245.nc
Ya procesado, se omite: tos_MIROC6_ssp370.nc
Ya procesado, se omite: tos_MIROC6_ssp585.nc
Ya procesado, se omite: tos_MPI-ESM1-2-HR_historical.nc
Ya procesado, se omite: tos_MPI-ESM1-2-HR_ssp245.nc
Ya procesado, se omite: tos_MPI-ESM1-2-HR_ssp370.nc
Ya procesado, se omite: tos_MPI-ESM1-2-HR_ssp585.nc
Ya procesado, se omite: tos_MPI-ESM1-2-LR_historical.nc
Ya procesado, se omite: tos_MPI-ESM1-2-LR_ssp245.nc
Ya procesado, se omite: tos_MPI-ESM1-2-LR_ssp370.nc
Ya procesado, se omite: tos_MPI-ESM1-2-LR_ssp585.nc
Ya procesado, se omite: tos_MRI-ESM2-0_historical.nc
Ya procesado, se omite: tos_MRI-ESM2-0_ssp245.nc
Ya procesado, se omite: tos_MRI-ESM2-0_ssp370.nc
Ya procesado, se omite: tos_MRI-ESM2-0_ssp585.nc
Ya procesado, se omite: tos_NorESM2-LM_historical.nc
Ya procesado, se omite: tos_NorESM2-LM_ssp245.nc
Ya procesado, se omite: tos_NorESM2-LM_ssp370.nc
Ya procesado, se omite: tos_NorESM2-LM_ssp585.nc
Ya procesado, se omite: tos_NorESM2-MM_historical.nc
Ya procesado, se omite: tos_NorESM2-MM_ssp245.nc
Ya procesado, se omite: tos_NorESM2-MM_ssp370.nc
Ya procesado, se omite: tos_NorESM2-MM_ssp585.nc
Ya procesado, se omite: tos_TaiESM1_historical.nc
Ya procesado, se omite: tos_TaiESM1_ssp245.nc
Ya procesado, se omite: tos_TaiESM1_ssp370.nc
Ya procesado, se omite: tos_TaiESM1_ssp585.nc
Ya procesado, se omite: tos_UKESM1-0-LL_historical.nc
Ya procesado, se omite: tos_UKESM1-0-LL_ssp245.nc
Ya procesado, se omite: tos_UKESM1-0-LL_ssp370.nc
Ya procesado, se omite: tos_UKESM1-0-LL_ssp585.nc
== Paso 06: python3 scripts/06_qc_checks.py data/processed/masked data/processed/qc_report.csv ==
QC escrito en data/processed/qc_report.csv (160 archivos, 160 reusados de una corrida anterior, 0 con fallas)
== Paso 07: python3 scripts/07_build_inventory_report.py data/processed/qc_report.csv data/processed/masked data/processed/models_inventory_final.csv ==
Inventario final escrito en data/processed/models_inventory_final.csv (40/40 modelos seleccionados)
Pipeline completo.
== Registro de modelos ==
/home/jonathan/personal/e1_smn/informe/model_registry.csv: 102 modelos (41 con institucion/grilla, los que llegaron a ser seed -- ver config/models_seed_cmip6.csv)
== Graficos: plot_maps.py ==
Graficando mapas: 40 modelo(s) + ERSSTv5 ...
  ACCESS-CM2
  ACCESS-ESM1-5
  AWI-CM-1-1-MR
  BCC-CSM2-MR
  CAMS-CSM1-0
  CAS-ESM2-0
  CESM2
  CESM2-WACCM
  CMCC-CM2-SR5
  CMCC-ESM2
  CNRM-CM6-1
  CNRM-CM6-1-HR
  CNRM-ESM2-1
  CanESM5
  CanESM5-1
  CanESM5-CanOE
  EC-Earth3
  EC-Earth3-Veg
  EC-Earth3-Veg-LR
  FGOALS-f3-L
  FGOALS-g3
  GFDL-ESM4
  GISS-E2-1-G
  GISS-E2-1-H
  GISS-E2-2-G
  IITM-ESM
  INM-CM4-8
  INM-CM5-0
  IPSL-CM6A-LR
  KACE-1-0-G
  MCM-UA-1-0
  MIROC-ES2L
  MIROC6
  MPI-ESM1-2-HR
  MPI-ESM1-2-LR
  MRI-ESM2-0
  NorESM2-LM
  NorESM2-MM
  TaiESM1
  UKESM1-0-LL
  ERSSTv5
Listo, 41 figura(s) en /home/jonathan/personal/e1_smn/figures
== Graficos: plot_box_series.py ==
ACCESS-CM2
ACCESS-ESM1-5
AWI-CM-1-1-MR
BCC-CSM2-MR
CAMS-CSM1-0
CAS-ESM2-0
CESM2
CESM2-WACCM
CMCC-CM2-SR5
CMCC-ESM2
CNRM-CM6-1
CNRM-CM6-1-HR
CNRM-ESM2-1
CanESM5
CanESM5-1
CanESM5-CanOE
EC-Earth3
EC-Earth3-Veg
EC-Earth3-Veg-LR
FGOALS-f3-L
FGOALS-g3
GFDL-ESM4
GISS-E2-1-G
GISS-E2-1-H
GISS-E2-2-G
IITM-ESM
INM-CM4-8
INM-CM5-0
IPSL-CM6A-LR
KACE-1-0-G
MCM-UA-1-0
MIROC-ES2L
MIROC6
MPI-ESM1-2-HR
MPI-ESM1-2-LR
MRI-ESM2-0
NorESM2-LM
NorESM2-MM
TaiESM1
UKESM1-0-LL
Listo, 40 modelo(s) graficado(s) (2 figuras cada uno) en /home/jonathan/personal/e1_smn/figures
== Graficos: plot_qc_summary.py ==

1 caso(s) PENDIENTE (link vivo encontrado, falta descargar y/o procesar):
   - MIROC-ES2H / historical

64 caso(s) SIN_LINK (existe segun 00b, pero 01 no encontro ningun link vivo):
   - AWI-ESM-1-1-LR / historical
   - BCC-ESM1 / historical
   - BCC-ESM1 / ssp370
   - CESM2-FV2 / historical
   - CESM2-FV2 / ssp370
   - CESM2-FV2 / ssp585
   - CESM2-WACCM-FV2 / historical
   - CIESM / historical
   - CIESM / ssp245
   - CIESM / ssp585
   - CMCC-CM2-HR4 / historical
   - E3SM-1-0 / historical
   - E3SM-1-0 / ssp370
   - E3SM-1-0 / ssp585
   - E3SM-1-1 / historical
   - E3SM-1-1 / ssp585
   - E3SM-1-1-ECA / historical
   - E3SM-1-1-ECA / ssp585
   - E3SM-2-0 / historical
   - E3SM-2-0 / ssp370
   - E3SM-2-0-NARRM / historical
   - E3SM-2-1 / historical
   - EC-Earth3-AerChem / historical
   - EC-Earth3-AerChem / ssp370
   - EC-Earth3-CC / historical
   - EC-Earth3-CC / ssp245
   - EC-Earth3-CC / ssp585
   - EC-Earth3-HR / historical
   - EC-Earth3-HR / ssp245
   - FIO-ESM-2-0 / historical
   - FIO-ESM-2-0 / ssp245
   - FIO-ESM-2-0 / ssp585
   - GFDL-CM4 / historical
   - GFDL-CM4 / ssp245
   - GFDL-CM4 / ssp585
   - GISS-E2-1-G-CC / historical
   - GISS-E2-1-G-CC / ssp245
   - GISS-E2-1-G-CC / ssp585
   - GISS-E2-2-H / historical
   - GISS-E3-G / historical
   - HadGEM3-GC31-LL / historical
   - HadGEM3-GC31-LL / ssp245
   - HadGEM3-GC31-LL / ssp585
   - HadGEM3-GC31-MM / historical
   - HadGEM3-GC31-MM / ssp585
   - ICON-ESM-LR / historical
   - IPSL-CM5A2-INCA / historical
   - IPSL-CM5A2-INCA / ssp370
   - IPSL-CM6A-LR-INCA / historical
   - KIOST-ESM / historical
   - KIOST-ESM / ssp245
   - KIOST-ESM / ssp585
   - MIROC-ES2H / ssp245
   - MIROC-ES2H / ssp370
   - MIROC-ES2H / ssp585
   - MPI-ESM-1-2-HAM / historical
   - MPI-ESM-1-2-HAM / ssp370
   - NESM3 / historical
   - NESM3 / ssp245
   - NESM3 / ssp585
   - NorCPM1 / historical
   - SAM0-UNICON / historical
   - UKESM1-1-LL / historical
   - UKESM1-1-LL / ssp370

Listo: 160 filas de QC procesadas, figura en /home/jonathan/personal/e1_smn/figures/sst_QD_vf.png
== Graficos: plot_boxplot_comparison.py ==
Graficando boxplots comparativos ...
  Nino 3.4: 41 fuente(s), 116 anios comunes -> /home/jonathan/personal/e1_smn/figures/boxplot_Nino3.4.png
  Nino 1+2: 41 fuente(s), 116 anios comunes -> /home/jonathan/personal/e1_smn/figures/boxplot_Nino1+2.png
Listo.
== Graficos: plot_region_nino_orthographic.py ==
Centro de proyeccion (Niño 3.4): lon=-145.0, lat=0.0
Figura guardada en /home/jonathan/personal/e1_smn/figures/region_nino_proj.png
== Paso 00: bash scripts/00_setup_env.sh ==
Entorno verificado: cdo=Climate Data Operators version 2.4.0 (https://mpimet.mpg.de/cdo), python3=Python 3.12.2
Estructura de carpetas lista bajo /home/jonathan/personal/e1_smn/data y /home/jonathan/personal/e1_smn/logs
== Paso 00b: python3 scripts/00b_build_model_list.py config/models_seed_cmip6.csv ==
Modelos CMIP6 con tos/Omon publicado (nodo principal): 102
config/models_seed_cmip6.csv ya existe y el universo de modelos con tos/Omon sigue en 102 -- no se vuelve a inspeccionar. Para forzar un refresco de todas formas (ej. cambio en config/periods.yaml): borra config/models_seed_cmip6.csv y /home/jonathan/personal/e1_smn/informe/model_availability_priority.csv y volve a correr esto.
== Paso 01: python3 scripts/01_query_esgf_catalog.py config/models_seed_cmip6.csv data/interim/models_catalog_status.csv data/interim/esgf_file_urls.json ==
data/interim/models_catalog_status.csv ya existe, no se vuelve a consultar ESGF.
Para forzar un refresco (por si algun modelo se completo en ESGF desde la ultima vez): borra data/interim/models_catalog_status.csv Y data/interim/esgf_file_urls.json juntos (no uno solo, para que no queden inconsistentes entre si) y volve a correr esto. OJO: si habias resuelto algun modelo a mano por fuera de la semilla (00c + 02b), se pierde del catalogo y hay que correr 02b de nuevo para el.
== Paso 02: bash scripts/run_download_if_idle.sh ==
Modelos que ya agotaron 3 intentos de busqueda en corridas anteriores -- no se vuelven a intentar (borrar data/interim/models_catalog_status.csv para reintentar de cero):
  - MIROC-ES2H (3 intentos)
== 02a: descarga CMIP6 via ESGF (nodo principal) ==
ACCESS-CM2 historical: ya procesado (paso 04/05), se omite la descarga de crudos
ACCESS-CM2 ssp245: ya procesado (paso 04/05), se omite la descarga de crudos
ACCESS-CM2 ssp370: ya procesado (paso 04/05), se omite la descarga de crudos
ACCESS-CM2 ssp585: ya procesado (paso 04/05), se omite la descarga de crudos
ACCESS-ESM1-5 historical: ya procesado (paso 04/05), se omite la descarga de crudos
ACCESS-ESM1-5 ssp245: ya procesado (paso 04/05), se omite la descarga de crudos
ACCESS-ESM1-5 ssp370: ya procesado (paso 04/05), se omite la descarga de crudos
ACCESS-ESM1-5 ssp585: ya procesado (paso 04/05), se omite la descarga de crudos
AWI-CM-1-1-MR historical: ya procesado (paso 04/05), se omite la descarga de crudos
AWI-CM-1-1-MR ssp245: ya procesado (paso 04/05), se omite la descarga de crudos
AWI-CM-1-1-MR ssp370: ya procesado (paso 04/05), se omite la descarga de crudos
AWI-CM-1-1-MR ssp585: ya procesado (paso 04/05), se omite la descarga de crudos
BCC-CSM2-MR historical: ya procesado (paso 04/05), se omite la descarga de crudos
BCC-CSM2-MR ssp245: ya procesado (paso 04/05), se omite la descarga de crudos
BCC-CSM2-MR ssp370: ya procesado (paso 04/05), se omite la descarga de crudos
BCC-CSM2-MR ssp585: ya procesado (paso 04/05), se omite la descarga de crudos
CAMS-CSM1-0 historical: ya procesado (paso 04/05), se omite la descarga de crudos
CAMS-CSM1-0 ssp245: ya procesado (paso 04/05), se omite la descarga de crudos
CAMS-CSM1-0 ssp370: ya procesado (paso 04/05), se omite la descarga de crudos
CAMS-CSM1-0 ssp585: ya procesado (paso 04/05), se omite la descarga de crudos
CAS-ESM2-0 historical: ya procesado (paso 04/05), se omite la descarga de crudos
CAS-ESM2-0 ssp245: ya procesado (paso 04/05), se omite la descarga de crudos
CAS-ESM2-0 ssp370: ya procesado (paso 04/05), se omite la descarga de crudos
CAS-ESM2-0 ssp585: ya procesado (paso 04/05), se omite la descarga de crudos
CESM2 historical: ya procesado (paso 04/05), se omite la descarga de crudos
CESM2 ssp245: ya procesado (paso 04/05), se omite la descarga de crudos
CESM2 ssp370: ya procesado (paso 04/05), se omite la descarga de crudos
CESM2 ssp585: ya procesado (paso 04/05), se omite la descarga de crudos
CESM2-WACCM historical: ya procesado (paso 04/05), se omite la descarga de crudos
CESM2-WACCM ssp245: ya procesado (paso 04/05), se omite la descarga de crudos
CESM2-WACCM ssp370: ya procesado (paso 04/05), se omite la descarga de crudos
CESM2-WACCM ssp585: ya procesado (paso 04/05), se omite la descarga de crudos
CMCC-CM2-SR5 historical: ya procesado (paso 04/05), se omite la descarga de crudos
CMCC-CM2-SR5 ssp245: ya procesado (paso 04/05), se omite la descarga de crudos
CMCC-CM2-SR5 ssp370: ya procesado (paso 04/05), se omite la descarga de crudos
CMCC-CM2-SR5 ssp585: ya procesado (paso 04/05), se omite la descarga de crudos
CMCC-ESM2 historical: ya procesado (paso 04/05), se omite la descarga de crudos
CMCC-ESM2 ssp245: ya procesado (paso 04/05), se omite la descarga de crudos
CMCC-ESM2 ssp370: ya procesado (paso 04/05), se omite la descarga de crudos
CMCC-ESM2 ssp585: ya procesado (paso 04/05), se omite la descarga de crudos
CNRM-CM6-1 historical: ya procesado (paso 04/05), se omite la descarga de crudos
CNRM-CM6-1 ssp245: ya procesado (paso 04/05), se omite la descarga de crudos
CNRM-CM6-1 ssp370: ya procesado (paso 04/05), se omite la descarga de crudos
CNRM-CM6-1 ssp585: ya procesado (paso 04/05), se omite la descarga de crudos
CNRM-CM6-1-HR historical: ya procesado (paso 04/05), se omite la descarga de crudos
CNRM-CM6-1-HR ssp245: ya procesado (paso 04/05), se omite la descarga de crudos
CNRM-CM6-1-HR ssp370: ya procesado (paso 04/05), se omite la descarga de crudos
CNRM-CM6-1-HR ssp585: ya procesado (paso 04/05), se omite la descarga de crudos
CNRM-ESM2-1 historical: ya procesado (paso 04/05), se omite la descarga de crudos
CNRM-ESM2-1 ssp245: ya procesado (paso 04/05), se omite la descarga de crudos
CNRM-ESM2-1 ssp370: ya procesado (paso 04/05), se omite la descarga de crudos
CNRM-ESM2-1 ssp585: ya procesado (paso 04/05), se omite la descarga de crudos
CanESM5 historical: ya procesado (paso 04/05), se omite la descarga de crudos
CanESM5 ssp245: ya procesado (paso 04/05), se omite la descarga de crudos
CanESM5 ssp370: ya procesado (paso 04/05), se omite la descarga de crudos
CanESM5 ssp585: ya procesado (paso 04/05), se omite la descarga de crudos
CanESM5-1 historical: ya procesado (paso 04/05), se omite la descarga de crudos
CanESM5-1 ssp245: ya procesado (paso 04/05), se omite la descarga de crudos
CanESM5-1 ssp370: ya procesado (paso 04/05), se omite la descarga de crudos
CanESM5-1 ssp585: ya procesado (paso 04/05), se omite la descarga de crudos
CanESM5-CanOE historical: ya procesado (paso 04/05), se omite la descarga de crudos
CanESM5-CanOE ssp245: ya procesado (paso 04/05), se omite la descarga de crudos
CanESM5-CanOE ssp370: ya procesado (paso 04/05), se omite la descarga de crudos
CanESM5-CanOE ssp585: ya procesado (paso 04/05), se omite la descarga de crudos
EC-Earth3 historical: ya procesado (paso 04/05), se omite la descarga de crudos
EC-Earth3 ssp245: ya procesado (paso 04/05), se omite la descarga de crudos
EC-Earth3 ssp370: ya procesado (paso 04/05), se omite la descarga de crudos
EC-Earth3 ssp585: ya procesado (paso 04/05), se omite la descarga de crudos
EC-Earth3-Veg historical: ya procesado (paso 04/05), se omite la descarga de crudos
EC-Earth3-Veg ssp245: ya procesado (paso 04/05), se omite la descarga de crudos
EC-Earth3-Veg ssp370: ya procesado (paso 04/05), se omite la descarga de crudos
EC-Earth3-Veg ssp585: ya procesado (paso 04/05), se omite la descarga de crudos
EC-Earth3-Veg-LR historical: ya procesado (paso 04/05), se omite la descarga de crudos
EC-Earth3-Veg-LR ssp245: ya procesado (paso 04/05), se omite la descarga de crudos
EC-Earth3-Veg-LR ssp370: ya procesado (paso 04/05), se omite la descarga de crudos
EC-Earth3-Veg-LR ssp585: ya procesado (paso 04/05), se omite la descarga de crudos
FGOALS-f3-L historical: ya procesado (paso 04/05), se omite la descarga de crudos
FGOALS-f3-L ssp245: ya procesado (paso 04/05), se omite la descarga de crudos
FGOALS-f3-L ssp370: ya procesado (paso 04/05), se omite la descarga de crudos
FGOALS-f3-L ssp585: ya procesado (paso 04/05), se omite la descarga de crudos
FGOALS-g3 historical: ya procesado (paso 04/05), se omite la descarga de crudos
FGOALS-g3 ssp245: ya procesado (paso 04/05), se omite la descarga de crudos
FGOALS-g3 ssp370: ya procesado (paso 04/05), se omite la descarga de crudos
FGOALS-g3 ssp585: ya procesado (paso 04/05), se omite la descarga de crudos
GFDL-ESM4 historical: ya procesado (paso 04/05), se omite la descarga de crudos
GFDL-ESM4 ssp245: ya procesado (paso 04/05), se omite la descarga de crudos
GFDL-ESM4 ssp370: ya procesado (paso 04/05), se omite la descarga de crudos
GFDL-ESM4 ssp585: ya procesado (paso 04/05), se omite la descarga de crudos
GISS-E2-1-G historical: ya procesado (paso 04/05), se omite la descarga de crudos
GISS-E2-1-G ssp245: ya procesado (paso 04/05), se omite la descarga de crudos
GISS-E2-1-G ssp370: ya procesado (paso 04/05), se omite la descarga de crudos
GISS-E2-1-G ssp585: ya procesado (paso 04/05), se omite la descarga de crudos
GISS-E2-1-H historical: ya procesado (paso 04/05), se omite la descarga de crudos
GISS-E2-1-H ssp245: ya procesado (paso 04/05), se omite la descarga de crudos
GISS-E2-1-H ssp370: ya procesado (paso 04/05), se omite la descarga de crudos
GISS-E2-1-H ssp585: ya procesado (paso 04/05), se omite la descarga de crudos
GISS-E2-2-G historical: ya procesado (paso 04/05), se omite la descarga de crudos
GISS-E2-2-G ssp245: ya procesado (paso 04/05), se omite la descarga de crudos
GISS-E2-2-G ssp370: ya procesado (paso 04/05), se omite la descarga de crudos
GISS-E2-2-G ssp585: ya procesado (paso 04/05), se omite la descarga de crudos
IITM-ESM historical: ya procesado (paso 04/05), se omite la descarga de crudos
IITM-ESM ssp245: ya procesado (paso 04/05), se omite la descarga de crudos
IITM-ESM ssp370: ya procesado (paso 04/05), se omite la descarga de crudos
IITM-ESM ssp585: ya procesado (paso 04/05), se omite la descarga de crudos
INM-CM4-8 historical: ya procesado (paso 04/05), se omite la descarga de crudos
INM-CM4-8 ssp245: ya procesado (paso 04/05), se omite la descarga de crudos
INM-CM4-8 ssp370: ya procesado (paso 04/05), se omite la descarga de crudos
INM-CM4-8 ssp585: ya procesado (paso 04/05), se omite la descarga de crudos
INM-CM5-0 historical: ya procesado (paso 04/05), se omite la descarga de crudos
INM-CM5-0 ssp245: ya procesado (paso 04/05), se omite la descarga de crudos
INM-CM5-0 ssp370: ya procesado (paso 04/05), se omite la descarga de crudos
INM-CM5-0 ssp585: ya procesado (paso 04/05), se omite la descarga de crudos
IPSL-CM6A-LR historical: ya procesado (paso 04/05), se omite la descarga de crudos
IPSL-CM6A-LR ssp245: ya procesado (paso 04/05), se omite la descarga de crudos
IPSL-CM6A-LR ssp370: ya procesado (paso 04/05), se omite la descarga de crudos
IPSL-CM6A-LR ssp585: ya procesado (paso 04/05), se omite la descarga de crudos
MCM-UA-1-0 historical: ya procesado (paso 04/05), se omite la descarga de crudos
MCM-UA-1-0 ssp245: ya procesado (paso 04/05), se omite la descarga de crudos
MCM-UA-1-0 ssp370: ya procesado (paso 04/05), se omite la descarga de crudos
MCM-UA-1-0 ssp585: ya procesado (paso 04/05), se omite la descarga de crudos
MIROC-ES2L historical: ya procesado (paso 04/05), se omite la descarga de crudos
MIROC-ES2L ssp245: ya procesado (paso 04/05), se omite la descarga de crudos
MIROC-ES2L ssp370: ya procesado (paso 04/05), se omite la descarga de crudos
MIROC-ES2L ssp585: ya procesado (paso 04/05), se omite la descarga de crudos
MIROC6 historical: ya procesado (paso 04/05), se omite la descarga de crudos
MIROC6 ssp245: ya procesado (paso 04/05), se omite la descarga de crudos
MIROC6 ssp370: ya procesado (paso 04/05), se omite la descarga de crudos
MIROC6 ssp585: ya procesado (paso 04/05), se omite la descarga de crudos
MPI-ESM1-2-HR historical: ya procesado (paso 04/05), se omite la descarga de crudos
MPI-ESM1-2-HR ssp245: ya procesado (paso 04/05), se omite la descarga de crudos
MPI-ESM1-2-HR ssp370: ya procesado (paso 04/05), se omite la descarga de crudos
MPI-ESM1-2-HR ssp585: ya procesado (paso 04/05), se omite la descarga de crudos
MPI-ESM1-2-LR historical: ya procesado (paso 04/05), se omite la descarga de crudos
MPI-ESM1-2-LR ssp245: ya procesado (paso 04/05), se omite la descarga de crudos
MPI-ESM1-2-LR ssp370: ya procesado (paso 04/05), se omite la descarga de crudos
MPI-ESM1-2-LR ssp585: ya procesado (paso 04/05), se omite la descarga de crudos
MRI-ESM2-0 historical: ya procesado (paso 04/05), se omite la descarga de crudos
MRI-ESM2-0 ssp245: ya procesado (paso 04/05), se omite la descarga de crudos
MRI-ESM2-0 ssp370: ya procesado (paso 04/05), se omite la descarga de crudos
MRI-ESM2-0 ssp585: ya procesado (paso 04/05), se omite la descarga de crudos
NorESM2-LM historical: ya procesado (paso 04/05), se omite la descarga de crudos
NorESM2-LM ssp245: ya procesado (paso 04/05), se omite la descarga de crudos
NorESM2-LM ssp370: ya procesado (paso 04/05), se omite la descarga de crudos
NorESM2-LM ssp585: ya procesado (paso 04/05), se omite la descarga de crudos
NorESM2-MM historical: ya procesado (paso 04/05), se omite la descarga de crudos
NorESM2-MM ssp245: ya procesado (paso 04/05), se omite la descarga de crudos
NorESM2-MM ssp370: ya procesado (paso 04/05), se omite la descarga de crudos
NorESM2-MM ssp585: ya procesado (paso 04/05), se omite la descarga de crudos
TaiESM1 historical: ya procesado (paso 04/05), se omite la descarga de crudos
TaiESM1 ssp245: ya procesado (paso 04/05), se omite la descarga de crudos
TaiESM1 ssp370: ya procesado (paso 04/05), se omite la descarga de crudos
TaiESM1 ssp585: ya procesado (paso 04/05), se omite la descarga de crudos
UKESM1-0-LL historical: ya procesado (paso 04/05), se omite la descarga de crudos
UKESM1-0-LL ssp245: ya procesado (paso 04/05), se omite la descarga de crudos
UKESM1-0-LL ssp370: ya procesado (paso 04/05), se omite la descarga de crudos
UKESM1-0-LL ssp585: ya procesado (paso 04/05), se omite la descarga de crudos
KACE-1-0-G historical: ya procesado (paso 04/05), se omite la descarga de crudos
KACE-1-0-G ssp245: ya procesado (paso 04/05), se omite la descarga de crudos
KACE-1-0-G ssp370: ya procesado (paso 04/05), se omite la descarga de crudos
KACE-1-0-G ssp585: ya procesado (paso 04/05), se omite la descarga de crudos
== 02b: nada pendiente, se omite ==
== 02c: nada pendiente, se omite ==
Descarga completa (ESGF principal + alternativo + Copernicus segun disponibilidad y credenciales).
== Paso 03: bash scripts/03_download_ersstv5.sh ==
Ya existe data/raw/ersstv5/ersstv5_region.nc, se omite.
== Paso 04: bash scripts/04_process_to_common_grid.sh ==
Preparando pesos de regrilla para ACCESS-CM2 ...
Procesando ACCESS-CM2 historical ...
Ya procesado, se omite: tos_ACCESS-CM2_historical.nc
Procesando ACCESS-CM2 ssp245 ...
Ya procesado, se omite: tos_ACCESS-CM2_ssp245.nc
Procesando ACCESS-CM2 ssp370 ...
Ya procesado, se omite: tos_ACCESS-CM2_ssp370.nc
Procesando ACCESS-CM2 ssp585 ...
Ya procesado, se omite: tos_ACCESS-CM2_ssp585.nc
Preparando pesos de regrilla para ACCESS-ESM1-5 ...
Procesando ACCESS-ESM1-5 historical ...
Ya procesado, se omite: tos_ACCESS-ESM1-5_historical.nc
Procesando ACCESS-ESM1-5 ssp245 ...
Ya procesado, se omite: tos_ACCESS-ESM1-5_ssp245.nc
Procesando ACCESS-ESM1-5 ssp370 ...
Ya procesado, se omite: tos_ACCESS-ESM1-5_ssp370.nc
Procesando ACCESS-ESM1-5 ssp585 ...
Ya procesado, se omite: tos_ACCESS-ESM1-5_ssp585.nc
Preparando pesos de regrilla para AWI-CM-1-1-MR ...
Procesando AWI-CM-1-1-MR historical ...
Ya procesado, se omite: tos_AWI-CM-1-1-MR_historical.nc
Procesando AWI-CM-1-1-MR ssp245 ...
Ya procesado, se omite: tos_AWI-CM-1-1-MR_ssp245.nc
Procesando AWI-CM-1-1-MR ssp370 ...
Ya procesado, se omite: tos_AWI-CM-1-1-MR_ssp370.nc
Procesando AWI-CM-1-1-MR ssp585 ...
Ya procesado, se omite: tos_AWI-CM-1-1-MR_ssp585.nc
Preparando pesos de regrilla para BCC-CSM2-MR ...
Procesando BCC-CSM2-MR historical ...
Ya procesado, se omite: tos_BCC-CSM2-MR_historical.nc
Procesando BCC-CSM2-MR ssp245 ...
Ya procesado, se omite: tos_BCC-CSM2-MR_ssp245.nc
Procesando BCC-CSM2-MR ssp370 ...
Ya procesado, se omite: tos_BCC-CSM2-MR_ssp370.nc
Procesando BCC-CSM2-MR ssp585 ...
Ya procesado, se omite: tos_BCC-CSM2-MR_ssp585.nc
Preparando pesos de regrilla para CAMS-CSM1-0 ...
Procesando CAMS-CSM1-0 historical ...
Ya procesado, se omite: tos_CAMS-CSM1-0_historical.nc
Procesando CAMS-CSM1-0 ssp245 ...
Ya procesado, se omite: tos_CAMS-CSM1-0_ssp245.nc
Procesando CAMS-CSM1-0 ssp370 ...
Ya procesado, se omite: tos_CAMS-CSM1-0_ssp370.nc
Procesando CAMS-CSM1-0 ssp585 ...
Ya procesado, se omite: tos_CAMS-CSM1-0_ssp585.nc
Preparando pesos de regrilla para CanESM5 ...
Procesando CanESM5 historical ...
Ya procesado, se omite: tos_CanESM5_historical.nc
Procesando CanESM5 ssp245 ...
Ya procesado, se omite: tos_CanESM5_ssp245.nc
Procesando CanESM5 ssp370 ...
Ya procesado, se omite: tos_CanESM5_ssp370.nc
Procesando CanESM5 ssp585 ...
Ya procesado, se omite: tos_CanESM5_ssp585.nc
Preparando pesos de regrilla para CanESM5-1 ...
Procesando CanESM5-1 historical ...
Ya procesado, se omite: tos_CanESM5-1_historical.nc
Procesando CanESM5-1 ssp245 ...
Ya procesado, se omite: tos_CanESM5-1_ssp245.nc
Procesando CanESM5-1 ssp370 ...
Ya procesado, se omite: tos_CanESM5-1_ssp370.nc
Procesando CanESM5-1 ssp585 ...
Ya procesado, se omite: tos_CanESM5-1_ssp585.nc
Preparando pesos de regrilla para CanESM5-CanOE ...
Procesando CanESM5-CanOE historical ...
Ya procesado, se omite: tos_CanESM5-CanOE_historical.nc
Procesando CanESM5-CanOE ssp245 ...
Ya procesado, se omite: tos_CanESM5-CanOE_ssp245.nc
Procesando CanESM5-CanOE ssp370 ...
Ya procesado, se omite: tos_CanESM5-CanOE_ssp370.nc
Procesando CanESM5-CanOE ssp585 ...
Ya procesado, se omite: tos_CanESM5-CanOE_ssp585.nc
Preparando pesos de regrilla para CAS-ESM2-0 ...
Procesando CAS-ESM2-0 historical ...
Ya procesado, se omite: tos_CAS-ESM2-0_historical.nc
Procesando CAS-ESM2-0 ssp245 ...
Ya procesado, se omite: tos_CAS-ESM2-0_ssp245.nc
Procesando CAS-ESM2-0 ssp370 ...
Ya procesado, se omite: tos_CAS-ESM2-0_ssp370.nc
Procesando CAS-ESM2-0 ssp585 ...
Ya procesado, se omite: tos_CAS-ESM2-0_ssp585.nc
Preparando pesos de regrilla para CESM2 ...
Procesando CESM2 historical ...
Ya procesado, se omite: tos_CESM2_historical.nc
Procesando CESM2 ssp245 ...
Ya procesado, se omite: tos_CESM2_ssp245.nc
Procesando CESM2 ssp370 ...
Ya procesado, se omite: tos_CESM2_ssp370.nc
Procesando CESM2 ssp585 ...
Ya procesado, se omite: tos_CESM2_ssp585.nc
Preparando pesos de regrilla para CESM2-WACCM ...
Procesando CESM2-WACCM historical ...
Ya procesado, se omite: tos_CESM2-WACCM_historical.nc
Procesando CESM2-WACCM ssp245 ...
Ya procesado, se omite: tos_CESM2-WACCM_ssp245.nc
Procesando CESM2-WACCM ssp370 ...
Ya procesado, se omite: tos_CESM2-WACCM_ssp370.nc
Procesando CESM2-WACCM ssp585 ...
Ya procesado, se omite: tos_CESM2-WACCM_ssp585.nc
Preparando pesos de regrilla para CMCC-CM2-SR5 ...
Procesando CMCC-CM2-SR5 historical ...
Ya procesado, se omite: tos_CMCC-CM2-SR5_historical.nc
Procesando CMCC-CM2-SR5 ssp245 ...
Ya procesado, se omite: tos_CMCC-CM2-SR5_ssp245.nc
Procesando CMCC-CM2-SR5 ssp370 ...
Ya procesado, se omite: tos_CMCC-CM2-SR5_ssp370.nc
Procesando CMCC-CM2-SR5 ssp585 ...
Ya procesado, se omite: tos_CMCC-CM2-SR5_ssp585.nc
Preparando pesos de regrilla para CMCC-ESM2 ...
Procesando CMCC-ESM2 historical ...
Ya procesado, se omite: tos_CMCC-ESM2_historical.nc
Procesando CMCC-ESM2 ssp245 ...
Ya procesado, se omite: tos_CMCC-ESM2_ssp245.nc
Procesando CMCC-ESM2 ssp370 ...
Ya procesado, se omite: tos_CMCC-ESM2_ssp370.nc
Procesando CMCC-ESM2 ssp585 ...
Ya procesado, se omite: tos_CMCC-ESM2_ssp585.nc
Preparando pesos de regrilla para CNRM-CM6-1 ...
Procesando CNRM-CM6-1 historical ...
Ya procesado, se omite: tos_CNRM-CM6-1_historical.nc
Procesando CNRM-CM6-1 ssp245 ...
Ya procesado, se omite: tos_CNRM-CM6-1_ssp245.nc
Procesando CNRM-CM6-1 ssp370 ...
Ya procesado, se omite: tos_CNRM-CM6-1_ssp370.nc
Procesando CNRM-CM6-1 ssp585 ...
Ya procesado, se omite: tos_CNRM-CM6-1_ssp585.nc
Preparando pesos de regrilla para CNRM-CM6-1-HR ...
Procesando CNRM-CM6-1-HR historical ...
Ya procesado, se omite: tos_CNRM-CM6-1-HR_historical.nc
Procesando CNRM-CM6-1-HR ssp245 ...
Ya procesado, se omite: tos_CNRM-CM6-1-HR_ssp245.nc
Procesando CNRM-CM6-1-HR ssp370 ...
Ya procesado, se omite: tos_CNRM-CM6-1-HR_ssp370.nc
Procesando CNRM-CM6-1-HR ssp585 ...
Ya procesado, se omite: tos_CNRM-CM6-1-HR_ssp585.nc
Preparando pesos de regrilla para CNRM-ESM2-1 ...
Procesando CNRM-ESM2-1 historical ...
Ya procesado, se omite: tos_CNRM-ESM2-1_historical.nc
Procesando CNRM-ESM2-1 ssp245 ...
Ya procesado, se omite: tos_CNRM-ESM2-1_ssp245.nc
Procesando CNRM-ESM2-1 ssp370 ...
Ya procesado, se omite: tos_CNRM-ESM2-1_ssp370.nc
Procesando CNRM-ESM2-1 ssp585 ...
Ya procesado, se omite: tos_CNRM-ESM2-1_ssp585.nc
Preparando pesos de regrilla para EC-Earth3 ...
Procesando EC-Earth3 historical ...
Ya procesado, se omite: tos_EC-Earth3_historical.nc
Procesando EC-Earth3 ssp245 ...
Ya procesado, se omite: tos_EC-Earth3_ssp245.nc
Procesando EC-Earth3 ssp370 ...
Ya procesado, se omite: tos_EC-Earth3_ssp370.nc
Procesando EC-Earth3 ssp585 ...
Ya procesado, se omite: tos_EC-Earth3_ssp585.nc
Preparando pesos de regrilla para EC-Earth3-Veg ...
Procesando EC-Earth3-Veg historical ...
Ya procesado, se omite: tos_EC-Earth3-Veg_historical.nc
Procesando EC-Earth3-Veg ssp245 ...
Ya procesado, se omite: tos_EC-Earth3-Veg_ssp245.nc
Procesando EC-Earth3-Veg ssp370 ...
Ya procesado, se omite: tos_EC-Earth3-Veg_ssp370.nc
Procesando EC-Earth3-Veg ssp585 ...
Ya procesado, se omite: tos_EC-Earth3-Veg_ssp585.nc
Preparando pesos de regrilla para EC-Earth3-Veg-LR ...
Procesando EC-Earth3-Veg-LR historical ...
Ya procesado, se omite: tos_EC-Earth3-Veg-LR_historical.nc
Procesando EC-Earth3-Veg-LR ssp245 ...
Ya procesado, se omite: tos_EC-Earth3-Veg-LR_ssp245.nc
Procesando EC-Earth3-Veg-LR ssp370 ...
Ya procesado, se omite: tos_EC-Earth3-Veg-LR_ssp370.nc
Procesando EC-Earth3-Veg-LR ssp585 ...
Ya procesado, se omite: tos_EC-Earth3-Veg-LR_ssp585.nc
Preparando pesos de regrilla para FGOALS-f3-L ...
Procesando FGOALS-f3-L historical ...
Ya procesado, se omite: tos_FGOALS-f3-L_historical.nc
Procesando FGOALS-f3-L ssp245 ...
Ya procesado, se omite: tos_FGOALS-f3-L_ssp245.nc
Procesando FGOALS-f3-L ssp370 ...
Ya procesado, se omite: tos_FGOALS-f3-L_ssp370.nc
Procesando FGOALS-f3-L ssp585 ...
Ya procesado, se omite: tos_FGOALS-f3-L_ssp585.nc
Preparando pesos de regrilla para FGOALS-g3 ...
Procesando FGOALS-g3 historical ...
Ya procesado, se omite: tos_FGOALS-g3_historical.nc
Procesando FGOALS-g3 ssp245 ...
Ya procesado, se omite: tos_FGOALS-g3_ssp245.nc
Procesando FGOALS-g3 ssp370 ...
Ya procesado, se omite: tos_FGOALS-g3_ssp370.nc
Procesando FGOALS-g3 ssp585 ...
Ya procesado, se omite: tos_FGOALS-g3_ssp585.nc
Preparando pesos de regrilla para GFDL-ESM4 ...
Procesando GFDL-ESM4 historical ...
Ya procesado, se omite: tos_GFDL-ESM4_historical.nc
Procesando GFDL-ESM4 ssp245 ...
Ya procesado, se omite: tos_GFDL-ESM4_ssp245.nc
Procesando GFDL-ESM4 ssp370 ...
Ya procesado, se omite: tos_GFDL-ESM4_ssp370.nc
Procesando GFDL-ESM4 ssp585 ...
Ya procesado, se omite: tos_GFDL-ESM4_ssp585.nc
Preparando pesos de regrilla para GISS-E2-1-G ...
Procesando GISS-E2-1-G historical ...
Ya procesado, se omite: tos_GISS-E2-1-G_historical.nc
Procesando GISS-E2-1-G ssp245 ...
Ya procesado, se omite: tos_GISS-E2-1-G_ssp245.nc
Procesando GISS-E2-1-G ssp370 ...
Ya procesado, se omite: tos_GISS-E2-1-G_ssp370.nc
Procesando GISS-E2-1-G ssp585 ...
Ya procesado, se omite: tos_GISS-E2-1-G_ssp585.nc
Preparando pesos de regrilla para GISS-E2-1-H ...
Procesando GISS-E2-1-H historical ...
Ya procesado, se omite: tos_GISS-E2-1-H_historical.nc
Procesando GISS-E2-1-H ssp245 ...
Ya procesado, se omite: tos_GISS-E2-1-H_ssp245.nc
Procesando GISS-E2-1-H ssp370 ...
Ya procesado, se omite: tos_GISS-E2-1-H_ssp370.nc
Procesando GISS-E2-1-H ssp585 ...
Ya procesado, se omite: tos_GISS-E2-1-H_ssp585.nc
Preparando pesos de regrilla para GISS-E2-2-G ...
Procesando GISS-E2-2-G historical ...
Ya procesado, se omite: tos_GISS-E2-2-G_historical.nc
Procesando GISS-E2-2-G ssp245 ...
Ya procesado, se omite: tos_GISS-E2-2-G_ssp245.nc
Procesando GISS-E2-2-G ssp370 ...
Ya procesado, se omite: tos_GISS-E2-2-G_ssp370.nc
Procesando GISS-E2-2-G ssp585 ...
Ya procesado, se omite: tos_GISS-E2-2-G_ssp585.nc
Preparando pesos de regrilla para IITM-ESM ...
Procesando IITM-ESM historical ...
Ya procesado, se omite: tos_IITM-ESM_historical.nc
Procesando IITM-ESM ssp245 ...
Ya procesado, se omite: tos_IITM-ESM_ssp245.nc
Procesando IITM-ESM ssp370 ...
Ya procesado, se omite: tos_IITM-ESM_ssp370.nc
Procesando IITM-ESM ssp585 ...
Ya procesado, se omite: tos_IITM-ESM_ssp585.nc
Preparando pesos de regrilla para INM-CM4-8 ...
Procesando INM-CM4-8 historical ...
Ya procesado, se omite: tos_INM-CM4-8_historical.nc
Procesando INM-CM4-8 ssp245 ...
Ya procesado, se omite: tos_INM-CM4-8_ssp245.nc
Procesando INM-CM4-8 ssp370 ...
Ya procesado, se omite: tos_INM-CM4-8_ssp370.nc
Procesando INM-CM4-8 ssp585 ...
Ya procesado, se omite: tos_INM-CM4-8_ssp585.nc
Preparando pesos de regrilla para INM-CM5-0 ...
Procesando INM-CM5-0 historical ...
Ya procesado, se omite: tos_INM-CM5-0_historical.nc
Procesando INM-CM5-0 ssp245 ...
Ya procesado, se omite: tos_INM-CM5-0_ssp245.nc
Procesando INM-CM5-0 ssp370 ...
Ya procesado, se omite: tos_INM-CM5-0_ssp370.nc
Procesando INM-CM5-0 ssp585 ...
Ya procesado, se omite: tos_INM-CM5-0_ssp585.nc
Preparando pesos de regrilla para IPSL-CM6A-LR ...
Procesando IPSL-CM6A-LR historical ...
Ya procesado, se omite: tos_IPSL-CM6A-LR_historical.nc
Procesando IPSL-CM6A-LR ssp245 ...
Ya procesado, se omite: tos_IPSL-CM6A-LR_ssp245.nc
Procesando IPSL-CM6A-LR ssp370 ...
Ya procesado, se omite: tos_IPSL-CM6A-LR_ssp370.nc
Procesando IPSL-CM6A-LR ssp585 ...
Ya procesado, se omite: tos_IPSL-CM6A-LR_ssp585.nc
Preparando pesos de regrilla para KACE-1-0-G ...
Procesando KACE-1-0-G historical ...
Ya procesado, se omite: tos_KACE-1-0-G_historical.nc
Procesando KACE-1-0-G ssp245 ...
Ya procesado, se omite: tos_KACE-1-0-G_ssp245.nc
Procesando KACE-1-0-G ssp370 ...
Ya procesado, se omite: tos_KACE-1-0-G_ssp370.nc
Procesando KACE-1-0-G ssp585 ...
Ya procesado, se omite: tos_KACE-1-0-G_ssp585.nc
Preparando pesos de regrilla para MCM-UA-1-0 ...
Procesando MCM-UA-1-0 historical ...
Ya procesado, se omite: tos_MCM-UA-1-0_historical.nc
Procesando MCM-UA-1-0 ssp245 ...
Ya procesado, se omite: tos_MCM-UA-1-0_ssp245.nc
Procesando MCM-UA-1-0 ssp370 ...
Ya procesado, se omite: tos_MCM-UA-1-0_ssp370.nc
Procesando MCM-UA-1-0 ssp585 ...
Ya procesado, se omite: tos_MCM-UA-1-0_ssp585.nc
Preparando pesos de regrilla para MIROC6 ...
Procesando MIROC6 historical ...
Ya procesado, se omite: tos_MIROC6_historical.nc
Procesando MIROC6 ssp245 ...
Ya procesado, se omite: tos_MIROC6_ssp245.nc
Procesando MIROC6 ssp370 ...
Ya procesado, se omite: tos_MIROC6_ssp370.nc
Procesando MIROC6 ssp585 ...
Ya procesado, se omite: tos_MIROC6_ssp585.nc
Preparando pesos de regrilla para MIROC-ES2L ...
Procesando MIROC-ES2L historical ...
Ya procesado, se omite: tos_MIROC-ES2L_historical.nc
Procesando MIROC-ES2L ssp245 ...
Ya procesado, se omite: tos_MIROC-ES2L_ssp245.nc
Procesando MIROC-ES2L ssp370 ...
Ya procesado, se omite: tos_MIROC-ES2L_ssp370.nc
Procesando MIROC-ES2L ssp585 ...
Ya procesado, se omite: tos_MIROC-ES2L_ssp585.nc
Preparando pesos de regrilla para MPI-ESM1-2-HR ...
Procesando MPI-ESM1-2-HR historical ...
Ya procesado, se omite: tos_MPI-ESM1-2-HR_historical.nc
Procesando MPI-ESM1-2-HR ssp245 ...
Ya procesado, se omite: tos_MPI-ESM1-2-HR_ssp245.nc
Procesando MPI-ESM1-2-HR ssp370 ...
Ya procesado, se omite: tos_MPI-ESM1-2-HR_ssp370.nc
Procesando MPI-ESM1-2-HR ssp585 ...
Ya procesado, se omite: tos_MPI-ESM1-2-HR_ssp585.nc
Preparando pesos de regrilla para MPI-ESM1-2-LR ...
Procesando MPI-ESM1-2-LR historical ...
Ya procesado, se omite: tos_MPI-ESM1-2-LR_historical.nc
Procesando MPI-ESM1-2-LR ssp245 ...
Ya procesado, se omite: tos_MPI-ESM1-2-LR_ssp245.nc
Procesando MPI-ESM1-2-LR ssp370 ...
Ya procesado, se omite: tos_MPI-ESM1-2-LR_ssp370.nc
Procesando MPI-ESM1-2-LR ssp585 ...
Ya procesado, se omite: tos_MPI-ESM1-2-LR_ssp585.nc
Preparando pesos de regrilla para MRI-ESM2-0 ...
Procesando MRI-ESM2-0 historical ...
Ya procesado, se omite: tos_MRI-ESM2-0_historical.nc
Procesando MRI-ESM2-0 ssp245 ...
Ya procesado, se omite: tos_MRI-ESM2-0_ssp245.nc
Procesando MRI-ESM2-0 ssp370 ...
Ya procesado, se omite: tos_MRI-ESM2-0_ssp370.nc
Procesando MRI-ESM2-0 ssp585 ...
Ya procesado, se omite: tos_MRI-ESM2-0_ssp585.nc
Preparando pesos de regrilla para NorESM2-LM ...
Procesando NorESM2-LM historical ...
Ya procesado, se omite: tos_NorESM2-LM_historical.nc
Procesando NorESM2-LM ssp245 ...
Ya procesado, se omite: tos_NorESM2-LM_ssp245.nc
Procesando NorESM2-LM ssp370 ...
Ya procesado, se omite: tos_NorESM2-LM_ssp370.nc
Procesando NorESM2-LM ssp585 ...
Ya procesado, se omite: tos_NorESM2-LM_ssp585.nc
Preparando pesos de regrilla para NorESM2-MM ...
Procesando NorESM2-MM historical ...
Ya procesado, se omite: tos_NorESM2-MM_historical.nc
Procesando NorESM2-MM ssp245 ...
Ya procesado, se omite: tos_NorESM2-MM_ssp245.nc
Procesando NorESM2-MM ssp370 ...
Ya procesado, se omite: tos_NorESM2-MM_ssp370.nc
Procesando NorESM2-MM ssp585 ...
Ya procesado, se omite: tos_NorESM2-MM_ssp585.nc
Preparando pesos de regrilla para TaiESM1 ...
Procesando TaiESM1 historical ...
Ya procesado, se omite: tos_TaiESM1_historical.nc
Procesando TaiESM1 ssp245 ...
Ya procesado, se omite: tos_TaiESM1_ssp245.nc
Procesando TaiESM1 ssp370 ...
Ya procesado, se omite: tos_TaiESM1_ssp370.nc
Procesando TaiESM1 ssp585 ...
Ya procesado, se omite: tos_TaiESM1_ssp585.nc
Preparando pesos de regrilla para UKESM1-0-LL ...
Procesando UKESM1-0-LL historical ...
Ya procesado, se omite: tos_UKESM1-0-LL_historical.nc
Procesando UKESM1-0-LL ssp245 ...
Ya procesado, se omite: tos_UKESM1-0-LL_ssp245.nc
Procesando UKESM1-0-LL ssp370 ...
Ya procesado, se omite: tos_UKESM1-0-LL_ssp370.nc
Procesando UKESM1-0-LL ssp585 ...
Ya procesado, se omite: tos_UKESM1-0-LL_ssp585.nc
== Paso 05: python3 scripts/05_apply_ocean_mask.py ==
Ya procesado, se omite: tos_ACCESS-CM2_historical.nc
Ya procesado, se omite: tos_ACCESS-CM2_ssp245.nc
Ya procesado, se omite: tos_ACCESS-CM2_ssp370.nc
Ya procesado, se omite: tos_ACCESS-CM2_ssp585.nc
Ya procesado, se omite: tos_ACCESS-ESM1-5_historical.nc
Ya procesado, se omite: tos_ACCESS-ESM1-5_ssp245.nc
Ya procesado, se omite: tos_ACCESS-ESM1-5_ssp370.nc
Ya procesado, se omite: tos_ACCESS-ESM1-5_ssp585.nc
Ya procesado, se omite: tos_AWI-CM-1-1-MR_historical.nc
Ya procesado, se omite: tos_AWI-CM-1-1-MR_ssp245.nc
Ya procesado, se omite: tos_AWI-CM-1-1-MR_ssp370.nc
Ya procesado, se omite: tos_AWI-CM-1-1-MR_ssp585.nc
Ya procesado, se omite: tos_BCC-CSM2-MR_historical.nc
Ya procesado, se omite: tos_BCC-CSM2-MR_ssp245.nc
Ya procesado, se omite: tos_BCC-CSM2-MR_ssp370.nc
Ya procesado, se omite: tos_BCC-CSM2-MR_ssp585.nc
Ya procesado, se omite: tos_CAMS-CSM1-0_historical.nc
Ya procesado, se omite: tos_CAMS-CSM1-0_ssp245.nc
Ya procesado, se omite: tos_CAMS-CSM1-0_ssp370.nc
Ya procesado, se omite: tos_CAMS-CSM1-0_ssp585.nc
Ya procesado, se omite: tos_CAS-ESM2-0_historical.nc
Ya procesado, se omite: tos_CAS-ESM2-0_ssp245.nc
Ya procesado, se omite: tos_CAS-ESM2-0_ssp370.nc
Ya procesado, se omite: tos_CAS-ESM2-0_ssp585.nc
Ya procesado, se omite: tos_CESM2-WACCM_historical.nc
Ya procesado, se omite: tos_CESM2-WACCM_ssp245.nc
Ya procesado, se omite: tos_CESM2-WACCM_ssp370.nc
Ya procesado, se omite: tos_CESM2-WACCM_ssp585.nc
Ya procesado, se omite: tos_CESM2_historical.nc
Ya procesado, se omite: tos_CESM2_ssp245.nc
Ya procesado, se omite: tos_CESM2_ssp370.nc
Ya procesado, se omite: tos_CESM2_ssp585.nc
Ya procesado, se omite: tos_CMCC-CM2-SR5_historical.nc
Ya procesado, se omite: tos_CMCC-CM2-SR5_ssp245.nc
Ya procesado, se omite: tos_CMCC-CM2-SR5_ssp370.nc
Ya procesado, se omite: tos_CMCC-CM2-SR5_ssp585.nc
Ya procesado, se omite: tos_CMCC-ESM2_historical.nc
Ya procesado, se omite: tos_CMCC-ESM2_ssp245.nc
Ya procesado, se omite: tos_CMCC-ESM2_ssp370.nc
Ya procesado, se omite: tos_CMCC-ESM2_ssp585.nc
Ya procesado, se omite: tos_CNRM-CM6-1-HR_historical.nc
Ya procesado, se omite: tos_CNRM-CM6-1-HR_ssp245.nc
Ya procesado, se omite: tos_CNRM-CM6-1-HR_ssp370.nc
Ya procesado, se omite: tos_CNRM-CM6-1-HR_ssp585.nc
Ya procesado, se omite: tos_CNRM-CM6-1_historical.nc
Ya procesado, se omite: tos_CNRM-CM6-1_ssp245.nc
Ya procesado, se omite: tos_CNRM-CM6-1_ssp370.nc
Ya procesado, se omite: tos_CNRM-CM6-1_ssp585.nc
Ya procesado, se omite: tos_CNRM-ESM2-1_historical.nc
Ya procesado, se omite: tos_CNRM-ESM2-1_ssp245.nc
Ya procesado, se omite: tos_CNRM-ESM2-1_ssp370.nc
Ya procesado, se omite: tos_CNRM-ESM2-1_ssp585.nc
Ya procesado, se omite: tos_CanESM5-1_historical.nc
Ya procesado, se omite: tos_CanESM5-1_ssp245.nc
Ya procesado, se omite: tos_CanESM5-1_ssp370.nc
Ya procesado, se omite: tos_CanESM5-1_ssp585.nc
Ya procesado, se omite: tos_CanESM5-CanOE_historical.nc
Ya procesado, se omite: tos_CanESM5-CanOE_ssp245.nc
Ya procesado, se omite: tos_CanESM5-CanOE_ssp370.nc
Ya procesado, se omite: tos_CanESM5-CanOE_ssp585.nc
Ya procesado, se omite: tos_CanESM5_historical.nc
Ya procesado, se omite: tos_CanESM5_ssp245.nc
Ya procesado, se omite: tos_CanESM5_ssp370.nc
Ya procesado, se omite: tos_CanESM5_ssp585.nc
Ya procesado, se omite: tos_EC-Earth3-Veg-LR_historical.nc
Ya procesado, se omite: tos_EC-Earth3-Veg-LR_ssp245.nc
Ya procesado, se omite: tos_EC-Earth3-Veg-LR_ssp370.nc
Ya procesado, se omite: tos_EC-Earth3-Veg-LR_ssp585.nc
Ya procesado, se omite: tos_EC-Earth3-Veg_historical.nc
Ya procesado, se omite: tos_EC-Earth3-Veg_ssp245.nc
Ya procesado, se omite: tos_EC-Earth3-Veg_ssp370.nc
Ya procesado, se omite: tos_EC-Earth3-Veg_ssp585.nc
Ya procesado, se omite: tos_EC-Earth3_historical.nc
Ya procesado, se omite: tos_EC-Earth3_ssp245.nc
Ya procesado, se omite: tos_EC-Earth3_ssp370.nc
Ya procesado, se omite: tos_EC-Earth3_ssp585.nc
Ya procesado, se omite: tos_FGOALS-f3-L_historical.nc
Ya procesado, se omite: tos_FGOALS-f3-L_ssp245.nc
Ya procesado, se omite: tos_FGOALS-f3-L_ssp370.nc
Ya procesado, se omite: tos_FGOALS-f3-L_ssp585.nc
Ya procesado, se omite: tos_FGOALS-g3_historical.nc
Ya procesado, se omite: tos_FGOALS-g3_ssp245.nc
Ya procesado, se omite: tos_FGOALS-g3_ssp370.nc
Ya procesado, se omite: tos_FGOALS-g3_ssp585.nc
Ya procesado, se omite: tos_GFDL-ESM4_historical.nc
Ya procesado, se omite: tos_GFDL-ESM4_ssp245.nc
Ya procesado, se omite: tos_GFDL-ESM4_ssp370.nc
Ya procesado, se omite: tos_GFDL-ESM4_ssp585.nc
Ya procesado, se omite: tos_GISS-E2-1-G_historical.nc
Ya procesado, se omite: tos_GISS-E2-1-G_ssp245.nc
Ya procesado, se omite: tos_GISS-E2-1-G_ssp370.nc
Ya procesado, se omite: tos_GISS-E2-1-G_ssp585.nc
Ya procesado, se omite: tos_GISS-E2-1-H_historical.nc
Ya procesado, se omite: tos_GISS-E2-1-H_ssp245.nc
Ya procesado, se omite: tos_GISS-E2-1-H_ssp370.nc
Ya procesado, se omite: tos_GISS-E2-1-H_ssp585.nc
Ya procesado, se omite: tos_GISS-E2-2-G_historical.nc
Ya procesado, se omite: tos_GISS-E2-2-G_ssp245.nc
Ya procesado, se omite: tos_GISS-E2-2-G_ssp370.nc
Ya procesado, se omite: tos_GISS-E2-2-G_ssp585.nc
Ya procesado, se omite: tos_IITM-ESM_historical.nc
Ya procesado, se omite: tos_IITM-ESM_ssp245.nc
Ya procesado, se omite: tos_IITM-ESM_ssp370.nc
Ya procesado, se omite: tos_IITM-ESM_ssp585.nc
Ya procesado, se omite: tos_INM-CM4-8_historical.nc
Ya procesado, se omite: tos_INM-CM4-8_ssp245.nc
Ya procesado, se omite: tos_INM-CM4-8_ssp370.nc
Ya procesado, se omite: tos_INM-CM4-8_ssp585.nc
Ya procesado, se omite: tos_INM-CM5-0_historical.nc
Ya procesado, se omite: tos_INM-CM5-0_ssp245.nc
Ya procesado, se omite: tos_INM-CM5-0_ssp370.nc
Ya procesado, se omite: tos_INM-CM5-0_ssp585.nc
Ya procesado, se omite: tos_IPSL-CM6A-LR_historical.nc
Ya procesado, se omite: tos_IPSL-CM6A-LR_ssp245.nc
Ya procesado, se omite: tos_IPSL-CM6A-LR_ssp370.nc
Ya procesado, se omite: tos_IPSL-CM6A-LR_ssp585.nc
Ya procesado, se omite: tos_KACE-1-0-G_historical.nc
Ya procesado, se omite: tos_KACE-1-0-G_ssp245.nc
Ya procesado, se omite: tos_KACE-1-0-G_ssp370.nc
Ya procesado, se omite: tos_KACE-1-0-G_ssp585.nc
Ya procesado, se omite: tos_MCM-UA-1-0_historical.nc
Ya procesado, se omite: tos_MCM-UA-1-0_ssp245.nc
Ya procesado, se omite: tos_MCM-UA-1-0_ssp370.nc
Ya procesado, se omite: tos_MCM-UA-1-0_ssp585.nc
Ya procesado, se omite: tos_MIROC-ES2L_historical.nc
Ya procesado, se omite: tos_MIROC-ES2L_ssp245.nc
Ya procesado, se omite: tos_MIROC-ES2L_ssp370.nc
Ya procesado, se omite: tos_MIROC-ES2L_ssp585.nc
Ya procesado, se omite: tos_MIROC6_historical.nc
Ya procesado, se omite: tos_MIROC6_ssp245.nc
Ya procesado, se omite: tos_MIROC6_ssp370.nc
Ya procesado, se omite: tos_MIROC6_ssp585.nc
Ya procesado, se omite: tos_MPI-ESM1-2-HR_historical.nc
Ya procesado, se omite: tos_MPI-ESM1-2-HR_ssp245.nc
Ya procesado, se omite: tos_MPI-ESM1-2-HR_ssp370.nc
Ya procesado, se omite: tos_MPI-ESM1-2-HR_ssp585.nc
Ya procesado, se omite: tos_MPI-ESM1-2-LR_historical.nc
Ya procesado, se omite: tos_MPI-ESM1-2-LR_ssp245.nc
Ya procesado, se omite: tos_MPI-ESM1-2-LR_ssp370.nc
Ya procesado, se omite: tos_MPI-ESM1-2-LR_ssp585.nc
Ya procesado, se omite: tos_MRI-ESM2-0_historical.nc
Ya procesado, se omite: tos_MRI-ESM2-0_ssp245.nc
Ya procesado, se omite: tos_MRI-ESM2-0_ssp370.nc
Ya procesado, se omite: tos_MRI-ESM2-0_ssp585.nc
Ya procesado, se omite: tos_NorESM2-LM_historical.nc
Ya procesado, se omite: tos_NorESM2-LM_ssp245.nc
Ya procesado, se omite: tos_NorESM2-LM_ssp370.nc
Ya procesado, se omite: tos_NorESM2-LM_ssp585.nc
Ya procesado, se omite: tos_NorESM2-MM_historical.nc
Ya procesado, se omite: tos_NorESM2-MM_ssp245.nc
Ya procesado, se omite: tos_NorESM2-MM_ssp370.nc
Ya procesado, se omite: tos_NorESM2-MM_ssp585.nc
Ya procesado, se omite: tos_TaiESM1_historical.nc
Ya procesado, se omite: tos_TaiESM1_ssp245.nc
Ya procesado, se omite: tos_TaiESM1_ssp370.nc
Ya procesado, se omite: tos_TaiESM1_ssp585.nc
Ya procesado, se omite: tos_UKESM1-0-LL_historical.nc
Ya procesado, se omite: tos_UKESM1-0-LL_ssp245.nc
Ya procesado, se omite: tos_UKESM1-0-LL_ssp370.nc
Ya procesado, se omite: tos_UKESM1-0-LL_ssp585.nc
== Paso 06: python3 scripts/06_qc_checks.py data/processed/masked data/processed/qc_report.csv ==
QC escrito en data/processed/qc_report.csv (160 archivos, 160 reusados de una corrida anterior, 0 con fallas)
== Paso 07: python3 scripts/07_build_inventory_report.py data/processed/qc_report.csv data/processed/masked data/processed/models_inventory_final.csv ==
Inventario final escrito en data/processed/models_inventory_final.csv (40/40 modelos seleccionados)
Pipeline completo.
== Registro de modelos ==
/home/jonathan/personal/e1_smn/informe/model_registry.csv: 102 modelos (41 con institucion/grilla, los que llegaron a ser seed -- ver config/models_seed_cmip6.csv)
== Graficos: plot_qc_summary.py ==

1 caso(s) PENDIENTE (link vivo encontrado, falta descargar y/o procesar):
   - MIROC-ES2H / historical

64 caso(s) SIN_LINK (existe segun 00b, pero 01 no encontro ningun link vivo):
   - AWI-ESM-1-1-LR / historical
   - BCC-ESM1 / historical
   - BCC-ESM1 / ssp370
   - CESM2-FV2 / historical
   - CESM2-FV2 / ssp370
   - CESM2-FV2 / ssp585
   - CESM2-WACCM-FV2 / historical
   - CIESM / historical
   - CIESM / ssp245
   - CIESM / ssp585
   - CMCC-CM2-HR4 / historical
   - E3SM-1-0 / historical
   - E3SM-1-0 / ssp370
   - E3SM-1-0 / ssp585
   - E3SM-1-1 / historical
   - E3SM-1-1 / ssp585
   - E3SM-1-1-ECA / historical
   - E3SM-1-1-ECA / ssp585
   - E3SM-2-0 / historical
   - E3SM-2-0 / ssp370
   - E3SM-2-0-NARRM / historical
   - E3SM-2-1 / historical
   - EC-Earth3-AerChem / historical
   - EC-Earth3-AerChem / ssp370
   - EC-Earth3-CC / historical
   - EC-Earth3-CC / ssp245
   - EC-Earth3-CC / ssp585
   - EC-Earth3-HR / historical
   - EC-Earth3-HR / ssp245
   - FIO-ESM-2-0 / historical
   - FIO-ESM-2-0 / ssp245
   - FIO-ESM-2-0 / ssp585
   - GFDL-CM4 / historical
   - GFDL-CM4 / ssp245
   - GFDL-CM4 / ssp585
   - GISS-E2-1-G-CC / historical
   - GISS-E2-1-G-CC / ssp245
   - GISS-E2-1-G-CC / ssp585
   - GISS-E2-2-H / historical
   - GISS-E3-G / historical
   - HadGEM3-GC31-LL / historical
   - HadGEM3-GC31-LL / ssp245
   - HadGEM3-GC31-LL / ssp585
   - HadGEM3-GC31-MM / historical
   - HadGEM3-GC31-MM / ssp585
   - ICON-ESM-LR / historical
   - IPSL-CM5A2-INCA / historical
   - IPSL-CM5A2-INCA / ssp370
   - IPSL-CM6A-LR-INCA / historical
   - KIOST-ESM / historical
   - KIOST-ESM / ssp245
   - KIOST-ESM / ssp585
   - MIROC-ES2H / ssp245
   - MIROC-ES2H / ssp370
   - MIROC-ES2H / ssp585
   - MPI-ESM-1-2-HAM / historical
   - MPI-ESM-1-2-HAM / ssp370
   - NESM3 / historical
   - NESM3 / ssp245
   - NESM3 / ssp585
   - NorCPM1 / historical
   - SAM0-UNICON / historical
   - UKESM1-1-LL / historical
   - UKESM1-1-LL / ssp370

Listo: 160 filas de QC procesadas, figura en /home/jonathan/personal/e1_smn/figures/sst_QD_vf.png
== Graficos: plot_boxplot_comparison.py ==
Graficando boxplots comparativos ...
  Nino 3.4: 41 fuente(s), 116 anios comunes -> /home/jonathan/personal/e1_smn/figures/boxplot_Nino3.4.png
  Nino 1+2: 41 fuente(s), 116 anios comunes -> /home/jonathan/personal/e1_smn/figures/boxplot_Nino1+2.png
Listo.
== Graficos: plot_region_nino_orthographic.py ==
Centro de proyeccion (Niño 3.4): lon=-145.0, lat=0.0
Figura guardada en /home/jonathan/personal/e1_smn/figures/region_nino_proj.png
== Graficos: plot_maps.py ==
Graficando mapas: 40 modelo(s) + ERSSTv5 ...
  ACCESS-CM2
  ACCESS-ESM1-5
  AWI-CM-1-1-MR
  BCC-CSM2-MR
  CAMS-CSM1-0
  CAS-ESM2-0
  CESM2
  CESM2-WACCM
  CMCC-CM2-SR5
  CMCC-ESM2
  CNRM-CM6-1
  CNRM-CM6-1-HR
  CNRM-ESM2-1
  CanESM5
  CanESM5-1
  CanESM5-CanOE
  EC-Earth3
  EC-Earth3-Veg
  EC-Earth3-Veg-LR
  FGOALS-f3-L
  FGOALS-g3
  GFDL-ESM4
  GISS-E2-1-G
  GISS-E2-1-H
  GISS-E2-2-G
  IITM-ESM
  INM-CM4-8
  INM-CM5-0
  IPSL-CM6A-LR
  KACE-1-0-G
  MCM-UA-1-0
  MIROC-ES2L
  MIROC6
  MPI-ESM1-2-HR
  MPI-ESM1-2-LR
  MRI-ESM2-0
  NorESM2-LM
  NorESM2-MM
  TaiESM1
  UKESM1-0-LL
  ERSSTv5
Listo, 41 figura(s) en /home/jonathan/personal/e1_smn/figures
== Graficos: plot_box_series.py ==
ACCESS-CM2
ACCESS-ESM1-5
AWI-CM-1-1-MR
BCC-CSM2-MR
CAMS-CSM1-0
CAS-ESM2-0
CESM2
CESM2-WACCM
CMCC-CM2-SR5
CMCC-ESM2
CNRM-CM6-1
CNRM-CM6-1-HR
CNRM-ESM2-1
CanESM5
CanESM5-1
CanESM5-CanOE
EC-Earth3
EC-Earth3-Veg
EC-Earth3-Veg-LR
FGOALS-f3-L
FGOALS-g3
GFDL-ESM4
GISS-E2-1-G
GISS-E2-1-H
GISS-E2-2-G
IITM-ESM
INM-CM4-8
INM-CM5-0
IPSL-CM6A-LR
KACE-1-0-G
MCM-UA-1-0
MIROC-ES2L
MIROC6
MPI-ESM1-2-HR
MPI-ESM1-2-LR
MRI-ESM2-0
NorESM2-LM
NorESM2-MM
TaiESM1
UKESM1-0-LL
Listo, 40 modelo(s) graficado(s) (2 figuras cada uno) en /home/jonathan/personal/e1_smn/figures
== Paso 07: python3 scripts/07_build_inventory_report.py data/processed/qc_report.csv data/processed/masked data/processed/models_inventory_final.csv ==
Inventario final escrito en data/processed/models_inventory_final.csv (40/40 modelos seleccionados)
Pipeline completo.
== Registro de modelos ==
/home/jonathan/personal/e1_smn/informe/model_registry.csv: 102 modelos (41 con institucion/grilla, los que llegaron a ser seed -- ver config/models_seed_cmip6.csv)
== Graficos: plot_qc_summary.py ==

1 caso(s) PENDIENTE (link vivo encontrado, falta descargar y/o procesar):
   - MIROC-ES2H / historical

64 caso(s) SIN_LINK (existe segun 00b, pero 01 no encontro ningun link vivo):
   - AWI-ESM-1-1-LR / historical
   - BCC-ESM1 / historical
   - BCC-ESM1 / ssp370
   - CESM2-FV2 / historical
   - CESM2-FV2 / ssp370
   - CESM2-FV2 / ssp585
   - CESM2-WACCM-FV2 / historical
   - CIESM / historical
   - CIESM / ssp245
   - CIESM / ssp585
   - CMCC-CM2-HR4 / historical
   - E3SM-1-0 / historical
   - E3SM-1-0 / ssp370
   - E3SM-1-0 / ssp585
   - E3SM-1-1 / historical
   - E3SM-1-1 / ssp585
   - E3SM-1-1-ECA / historical
   - E3SM-1-1-ECA / ssp585
   - E3SM-2-0 / historical
   - E3SM-2-0 / ssp370
   - E3SM-2-0-NARRM / historical
   - E3SM-2-1 / historical
   - EC-Earth3-AerChem / historical
   - EC-Earth3-AerChem / ssp370
   - EC-Earth3-CC / historical
   - EC-Earth3-CC / ssp245
   - EC-Earth3-CC / ssp585
   - EC-Earth3-HR / historical
   - EC-Earth3-HR / ssp245
   - FIO-ESM-2-0 / historical
   - FIO-ESM-2-0 / ssp245
   - FIO-ESM-2-0 / ssp585
   - GFDL-CM4 / historical
   - GFDL-CM4 / ssp245
   - GFDL-CM4 / ssp585
   - GISS-E2-1-G-CC / historical
   - GISS-E2-1-G-CC / ssp245
   - GISS-E2-1-G-CC / ssp585
   - GISS-E2-2-H / historical
   - GISS-E3-G / historical
   - HadGEM3-GC31-LL / historical
   - HadGEM3-GC31-LL / ssp245
   - HadGEM3-GC31-LL / ssp585
   - HadGEM3-GC31-MM / historical
   - HadGEM3-GC31-MM / ssp585
   - ICON-ESM-LR / historical
   - IPSL-CM5A2-INCA / historical
   - IPSL-CM5A2-INCA / ssp370
   - IPSL-CM6A-LR-INCA / historical
   - KIOST-ESM / historical
   - KIOST-ESM / ssp245
   - KIOST-ESM / ssp585
   - MIROC-ES2H / ssp245
   - MIROC-ES2H / ssp370
   - MIROC-ES2H / ssp585
   - MPI-ESM-1-2-HAM / historical
   - MPI-ESM-1-2-HAM / ssp370
   - NESM3 / historical
   - NESM3 / ssp245
   - NESM3 / ssp585
   - NorCPM1 / historical
   - SAM0-UNICON / historical
   - UKESM1-1-LL / historical
   - UKESM1-1-LL / ssp370

Listo: 160 filas de QC procesadas, figura en /home/jonathan/personal/e1_smn/figures/sst_QD_vf.png
== Graficos: plot_boxplot_comparison.py ==
2 boxplot(s) comparativo(s) ya existen. Regenerar TODAS? [s/N, 15s, por defecto N] 
(sin respuesta en 15s, se mantienen las existentes)
Graficando boxplots comparativos ...
  Nino 3.4: boxplot_Nino3.4.png ya existe, se omite
  Nino 1+2: boxplot_Nino1+2.png ya existe, se omite
Listo.
== Graficos: plot_region_nino_orthographic.py ==
region_nino_proj.png ya existe. Regenerar? [s/N, 15s, por defecto N] 
(sin respuesta en 15s, se mantiene la figura existente)
== Graficos: plot_maps.py ==
41 mapa(s) 2D ya existen. Regenerar TODAS? [s/N, 15s, por defecto N] 
(sin respuesta en 15s, se mantienen las existentes)
Graficando mapas: 40 modelo(s) + ERSSTv5 ...
  ACCESS-CM2
  ACCESS-CM2: M001_sst_2d_ACCESS-CM2.png ya existe, se omite
  ACCESS-ESM1-5
  ACCESS-ESM1-5: M002_sst_2d_ACCESS-ESM1-5.png ya existe, se omite
  AWI-CM-1-1-MR
  AWI-CM-1-1-MR: M007_sst_2d_AWI-CM-1-1-MR.png ya existe, se omite
  BCC-CSM2-MR
  BCC-CSM2-MR: M010_sst_2d_BCC-CSM2-MR.png ya existe, se omite
  CAMS-CSM1-0
  CAMS-CSM1-0: M012_sst_2d_CAMS-CSM1-0.png ya existe, se omite
  CAS-ESM2-0
  CAS-ESM2-0: M013_sst_2d_CAS-ESM2-0.png ya existe, se omite
  CESM2
  CESM2: M017_sst_2d_CESM2.png ya existe, se omite
  CESM2-WACCM
  CESM2-WACCM: M019_sst_2d_CESM2-WACCM.png ya existe, se omite
  CMCC-CM2-SR5
  CMCC-CM2-SR5: M023_sst_2d_CMCC-CM2-SR5.png ya existe, se omite
  CMCC-ESM2
  CMCC-ESM2: M025_sst_2d_CMCC-ESM2.png ya existe, se omite
  CNRM-CM6-1
  CNRM-CM6-1: M026_sst_2d_CNRM-CM6-1.png ya existe, se omite
  CNRM-CM6-1-HR
  CNRM-CM6-1-HR: M027_sst_2d_CNRM-CM6-1-HR.png ya existe, se omite
  CNRM-ESM2-1
  CNRM-ESM2-1: M028_sst_2d_CNRM-ESM2-1.png ya existe, se omite
  CanESM5
  CanESM5: M029_sst_2d_CanESM5.png ya existe, se omite
  CanESM5-1
  CanESM5-1: M030_sst_2d_CanESM5-1.png ya existe, se omite
  CanESM5-CanOE
  CanESM5-CanOE: M031_sst_2d_CanESM5-CanOE.png ya existe, se omite
  EC-Earth3
  EC-Earth3: M038_sst_2d_EC-Earth3.png ya existe, se omite
  EC-Earth3-Veg
  EC-Earth3-Veg: M043_sst_2d_EC-Earth3-Veg.png ya existe, se omite
  EC-Earth3-Veg-LR
  EC-Earth3-Veg-LR: M044_sst_2d_EC-Earth3-Veg-LR.png ya existe, se omite
  FGOALS-f3-L
  FGOALS-f3-L: M051_sst_2d_FGOALS-f3-L.png ya existe, se omite
  FGOALS-g3
  FGOALS-g3: M052_sst_2d_FGOALS-g3.png ya existe, se omite
  GFDL-ESM4
  GFDL-ESM4: M056_sst_2d_GFDL-ESM4.png ya existe, se omite
  GISS-E2-1-G
  GISS-E2-1-G: M057_sst_2d_GISS-E2-1-G.png ya existe, se omite
  GISS-E2-1-H
  GISS-E2-1-H: M059_sst_2d_GISS-E2-1-H.png ya existe, se omite
  GISS-E2-2-G
  GISS-E2-2-G: M060_sst_2d_GISS-E2-2-G.png ya existe, se omite
  IITM-ESM
  IITM-ESM: M069_sst_2d_IITM-ESM.png ya existe, se omite
  INM-CM4-8
  INM-CM4-8: M070_sst_2d_INM-CM4-8.png ya existe, se omite
  INM-CM5-0
  INM-CM5-0: M071_sst_2d_INM-CM5-0.png ya existe, se omite
  IPSL-CM6A-LR
  IPSL-CM6A-LR: M074_sst_2d_IPSL-CM6A-LR.png ya existe, se omite
  KACE-1-0-G
  KACE-1-0-G: M077_sst_2d_KACE-1-0-G.png ya existe, se omite
  MCM-UA-1-0
  MCM-UA-1-0: M079_sst_2d_MCM-UA-1-0.png ya existe, se omite
  MIROC-ES2L
  MIROC-ES2L: M081_sst_2d_MIROC-ES2L.png ya existe, se omite
  MIROC6
  MIROC6: M082_sst_2d_MIROC6.png ya existe, se omite
  MPI-ESM1-2-HR
  MPI-ESM1-2-HR: M084_sst_2d_MPI-ESM1-2-HR.png ya existe, se omite
  MPI-ESM1-2-LR
  MPI-ESM1-2-LR: M085_sst_2d_MPI-ESM1-2-LR.png ya existe, se omite
  MRI-ESM2-0
  MRI-ESM2-0: M087_sst_2d_MRI-ESM2-0.png ya existe, se omite
  NorESM2-LM
  NorESM2-LM: M094_sst_2d_NorESM2-LM.png ya existe, se omite
  NorESM2-MM
  NorESM2-MM: M095_sst_2d_NorESM2-MM.png ya existe, se omite
  TaiESM1
  TaiESM1: M097_sst_2d_TaiESM1.png ya existe, se omite
  UKESM1-0-LL
  UKESM1-0-LL: M100_sst_2d_UKESM1-0-LL.png ya existe, se omite
  ERSSTv5
  ERSSTv5: sst_2d_ERSSTv5.png ya existe, se omite
Listo, 41 figura(s) en /home/jonathan/personal/e1_smn/figures
== Graficos: plot_box_series.py ==
80 serie(s) de caja ya existen. Regenerar TODAS? [s/N, 15s, por defecto N] 
(sin respuesta en 15s, se mantienen las existentes)
ACCESS-CM2
  ACCESS-CM2 Nino 1+2: M001_serie_ACCESS-CM2_sst_Nino1+2.png ya existe, se omite
  ACCESS-CM2 Nino 3.4: M001_serie_ACCESS-CM2_sst_Nino3.4.png ya existe, se omite
ACCESS-ESM1-5
  ACCESS-ESM1-5 Nino 1+2: M002_serie_ACCESS-ESM1-5_sst_Nino1+2.png ya existe, se omite
  ACCESS-ESM1-5 Nino 3.4: M002_serie_ACCESS-ESM1-5_sst_Nino3.4.png ya existe, se omite
AWI-CM-1-1-MR
  AWI-CM-1-1-MR Nino 1+2: M007_serie_AWI-CM-1-1-MR_sst_Nino1+2.png ya existe, se omite
  AWI-CM-1-1-MR Nino 3.4: M007_serie_AWI-CM-1-1-MR_sst_Nino3.4.png ya existe, se omite
BCC-CSM2-MR
  BCC-CSM2-MR Nino 1+2: M010_serie_BCC-CSM2-MR_sst_Nino1+2.png ya existe, se omite
  BCC-CSM2-MR Nino 3.4: M010_serie_BCC-CSM2-MR_sst_Nino3.4.png ya existe, se omite
CAMS-CSM1-0
  CAMS-CSM1-0 Nino 1+2: M012_serie_CAMS-CSM1-0_sst_Nino1+2.png ya existe, se omite
  CAMS-CSM1-0 Nino 3.4: M012_serie_CAMS-CSM1-0_sst_Nino3.4.png ya existe, se omite
CAS-ESM2-0
  CAS-ESM2-0 Nino 1+2: M013_serie_CAS-ESM2-0_sst_Nino1+2.png ya existe, se omite
  CAS-ESM2-0 Nino 3.4: M013_serie_CAS-ESM2-0_sst_Nino3.4.png ya existe, se omite
CESM2
  CESM2 Nino 1+2: M017_serie_CESM2_sst_Nino1+2.png ya existe, se omite
  CESM2 Nino 3.4: M017_serie_CESM2_sst_Nino3.4.png ya existe, se omite
CESM2-WACCM
  CESM2-WACCM Nino 1+2: M019_serie_CESM2-WACCM_sst_Nino1+2.png ya existe, se omite
  CESM2-WACCM Nino 3.4: M019_serie_CESM2-WACCM_sst_Nino3.4.png ya existe, se omite
CMCC-CM2-SR5
  CMCC-CM2-SR5 Nino 1+2: M023_serie_CMCC-CM2-SR5_sst_Nino1+2.png ya existe, se omite
  CMCC-CM2-SR5 Nino 3.4: M023_serie_CMCC-CM2-SR5_sst_Nino3.4.png ya existe, se omite
CMCC-ESM2
  CMCC-ESM2 Nino 1+2: M025_serie_CMCC-ESM2_sst_Nino1+2.png ya existe, se omite
  CMCC-ESM2 Nino 3.4: M025_serie_CMCC-ESM2_sst_Nino3.4.png ya existe, se omite
CNRM-CM6-1
  CNRM-CM6-1 Nino 1+2: M026_serie_CNRM-CM6-1_sst_Nino1+2.png ya existe, se omite
  CNRM-CM6-1 Nino 3.4: M026_serie_CNRM-CM6-1_sst_Nino3.4.png ya existe, se omite
CNRM-CM6-1-HR
  CNRM-CM6-1-HR Nino 1+2: M027_serie_CNRM-CM6-1-HR_sst_Nino1+2.png ya existe, se omite
  CNRM-CM6-1-HR Nino 3.4: M027_serie_CNRM-CM6-1-HR_sst_Nino3.4.png ya existe, se omite
CNRM-ESM2-1
  CNRM-ESM2-1 Nino 1+2: M028_serie_CNRM-ESM2-1_sst_Nino1+2.png ya existe, se omite
  CNRM-ESM2-1 Nino 3.4: M028_serie_CNRM-ESM2-1_sst_Nino3.4.png ya existe, se omite
CanESM5
  CanESM5 Nino 1+2: M029_serie_CanESM5_sst_Nino1+2.png ya existe, se omite
  CanESM5 Nino 3.4: M029_serie_CanESM5_sst_Nino3.4.png ya existe, se omite
CanESM5-1
  CanESM5-1 Nino 1+2: M030_serie_CanESM5-1_sst_Nino1+2.png ya existe, se omite
  CanESM5-1 Nino 3.4: M030_serie_CanESM5-1_sst_Nino3.4.png ya existe, se omite
CanESM5-CanOE
  CanESM5-CanOE Nino 1+2: M031_serie_CanESM5-CanOE_sst_Nino1+2.png ya existe, se omite
  CanESM5-CanOE Nino 3.4: M031_serie_CanESM5-CanOE_sst_Nino3.4.png ya existe, se omite
EC-Earth3
  EC-Earth3 Nino 1+2: M038_serie_EC-Earth3_sst_Nino1+2.png ya existe, se omite
  EC-Earth3 Nino 3.4: M038_serie_EC-Earth3_sst_Nino3.4.png ya existe, se omite
EC-Earth3-Veg
  EC-Earth3-Veg Nino 1+2: M043_serie_EC-Earth3-Veg_sst_Nino1+2.png ya existe, se omite
  EC-Earth3-Veg Nino 3.4: M043_serie_EC-Earth3-Veg_sst_Nino3.4.png ya existe, se omite
EC-Earth3-Veg-LR
  EC-Earth3-Veg-LR Nino 1+2: M044_serie_EC-Earth3-Veg-LR_sst_Nino1+2.png ya existe, se omite
  EC-Earth3-Veg-LR Nino 3.4: M044_serie_EC-Earth3-Veg-LR_sst_Nino3.4.png ya existe, se omite
FGOALS-f3-L
  FGOALS-f3-L Nino 1+2: M051_serie_FGOALS-f3-L_sst_Nino1+2.png ya existe, se omite
  FGOALS-f3-L Nino 3.4: M051_serie_FGOALS-f3-L_sst_Nino3.4.png ya existe, se omite
FGOALS-g3
  FGOALS-g3 Nino 1+2: M052_serie_FGOALS-g3_sst_Nino1+2.png ya existe, se omite
  FGOALS-g3 Nino 3.4: M052_serie_FGOALS-g3_sst_Nino3.4.png ya existe, se omite
GFDL-ESM4
  GFDL-ESM4 Nino 1+2: M056_serie_GFDL-ESM4_sst_Nino1+2.png ya existe, se omite
  GFDL-ESM4 Nino 3.4: M056_serie_GFDL-ESM4_sst_Nino3.4.png ya existe, se omite
GISS-E2-1-G
  GISS-E2-1-G Nino 1+2: M057_serie_GISS-E2-1-G_sst_Nino1+2.png ya existe, se omite
  GISS-E2-1-G Nino 3.4: M057_serie_GISS-E2-1-G_sst_Nino3.4.png ya existe, se omite
GISS-E2-1-H
  GISS-E2-1-H Nino 1+2: M059_serie_GISS-E2-1-H_sst_Nino1+2.png ya existe, se omite
  GISS-E2-1-H Nino 3.4: M059_serie_GISS-E2-1-H_sst_Nino3.4.png ya existe, se omite
GISS-E2-2-G
  GISS-E2-2-G Nino 1+2: M060_serie_GISS-E2-2-G_sst_Nino1+2.png ya existe, se omite
  GISS-E2-2-G Nino 3.4: M060_serie_GISS-E2-2-G_sst_Nino3.4.png ya existe, se omite
IITM-ESM
  IITM-ESM Nino 1+2: M069_serie_IITM-ESM_sst_Nino1+2.png ya existe, se omite
  IITM-ESM Nino 3.4: M069_serie_IITM-ESM_sst_Nino3.4.png ya existe, se omite
INM-CM4-8
  INM-CM4-8 Nino 1+2: M070_serie_INM-CM4-8_sst_Nino1+2.png ya existe, se omite
  INM-CM4-8 Nino 3.4: M070_serie_INM-CM4-8_sst_Nino3.4.png ya existe, se omite
INM-CM5-0
  INM-CM5-0 Nino 1+2: M071_serie_INM-CM5-0_sst_Nino1+2.png ya existe, se omite
  INM-CM5-0 Nino 3.4: M071_serie_INM-CM5-0_sst_Nino3.4.png ya existe, se omite
IPSL-CM6A-LR
  IPSL-CM6A-LR Nino 1+2: M074_serie_IPSL-CM6A-LR_sst_Nino1+2.png ya existe, se omite
  IPSL-CM6A-LR Nino 3.4: M074_serie_IPSL-CM6A-LR_sst_Nino3.4.png ya existe, se omite
KACE-1-0-G
  KACE-1-0-G Nino 1+2: M077_serie_KACE-1-0-G_sst_Nino1+2.png ya existe, se omite
  KACE-1-0-G Nino 3.4: M077_serie_KACE-1-0-G_sst_Nino3.4.png ya existe, se omite
MCM-UA-1-0
  MCM-UA-1-0 Nino 1+2: M079_serie_MCM-UA-1-0_sst_Nino1+2.png ya existe, se omite
  MCM-UA-1-0 Nino 3.4: M079_serie_MCM-UA-1-0_sst_Nino3.4.png ya existe, se omite
MIROC-ES2L
  MIROC-ES2L Nino 1+2: M081_serie_MIROC-ES2L_sst_Nino1+2.png ya existe, se omite
  MIROC-ES2L Nino 3.4: M081_serie_MIROC-ES2L_sst_Nino3.4.png ya existe, se omite
MIROC6
  MIROC6 Nino 1+2: M082_serie_MIROC6_sst_Nino1+2.png ya existe, se omite
  MIROC6 Nino 3.4: M082_serie_MIROC6_sst_Nino3.4.png ya existe, se omite
MPI-ESM1-2-HR
  MPI-ESM1-2-HR Nino 1+2: M084_serie_MPI-ESM1-2-HR_sst_Nino1+2.png ya existe, se omite
  MPI-ESM1-2-HR Nino 3.4: M084_serie_MPI-ESM1-2-HR_sst_Nino3.4.png ya existe, se omite
MPI-ESM1-2-LR
  MPI-ESM1-2-LR Nino 1+2: M085_serie_MPI-ESM1-2-LR_sst_Nino1+2.png ya existe, se omite
  MPI-ESM1-2-LR Nino 3.4: M085_serie_MPI-ESM1-2-LR_sst_Nino3.4.png ya existe, se omite
MRI-ESM2-0
  MRI-ESM2-0 Nino 1+2: M087_serie_MRI-ESM2-0_sst_Nino1+2.png ya existe, se omite
  MRI-ESM2-0 Nino 3.4: M087_serie_MRI-ESM2-0_sst_Nino3.4.png ya existe, se omite
NorESM2-LM
  NorESM2-LM Nino 1+2: M094_serie_NorESM2-LM_sst_Nino1+2.png ya existe, se omite
  NorESM2-LM Nino 3.4: M094_serie_NorESM2-LM_sst_Nino3.4.png ya existe, se omite
NorESM2-MM
  NorESM2-MM Nino 1+2: M095_serie_NorESM2-MM_sst_Nino1+2.png ya existe, se omite
  NorESM2-MM Nino 3.4: M095_serie_NorESM2-MM_sst_Nino3.4.png ya existe, se omite
TaiESM1
  TaiESM1 Nino 1+2: M097_serie_TaiESM1_sst_Nino1+2.png ya existe, se omite
  TaiESM1 Nino 3.4: M097_serie_TaiESM1_sst_Nino3.4.png ya existe, se omite
UKESM1-0-LL
  UKESM1-0-LL Nino 1+2: M100_serie_UKESM1-0-LL_sst_Nino1+2.png ya existe, se omite
  UKESM1-0-LL Nino 3.4: M100_serie_UKESM1-0-LL_sst_Nino3.4.png ya existe, se omite
Listo, 40 modelo(s) graficado(s) (2 figuras cada uno) en /home/jonathan/personal/e1_smn/figures
== Paso 07: python3 scripts/07_build_inventory_report.py data/processed/qc_report.csv data/processed/masked data/processed/models_inventory_final.csv ==
Inventario final escrito en data/processed/models_inventory_final.csv (40/40 modelos seleccionados)
Pipeline completo.
== Registro de modelos ==
/home/jonathan/personal/e1_smn/informe/model_registry.csv: 102 modelos (41 con institucion/grilla, los que llegaron a ser seed -- ver config/models_seed_cmip6.csv)
== Graficos: plot_qc_summary.py ==

1 caso(s) PENDIENTE (link vivo encontrado, falta descargar y/o procesar):
   - MIROC-ES2H / historical

64 caso(s) SIN_LINK (existe segun 00b, pero 01 no encontro ningun link vivo):
   - AWI-ESM-1-1-LR / historical
   - BCC-ESM1 / historical
   - BCC-ESM1 / ssp370
   - CESM2-FV2 / historical
   - CESM2-FV2 / ssp370
   - CESM2-FV2 / ssp585
   - CESM2-WACCM-FV2 / historical
   - CIESM / historical
   - CIESM / ssp245
   - CIESM / ssp585
   - CMCC-CM2-HR4 / historical
   - E3SM-1-0 / historical
   - E3SM-1-0 / ssp370
   - E3SM-1-0 / ssp585
   - E3SM-1-1 / historical
   - E3SM-1-1 / ssp585
   - E3SM-1-1-ECA / historical
   - E3SM-1-1-ECA / ssp585
   - E3SM-2-0 / historical
   - E3SM-2-0 / ssp370
   - E3SM-2-0-NARRM / historical
   - E3SM-2-1 / historical
   - EC-Earth3-AerChem / historical
   - EC-Earth3-AerChem / ssp370
   - EC-Earth3-CC / historical
   - EC-Earth3-CC / ssp245
   - EC-Earth3-CC / ssp585
   - EC-Earth3-HR / historical
   - EC-Earth3-HR / ssp245
   - FIO-ESM-2-0 / historical
   - FIO-ESM-2-0 / ssp245
   - FIO-ESM-2-0 / ssp585
   - GFDL-CM4 / historical
   - GFDL-CM4 / ssp245
   - GFDL-CM4 / ssp585
   - GISS-E2-1-G-CC / historical
   - GISS-E2-1-G-CC / ssp245
   - GISS-E2-1-G-CC / ssp585
   - GISS-E2-2-H / historical
   - GISS-E3-G / historical
   - HadGEM3-GC31-LL / historical
   - HadGEM3-GC31-LL / ssp245
   - HadGEM3-GC31-LL / ssp585
   - HadGEM3-GC31-MM / historical
   - HadGEM3-GC31-MM / ssp585
   - ICON-ESM-LR / historical
   - IPSL-CM5A2-INCA / historical
   - IPSL-CM5A2-INCA / ssp370
   - IPSL-CM6A-LR-INCA / historical
   - KIOST-ESM / historical
   - KIOST-ESM / ssp245
   - KIOST-ESM / ssp585
   - MIROC-ES2H / ssp245
   - MIROC-ES2H / ssp370
   - MIROC-ES2H / ssp585
   - MPI-ESM-1-2-HAM / historical
   - MPI-ESM-1-2-HAM / ssp370
   - NESM3 / historical
   - NESM3 / ssp245
   - NESM3 / ssp585
   - NorCPM1 / historical
   - SAM0-UNICON / historical
   - UKESM1-1-LL / historical
   - UKESM1-1-LL / ssp370

Listo: 160 filas de QC procesadas, figura en /home/jonathan/personal/e1_smn/figures/sst_QD_vf.png
== Graficos: plot_boxplot_comparison.py ==
2 boxplot(s) comparativo(s) ya existen. Regenerar TODAS? [s/N, 15s, por defecto N] Graficando boxplots comparativos ...
  Nino 3.4: boxplot_Nino3.4.png ya existe, se omite
  Nino 1+2: boxplot_Nino1+2.png ya existe, se omite
Listo.
== Graficos: plot_region_nino_orthographic.py ==
region_nino_proj.png ya existe. Regenerar? [s/N, 15s, por defecto N] == Graficos: plot_maps.py ==
41 mapa(s) 2D ya existen. Regenerar TODAS? [s/N, 15s, por defecto N] Graficando mapas: 40 modelo(s) + ERSSTv5 ...
  ACCESS-CM2
  ACCESS-CM2: M001_sst_2d_ACCESS-CM2.png ya existe, se omite
  ACCESS-ESM1-5
  ACCESS-ESM1-5: M002_sst_2d_ACCESS-ESM1-5.png ya existe, se omite
  AWI-CM-1-1-MR
  AWI-CM-1-1-MR: M007_sst_2d_AWI-CM-1-1-MR.png ya existe, se omite
  BCC-CSM2-MR
  BCC-CSM2-MR: M010_sst_2d_BCC-CSM2-MR.png ya existe, se omite
  CAMS-CSM1-0
  CAMS-CSM1-0: M012_sst_2d_CAMS-CSM1-0.png ya existe, se omite
  CAS-ESM2-0
  CAS-ESM2-0: M013_sst_2d_CAS-ESM2-0.png ya existe, se omite
  CESM2
  CESM2: M017_sst_2d_CESM2.png ya existe, se omite
  CESM2-WACCM
  CESM2-WACCM: M019_sst_2d_CESM2-WACCM.png ya existe, se omite
  CMCC-CM2-SR5
  CMCC-CM2-SR5: M023_sst_2d_CMCC-CM2-SR5.png ya existe, se omite
  CMCC-ESM2
  CMCC-ESM2: M025_sst_2d_CMCC-ESM2.png ya existe, se omite
  CNRM-CM6-1
  CNRM-CM6-1: M026_sst_2d_CNRM-CM6-1.png ya existe, se omite
  CNRM-CM6-1-HR
  CNRM-CM6-1-HR: M027_sst_2d_CNRM-CM6-1-HR.png ya existe, se omite
  CNRM-ESM2-1
  CNRM-ESM2-1: M028_sst_2d_CNRM-ESM2-1.png ya existe, se omite
  CanESM5
  CanESM5: M029_sst_2d_CanESM5.png ya existe, se omite
  CanESM5-1
  CanESM5-1: M030_sst_2d_CanESM5-1.png ya existe, se omite
  CanESM5-CanOE
  CanESM5-CanOE: M031_sst_2d_CanESM5-CanOE.png ya existe, se omite
  EC-Earth3
  EC-Earth3: M038_sst_2d_EC-Earth3.png ya existe, se omite
  EC-Earth3-Veg
  EC-Earth3-Veg: M043_sst_2d_EC-Earth3-Veg.png ya existe, se omite
  EC-Earth3-Veg-LR
  EC-Earth3-Veg-LR: M044_sst_2d_EC-Earth3-Veg-LR.png ya existe, se omite
  FGOALS-f3-L
  FGOALS-f3-L: M051_sst_2d_FGOALS-f3-L.png ya existe, se omite
  FGOALS-g3
  FGOALS-g3: M052_sst_2d_FGOALS-g3.png ya existe, se omite
  GFDL-ESM4
  GFDL-ESM4: M056_sst_2d_GFDL-ESM4.png ya existe, se omite
  GISS-E2-1-G
  GISS-E2-1-G: M057_sst_2d_GISS-E2-1-G.png ya existe, se omite
  GISS-E2-1-H
  GISS-E2-1-H: M059_sst_2d_GISS-E2-1-H.png ya existe, se omite
  GISS-E2-2-G
  GISS-E2-2-G: M060_sst_2d_GISS-E2-2-G.png ya existe, se omite
  IITM-ESM
  IITM-ESM: M069_sst_2d_IITM-ESM.png ya existe, se omite
  INM-CM4-8
  INM-CM4-8: M070_sst_2d_INM-CM4-8.png ya existe, se omite
  INM-CM5-0
  INM-CM5-0: M071_sst_2d_INM-CM5-0.png ya existe, se omite
  IPSL-CM6A-LR
  IPSL-CM6A-LR: M074_sst_2d_IPSL-CM6A-LR.png ya existe, se omite
  KACE-1-0-G
  KACE-1-0-G: M077_sst_2d_KACE-1-0-G.png ya existe, se omite
  MCM-UA-1-0
  MCM-UA-1-0: M079_sst_2d_MCM-UA-1-0.png ya existe, se omite
  MIROC-ES2L
  MIROC-ES2L: M081_sst_2d_MIROC-ES2L.png ya existe, se omite
  MIROC6
  MIROC6: M082_sst_2d_MIROC6.png ya existe, se omite
  MPI-ESM1-2-HR
  MPI-ESM1-2-HR: M084_sst_2d_MPI-ESM1-2-HR.png ya existe, se omite
  MPI-ESM1-2-LR
  MPI-ESM1-2-LR: M085_sst_2d_MPI-ESM1-2-LR.png ya existe, se omite
  MRI-ESM2-0
  MRI-ESM2-0: M087_sst_2d_MRI-ESM2-0.png ya existe, se omite
  NorESM2-LM
  NorESM2-LM: M094_sst_2d_NorESM2-LM.png ya existe, se omite
  NorESM2-MM
  NorESM2-MM: M095_sst_2d_NorESM2-MM.png ya existe, se omite
  TaiESM1
  TaiESM1: M097_sst_2d_TaiESM1.png ya existe, se omite
  UKESM1-0-LL
  UKESM1-0-LL: M100_sst_2d_UKESM1-0-LL.png ya existe, se omite
  ERSSTv5
  ERSSTv5: sst_2d_ERSSTv5.png ya existe, se omite
Listo, 41 figura(s) en /home/jonathan/personal/e1_smn/figures
== Graficos: plot_box_series.py ==
80 serie(s) de caja ya existen. Regenerar TODAS? [s/N, 15s, por defecto N] ACCESS-CM2
  ACCESS-CM2 Nino 1+2: M001_serie_ACCESS-CM2_sst_Nino1+2.png ya existe, se omite
  ACCESS-CM2 Nino 3.4: M001_serie_ACCESS-CM2_sst_Nino3.4.png ya existe, se omite
ACCESS-ESM1-5
  ACCESS-ESM1-5 Nino 1+2: M002_serie_ACCESS-ESM1-5_sst_Nino1+2.png ya existe, se omite
  ACCESS-ESM1-5 Nino 3.4: M002_serie_ACCESS-ESM1-5_sst_Nino3.4.png ya existe, se omite
AWI-CM-1-1-MR
  AWI-CM-1-1-MR Nino 1+2: M007_serie_AWI-CM-1-1-MR_sst_Nino1+2.png ya existe, se omite
  AWI-CM-1-1-MR Nino 3.4: M007_serie_AWI-CM-1-1-MR_sst_Nino3.4.png ya existe, se omite
BCC-CSM2-MR
  BCC-CSM2-MR Nino 1+2: M010_serie_BCC-CSM2-MR_sst_Nino1+2.png ya existe, se omite
  BCC-CSM2-MR Nino 3.4: M010_serie_BCC-CSM2-MR_sst_Nino3.4.png ya existe, se omite
CAMS-CSM1-0
  CAMS-CSM1-0 Nino 1+2: M012_serie_CAMS-CSM1-0_sst_Nino1+2.png ya existe, se omite
  CAMS-CSM1-0 Nino 3.4: M012_serie_CAMS-CSM1-0_sst_Nino3.4.png ya existe, se omite
CAS-ESM2-0
  CAS-ESM2-0 Nino 1+2: M013_serie_CAS-ESM2-0_sst_Nino1+2.png ya existe, se omite
  CAS-ESM2-0 Nino 3.4: M013_serie_CAS-ESM2-0_sst_Nino3.4.png ya existe, se omite
CESM2
  CESM2 Nino 1+2: M017_serie_CESM2_sst_Nino1+2.png ya existe, se omite
  CESM2 Nino 3.4: M017_serie_CESM2_sst_Nino3.4.png ya existe, se omite
CESM2-WACCM
  CESM2-WACCM Nino 1+2: M019_serie_CESM2-WACCM_sst_Nino1+2.png ya existe, se omite
  CESM2-WACCM Nino 3.4: M019_serie_CESM2-WACCM_sst_Nino3.4.png ya existe, se omite
CMCC-CM2-SR5
  CMCC-CM2-SR5 Nino 1+2: M023_serie_CMCC-CM2-SR5_sst_Nino1+2.png ya existe, se omite
  CMCC-CM2-SR5 Nino 3.4: M023_serie_CMCC-CM2-SR5_sst_Nino3.4.png ya existe, se omite
CMCC-ESM2
  CMCC-ESM2 Nino 1+2: M025_serie_CMCC-ESM2_sst_Nino1+2.png ya existe, se omite
  CMCC-ESM2 Nino 3.4: M025_serie_CMCC-ESM2_sst_Nino3.4.png ya existe, se omite
CNRM-CM6-1
  CNRM-CM6-1 Nino 1+2: M026_serie_CNRM-CM6-1_sst_Nino1+2.png ya existe, se omite
  CNRM-CM6-1 Nino 3.4: M026_serie_CNRM-CM6-1_sst_Nino3.4.png ya existe, se omite
CNRM-CM6-1-HR
  CNRM-CM6-1-HR Nino 1+2: M027_serie_CNRM-CM6-1-HR_sst_Nino1+2.png ya existe, se omite
  CNRM-CM6-1-HR Nino 3.4: M027_serie_CNRM-CM6-1-HR_sst_Nino3.4.png ya existe, se omite
CNRM-ESM2-1
  CNRM-ESM2-1 Nino 1+2: M028_serie_CNRM-ESM2-1_sst_Nino1+2.png ya existe, se omite
  CNRM-ESM2-1 Nino 3.4: M028_serie_CNRM-ESM2-1_sst_Nino3.4.png ya existe, se omite
CanESM5
  CanESM5 Nino 1+2: M029_serie_CanESM5_sst_Nino1+2.png ya existe, se omite
  CanESM5 Nino 3.4: M029_serie_CanESM5_sst_Nino3.4.png ya existe, se omite
CanESM5-1
  CanESM5-1 Nino 1+2: M030_serie_CanESM5-1_sst_Nino1+2.png ya existe, se omite
  CanESM5-1 Nino 3.4: M030_serie_CanESM5-1_sst_Nino3.4.png ya existe, se omite
CanESM5-CanOE
  CanESM5-CanOE Nino 1+2: M031_serie_CanESM5-CanOE_sst_Nino1+2.png ya existe, se omite
  CanESM5-CanOE Nino 3.4: M031_serie_CanESM5-CanOE_sst_Nino3.4.png ya existe, se omite
EC-Earth3
  EC-Earth3 Nino 1+2: M038_serie_EC-Earth3_sst_Nino1+2.png ya existe, se omite
  EC-Earth3 Nino 3.4: M038_serie_EC-Earth3_sst_Nino3.4.png ya existe, se omite
EC-Earth3-Veg
  EC-Earth3-Veg Nino 1+2: M043_serie_EC-Earth3-Veg_sst_Nino1+2.png ya existe, se omite
  EC-Earth3-Veg Nino 3.4: M043_serie_EC-Earth3-Veg_sst_Nino3.4.png ya existe, se omite
EC-Earth3-Veg-LR
  EC-Earth3-Veg-LR Nino 1+2: M044_serie_EC-Earth3-Veg-LR_sst_Nino1+2.png ya existe, se omite
  EC-Earth3-Veg-LR Nino 3.4: M044_serie_EC-Earth3-Veg-LR_sst_Nino3.4.png ya existe, se omite
FGOALS-f3-L
  FGOALS-f3-L Nino 1+2: M051_serie_FGOALS-f3-L_sst_Nino1+2.png ya existe, se omite
  FGOALS-f3-L Nino 3.4: M051_serie_FGOALS-f3-L_sst_Nino3.4.png ya existe, se omite
FGOALS-g3
  FGOALS-g3 Nino 1+2: M052_serie_FGOALS-g3_sst_Nino1+2.png ya existe, se omite
  FGOALS-g3 Nino 3.4: M052_serie_FGOALS-g3_sst_Nino3.4.png ya existe, se omite
GFDL-ESM4
  GFDL-ESM4 Nino 1+2: M056_serie_GFDL-ESM4_sst_Nino1+2.png ya existe, se omite
  GFDL-ESM4 Nino 3.4: M056_serie_GFDL-ESM4_sst_Nino3.4.png ya existe, se omite
GISS-E2-1-G
  GISS-E2-1-G Nino 1+2: M057_serie_GISS-E2-1-G_sst_Nino1+2.png ya existe, se omite
  GISS-E2-1-G Nino 3.4: M057_serie_GISS-E2-1-G_sst_Nino3.4.png ya existe, se omite
GISS-E2-1-H
  GISS-E2-1-H Nino 1+2: M059_serie_GISS-E2-1-H_sst_Nino1+2.png ya existe, se omite
  GISS-E2-1-H Nino 3.4: M059_serie_GISS-E2-1-H_sst_Nino3.4.png ya existe, se omite
GISS-E2-2-G
  GISS-E2-2-G Nino 1+2: M060_serie_GISS-E2-2-G_sst_Nino1+2.png ya existe, se omite
  GISS-E2-2-G Nino 3.4: M060_serie_GISS-E2-2-G_sst_Nino3.4.png ya existe, se omite
IITM-ESM
  IITM-ESM Nino 1+2: M069_serie_IITM-ESM_sst_Nino1+2.png ya existe, se omite
  IITM-ESM Nino 3.4: M069_serie_IITM-ESM_sst_Nino3.4.png ya existe, se omite
INM-CM4-8
  INM-CM4-8 Nino 1+2: M070_serie_INM-CM4-8_sst_Nino1+2.png ya existe, se omite
  INM-CM4-8 Nino 3.4: M070_serie_INM-CM4-8_sst_Nino3.4.png ya existe, se omite
INM-CM5-0
  INM-CM5-0 Nino 1+2: M071_serie_INM-CM5-0_sst_Nino1+2.png ya existe, se omite
  INM-CM5-0 Nino 3.4: M071_serie_INM-CM5-0_sst_Nino3.4.png ya existe, se omite
IPSL-CM6A-LR
  IPSL-CM6A-LR Nino 1+2: M074_serie_IPSL-CM6A-LR_sst_Nino1+2.png ya existe, se omite
  IPSL-CM6A-LR Nino 3.4: M074_serie_IPSL-CM6A-LR_sst_Nino3.4.png ya existe, se omite
KACE-1-0-G
  KACE-1-0-G Nino 1+2: M077_serie_KACE-1-0-G_sst_Nino1+2.png ya existe, se omite
  KACE-1-0-G Nino 3.4: M077_serie_KACE-1-0-G_sst_Nino3.4.png ya existe, se omite
MCM-UA-1-0
  MCM-UA-1-0 Nino 1+2: M079_serie_MCM-UA-1-0_sst_Nino1+2.png ya existe, se omite
  MCM-UA-1-0 Nino 3.4: M079_serie_MCM-UA-1-0_sst_Nino3.4.png ya existe, se omite
MIROC-ES2L
  MIROC-ES2L Nino 1+2: M081_serie_MIROC-ES2L_sst_Nino1+2.png ya existe, se omite
  MIROC-ES2L Nino 3.4: M081_serie_MIROC-ES2L_sst_Nino3.4.png ya existe, se omite
MIROC6
  MIROC6 Nino 1+2: M082_serie_MIROC6_sst_Nino1+2.png ya existe, se omite
  MIROC6 Nino 3.4: M082_serie_MIROC6_sst_Nino3.4.png ya existe, se omite
MPI-ESM1-2-HR
  MPI-ESM1-2-HR Nino 1+2: M084_serie_MPI-ESM1-2-HR_sst_Nino1+2.png ya existe, se omite
  MPI-ESM1-2-HR Nino 3.4: M084_serie_MPI-ESM1-2-HR_sst_Nino3.4.png ya existe, se omite
MPI-ESM1-2-LR
  MPI-ESM1-2-LR Nino 1+2: M085_serie_MPI-ESM1-2-LR_sst_Nino1+2.png ya existe, se omite
  MPI-ESM1-2-LR Nino 3.4: M085_serie_MPI-ESM1-2-LR_sst_Nino3.4.png ya existe, se omite
MRI-ESM2-0
  MRI-ESM2-0 Nino 1+2: M087_serie_MRI-ESM2-0_sst_Nino1+2.png ya existe, se omite
  MRI-ESM2-0 Nino 3.4: M087_serie_MRI-ESM2-0_sst_Nino3.4.png ya existe, se omite
NorESM2-LM
  NorESM2-LM Nino 1+2: M094_serie_NorESM2-LM_sst_Nino1+2.png ya existe, se omite
  NorESM2-LM Nino 3.4: M094_serie_NorESM2-LM_sst_Nino3.4.png ya existe, se omite
NorESM2-MM
  NorESM2-MM Nino 1+2: M095_serie_NorESM2-MM_sst_Nino1+2.png ya existe, se omite
  NorESM2-MM Nino 3.4: M095_serie_NorESM2-MM_sst_Nino3.4.png ya existe, se omite
TaiESM1
  TaiESM1 Nino 1+2: M097_serie_TaiESM1_sst_Nino1+2.png ya existe, se omite
  TaiESM1 Nino 3.4: M097_serie_TaiESM1_sst_Nino3.4.png ya existe, se omite
UKESM1-0-LL
  UKESM1-0-LL Nino 1+2: M100_serie_UKESM1-0-LL_sst_Nino1+2.png ya existe, se omite
  UKESM1-0-LL Nino 3.4: M100_serie_UKESM1-0-LL_sst_Nino3.4.png ya existe, se omite
Listo, 40 modelo(s) graficado(s) (2 figuras cada uno) en /home/jonathan/personal/e1_smn/figures
== Paso 07: python3 scripts/07_build_inventory_report.py data/processed/qc_report.csv data/processed/masked data/processed/models_inventory_final.csv ==
Inventario final escrito en data/processed/models_inventory_final.csv (40/40 modelos seleccionados)
Pipeline completo.
== Registro de modelos ==
/home/jonathan/personal/e1_smn/informe/model_registry.csv: 102 modelos (41 con institucion/grilla, los que llegaron a ser seed -- ver config/models_seed_cmip6.csv)
== Graficos: plot_qc_summary.py ==

1 caso(s) PENDIENTE (link vivo encontrado, falta descargar y/o procesar):
   - MIROC-ES2H / historical

64 caso(s) SIN_LINK (existe segun 00b, pero 01 no encontro ningun link vivo):
   - AWI-ESM-1-1-LR / historical
   - BCC-ESM1 / historical
   - BCC-ESM1 / ssp370
   - CESM2-FV2 / historical
   - CESM2-FV2 / ssp370
   - CESM2-FV2 / ssp585
   - CESM2-WACCM-FV2 / historical
   - CIESM / historical
   - CIESM / ssp245
   - CIESM / ssp585
   - CMCC-CM2-HR4 / historical
   - E3SM-1-0 / historical
   - E3SM-1-0 / ssp370
   - E3SM-1-0 / ssp585
   - E3SM-1-1 / historical
   - E3SM-1-1 / ssp585
   - E3SM-1-1-ECA / historical
   - E3SM-1-1-ECA / ssp585
   - E3SM-2-0 / historical
   - E3SM-2-0 / ssp370
   - E3SM-2-0-NARRM / historical
   - E3SM-2-1 / historical
   - EC-Earth3-AerChem / historical
   - EC-Earth3-AerChem / ssp370
   - EC-Earth3-CC / historical
   - EC-Earth3-CC / ssp245
   - EC-Earth3-CC / ssp585
   - EC-Earth3-HR / historical
   - EC-Earth3-HR / ssp245
   - FIO-ESM-2-0 / historical
   - FIO-ESM-2-0 / ssp245
   - FIO-ESM-2-0 / ssp585
   - GFDL-CM4 / historical
   - GFDL-CM4 / ssp245
   - GFDL-CM4 / ssp585
   - GISS-E2-1-G-CC / historical
   - GISS-E2-1-G-CC / ssp245
   - GISS-E2-1-G-CC / ssp585
   - GISS-E2-2-H / historical
   - GISS-E3-G / historical
   - HadGEM3-GC31-LL / historical
   - HadGEM3-GC31-LL / ssp245
   - HadGEM3-GC31-LL / ssp585
   - HadGEM3-GC31-MM / historical
   - HadGEM3-GC31-MM / ssp585
   - ICON-ESM-LR / historical
   - IPSL-CM5A2-INCA / historical
   - IPSL-CM5A2-INCA / ssp370
   - IPSL-CM6A-LR-INCA / historical
   - KIOST-ESM / historical
   - KIOST-ESM / ssp245
   - KIOST-ESM / ssp585
   - MIROC-ES2H / ssp245
   - MIROC-ES2H / ssp370
   - MIROC-ES2H / ssp585
   - MPI-ESM-1-2-HAM / historical
   - MPI-ESM-1-2-HAM / ssp370
   - NESM3 / historical
   - NESM3 / ssp245
   - NESM3 / ssp585
   - NorCPM1 / historical
   - SAM0-UNICON / historical
   - UKESM1-1-LL / historical
   - UKESM1-1-LL / ssp370

Listo: 160 filas de QC procesadas, figura en /home/jonathan/personal/e1_smn/figures/sst_QD_vf.png
== Graficos: plot_boxplot_comparison.py ==
2 boxplot(s) comparativo(s) ya existen. Regenerar TODAS? [s/N, 15s, por defecto N] Graficando boxplots comparativos ...
  Nino 3.4: boxplot_Nino3.4.png ya existe, se omite
  Nino 1+2: boxplot_Nino1+2.png ya existe, se omite
Listo.
== Graficos: plot_region_nino_orthographic.py ==
region_nino_proj.png ya existe. Regenerar? [s/N, 15s, por defecto N] == Graficos: plot_maps.py ==
41 mapa(s) 2D ya existen. Regenerar TODAS? [s/N, 15s, por defecto N] Graficando mapas: 40 modelo(s) + ERSSTv5 ...
  ACCESS-CM2
  ACCESS-CM2: M001_sst_2d_ACCESS-CM2.png ya existe, se omite
  ACCESS-ESM1-5
  ACCESS-ESM1-5: M002_sst_2d_ACCESS-ESM1-5.png ya existe, se omite
  AWI-CM-1-1-MR
  AWI-CM-1-1-MR: M007_sst_2d_AWI-CM-1-1-MR.png ya existe, se omite
  BCC-CSM2-MR
  BCC-CSM2-MR: M010_sst_2d_BCC-CSM2-MR.png ya existe, se omite
  CAMS-CSM1-0
  CAMS-CSM1-0: M012_sst_2d_CAMS-CSM1-0.png ya existe, se omite
  CAS-ESM2-0
  CAS-ESM2-0: M013_sst_2d_CAS-ESM2-0.png ya existe, se omite
  CESM2
  CESM2: M017_sst_2d_CESM2.png ya existe, se omite
  CESM2-WACCM
  CESM2-WACCM: M019_sst_2d_CESM2-WACCM.png ya existe, se omite
  CMCC-CM2-SR5
  CMCC-CM2-SR5: M023_sst_2d_CMCC-CM2-SR5.png ya existe, se omite
  CMCC-ESM2
  CMCC-ESM2: M025_sst_2d_CMCC-ESM2.png ya existe, se omite
  CNRM-CM6-1
  CNRM-CM6-1: M026_sst_2d_CNRM-CM6-1.png ya existe, se omite
  CNRM-CM6-1-HR
  CNRM-CM6-1-HR: M027_sst_2d_CNRM-CM6-1-HR.png ya existe, se omite
  CNRM-ESM2-1
  CNRM-ESM2-1: M028_sst_2d_CNRM-ESM2-1.png ya existe, se omite
  CanESM5
  CanESM5: M029_sst_2d_CanESM5.png ya existe, se omite
  CanESM5-1
  CanESM5-1: M030_sst_2d_CanESM5-1.png ya existe, se omite
  CanESM5-CanOE
  CanESM5-CanOE: M031_sst_2d_CanESM5-CanOE.png ya existe, se omite
  EC-Earth3
  EC-Earth3: M038_sst_2d_EC-Earth3.png ya existe, se omite
  EC-Earth3-Veg
  EC-Earth3-Veg: M043_sst_2d_EC-Earth3-Veg.png ya existe, se omite
  EC-Earth3-Veg-LR
  EC-Earth3-Veg-LR: M044_sst_2d_EC-Earth3-Veg-LR.png ya existe, se omite
  FGOALS-f3-L
  FGOALS-f3-L: M051_sst_2d_FGOALS-f3-L.png ya existe, se omite
  FGOALS-g3
  FGOALS-g3: M052_sst_2d_FGOALS-g3.png ya existe, se omite
  GFDL-ESM4
  GFDL-ESM4: M056_sst_2d_GFDL-ESM4.png ya existe, se omite
  GISS-E2-1-G
  GISS-E2-1-G: M057_sst_2d_GISS-E2-1-G.png ya existe, se omite
  GISS-E2-1-H
  GISS-E2-1-H: M059_sst_2d_GISS-E2-1-H.png ya existe, se omite
  GISS-E2-2-G
  GISS-E2-2-G: M060_sst_2d_GISS-E2-2-G.png ya existe, se omite
  IITM-ESM
  IITM-ESM: M069_sst_2d_IITM-ESM.png ya existe, se omite
  INM-CM4-8
  INM-CM4-8: M070_sst_2d_INM-CM4-8.png ya existe, se omite
  INM-CM5-0
  INM-CM5-0: M071_sst_2d_INM-CM5-0.png ya existe, se omite
  IPSL-CM6A-LR
  IPSL-CM6A-LR: M074_sst_2d_IPSL-CM6A-LR.png ya existe, se omite
  KACE-1-0-G
  KACE-1-0-G: M077_sst_2d_KACE-1-0-G.png ya existe, se omite
  MCM-UA-1-0
  MCM-UA-1-0: M079_sst_2d_MCM-UA-1-0.png ya existe, se omite
  MIROC-ES2L
  MIROC-ES2L: M081_sst_2d_MIROC-ES2L.png ya existe, se omite
  MIROC6
  MIROC6: M082_sst_2d_MIROC6.png ya existe, se omite
  MPI-ESM1-2-HR
  MPI-ESM1-2-HR: M084_sst_2d_MPI-ESM1-2-HR.png ya existe, se omite
  MPI-ESM1-2-LR
  MPI-ESM1-2-LR: M085_sst_2d_MPI-ESM1-2-LR.png ya existe, se omite
  MRI-ESM2-0
  MRI-ESM2-0: M087_sst_2d_MRI-ESM2-0.png ya existe, se omite
  NorESM2-LM
  NorESM2-LM: M094_sst_2d_NorESM2-LM.png ya existe, se omite
  NorESM2-MM
  NorESM2-MM: M095_sst_2d_NorESM2-MM.png ya existe, se omite
  TaiESM1
  TaiESM1: M097_sst_2d_TaiESM1.png ya existe, se omite
  UKESM1-0-LL
  UKESM1-0-LL: M100_sst_2d_UKESM1-0-LL.png ya existe, se omite
  ERSSTv5
  ERSSTv5: sst_2d_ERSSTv5.png ya existe, se omite
Listo, 41 figura(s) en /home/jonathan/personal/e1_smn/figures
== Graficos: plot_box_series.py ==
80 serie(s) de caja ya existen. Regenerar TODAS? [s/N, 15s, por defecto N] ACCESS-CM2
  ACCESS-CM2 Nino 1+2: M001_serie_ACCESS-CM2_sst_Nino1+2.png ya existe, se omite
  ACCESS-CM2 Nino 3.4: M001_serie_ACCESS-CM2_sst_Nino3.4.png ya existe, se omite
ACCESS-ESM1-5
  ACCESS-ESM1-5 Nino 1+2: M002_serie_ACCESS-ESM1-5_sst_Nino1+2.png ya existe, se omite
  ACCESS-ESM1-5 Nino 3.4: M002_serie_ACCESS-ESM1-5_sst_Nino3.4.png ya existe, se omite
AWI-CM-1-1-MR
  AWI-CM-1-1-MR Nino 1+2: M007_serie_AWI-CM-1-1-MR_sst_Nino1+2.png ya existe, se omite
  AWI-CM-1-1-MR Nino 3.4: M007_serie_AWI-CM-1-1-MR_sst_Nino3.4.png ya existe, se omite
BCC-CSM2-MR
  BCC-CSM2-MR Nino 1+2: M010_serie_BCC-CSM2-MR_sst_Nino1+2.png ya existe, se omite
  BCC-CSM2-MR Nino 3.4: M010_serie_BCC-CSM2-MR_sst_Nino3.4.png ya existe, se omite
CAMS-CSM1-0
  CAMS-CSM1-0 Nino 1+2: M012_serie_CAMS-CSM1-0_sst_Nino1+2.png ya existe, se omite
  CAMS-CSM1-0 Nino 3.4: M012_serie_CAMS-CSM1-0_sst_Nino3.4.png ya existe, se omite
CAS-ESM2-0
  CAS-ESM2-0 Nino 1+2: M013_serie_CAS-ESM2-0_sst_Nino1+2.png ya existe, se omite
  CAS-ESM2-0 Nino 3.4: M013_serie_CAS-ESM2-0_sst_Nino3.4.png ya existe, se omite
CESM2
  CESM2 Nino 1+2: M017_serie_CESM2_sst_Nino1+2.png ya existe, se omite
  CESM2 Nino 3.4: M017_serie_CESM2_sst_Nino3.4.png ya existe, se omite
CESM2-WACCM
  CESM2-WACCM Nino 1+2: M019_serie_CESM2-WACCM_sst_Nino1+2.png ya existe, se omite
  CESM2-WACCM Nino 3.4: M019_serie_CESM2-WACCM_sst_Nino3.4.png ya existe, se omite
CMCC-CM2-SR5
  CMCC-CM2-SR5 Nino 1+2: M023_serie_CMCC-CM2-SR5_sst_Nino1+2.png ya existe, se omite
  CMCC-CM2-SR5 Nino 3.4: M023_serie_CMCC-CM2-SR5_sst_Nino3.4.png ya existe, se omite
CMCC-ESM2
  CMCC-ESM2 Nino 1+2: M025_serie_CMCC-ESM2_sst_Nino1+2.png ya existe, se omite
  CMCC-ESM2 Nino 3.4: M025_serie_CMCC-ESM2_sst_Nino3.4.png ya existe, se omite
CNRM-CM6-1
  CNRM-CM6-1 Nino 1+2: M026_serie_CNRM-CM6-1_sst_Nino1+2.png ya existe, se omite
  CNRM-CM6-1 Nino 3.4: M026_serie_CNRM-CM6-1_sst_Nino3.4.png ya existe, se omite
CNRM-CM6-1-HR
  CNRM-CM6-1-HR Nino 1+2: M027_serie_CNRM-CM6-1-HR_sst_Nino1+2.png ya existe, se omite
  CNRM-CM6-1-HR Nino 3.4: M027_serie_CNRM-CM6-1-HR_sst_Nino3.4.png ya existe, se omite
CNRM-ESM2-1
  CNRM-ESM2-1 Nino 1+2: M028_serie_CNRM-ESM2-1_sst_Nino1+2.png ya existe, se omite
  CNRM-ESM2-1 Nino 3.4: M028_serie_CNRM-ESM2-1_sst_Nino3.4.png ya existe, se omite
CanESM5
  CanESM5 Nino 1+2: M029_serie_CanESM5_sst_Nino1+2.png ya existe, se omite
  CanESM5 Nino 3.4: M029_serie_CanESM5_sst_Nino3.4.png ya existe, se omite
CanESM5-1
  CanESM5-1 Nino 1+2: M030_serie_CanESM5-1_sst_Nino1+2.png ya existe, se omite
  CanESM5-1 Nino 3.4: M030_serie_CanESM5-1_sst_Nino3.4.png ya existe, se omite
CanESM5-CanOE
  CanESM5-CanOE Nino 1+2: M031_serie_CanESM5-CanOE_sst_Nino1+2.png ya existe, se omite
  CanESM5-CanOE Nino 3.4: M031_serie_CanESM5-CanOE_sst_Nino3.4.png ya existe, se omite
EC-Earth3
  EC-Earth3 Nino 1+2: M038_serie_EC-Earth3_sst_Nino1+2.png ya existe, se omite
  EC-Earth3 Nino 3.4: M038_serie_EC-Earth3_sst_Nino3.4.png ya existe, se omite
EC-Earth3-Veg
  EC-Earth3-Veg Nino 1+2: M043_serie_EC-Earth3-Veg_sst_Nino1+2.png ya existe, se omite
  EC-Earth3-Veg Nino 3.4: M043_serie_EC-Earth3-Veg_sst_Nino3.4.png ya existe, se omite
EC-Earth3-Veg-LR
  EC-Earth3-Veg-LR Nino 1+2: M044_serie_EC-Earth3-Veg-LR_sst_Nino1+2.png ya existe, se omite
  EC-Earth3-Veg-LR Nino 3.4: M044_serie_EC-Earth3-Veg-LR_sst_Nino3.4.png ya existe, se omite
FGOALS-f3-L
  FGOALS-f3-L Nino 1+2: M051_serie_FGOALS-f3-L_sst_Nino1+2.png ya existe, se omite
  FGOALS-f3-L Nino 3.4: M051_serie_FGOALS-f3-L_sst_Nino3.4.png ya existe, se omite
FGOALS-g3
  FGOALS-g3 Nino 1+2: M052_serie_FGOALS-g3_sst_Nino1+2.png ya existe, se omite
  FGOALS-g3 Nino 3.4: M052_serie_FGOALS-g3_sst_Nino3.4.png ya existe, se omite
GFDL-ESM4
  GFDL-ESM4 Nino 1+2: M056_serie_GFDL-ESM4_sst_Nino1+2.png ya existe, se omite
  GFDL-ESM4 Nino 3.4: M056_serie_GFDL-ESM4_sst_Nino3.4.png ya existe, se omite
GISS-E2-1-G
  GISS-E2-1-G Nino 1+2: M057_serie_GISS-E2-1-G_sst_Nino1+2.png ya existe, se omite
  GISS-E2-1-G Nino 3.4: M057_serie_GISS-E2-1-G_sst_Nino3.4.png ya existe, se omite
GISS-E2-1-H
  GISS-E2-1-H Nino 1+2: M059_serie_GISS-E2-1-H_sst_Nino1+2.png ya existe, se omite
  GISS-E2-1-H Nino 3.4: M059_serie_GISS-E2-1-H_sst_Nino3.4.png ya existe, se omite
GISS-E2-2-G
  GISS-E2-2-G Nino 1+2: M060_serie_GISS-E2-2-G_sst_Nino1+2.png ya existe, se omite
  GISS-E2-2-G Nino 3.4: M060_serie_GISS-E2-2-G_sst_Nino3.4.png ya existe, se omite
IITM-ESM
  IITM-ESM Nino 1+2: M069_serie_IITM-ESM_sst_Nino1+2.png ya existe, se omite
  IITM-ESM Nino 3.4: M069_serie_IITM-ESM_sst_Nino3.4.png ya existe, se omite
INM-CM4-8
  INM-CM4-8 Nino 1+2: M070_serie_INM-CM4-8_sst_Nino1+2.png ya existe, se omite
  INM-CM4-8 Nino 3.4: M070_serie_INM-CM4-8_sst_Nino3.4.png ya existe, se omite
INM-CM5-0
  INM-CM5-0 Nino 1+2: M071_serie_INM-CM5-0_sst_Nino1+2.png ya existe, se omite
  INM-CM5-0 Nino 3.4: M071_serie_INM-CM5-0_sst_Nino3.4.png ya existe, se omite
IPSL-CM6A-LR
  IPSL-CM6A-LR Nino 1+2: M074_serie_IPSL-CM6A-LR_sst_Nino1+2.png ya existe, se omite
  IPSL-CM6A-LR Nino 3.4: M074_serie_IPSL-CM6A-LR_sst_Nino3.4.png ya existe, se omite
KACE-1-0-G
  KACE-1-0-G Nino 1+2: M077_serie_KACE-1-0-G_sst_Nino1+2.png ya existe, se omite
  KACE-1-0-G Nino 3.4: M077_serie_KACE-1-0-G_sst_Nino3.4.png ya existe, se omite
MCM-UA-1-0
  MCM-UA-1-0 Nino 1+2: M079_serie_MCM-UA-1-0_sst_Nino1+2.png ya existe, se omite
  MCM-UA-1-0 Nino 3.4: M079_serie_MCM-UA-1-0_sst_Nino3.4.png ya existe, se omite
MIROC-ES2L
  MIROC-ES2L Nino 1+2: M081_serie_MIROC-ES2L_sst_Nino1+2.png ya existe, se omite
  MIROC-ES2L Nino 3.4: M081_serie_MIROC-ES2L_sst_Nino3.4.png ya existe, se omite
MIROC6
  MIROC6 Nino 1+2: M082_serie_MIROC6_sst_Nino1+2.png ya existe, se omite
  MIROC6 Nino 3.4: M082_serie_MIROC6_sst_Nino3.4.png ya existe, se omite
MPI-ESM1-2-HR
  MPI-ESM1-2-HR Nino 1+2: M084_serie_MPI-ESM1-2-HR_sst_Nino1+2.png ya existe, se omite
  MPI-ESM1-2-HR Nino 3.4: M084_serie_MPI-ESM1-2-HR_sst_Nino3.4.png ya existe, se omite
MPI-ESM1-2-LR
  MPI-ESM1-2-LR Nino 1+2: M085_serie_MPI-ESM1-2-LR_sst_Nino1+2.png ya existe, se omite
  MPI-ESM1-2-LR Nino 3.4: M085_serie_MPI-ESM1-2-LR_sst_Nino3.4.png ya existe, se omite
MRI-ESM2-0
  MRI-ESM2-0 Nino 1+2: M087_serie_MRI-ESM2-0_sst_Nino1+2.png ya existe, se omite
  MRI-ESM2-0 Nino 3.4: M087_serie_MRI-ESM2-0_sst_Nino3.4.png ya existe, se omite
NorESM2-LM
  NorESM2-LM Nino 1+2: M094_serie_NorESM2-LM_sst_Nino1+2.png ya existe, se omite
  NorESM2-LM Nino 3.4: M094_serie_NorESM2-LM_sst_Nino3.4.png ya existe, se omite
NorESM2-MM
  NorESM2-MM Nino 1+2: M095_serie_NorESM2-MM_sst_Nino1+2.png ya existe, se omite
  NorESM2-MM Nino 3.4: M095_serie_NorESM2-MM_sst_Nino3.4.png ya existe, se omite
TaiESM1
  TaiESM1 Nino 1+2: M097_serie_TaiESM1_sst_Nino1+2.png ya existe, se omite
  TaiESM1 Nino 3.4: M097_serie_TaiESM1_sst_Nino3.4.png ya existe, se omite
UKESM1-0-LL
  UKESM1-0-LL Nino 1+2: M100_serie_UKESM1-0-LL_sst_Nino1+2.png ya existe, se omite
  UKESM1-0-LL Nino 3.4: M100_serie_UKESM1-0-LL_sst_Nino3.4.png ya existe, se omite
Listo, 40 modelo(s) graficado(s) (2 figuras cada uno) en /home/jonathan/personal/e1_smn/figures
== Paso 07: python3 scripts/07_build_inventory_report.py data/processed/qc_report.csv data/processed/masked data/processed/models_inventory_final.csv ==
Inventario final escrito en data/processed/models_inventory_final.csv (40/40 modelos seleccionados)
Pipeline completo.
== Registro de modelos ==
/home/jonathan/personal/e1_smn/informe/model_registry.csv: 102 modelos (41 con institucion/grilla, los que llegaron a ser seed -- ver config/models_seed_cmip6.csv)
== Graficos: plot_qc_summary.py ==

1 caso(s) PENDIENTE (link vivo encontrado, falta descargar y/o procesar):
   - MIROC-ES2H / historical

64 caso(s) SIN_LINK (existe segun 00b, pero 01 no encontro ningun link vivo):
   - AWI-ESM-1-1-LR / historical
   - BCC-ESM1 / historical
   - BCC-ESM1 / ssp370
   - CESM2-FV2 / historical
   - CESM2-FV2 / ssp370
   - CESM2-FV2 / ssp585
   - CESM2-WACCM-FV2 / historical
   - CIESM / historical
   - CIESM / ssp245
   - CIESM / ssp585
   - CMCC-CM2-HR4 / historical
   - E3SM-1-0 / historical
   - E3SM-1-0 / ssp370
   - E3SM-1-0 / ssp585
   - E3SM-1-1 / historical
   - E3SM-1-1 / ssp585
   - E3SM-1-1-ECA / historical
   - E3SM-1-1-ECA / ssp585
   - E3SM-2-0 / historical
   - E3SM-2-0 / ssp370
   - E3SM-2-0-NARRM / historical
   - E3SM-2-1 / historical
   - EC-Earth3-AerChem / historical
   - EC-Earth3-AerChem / ssp370
   - EC-Earth3-CC / historical
   - EC-Earth3-CC / ssp245
   - EC-Earth3-CC / ssp585
   - EC-Earth3-HR / historical
   - EC-Earth3-HR / ssp245
   - FIO-ESM-2-0 / historical
   - FIO-ESM-2-0 / ssp245
   - FIO-ESM-2-0 / ssp585
   - GFDL-CM4 / historical
   - GFDL-CM4 / ssp245
   - GFDL-CM4 / ssp585
   - GISS-E2-1-G-CC / historical
   - GISS-E2-1-G-CC / ssp245
   - GISS-E2-1-G-CC / ssp585
   - GISS-E2-2-H / historical
   - GISS-E3-G / historical
   - HadGEM3-GC31-LL / historical
   - HadGEM3-GC31-LL / ssp245
   - HadGEM3-GC31-LL / ssp585
   - HadGEM3-GC31-MM / historical
   - HadGEM3-GC31-MM / ssp585
   - ICON-ESM-LR / historical
   - IPSL-CM5A2-INCA / historical
   - IPSL-CM5A2-INCA / ssp370
   - IPSL-CM6A-LR-INCA / historical
   - KIOST-ESM / historical
   - KIOST-ESM / ssp245
   - KIOST-ESM / ssp585
   - MIROC-ES2H / ssp245
   - MIROC-ES2H / ssp370
   - MIROC-ES2H / ssp585
   - MPI-ESM-1-2-HAM / historical
   - MPI-ESM-1-2-HAM / ssp370
   - NESM3 / historical
   - NESM3 / ssp245
   - NESM3 / ssp585
   - NorCPM1 / historical
   - SAM0-UNICON / historical
   - UKESM1-1-LL / historical
   - UKESM1-1-LL / ssp370

Listo: 160 filas de QC procesadas, figura en /home/jonathan/personal/e1_smn/figures/sst_QD_vf.png
== Graficos: plot_boxplot_comparison.py ==
2 boxplot(s) comparativo(s) ya existen. Regenerar TODAS? [s/N, 15s, por defecto N] 
(sin respuesta en 15s, se mantienen las existentes)
Graficando boxplots comparativos ...
  Nino 3.4: boxplot_Nino3.4.png ya existe, se omite
  Nino 1+2: boxplot_Nino1+2.png ya existe, se omite
Listo.
== Graficos: plot_region_nino_orthographic.py ==
region_nino_proj.png ya existe. Regenerar? [s/N, 15s, por defecto N] 
(sin respuesta en 15s, se mantiene la figura existente)
== Graficos: plot_maps.py ==
41 mapa(s) 2D ya existen. Regenerar TODAS? [s/N, 15s, por defecto N] Graficando mapas: 40 modelo(s) + ERSSTv5 ...
  ACCESS-CM2
  ACCESS-CM2: M001_sst_2d_ACCESS-CM2.png ya existe, se omite
  ACCESS-ESM1-5
  ACCESS-ESM1-5: M002_sst_2d_ACCESS-ESM1-5.png ya existe, se omite
  AWI-CM-1-1-MR
  AWI-CM-1-1-MR: M007_sst_2d_AWI-CM-1-1-MR.png ya existe, se omite
  BCC-CSM2-MR
  BCC-CSM2-MR: M010_sst_2d_BCC-CSM2-MR.png ya existe, se omite
  CAMS-CSM1-0
  CAMS-CSM1-0: M012_sst_2d_CAMS-CSM1-0.png ya existe, se omite
  CAS-ESM2-0
  CAS-ESM2-0: M013_sst_2d_CAS-ESM2-0.png ya existe, se omite
  CESM2
  CESM2: M017_sst_2d_CESM2.png ya existe, se omite
  CESM2-WACCM
  CESM2-WACCM: M019_sst_2d_CESM2-WACCM.png ya existe, se omite
  CMCC-CM2-SR5
  CMCC-CM2-SR5: M023_sst_2d_CMCC-CM2-SR5.png ya existe, se omite
  CMCC-ESM2
  CMCC-ESM2: M025_sst_2d_CMCC-ESM2.png ya existe, se omite
  CNRM-CM6-1
  CNRM-CM6-1: M026_sst_2d_CNRM-CM6-1.png ya existe, se omite
  CNRM-CM6-1-HR
  CNRM-CM6-1-HR: M027_sst_2d_CNRM-CM6-1-HR.png ya existe, se omite
  CNRM-ESM2-1
  CNRM-ESM2-1: M028_sst_2d_CNRM-ESM2-1.png ya existe, se omite
  CanESM5
  CanESM5: M029_sst_2d_CanESM5.png ya existe, se omite
  CanESM5-1
  CanESM5-1: M030_sst_2d_CanESM5-1.png ya existe, se omite
  CanESM5-CanOE
  CanESM5-CanOE: M031_sst_2d_CanESM5-CanOE.png ya existe, se omite
  EC-Earth3
  EC-Earth3: M038_sst_2d_EC-Earth3.png ya existe, se omite
  EC-Earth3-Veg
  EC-Earth3-Veg: M043_sst_2d_EC-Earth3-Veg.png ya existe, se omite
  EC-Earth3-Veg-LR
  EC-Earth3-Veg-LR: M044_sst_2d_EC-Earth3-Veg-LR.png ya existe, se omite
  FGOALS-f3-L
  FGOALS-f3-L: M051_sst_2d_FGOALS-f3-L.png ya existe, se omite
  FGOALS-g3
  FGOALS-g3: M052_sst_2d_FGOALS-g3.png ya existe, se omite
  GFDL-ESM4
  GFDL-ESM4: M056_sst_2d_GFDL-ESM4.png ya existe, se omite
  GISS-E2-1-G
  GISS-E2-1-G: M057_sst_2d_GISS-E2-1-G.png ya existe, se omite
  GISS-E2-1-H
  GISS-E2-1-H: M059_sst_2d_GISS-E2-1-H.png ya existe, se omite
  GISS-E2-2-G
  GISS-E2-2-G: M060_sst_2d_GISS-E2-2-G.png ya existe, se omite
  IITM-ESM
  IITM-ESM: M069_sst_2d_IITM-ESM.png ya existe, se omite
  INM-CM4-8
  INM-CM4-8: M070_sst_2d_INM-CM4-8.png ya existe, se omite
  INM-CM5-0
  INM-CM5-0: M071_sst_2d_INM-CM5-0.png ya existe, se omite
  IPSL-CM6A-LR
  IPSL-CM6A-LR: M074_sst_2d_IPSL-CM6A-LR.png ya existe, se omite
  KACE-1-0-G
  KACE-1-0-G: M077_sst_2d_KACE-1-0-G.png ya existe, se omite
  MCM-UA-1-0
  MCM-UA-1-0: M079_sst_2d_MCM-UA-1-0.png ya existe, se omite
  MIROC-ES2L
  MIROC-ES2L: M081_sst_2d_MIROC-ES2L.png ya existe, se omite
  MIROC6
  MIROC6: M082_sst_2d_MIROC6.png ya existe, se omite
  MPI-ESM1-2-HR
  MPI-ESM1-2-HR: M084_sst_2d_MPI-ESM1-2-HR.png ya existe, se omite
  MPI-ESM1-2-LR
  MPI-ESM1-2-LR: M085_sst_2d_MPI-ESM1-2-LR.png ya existe, se omite
  MRI-ESM2-0
  MRI-ESM2-0: M087_sst_2d_MRI-ESM2-0.png ya existe, se omite
  NorESM2-LM
  NorESM2-LM: M094_sst_2d_NorESM2-LM.png ya existe, se omite
  NorESM2-MM
  NorESM2-MM: M095_sst_2d_NorESM2-MM.png ya existe, se omite
  TaiESM1
  TaiESM1: M097_sst_2d_TaiESM1.png ya existe, se omite
  UKESM1-0-LL
  UKESM1-0-LL: M100_sst_2d_UKESM1-0-LL.png ya existe, se omite
  ERSSTv5
  ERSSTv5: sst_2d_ERSSTv5.png ya existe, se omite
Listo, 41 figura(s) en /home/jonathan/personal/e1_smn/figures
== Graficos: plot_box_series.py ==
80 serie(s) de caja ya existen. Regenerar TODAS? [s/N, 15s, por defecto N] ACCESS-CM2
  ACCESS-CM2 Nino 1+2: M001_serie_ACCESS-CM2_sst_Nino1+2.png ya existe, se omite
  ACCESS-CM2 Nino 3.4: M001_serie_ACCESS-CM2_sst_Nino3.4.png ya existe, se omite
ACCESS-ESM1-5
  ACCESS-ESM1-5 Nino 1+2: M002_serie_ACCESS-ESM1-5_sst_Nino1+2.png ya existe, se omite
  ACCESS-ESM1-5 Nino 3.4: M002_serie_ACCESS-ESM1-5_sst_Nino3.4.png ya existe, se omite
AWI-CM-1-1-MR
  AWI-CM-1-1-MR Nino 1+2: M007_serie_AWI-CM-1-1-MR_sst_Nino1+2.png ya existe, se omite
  AWI-CM-1-1-MR Nino 3.4: M007_serie_AWI-CM-1-1-MR_sst_Nino3.4.png ya existe, se omite
BCC-CSM2-MR
  BCC-CSM2-MR Nino 1+2: M010_serie_BCC-CSM2-MR_sst_Nino1+2.png ya existe, se omite
  BCC-CSM2-MR Nino 3.4: M010_serie_BCC-CSM2-MR_sst_Nino3.4.png ya existe, se omite
CAMS-CSM1-0
  CAMS-CSM1-0 Nino 1+2: M012_serie_CAMS-CSM1-0_sst_Nino1+2.png ya existe, se omite
  CAMS-CSM1-0 Nino 3.4: M012_serie_CAMS-CSM1-0_sst_Nino3.4.png ya existe, se omite
CAS-ESM2-0
  CAS-ESM2-0 Nino 1+2: M013_serie_CAS-ESM2-0_sst_Nino1+2.png ya existe, se omite
  CAS-ESM2-0 Nino 3.4: M013_serie_CAS-ESM2-0_sst_Nino3.4.png ya existe, se omite
CESM2
  CESM2 Nino 1+2: M017_serie_CESM2_sst_Nino1+2.png ya existe, se omite
  CESM2 Nino 3.4: M017_serie_CESM2_sst_Nino3.4.png ya existe, se omite
CESM2-WACCM
  CESM2-WACCM Nino 1+2: M019_serie_CESM2-WACCM_sst_Nino1+2.png ya existe, se omite
  CESM2-WACCM Nino 3.4: M019_serie_CESM2-WACCM_sst_Nino3.4.png ya existe, se omite
CMCC-CM2-SR5
  CMCC-CM2-SR5 Nino 1+2: M023_serie_CMCC-CM2-SR5_sst_Nino1+2.png ya existe, se omite
  CMCC-CM2-SR5 Nino 3.4: M023_serie_CMCC-CM2-SR5_sst_Nino3.4.png ya existe, se omite
CMCC-ESM2
  CMCC-ESM2 Nino 1+2: M025_serie_CMCC-ESM2_sst_Nino1+2.png ya existe, se omite
  CMCC-ESM2 Nino 3.4: M025_serie_CMCC-ESM2_sst_Nino3.4.png ya existe, se omite
CNRM-CM6-1
  CNRM-CM6-1 Nino 1+2: M026_serie_CNRM-CM6-1_sst_Nino1+2.png ya existe, se omite
  CNRM-CM6-1 Nino 3.4: M026_serie_CNRM-CM6-1_sst_Nino3.4.png ya existe, se omite
CNRM-CM6-1-HR
  CNRM-CM6-1-HR Nino 1+2: M027_serie_CNRM-CM6-1-HR_sst_Nino1+2.png ya existe, se omite
  CNRM-CM6-1-HR Nino 3.4: M027_serie_CNRM-CM6-1-HR_sst_Nino3.4.png ya existe, se omite
CNRM-ESM2-1
  CNRM-ESM2-1 Nino 1+2: M028_serie_CNRM-ESM2-1_sst_Nino1+2.png ya existe, se omite
  CNRM-ESM2-1 Nino 3.4: M028_serie_CNRM-ESM2-1_sst_Nino3.4.png ya existe, se omite
CanESM5
  CanESM5 Nino 1+2: M029_serie_CanESM5_sst_Nino1+2.png ya existe, se omite
  CanESM5 Nino 3.4: M029_serie_CanESM5_sst_Nino3.4.png ya existe, se omite
CanESM5-1
  CanESM5-1 Nino 1+2: M030_serie_CanESM5-1_sst_Nino1+2.png ya existe, se omite
  CanESM5-1 Nino 3.4: M030_serie_CanESM5-1_sst_Nino3.4.png ya existe, se omite
CanESM5-CanOE
  CanESM5-CanOE Nino 1+2: M031_serie_CanESM5-CanOE_sst_Nino1+2.png ya existe, se omite
  CanESM5-CanOE Nino 3.4: M031_serie_CanESM5-CanOE_sst_Nino3.4.png ya existe, se omite
EC-Earth3
  EC-Earth3 Nino 1+2: M038_serie_EC-Earth3_sst_Nino1+2.png ya existe, se omite
  EC-Earth3 Nino 3.4: M038_serie_EC-Earth3_sst_Nino3.4.png ya existe, se omite
EC-Earth3-Veg
  EC-Earth3-Veg Nino 1+2: M043_serie_EC-Earth3-Veg_sst_Nino1+2.png ya existe, se omite
  EC-Earth3-Veg Nino 3.4: M043_serie_EC-Earth3-Veg_sst_Nino3.4.png ya existe, se omite
EC-Earth3-Veg-LR
  EC-Earth3-Veg-LR Nino 1+2: M044_serie_EC-Earth3-Veg-LR_sst_Nino1+2.png ya existe, se omite
  EC-Earth3-Veg-LR Nino 3.4: M044_serie_EC-Earth3-Veg-LR_sst_Nino3.4.png ya existe, se omite
FGOALS-f3-L
  FGOALS-f3-L Nino 1+2: M051_serie_FGOALS-f3-L_sst_Nino1+2.png ya existe, se omite
  FGOALS-f3-L Nino 3.4: M051_serie_FGOALS-f3-L_sst_Nino3.4.png ya existe, se omite
FGOALS-g3
  FGOALS-g3 Nino 1+2: M052_serie_FGOALS-g3_sst_Nino1+2.png ya existe, se omite
  FGOALS-g3 Nino 3.4: M052_serie_FGOALS-g3_sst_Nino3.4.png ya existe, se omite
GFDL-ESM4
  GFDL-ESM4 Nino 1+2: M056_serie_GFDL-ESM4_sst_Nino1+2.png ya existe, se omite
  GFDL-ESM4 Nino 3.4: M056_serie_GFDL-ESM4_sst_Nino3.4.png ya existe, se omite
GISS-E2-1-G
  GISS-E2-1-G Nino 1+2: M057_serie_GISS-E2-1-G_sst_Nino1+2.png ya existe, se omite
  GISS-E2-1-G Nino 3.4: M057_serie_GISS-E2-1-G_sst_Nino3.4.png ya existe, se omite
GISS-E2-1-H
  GISS-E2-1-H Nino 1+2: M059_serie_GISS-E2-1-H_sst_Nino1+2.png ya existe, se omite
  GISS-E2-1-H Nino 3.4: M059_serie_GISS-E2-1-H_sst_Nino3.4.png ya existe, se omite
GISS-E2-2-G
  GISS-E2-2-G Nino 1+2: M060_serie_GISS-E2-2-G_sst_Nino1+2.png ya existe, se omite
  GISS-E2-2-G Nino 3.4: M060_serie_GISS-E2-2-G_sst_Nino3.4.png ya existe, se omite
IITM-ESM
  IITM-ESM Nino 1+2: M069_serie_IITM-ESM_sst_Nino1+2.png ya existe, se omite
  IITM-ESM Nino 3.4: M069_serie_IITM-ESM_sst_Nino3.4.png ya existe, se omite
INM-CM4-8
  INM-CM4-8 Nino 1+2: M070_serie_INM-CM4-8_sst_Nino1+2.png ya existe, se omite
  INM-CM4-8 Nino 3.4: M070_serie_INM-CM4-8_sst_Nino3.4.png ya existe, se omite
INM-CM5-0
  INM-CM5-0 Nino 1+2: M071_serie_INM-CM5-0_sst_Nino1+2.png ya existe, se omite
  INM-CM5-0 Nino 3.4: M071_serie_INM-CM5-0_sst_Nino3.4.png ya existe, se omite
IPSL-CM6A-LR
  IPSL-CM6A-LR Nino 1+2: M074_serie_IPSL-CM6A-LR_sst_Nino1+2.png ya existe, se omite
  IPSL-CM6A-LR Nino 3.4: M074_serie_IPSL-CM6A-LR_sst_Nino3.4.png ya existe, se omite
KACE-1-0-G
  KACE-1-0-G Nino 1+2: M077_serie_KACE-1-0-G_sst_Nino1+2.png ya existe, se omite
  KACE-1-0-G Nino 3.4: M077_serie_KACE-1-0-G_sst_Nino3.4.png ya existe, se omite
MCM-UA-1-0
  MCM-UA-1-0 Nino 1+2: M079_serie_MCM-UA-1-0_sst_Nino1+2.png ya existe, se omite
  MCM-UA-1-0 Nino 3.4: M079_serie_MCM-UA-1-0_sst_Nino3.4.png ya existe, se omite
MIROC-ES2L
  MIROC-ES2L Nino 1+2: M081_serie_MIROC-ES2L_sst_Nino1+2.png ya existe, se omite
  MIROC-ES2L Nino 3.4: M081_serie_MIROC-ES2L_sst_Nino3.4.png ya existe, se omite
MIROC6
  MIROC6 Nino 1+2: M082_serie_MIROC6_sst_Nino1+2.png ya existe, se omite
  MIROC6 Nino 3.4: M082_serie_MIROC6_sst_Nino3.4.png ya existe, se omite
MPI-ESM1-2-HR
  MPI-ESM1-2-HR Nino 1+2: M084_serie_MPI-ESM1-2-HR_sst_Nino1+2.png ya existe, se omite
  MPI-ESM1-2-HR Nino 3.4: M084_serie_MPI-ESM1-2-HR_sst_Nino3.4.png ya existe, se omite
MPI-ESM1-2-LR
  MPI-ESM1-2-LR Nino 1+2: M085_serie_MPI-ESM1-2-LR_sst_Nino1+2.png ya existe, se omite
  MPI-ESM1-2-LR Nino 3.4: M085_serie_MPI-ESM1-2-LR_sst_Nino3.4.png ya existe, se omite
MRI-ESM2-0
  MRI-ESM2-0 Nino 1+2: M087_serie_MRI-ESM2-0_sst_Nino1+2.png ya existe, se omite
  MRI-ESM2-0 Nino 3.4: M087_serie_MRI-ESM2-0_sst_Nino3.4.png ya existe, se omite
NorESM2-LM
  NorESM2-LM Nino 1+2: M094_serie_NorESM2-LM_sst_Nino1+2.png ya existe, se omite
  NorESM2-LM Nino 3.4: M094_serie_NorESM2-LM_sst_Nino3.4.png ya existe, se omite
NorESM2-MM
  NorESM2-MM Nino 1+2: M095_serie_NorESM2-MM_sst_Nino1+2.png ya existe, se omite
  NorESM2-MM Nino 3.4: M095_serie_NorESM2-MM_sst_Nino3.4.png ya existe, se omite
TaiESM1
  TaiESM1 Nino 1+2: M097_serie_TaiESM1_sst_Nino1+2.png ya existe, se omite
  TaiESM1 Nino 3.4: M097_serie_TaiESM1_sst_Nino3.4.png ya existe, se omite
UKESM1-0-LL
  UKESM1-0-LL Nino 1+2: M100_serie_UKESM1-0-LL_sst_Nino1+2.png ya existe, se omite
  UKESM1-0-LL Nino 3.4: M100_serie_UKESM1-0-LL_sst_Nino3.4.png ya existe, se omite
Listo, 40 modelo(s) graficado(s) (2 figuras cada uno) en /home/jonathan/personal/e1_smn/figures
== Paso 03: bash scripts/03_download_ersstv5.sh ==
Descargando ERSSTv5 desde NOAA PSL...
== Paso 04: bash scripts/04_process_to_common_grid.sh ==
Preparando pesos de regrilla para ACCESS-CM2 ...
  calculando pesos (genbil) a partir de w_src.nc ...
Procesando ACCESS-CM2 historical ...
Procesando ACCESS-CM2 ssp245 ...
Procesando ACCESS-CM2 ssp370 ...
Procesando ACCESS-CM2 ssp585 ...
Preparando pesos de regrilla para ACCESS-ESM1-5 ...
  calculando pesos (genbil) a partir de w_src.nc ...
Procesando ACCESS-ESM1-5 historical ...
Procesando ACCESS-ESM1-5 ssp245 ...
Procesando ACCESS-ESM1-5 ssp370 ...
Procesando ACCESS-ESM1-5 ssp585 ...
Preparando pesos de regrilla para AWI-CM-1-1-MR ...
  malla no estructurada detectada: usando gencon en vez de genbil
  calculando pesos (gencon) a partir de w_src.nc ...
Procesando AWI-CM-1-1-MR historical ...
Procesando AWI-CM-1-1-MR ssp245 ...
Procesando AWI-CM-1-1-MR ssp370 ...
Procesando AWI-CM-1-1-MR ssp585 ...
Preparando pesos de regrilla para BCC-CSM2-MR ...
  calculando pesos (genbil) a partir de w_src.nc ...
Procesando BCC-CSM2-MR historical ...
Procesando BCC-CSM2-MR ssp245 ...
Procesando BCC-CSM2-MR ssp370 ...
Procesando BCC-CSM2-MR ssp585 ...
Preparando pesos de regrilla para CAMS-CSM1-0 ...
  calculando pesos (genbil) a partir de w_src.nc ...
Procesando CAMS-CSM1-0 historical ...
Procesando CAMS-CSM1-0 ssp245 ...
cdo    selyear (Warning): Year 2100 not found!
Procesando CAMS-CSM1-0 ssp370 ...
cdo    selyear (Warning): Year 2100 not found!
Procesando CAMS-CSM1-0 ssp585 ...
cdo    selyear (Warning): Year 2100 not found!
Preparando pesos de regrilla para CanESM5 ...
  calculando pesos (genbil) a partir de w_src.nc ...
Procesando CanESM5 historical ...
Procesando CanESM5 ssp245 ...
Procesando CanESM5 ssp370 ...
Procesando CanESM5 ssp585 ...
Preparando pesos de regrilla para CanESM5-1 ...
  calculando pesos (genbil) a partir de w_src.nc ...
Procesando CanESM5-1 historical ...
Procesando CanESM5-1 ssp245 ...
Procesando CanESM5-1 ssp370 ...
Procesando CanESM5-1 ssp585 ...
Preparando pesos de regrilla para CanESM5-CanOE ...
  calculando pesos (genbil) a partir de w_src.nc ...
Procesando CanESM5-CanOE historical ...
Procesando CanESM5-CanOE ssp245 ...
Procesando CanESM5-CanOE ssp370 ...
Procesando CanESM5-CanOE ssp585 ...
Preparando pesos de regrilla para CAS-ESM2-0 ...
  calculando pesos (genbil) a partir de w_src.nc ...
Procesando CAS-ESM2-0 historical ...
Procesando CAS-ESM2-0 ssp245 ...
Procesando CAS-ESM2-0 ssp370 ...
Procesando CAS-ESM2-0 ssp585 ...
Preparando pesos de regrilla para CESM2 ...
  calculando pesos (genbil) a partir de w_src.nc ...
Procesando CESM2 historical ...
Procesando CESM2 ssp245 ...
Procesando CESM2 ssp370 ...
Procesando CESM2 ssp585 ...
Preparando pesos de regrilla para CESM2-WACCM ...
  calculando pesos (genbil) a partir de w_src.nc ...
Procesando CESM2-WACCM historical ...
Procesando CESM2-WACCM ssp245 ...
Procesando CESM2-WACCM ssp370 ...
Procesando CESM2-WACCM ssp585 ...
Preparando pesos de regrilla para CMCC-CM2-SR5 ...
  calculando pesos (genbil) a partir de w_src.nc ...
Procesando CMCC-CM2-SR5 historical ...
Procesando CMCC-CM2-SR5 ssp245 ...
Procesando CMCC-CM2-SR5 ssp370 ...
Procesando CMCC-CM2-SR5 ssp585 ...
Preparando pesos de regrilla para CMCC-ESM2 ...
  calculando pesos (genbil) a partir de w_src.nc ...
Procesando CMCC-ESM2 historical ...
Procesando CMCC-ESM2 ssp245 ...
Procesando CMCC-ESM2 ssp370 ...
Procesando CMCC-ESM2 ssp585 ...
Preparando pesos de regrilla para CNRM-CM6-1 ...
  calculando pesos (genbil) a partir de w_src.nc ...
Procesando CNRM-CM6-1 historical ...
Procesando CNRM-CM6-1 ssp245 ...
Procesando CNRM-CM6-1 ssp370 ...
Procesando CNRM-CM6-1 ssp585 ...
Preparando pesos de regrilla para CNRM-CM6-1-HR ...
  calculando pesos (genbil) a partir de w_src.nc ...
Procesando CNRM-CM6-1-HR historical ...
Procesando CNRM-CM6-1-HR ssp245 ...
Procesando CNRM-CM6-1-HR ssp370 ...
Procesando CNRM-CM6-1-HR ssp585 ...
Preparando pesos de regrilla para CNRM-ESM2-1 ...
  calculando pesos (genbil) a partir de w_src.nc ...
Procesando CNRM-ESM2-1 historical ...
Procesando CNRM-ESM2-1 ssp245 ...
Procesando CNRM-ESM2-1 ssp370 ...
Procesando CNRM-ESM2-1 ssp585 ...
Preparando pesos de regrilla para EC-Earth3 ...
  calculando pesos (genbil) a partir de w_src.nc ...
Procesando EC-Earth3 historical ...
Procesando EC-Earth3 ssp245 ...
Procesando EC-Earth3 ssp370 ...
Procesando EC-Earth3 ssp585 ...
Preparando pesos de regrilla para EC-Earth3-Veg ...
  calculando pesos (genbil) a partir de w_src.nc ...
Procesando EC-Earth3-Veg historical ...
Procesando EC-Earth3-Veg ssp245 ...
Procesando EC-Earth3-Veg ssp370 ...
Procesando EC-Earth3-Veg ssp585 ...
Preparando pesos de regrilla para EC-Earth3-Veg-LR ...
  calculando pesos (genbil) a partir de w_src.nc ...
Procesando EC-Earth3-Veg-LR historical ...
Procesando EC-Earth3-Veg-LR ssp245 ...
Procesando EC-Earth3-Veg-LR ssp370 ...
Procesando EC-Earth3-Veg-LR ssp585 ...
Preparando pesos de regrilla para FGOALS-f3-L ...
  calculando pesos (genbil) a partir de w_src.nc ...
Procesando FGOALS-f3-L historical ...
Procesando FGOALS-f3-L ssp245 ...
Procesando FGOALS-f3-L ssp370 ...
Procesando FGOALS-f3-L ssp585 ...
Preparando pesos de regrilla para FGOALS-g3 ...
  calculando pesos (genbil) a partir de w_src.nc ...
Procesando FGOALS-g3 historical ...
Procesando FGOALS-g3 ssp245 ...
Procesando FGOALS-g3 ssp370 ...
Procesando FGOALS-g3 ssp585 ...
Preparando pesos de regrilla para GFDL-ESM4 ...
  calculando pesos (genbil) a partir de w_src.nc ...
Procesando GFDL-ESM4 historical ...
Procesando GFDL-ESM4 ssp245 ...
Procesando GFDL-ESM4 ssp370 ...
Procesando GFDL-ESM4 ssp585 ...
Preparando pesos de regrilla para GISS-E2-1-G ...
  calculando pesos (genbil) a partir de w_src.nc ...
Procesando GISS-E2-1-G historical ...
Procesando GISS-E2-1-G ssp245 ...
Procesando GISS-E2-1-G ssp370 ...
Procesando GISS-E2-1-G ssp585 ...
Preparando pesos de regrilla para GISS-E2-1-H ...
  calculando pesos (genbil) a partir de w_src.nc ...
Procesando GISS-E2-1-H historical ...
Procesando GISS-E2-1-H ssp245 ...
Procesando GISS-E2-1-H ssp370 ...
Procesando GISS-E2-1-H ssp585 ...
Preparando pesos de regrilla para GISS-E2-2-G ...
  calculando pesos (genbil) a partir de w_src.nc ...
Procesando GISS-E2-2-G historical ...
Procesando GISS-E2-2-G ssp245 ...
Procesando GISS-E2-2-G ssp370 ...
Procesando GISS-E2-2-G ssp585 ...
Preparando pesos de regrilla para IITM-ESM ...
cdi  warning (attribute_to_calendar): calendar >julian< unsupported!
  calculando pesos (genbil) a partir de w_src.nc ...
Procesando IITM-ESM historical ...
cdi  warning (attribute_to_calendar): calendar >julian< unsupported!
cdi  warning (attribute_to_calendar): calendar >julian< unsupported!
cdi  warning (attribute_to_calendar): calendar >julian< unsupported!
cdi  warning (attribute_to_calendar): calendar >julian< unsupported!
cdi  warning (attribute_to_calendar): calendar >julian< unsupported!
cdi  warning (attribute_to_calendar): calendar >julian< unsupported!
cdi  warning (attribute_to_calendar): calendar >julian< unsupported!
cdi  warning (attribute_to_calendar): calendar >julian< unsupported!
cdi  warning (attribute_to_calendar): calendar >julian< unsupported!
cdi  warning (attribute_to_calendar): calendar >julian< unsupported!
cdi  warning (attribute_to_calendar): calendar >julian< unsupported!
cdi  warning (attribute_to_calendar): calendar >julian< unsupported!
cdi  warning (attribute_to_calendar): calendar >julian< unsupported!
cdi  warning (attribute_to_calendar): calendar >julian< unsupported!
cdi  warning (attribute_to_calendar): calendar >julian< unsupported!
cdi  warning (attribute_to_calendar): calendar >julian< unsupported!
cdi  warning (attribute_to_calendar): calendar >julian< unsupported!
cdi  warning (attribute_to_calendar): calendar >julian< unsupported!
cdi  warning (attribute_to_calendar): calendar >julian< unsupported!
cdi  warning (attribute_to_calendar): calendar >julian< unsupported!
cdi  warning (attribute_to_calendar): calendar >julian< unsupported!
cdi  warning (attribute_to_calendar): calendar >julian< unsupported!
cdi  warning (attribute_to_calendar): calendar >julian< unsupported!
cdo    selyear (Warning): Year 1850 not found!
cdo    selyear (Warning): Year 1851 not found!
cdo    selyear (Warning): Year 1852 not found!
cdo    selyear (Warning): Year 1853 not found!
cdo    selyear (Warning): Year 1854 not found!
cdo    selyear (Warning): Year 1855 not found!
cdo    selyear (Warning): Year 1856 not found!
cdo    selyear (Warning): Year 1857 not found!
cdo    selyear (Warning): Year 1858 not found!
cdo    selyear (Warning): Year 1859 not found!
cdo    selyear (Warning): Year 1860 not found!
cdo    selyear (Warning): Year 1861 not found!
cdo    selyear (Warning): Year 1862 not found!
cdo    selyear (Warning): Year 1863 not found!
cdo    selyear (Warning): Year 1864 not found!
cdo    selyear (Warning): Year 1865 not found!
cdo    selyear (Warning): Year 1866 not found!
cdo    selyear (Warning): Year 1867 not found!
cdo    selyear (Warning): Year 1868 not found!
cdo    selyear (Warning): Year 1869 not found!
cdo    selyear (Warning): Year 1870 not found!
cdo    selyear (Warning): Year 1871 not found!
cdo    selyear (Warning): Year 1872 not found!
cdo    selyear (Warning): Year 1873 not found!
cdo    selyear (Warning): Year 1874 not found!
cdo    selyear (Warning): Year 1875 not found!
cdo    selyear (Warning): Year 1876 not found!
cdo    selyear (Warning): Year 1877 not found!
cdo    selyear (Warning): Year 1878 not found!
cdo    selyear (Warning): Year 1879 not found!
cdo    selyear (Warning): Year 1880 not found!
cdo    selyear (Warning): Year 1881 not found!
cdo    selyear (Warning): Year 1882 not found!
cdo    selyear (Warning): Year 1883 not found!
cdo    selyear (Warning): Year 1884 not found!
cdo    selyear (Warning): Year 1885 not found!
cdo    selyear (Warning): Year 1886 not found!
cdo    selyear (Warning): Year 1887 not found!
cdo    selyear (Warning): Year 1888 not found!
cdo    selyear (Warning): Year 1889 not found!
cdo    selyear (Warning): Year 1890 not found!
cdo    selyear (Warning): Year 1891 not found!
cdo    selyear (Warning): Year 1892 not found!
cdo    selyear (Warning): Year 1893 not found!
cdo    selyear (Warning): Year 1894 not found!
cdo    selyear (Warning): Year 1895 not found!
cdo    selyear (Warning): Year 1896 not found!
cdo    selyear (Warning): Year 1897 not found!
cdo    selyear (Warning): Year 1898 not found!
cdo    selyear (Warning): Year 1899 not found!
Procesando IITM-ESM ssp245 ...
cdi  warning (attribute_to_calendar): calendar >julian< unsupported!
cdi  warning (attribute_to_calendar): calendar >julian< unsupported!
cdi  warning (attribute_to_calendar): calendar >julian< unsupported!
cdi  warning (attribute_to_calendar): calendar >julian< unsupported!
cdi  warning (attribute_to_calendar): calendar >julian< unsupported!
cdi  warning (attribute_to_calendar): calendar >julian< unsupported!
cdi  warning (attribute_to_calendar): calendar >julian< unsupported!
cdi  warning (attribute_to_calendar): calendar >julian< unsupported!
cdi  warning (attribute_to_calendar): calendar >julian< unsupported!
cdi  warning (attribute_to_calendar): calendar >julian< unsupported!
cdi  warning (attribute_to_calendar): calendar >julian< unsupported!
cdi  warning (attribute_to_calendar): calendar >julian< unsupported!
cdi  warning (attribute_to_calendar): calendar >julian< unsupported!
cdi  warning (attribute_to_calendar): calendar >julian< unsupported!
cdi  warning (attribute_to_calendar): calendar >julian< unsupported!
cdi  warning (attribute_to_calendar): calendar >julian< unsupported!
cdi  warning (attribute_to_calendar): calendar >julian< unsupported!
cdo    selyear (Warning): Year 2100 not found!
Procesando IITM-ESM ssp370 ...
cdi  warning (attribute_to_calendar): calendar >julian< unsupported!
cdi  warning (attribute_to_calendar): calendar >julian< unsupported!
cdi  warning (attribute_to_calendar): calendar >julian< unsupported!
cdi  warning (attribute_to_calendar): calendar >julian< unsupported!
cdi  warning (attribute_to_calendar): calendar >julian< unsupported!
cdi  warning (attribute_to_calendar): calendar >julian< unsupported!
cdi  warning (attribute_to_calendar): calendar >julian< unsupported!
cdi  warning (attribute_to_calendar): calendar >julian< unsupported!
cdi  warning (attribute_to_calendar): calendar >julian< unsupported!
cdo    selyear (Warning): Year 2099 not found!
cdo    selyear (Warning): Year 2100 not found!
Procesando IITM-ESM ssp585 ...
cdi  warning (attribute_to_calendar): calendar >julian< unsupported!
cdi  warning (attribute_to_calendar): calendar >julian< unsupported!
cdi  warning (attribute_to_calendar): calendar >julian< unsupported!
cdi  warning (attribute_to_calendar): calendar >julian< unsupported!
cdi  warning (attribute_to_calendar): calendar >julian< unsupported!
cdi  warning (attribute_to_calendar): calendar >julian< unsupported!
cdi  warning (attribute_to_calendar): calendar >julian< unsupported!
cdi  warning (attribute_to_calendar): calendar >julian< unsupported!
cdi  warning (attribute_to_calendar): calendar >julian< unsupported!
cdi  warning (attribute_to_calendar): calendar >julian< unsupported!
cdi  warning (attribute_to_calendar): calendar >julian< unsupported!
cdi  warning (attribute_to_calendar): calendar >julian< unsupported!
cdi  warning (attribute_to_calendar): calendar >julian< unsupported!
cdi  warning (attribute_to_calendar): calendar >julian< unsupported!
cdi  warning (attribute_to_calendar): calendar >julian< unsupported!
cdi  warning (attribute_to_calendar): calendar >julian< unsupported!
cdi  warning (attribute_to_calendar): calendar >julian< unsupported!
cdo    selyear (Warning): Year 2100 not found!
Preparando pesos de regrilla para INM-CM4-8 ...
  calculando pesos (genbil) a partir de w_src.nc ...
Procesando INM-CM4-8 historical ...
Procesando INM-CM4-8 ssp245 ...
Procesando INM-CM4-8 ssp370 ...
Procesando INM-CM4-8 ssp585 ...
Preparando pesos de regrilla para INM-CM5-0 ...
  calculando pesos (genbil) a partir de w_src.nc ...
Procesando INM-CM5-0 historical ...
Procesando INM-CM5-0 ssp245 ...
Procesando INM-CM5-0 ssp370 ...
Procesando INM-CM5-0 ssp585 ...
Preparando pesos de regrilla para IPSL-CM6A-LR ...
  calculando pesos (genbil) a partir de w_src.nc ...
Procesando IPSL-CM6A-LR historical ...
Procesando IPSL-CM6A-LR ssp245 ...
Procesando IPSL-CM6A-LR ssp370 ...
Procesando IPSL-CM6A-LR ssp585 ...
Preparando pesos de regrilla para KACE-1-0-G ...
  calculando pesos (genbil) a partir de w_src.nc ...
Procesando KACE-1-0-G historical ...
Procesando KACE-1-0-G ssp245 ...
Procesando KACE-1-0-G ssp370 ...
Procesando KACE-1-0-G ssp585 ...
Preparando pesos de regrilla para MCM-UA-1-0 ...
  calculando pesos (genbil) a partir de w_src.nc ...
Procesando MCM-UA-1-0 historical ...
Procesando MCM-UA-1-0 ssp245 ...
Procesando MCM-UA-1-0 ssp370 ...
Procesando MCM-UA-1-0 ssp585 ...
Preparando pesos de regrilla para MIROC6 ...
  calculando pesos (genbil) a partir de w_src.nc ...
Procesando MIROC6 historical ...
Procesando MIROC6 ssp245 ...
Procesando MIROC6 ssp370 ...
Procesando MIROC6 ssp585 ...
Preparando pesos de regrilla para MIROC-ES2L ...
  calculando pesos (genbil) a partir de w_src.nc ...
Procesando MIROC-ES2L historical ...
Procesando MIROC-ES2L ssp245 ...
Procesando MIROC-ES2L ssp370 ...
Procesando MIROC-ES2L ssp585 ...
Preparando pesos de regrilla para MPI-ESM1-2-HR ...
  calculando pesos (genbil) a partir de w_src.nc ...
Procesando MPI-ESM1-2-HR historical ...
Procesando MPI-ESM1-2-HR ssp245 ...
Procesando MPI-ESM1-2-HR ssp370 ...
Procesando MPI-ESM1-2-HR ssp585 ...
Preparando pesos de regrilla para MPI-ESM1-2-LR ...
  calculando pesos (genbil) a partir de w_src.nc ...
Procesando MPI-ESM1-2-LR historical ...
Procesando MPI-ESM1-2-LR ssp245 ...
Procesando MPI-ESM1-2-LR ssp370 ...
Procesando MPI-ESM1-2-LR ssp585 ...
Preparando pesos de regrilla para MRI-ESM2-0 ...
  calculando pesos (genbil) a partir de w_src.nc ...
Procesando MRI-ESM2-0 historical ...
Procesando MRI-ESM2-0 ssp245 ...
Procesando MRI-ESM2-0 ssp370 ...
Procesando MRI-ESM2-0 ssp585 ...
Preparando pesos de regrilla para NorESM2-LM ...
  calculando pesos (genbil) a partir de w_src.nc ...
Procesando NorESM2-LM historical ...
Procesando NorESM2-LM ssp245 ...
Procesando NorESM2-LM ssp370 ...
Procesando NorESM2-LM ssp585 ...
Preparando pesos de regrilla para NorESM2-MM ...
  calculando pesos (genbil) a partir de w_src.nc ...
Procesando NorESM2-MM historical ...
Procesando NorESM2-MM ssp245 ...
Procesando NorESM2-MM ssp370 ...
Procesando NorESM2-MM ssp585 ...
Preparando pesos de regrilla para TaiESM1 ...
  calculando pesos (genbil) a partir de w_src.nc ...
Procesando TaiESM1 historical ...
Procesando TaiESM1 ssp245 ...
Procesando TaiESM1 ssp370 ...
Procesando TaiESM1 ssp585 ...
Preparando pesos de regrilla para UKESM1-0-LL ...
  calculando pesos (genbil) a partir de w_src.nc ...
Procesando UKESM1-0-LL historical ...
Procesando UKESM1-0-LL ssp245 ...
Procesando UKESM1-0-LL ssp370 ...
Procesando UKESM1-0-LL ssp585 ...
== Paso 05: python3 scripts/05_apply_ocean_mask.py ==
Traceback (most recent call last):
  File "/home/jonathan/personal/e1_smn/scripts/05_apply_ocean_mask.py", line 137, in <module>
    main()
  File "/home/jonathan/personal/e1_smn/scripts/05_apply_ocean_mask.py", line 129, in main
    apply_mask(f, outfile, ocean_mask)
  File "/home/jonathan/personal/e1_smn/scripts/05_apply_ocean_mask.py", line 82, in apply_mask
    land = np.broadcast_to(~ocean_mask.astype(bool), data.shape)
           ^^^^^^^^^^^^^^^^^^^^^^^^^^^^^^^^^^^^^^^^^^^^^^^^^^^^^
  File "/home/jonathan/miniconda3/lib/python3.12/site-packages/numpy/lib/stride_tricks.py", line 413, in broadcast_to
    return _broadcast_to(array, shape, subok=subok, readonly=True)
           ^^^^^^^^^^^^^^^^^^^^^^^^^^^^^^^^^^^^^^^^^^^^^^^^^^^^^^^
  File "/home/jonathan/miniconda3/lib/python3.12/site-packages/numpy/lib/stride_tricks.py", line 349, in _broadcast_to
    it = np.nditer(
         ^^^^^^^^^^
ValueError: operands could not be broadcast together with remapped shapes [original->remapped]: (21,96)  and requested shape (1980,31,180)
== Paso 05: python3 scripts/05_apply_ocean_mask.py ==
Construyendo mascara oceano-tierra a partir de ERSSTv5 ...
Mascara construida: 4231/5580 puntos de oceano
  tos_ACCESS-CM2_historical.nc: 3152160 puntos con |valor| > 400, vueltos NaN
  tos_ACCESS-CM2_ssp245.nc: 1642944 puntos con |valor| > 400, vueltos NaN
  tos_ACCESS-CM2_ssp370.nc: 1642944 puntos con |valor| > 400, vueltos NaN
  tos_ACCESS-CM2_ssp585.nc: 1642944 puntos con |valor| > 400, vueltos NaN
  tos_ACCESS-ESM1-5_historical.nc: 3152160 puntos con |valor| > 400, vueltos NaN
  tos_ACCESS-ESM1-5_ssp245.nc: 1642944 puntos con |valor| > 400, vueltos NaN
  tos_ACCESS-ESM1-5_ssp370.nc: 1642944 puntos con |valor| > 400, vueltos NaN
  tos_ACCESS-ESM1-5_ssp585.nc: 1642944 puntos con |valor| > 400, vueltos NaN
  tos_AWI-CM-1-1-MR_historical.nc: 2290860 puntos con |valor| > 400, vueltos NaN
  tos_AWI-CM-1-1-MR_ssp245.nc: 1194024 puntos con |valor| > 400, vueltos NaN
  tos_AWI-CM-1-1-MR_ssp370.nc: 1194024 puntos con |valor| > 400, vueltos NaN
  tos_AWI-CM-1-1-MR_ssp585.nc: 1194024 puntos con |valor| > 400, vueltos NaN
  tos_BCC-CSM2-MR_historical.nc: 3193740 puntos con |valor| > 400, vueltos NaN
  tos_BCC-CSM2-MR_ssp245.nc: 1664616 puntos con |valor| > 400, vueltos NaN
  tos_BCC-CSM2-MR_ssp370.nc: 1664616 puntos con |valor| > 400, vueltos NaN
  tos_BCC-CSM2-MR_ssp585.nc: 1664616 puntos con |valor| > 400, vueltos NaN
  tos_CAMS-CSM1-0_historical.nc: 3148200 puntos con |valor| > 400, vueltos NaN
  tos_CAMS-CSM1-0_ssp245.nc: 1621800 puntos con |valor| > 400, vueltos NaN
  tos_CAMS-CSM1-0_ssp370.nc: 1621800 puntos con |valor| > 400, vueltos NaN
  tos_CAMS-CSM1-0_ssp585.nc: 1621800 puntos con |valor| > 400, vueltos NaN
  tos_CAS-ESM2-0_historical.nc: 3173940 puntos con |valor| > 400, vueltos NaN
  tos_CAS-ESM2-0_ssp245.nc: 1654296 puntos con |valor| > 400, vueltos NaN
  tos_CAS-ESM2-0_ssp370.nc: 1654296 puntos con |valor| > 400, vueltos NaN
  tos_CAS-ESM2-0_ssp585.nc: 1654296 puntos con |valor| > 400, vueltos NaN
  tos_CESM2-WACCM_historical.nc: 3193740 puntos con |valor| > 400, vueltos NaN
  tos_CESM2-WACCM_ssp245.nc: 1664616 puntos con |valor| > 400, vueltos NaN
  tos_CESM2-WACCM_ssp370.nc: 1664616 puntos con |valor| > 400, vueltos NaN
  tos_CESM2-WACCM_ssp585.nc: 1664616 puntos con |valor| > 400, vueltos NaN
  tos_CESM2_historical.nc: 3193740 puntos con |valor| > 400, vueltos NaN
  tos_CESM2_ssp245.nc: 1664616 puntos con |valor| > 400, vueltos NaN
  tos_CESM2_ssp370.nc: 1664616 puntos con |valor| > 400, vueltos NaN
  tos_CESM2_ssp585.nc: 1664616 puntos con |valor| > 400, vueltos NaN
  tos_CMCC-CM2-SR5_historical.nc: 3223440 puntos con |valor| > 400, vueltos NaN
  tos_CMCC-CM2-SR5_ssp245.nc: 1680096 puntos con |valor| > 400, vueltos NaN
  tos_CMCC-CM2-SR5_ssp370.nc: 1680096 puntos con |valor| > 400, vueltos NaN
  tos_CMCC-CM2-SR5_ssp585.nc: 1680096 puntos con |valor| > 400, vueltos NaN
  tos_CMCC-ESM2_historical.nc: 3223440 puntos con |valor| > 400, vueltos NaN
  tos_CMCC-ESM2_ssp245.nc: 1680096 puntos con |valor| > 400, vueltos NaN
  tos_CMCC-ESM2_ssp370.nc: 1680096 puntos con |valor| > 400, vueltos NaN
  tos_CMCC-ESM2_ssp585.nc: 1680096 puntos con |valor| > 400, vueltos NaN
  tos_CNRM-CM6-1-HR_historical.nc: 3015540 puntos con |valor| > 400, vueltos NaN
  tos_CNRM-CM6-1-HR_ssp245.nc: 1571736 puntos con |valor| > 400, vueltos NaN
  tos_CNRM-CM6-1-HR_ssp370.nc: 1571736 puntos con |valor| > 400, vueltos NaN
  tos_CNRM-CM6-1-HR_ssp585.nc: 1571736 puntos con |valor| > 400, vueltos NaN
  tos_CNRM-CM6-1_historical.nc: 3223440 puntos con |valor| > 400, vueltos NaN
  tos_CNRM-CM6-1_ssp245.nc: 1680096 puntos con |valor| > 400, vueltos NaN
  tos_CNRM-CM6-1_ssp370.nc: 1680096 puntos con |valor| > 400, vueltos NaN
  tos_CNRM-CM6-1_ssp585.nc: 1680096 puntos con |valor| > 400, vueltos NaN
  tos_CNRM-ESM2-1_historical.nc: 3223440 puntos con |valor| > 400, vueltos NaN
  tos_CNRM-ESM2-1_ssp245.nc: 1680096 puntos con |valor| > 400, vueltos NaN
  tos_CNRM-ESM2-1_ssp370.nc: 1680096 puntos con |valor| > 400, vueltos NaN
  tos_CNRM-ESM2-1_ssp585.nc: 1680096 puntos con |valor| > 400, vueltos NaN
  tos_CanESM5-1_historical.nc: 3175920 puntos con |valor| > 400, vueltos NaN
  tos_CanESM5-1_ssp245.nc: 1655328 puntos con |valor| > 400, vueltos NaN
  tos_CanESM5-1_ssp370.nc: 1655328 puntos con |valor| > 400, vueltos NaN
  tos_CanESM5-1_ssp585.nc: 1655328 puntos con |valor| > 400, vueltos NaN
  tos_CanESM5-CanOE_historical.nc: 3175920 puntos con |valor| > 400, vueltos NaN
  tos_CanESM5-CanOE_ssp245.nc: 1655328 puntos con |valor| > 400, vueltos NaN
  tos_CanESM5-CanOE_ssp370.nc: 1655328 puntos con |valor| > 400, vueltos NaN
  tos_CanESM5-CanOE_ssp585.nc: 1655328 puntos con |valor| > 400, vueltos NaN
  tos_CanESM5_historical.nc: 3175920 puntos con |valor| > 400, vueltos NaN
  tos_CanESM5_ssp245.nc: 1655328 puntos con |valor| > 400, vueltos NaN
  tos_CanESM5_ssp370.nc: 1655328 puntos con |valor| > 400, vueltos NaN
  tos_CanESM5_ssp585.nc: 1655328 puntos con |valor| > 400, vueltos NaN
  tos_EC-Earth3-Veg-LR_historical.nc: 3223440 puntos con |valor| > 400, vueltos NaN
  tos_EC-Earth3-Veg-LR_ssp245.nc: 1680096 puntos con |valor| > 400, vueltos NaN
  tos_EC-Earth3-Veg-LR_ssp370.nc: 1680096 puntos con |valor| > 400, vueltos NaN
  tos_EC-Earth3-Veg-LR_ssp585.nc: 1680096 puntos con |valor| > 400, vueltos NaN
  tos_EC-Earth3-Veg_historical.nc: 3223440 puntos con |valor| > 400, vueltos NaN
  tos_EC-Earth3-Veg_ssp245.nc: 1680096 puntos con |valor| > 400, vueltos NaN
  tos_EC-Earth3-Veg_ssp370.nc: 1680096 puntos con |valor| > 400, vueltos NaN
  tos_EC-Earth3-Veg_ssp585.nc: 1680096 puntos con |valor| > 400, vueltos NaN
  tos_EC-Earth3_historical.nc: 3223440 puntos con |valor| > 400, vueltos NaN
  tos_EC-Earth3_ssp245.nc: 1680096 puntos con |valor| > 400, vueltos NaN
  tos_EC-Earth3_ssp370.nc: 1680096 puntos con |valor| > 400, vueltos NaN
  tos_EC-Earth3_ssp585.nc: 1680096 puntos con |valor| > 400, vueltos NaN
  tos_FGOALS-f3-L_historical.nc: 3013560 puntos con |valor| > 400, vueltos NaN
  tos_FGOALS-f3-L_ssp245.nc: 1647072 puntos con |valor| > 400, vueltos NaN
  tos_FGOALS-f3-L_ssp370.nc: 1647072 puntos con |valor| > 400, vueltos NaN
  tos_FGOALS-f3-L_ssp585.nc: 1647072 puntos con |valor| > 400, vueltos NaN
  tos_FGOALS-g3_historical.nc: 3160080 puntos con |valor| > 400, vueltos NaN
  tos_FGOALS-g3_ssp245.nc: 1647072 puntos con |valor| > 400, vueltos NaN
  tos_FGOALS-g3_ssp370.nc: 1647072 puntos con |valor| > 400, vueltos NaN
  tos_FGOALS-g3_ssp585.nc: 1647072 puntos con |valor| > 400, vueltos NaN
  tos_GFDL-ESM4_historical.nc: 2908620 puntos con |valor| > 400, vueltos NaN
  tos_GFDL-ESM4_ssp245.nc: 1516008 puntos con |valor| > 400, vueltos NaN
  tos_GFDL-ESM4_ssp370.nc: 1516008 puntos con |valor| > 400, vueltos NaN
  tos_GFDL-ESM4_ssp585.nc: 1516008 puntos con |valor| > 400, vueltos NaN
  tos_GISS-E2-1-G_historical.nc: 3092760 puntos con |valor| > 400, vueltos NaN
  tos_GISS-E2-1-G_ssp245.nc: 1611984 puntos con |valor| > 400, vueltos NaN
  tos_GISS-E2-1-G_ssp370.nc: 1611984 puntos con |valor| > 400, vueltos NaN
  tos_GISS-E2-1-G_ssp585.nc: 1611984 puntos con |valor| > 400, vueltos NaN
  tos_GISS-E2-1-H_historical.nc: 2789820 puntos con |valor| > 400, vueltos NaN
  tos_GISS-E2-1-H_ssp245.nc: 1454088 puntos con |valor| > 400, vueltos NaN
  tos_GISS-E2-1-H_ssp370.nc: 1454088 puntos con |valor| > 400, vueltos NaN
  tos_GISS-E2-1-H_ssp585.nc: 1454088 puntos con |valor| > 400, vueltos NaN
  tos_GISS-E2-2-G_historical.nc: 3092760 puntos con |valor| > 400, vueltos NaN
  tos_GISS-E2-2-G_ssp245.nc: 1611984 puntos con |valor| > 400, vueltos NaN
  tos_GISS-E2-2-G_ssp370.nc: 1611984 puntos con |valor| > 400, vueltos NaN
  tos_GISS-E2-2-G_ssp585.nc: 1611984 puntos con |valor| > 400, vueltos NaN
  tos_IITM-ESM_historical.nc: 2238360 puntos con |valor| > 400, vueltos NaN
  tos_IITM-ESM_ssp245.nc: 1654440 puntos con |valor| > 400, vueltos NaN
  tos_IITM-ESM_ssp370.nc: 1634976 puntos con |valor| > 400, vueltos NaN
  tos_IITM-ESM_ssp585.nc: 1654440 puntos con |valor| > 400, vueltos NaN
  tos_INM-CM4-8_historical.nc: 3175920 puntos con |valor| > 400, vueltos NaN
  tos_INM-CM4-8_ssp245.nc: 1655328 puntos con |valor| > 400, vueltos NaN
  tos_INM-CM4-8_ssp370.nc: 1655328 puntos con |valor| > 400, vueltos NaN
  tos_INM-CM4-8_ssp585.nc: 1655328 puntos con |valor| > 400, vueltos NaN
  tos_INM-CM5-0_historical.nc: 3197700 puntos con |valor| > 400, vueltos NaN
  tos_INM-CM5-0_ssp245.nc: 1666680 puntos con |valor| > 400, vueltos NaN
  tos_INM-CM5-0_ssp370.nc: 1666680 puntos con |valor| > 400, vueltos NaN
  tos_INM-CM5-0_ssp585.nc: 1666680 puntos con |valor| > 400, vueltos NaN
  tos_IPSL-CM6A-LR_historical.nc: 3223440 puntos con |valor| > 400, vueltos NaN
  tos_IPSL-CM6A-LR_ssp245.nc: 1680096 puntos con |valor| > 400, vueltos NaN
  tos_IPSL-CM6A-LR_ssp370.nc: 1680096 puntos con |valor| > 400, vueltos NaN
  tos_IPSL-CM6A-LR_ssp585.nc: 1680096 puntos con |valor| > 400, vueltos NaN
  tos_KACE-1-0-G_historical.nc: 3211560 puntos con |valor| > 400, vueltos NaN
  tos_KACE-1-0-G_ssp245.nc: 1673904 puntos con |valor| > 400, vueltos NaN
  tos_KACE-1-0-G_ssp370.nc: 1673904 puntos con |valor| > 400, vueltos NaN
  tos_KACE-1-0-G_ssp585.nc: 1673904 puntos con |valor| > 400, vueltos NaN
  tos_MCM-UA-1-0_historical.nc: 3476880 puntos con |valor| > 400, vueltos NaN
  tos_MCM-UA-1-0_ssp245.nc: 1812192 puntos con |valor| > 400, vueltos NaN
  tos_MCM-UA-1-0_ssp370.nc: 1812192 puntos con |valor| > 400, vueltos NaN
  tos_MCM-UA-1-0_ssp585.nc: 1812192 puntos con |valor| > 400, vueltos NaN
  tos_MIROC-ES2L_historical.nc: 3181860 puntos con |valor| > 400, vueltos NaN
  tos_MIROC-ES2L_ssp245.nc: 1658424 puntos con |valor| > 400, vueltos NaN
  tos_MIROC-ES2L_ssp370.nc: 1658424 puntos con |valor| > 400, vueltos NaN
  tos_MIROC-ES2L_ssp585.nc: 1658424 puntos con |valor| > 400, vueltos NaN
  tos_MIROC6_historical.nc: 3330360 puntos con |valor| > 400, vueltos NaN
  tos_MIROC6_ssp245.nc: 1735824 puntos con |valor| > 400, vueltos NaN
  tos_MIROC6_ssp370.nc: 1735824 puntos con |valor| > 400, vueltos NaN
  tos_MIROC6_ssp585.nc: 1735824 puntos con |valor| > 400, vueltos NaN
  tos_MPI-ESM1-2-HR_historical.nc: 3088800 puntos con |valor| > 400, vueltos NaN
  tos_MPI-ESM1-2-HR_ssp245.nc: 1609920 puntos con |valor| > 400, vueltos NaN
  tos_MPI-ESM1-2-HR_ssp370.nc: 1609920 puntos con |valor| > 400, vueltos NaN
  tos_MPI-ESM1-2-HR_ssp585.nc: 1609920 puntos con |valor| > 400, vueltos NaN
  tos_MPI-ESM1-2-LR_historical.nc: 3292740 puntos con |valor| > 400, vueltos NaN
  tos_MPI-ESM1-2-LR_ssp245.nc: 1716216 puntos con |valor| > 400, vueltos NaN
  tos_MPI-ESM1-2-LR_ssp370.nc: 1716216 puntos con |valor| > 400, vueltos NaN
  tos_MPI-ESM1-2-LR_ssp585.nc: 1716216 puntos con |valor| > 400, vueltos NaN
  tos_MRI-ESM2-0_historical.nc: 2851200 puntos con |valor| > 400, vueltos NaN
  tos_MRI-ESM2-0_ssp245.nc: 1486080 puntos con |valor| > 400, vueltos NaN
  tos_MRI-ESM2-0_ssp370.nc: 1486080 puntos con |valor| > 400, vueltos NaN
  tos_MRI-ESM2-0_ssp585.nc: 1486080 puntos con |valor| > 400, vueltos NaN
  tos_NorESM2-LM_historical.nc: 3146220 puntos con |valor| > 400, vueltos NaN
  tos_NorESM2-LM_ssp245.nc: 1639848 puntos con |valor| > 400, vueltos NaN
  tos_NorESM2-LM_ssp370.nc: 1639848 puntos con |valor| > 400, vueltos NaN
  tos_NorESM2-LM_ssp585.nc: 1639848 puntos con |valor| > 400, vueltos NaN
  tos_NorESM2-MM_historical.nc: 3146220 puntos con |valor| > 400, vueltos NaN
  tos_NorESM2-MM_ssp245.nc: 1639848 puntos con |valor| > 400, vueltos NaN
  tos_NorESM2-MM_ssp370.nc: 1639848 puntos con |valor| > 400, vueltos NaN
  tos_NorESM2-MM_ssp585.nc: 1639848 puntos con |valor| > 400, vueltos NaN
  tos_TaiESM1_historical.nc: 3168000 puntos con |valor| > 400, vueltos NaN
  tos_TaiESM1_ssp245.nc: 1651200 puntos con |valor| > 400, vueltos NaN
  tos_TaiESM1_ssp370.nc: 1651200 puntos con |valor| > 400, vueltos NaN
  tos_TaiESM1_ssp585.nc: 1651200 puntos con |valor| > 400, vueltos NaN
  tos_UKESM1-0-LL_historical.nc: 3171960 puntos con |valor| > 400, vueltos NaN
  tos_UKESM1-0-LL_ssp245.nc: 1653264 puntos con |valor| > 400, vueltos NaN
  tos_UKESM1-0-LL_ssp370.nc: 1653264 puntos con |valor| > 400, vueltos NaN
  tos_UKESM1-0-LL_ssp585.nc: 1653264 puntos con |valor| > 400, vueltos NaN
== Paso 06: python3 scripts/06_qc_checks.py data/processed/masked data/processed/qc_report.csv ==
QC escrito en data/processed/qc_report.csv (160 archivos, 11 con fallas)
== Paso 07: python3 scripts/07_build_inventory_report.py data/processed/qc_report.csv data/processed/masked data/processed/models_inventory_final.csv ==
Inventario final escrito en data/processed/models_inventory_final.csv (31/40 modelos seleccionados)
Pipeline completo.
== Registro de modelos ==
/home/jonathan/personal/e1_smn/informe/model_registry.csv: 102 modelos (41 con institucion/grilla, los que llegaron a ser seed -- ver config/models_seed_cmip6.csv)
== Graficos: plot_qc_summary.py ==

1 caso(s) PENDIENTE (link vivo encontrado, falta descargar y/o procesar):
   - MIROC-ES2H / historical

64 caso(s) SIN_LINK (existe segun 00b, pero 01 no encontro ningun link vivo):
   - AWI-ESM-1-1-LR / historical
   - BCC-ESM1 / historical
   - BCC-ESM1 / ssp370
   - CESM2-FV2 / historical
   - CESM2-FV2 / ssp370
   - CESM2-FV2 / ssp585
   - CESM2-WACCM-FV2 / historical
   - CIESM / historical
   - CIESM / ssp245
   - CIESM / ssp585
   - CMCC-CM2-HR4 / historical
   - E3SM-1-0 / historical
   - E3SM-1-0 / ssp370
   - E3SM-1-0 / ssp585
   - E3SM-1-1 / historical
   - E3SM-1-1 / ssp585
   - E3SM-1-1-ECA / historical
   - E3SM-1-1-ECA / ssp585
   - E3SM-2-0 / historical
   - E3SM-2-0 / ssp370
   - E3SM-2-0-NARRM / historical
   - E3SM-2-1 / historical
   - EC-Earth3-AerChem / historical
   - EC-Earth3-AerChem / ssp370
   - EC-Earth3-CC / historical
   - EC-Earth3-CC / ssp245
   - EC-Earth3-CC / ssp585
   - EC-Earth3-HR / historical
   - EC-Earth3-HR / ssp245
   - FIO-ESM-2-0 / historical
   - FIO-ESM-2-0 / ssp245
   - FIO-ESM-2-0 / ssp585
   - GFDL-CM4 / historical
   - GFDL-CM4 / ssp245
   - GFDL-CM4 / ssp585
   - GISS-E2-1-G-CC / historical
   - GISS-E2-1-G-CC / ssp245
   - GISS-E2-1-G-CC / ssp585
   - GISS-E2-2-H / historical
   - GISS-E3-G / historical
   - HadGEM3-GC31-LL / historical
   - HadGEM3-GC31-LL / ssp245
   - HadGEM3-GC31-LL / ssp585
   - HadGEM3-GC31-MM / historical
   - HadGEM3-GC31-MM / ssp585
   - ICON-ESM-LR / historical
   - IPSL-CM5A2-INCA / historical
   - IPSL-CM5A2-INCA / ssp370
   - IPSL-CM6A-LR-INCA / historical
   - KIOST-ESM / historical
   - KIOST-ESM / ssp245
   - KIOST-ESM / ssp585
   - MIROC-ES2H / ssp245
   - MIROC-ES2H / ssp370
   - MIROC-ES2H / ssp585
   - MPI-ESM-1-2-HAM / historical
   - MPI-ESM-1-2-HAM / ssp370
   - NESM3 / historical
   - NESM3 / ssp245
   - NESM3 / ssp585
   - NorCPM1 / historical
   - SAM0-UNICON / historical
   - UKESM1-1-LL / historical
   - UKESM1-1-LL / ssp370

Listo: 160 filas de QC procesadas, figura en /home/jonathan/personal/e1_smn/figures/sst_QD_vf.png
== Graficos: plot_boxplot_comparison.py ==
Graficando boxplots comparativos ...
  Nino 3.4: 32 fuente(s), 116 anios comunes -> /home/jonathan/personal/e1_smn/figures/boxplot_Nino3.4.png
  Nino 1+2: 32 fuente(s), 116 anios comunes -> /home/jonathan/personal/e1_smn/figures/boxplot_Nino1+2.png
Listo.
== Graficos: plot_region_nino_orthographic.py ==
Centro de proyeccion (Niño 3.4): lon=-145.0, lat=0.0
Figura guardada en /home/jonathan/personal/e1_smn/figures/region_nino_proj.png
== Graficos: plot_maps.py ==
Graficando mapas: 31 modelo(s) + ERSSTv5 ...
  ACCESS-ESM1-5
  AWI-CM-1-1-MR
  BCC-CSM2-MR
  CAMS-CSM1-0
  CESM2
  CESM2-WACCM
  CMCC-ESM2
  CNRM-CM6-1
  CNRM-CM6-1-HR
  CNRM-ESM2-1
  CanESM5
  CanESM5-1
  CanESM5-CanOE
  EC-Earth3-Veg-LR
  FGOALS-f3-L
  FGOALS-g3
  GFDL-ESM4
  GISS-E2-2-G
  IITM-ESM
  INM-CM4-8
  INM-CM5-0
  IPSL-CM6A-LR
  MCM-UA-1-0
  MIROC-ES2L
  MIROC6
  MPI-ESM1-2-HR
  MPI-ESM1-2-LR
  MRI-ESM2-0
  NorESM2-LM
  NorESM2-MM
  TaiESM1
  ERSSTv5
Listo, 32 figura(s) en /home/jonathan/personal/e1_smn/figures
== Graficos: plot_box_series.py ==
ACCESS-ESM1-5
AWI-CM-1-1-MR
BCC-CSM2-MR
CAMS-CSM1-0
CESM2
CESM2-WACCM
CMCC-ESM2
CNRM-CM6-1
CNRM-CM6-1-HR
CNRM-ESM2-1
CanESM5
CanESM5-1
CanESM5-CanOE
EC-Earth3-Veg-LR
FGOALS-f3-L
FGOALS-g3
GFDL-ESM4
GISS-E2-2-G
IITM-ESM
INM-CM4-8
INM-CM5-0
IPSL-CM6A-LR
MCM-UA-1-0
MIROC-ES2L
MIROC6
MPI-ESM1-2-HR
MPI-ESM1-2-LR
MRI-ESM2-0
NorESM2-LM
NorESM2-MM
TaiESM1
Listo, 31 modelo(s) graficado(s) (2 figuras cada uno) en /home/jonathan/personal/e1_smn/figures
== Paso 07: python3 scripts/07_build_inventory_report.py data/processed/qc_report.csv data/processed/masked data/processed/models_inventory_final.csv ==
Inventario final escrito en data/processed/models_inventory_final.csv (40/40 modelos seleccionados)
Pipeline completo.
== Registro de modelos ==
/home/jonathan/personal/e1_smn/informe/model_registry.csv: 102 modelos (41 con institucion/grilla, los que llegaron a ser seed -- ver config/models_seed_cmip6.csv)
== Graficos: plot_qc_summary.py ==
1 figura(s) ya existen, se omiten (sin terminal interactiva para preguntar).
== Graficos: plot_boxplot_comparison.py ==
2 boxplot(s) comparativo(s) ya existen, se omiten (sin terminal interactiva para preguntar).
Graficando boxplots comparativos ...
  Nino 3.4: boxplot_Nino3.4.png ya existe, se omite
  Nino 1+2: boxplot_Nino1+2.png ya existe, se omite
Listo.
== Graficos: plot_region_nino_orthographic.py ==
region_nino_proj.png ya existe, se omite (sin terminal interactiva para preguntar).
== Graficos: plot_maps.py ==
32 mapa(s) 2D ya existen, se omiten (sin terminal interactiva para preguntar).
Graficando mapas: 40 modelo(s) + ERSSTv5 ...
  ACCESS-CM2
  ACCESS-ESM1-5
  ACCESS-ESM1-5: M002_sst_2d_ACCESS-ESM1-5.png ya existe, se omite
  AWI-CM-1-1-MR
  AWI-CM-1-1-MR: M007_sst_2d_AWI-CM-1-1-MR.png ya existe, se omite
  BCC-CSM2-MR
  BCC-CSM2-MR: M010_sst_2d_BCC-CSM2-MR.png ya existe, se omite
  CAMS-CSM1-0
  CAMS-CSM1-0: M012_sst_2d_CAMS-CSM1-0.png ya existe, se omite
  CAS-ESM2-0
  CESM2
  CESM2: M017_sst_2d_CESM2.png ya existe, se omite
  CESM2-WACCM
  CESM2-WACCM: M019_sst_2d_CESM2-WACCM.png ya existe, se omite
  CMCC-CM2-SR5
  CMCC-ESM2
  CMCC-ESM2: M025_sst_2d_CMCC-ESM2.png ya existe, se omite
  CNRM-CM6-1
  CNRM-CM6-1: M026_sst_2d_CNRM-CM6-1.png ya existe, se omite
  CNRM-CM6-1-HR
  CNRM-CM6-1-HR: M027_sst_2d_CNRM-CM6-1-HR.png ya existe, se omite
  CNRM-ESM2-1
  CNRM-ESM2-1: M028_sst_2d_CNRM-ESM2-1.png ya existe, se omite
  CanESM5
  CanESM5: M029_sst_2d_CanESM5.png ya existe, se omite
  CanESM5-1
  CanESM5-1: M030_sst_2d_CanESM5-1.png ya existe, se omite
  CanESM5-CanOE
  CanESM5-CanOE: M031_sst_2d_CanESM5-CanOE.png ya existe, se omite
  EC-Earth3
  EC-Earth3-Veg
  EC-Earth3-Veg-LR
  EC-Earth3-Veg-LR: M044_sst_2d_EC-Earth3-Veg-LR.png ya existe, se omite
  FGOALS-f3-L
  FGOALS-f3-L: M051_sst_2d_FGOALS-f3-L.png ya existe, se omite
  FGOALS-g3
  FGOALS-g3: M052_sst_2d_FGOALS-g3.png ya existe, se omite
  GFDL-ESM4
  GFDL-ESM4: M056_sst_2d_GFDL-ESM4.png ya existe, se omite
  GISS-E2-1-G
  GISS-E2-1-H
  GISS-E2-2-G
  GISS-E2-2-G: M060_sst_2d_GISS-E2-2-G.png ya existe, se omite
  IITM-ESM
  IITM-ESM: M069_sst_2d_IITM-ESM.png ya existe, se omite
  INM-CM4-8
  INM-CM4-8: M070_sst_2d_INM-CM4-8.png ya existe, se omite
  INM-CM5-0
  INM-CM5-0: M071_sst_2d_INM-CM5-0.png ya existe, se omite
  IPSL-CM6A-LR
  IPSL-CM6A-LR: M074_sst_2d_IPSL-CM6A-LR.png ya existe, se omite
  KACE-1-0-G
  MCM-UA-1-0
  MCM-UA-1-0: M079_sst_2d_MCM-UA-1-0.png ya existe, se omite
  MIROC-ES2L
  MIROC-ES2L: M081_sst_2d_MIROC-ES2L.png ya existe, se omite
  MIROC6
  MIROC6: M082_sst_2d_MIROC6.png ya existe, se omite
  MPI-ESM1-2-HR
  MPI-ESM1-2-HR: M084_sst_2d_MPI-ESM1-2-HR.png ya existe, se omite
  MPI-ESM1-2-LR
  MPI-ESM1-2-LR: M085_sst_2d_MPI-ESM1-2-LR.png ya existe, se omite
  MRI-ESM2-0
  MRI-ESM2-0: M087_sst_2d_MRI-ESM2-0.png ya existe, se omite
  NorESM2-LM
  NorESM2-LM: M094_sst_2d_NorESM2-LM.png ya existe, se omite
  NorESM2-MM
  NorESM2-MM: M095_sst_2d_NorESM2-MM.png ya existe, se omite
  TaiESM1
  TaiESM1: M097_sst_2d_TaiESM1.png ya existe, se omite
  UKESM1-0-LL
  ERSSTv5
  ERSSTv5: sst_2d_ERSSTv5.png ya existe, se omite
Listo, 41 figura(s) en /home/jonathan/personal/e1_smn/figures
== Graficos: plot_box_series.py ==
62 serie(s) de caja ya existen, se omiten (sin terminal interactiva para preguntar).
ACCESS-CM2
ACCESS-ESM1-5
  ACCESS-ESM1-5 Nino 1+2: M002_serie_ACCESS-ESM1-5_sst_Nino1+2.png ya existe, se omite
  ACCESS-ESM1-5 Nino 3.4: M002_serie_ACCESS-ESM1-5_sst_Nino3.4.png ya existe, se omite
AWI-CM-1-1-MR
  AWI-CM-1-1-MR Nino 1+2: M007_serie_AWI-CM-1-1-MR_sst_Nino1+2.png ya existe, se omite
  AWI-CM-1-1-MR Nino 3.4: M007_serie_AWI-CM-1-1-MR_sst_Nino3.4.png ya existe, se omite
BCC-CSM2-MR
  BCC-CSM2-MR Nino 1+2: M010_serie_BCC-CSM2-MR_sst_Nino1+2.png ya existe, se omite
  BCC-CSM2-MR Nino 3.4: M010_serie_BCC-CSM2-MR_sst_Nino3.4.png ya existe, se omite
CAMS-CSM1-0
  CAMS-CSM1-0 Nino 1+2: M012_serie_CAMS-CSM1-0_sst_Nino1+2.png ya existe, se omite
  CAMS-CSM1-0 Nino 3.4: M012_serie_CAMS-CSM1-0_sst_Nino3.4.png ya existe, se omite
CAS-ESM2-0
CESM2
  CESM2 Nino 1+2: M017_serie_CESM2_sst_Nino1+2.png ya existe, se omite
  CESM2 Nino 3.4: M017_serie_CESM2_sst_Nino3.4.png ya existe, se omite
CESM2-WACCM
  CESM2-WACCM Nino 1+2: M019_serie_CESM2-WACCM_sst_Nino1+2.png ya existe, se omite
  CESM2-WACCM Nino 3.4: M019_serie_CESM2-WACCM_sst_Nino3.4.png ya existe, se omite
CMCC-CM2-SR5
CMCC-ESM2
  CMCC-ESM2 Nino 1+2: M025_serie_CMCC-ESM2_sst_Nino1+2.png ya existe, se omite
  CMCC-ESM2 Nino 3.4: M025_serie_CMCC-ESM2_sst_Nino3.4.png ya existe, se omite
CNRM-CM6-1
  CNRM-CM6-1 Nino 1+2: M026_serie_CNRM-CM6-1_sst_Nino1+2.png ya existe, se omite
  CNRM-CM6-1 Nino 3.4: M026_serie_CNRM-CM6-1_sst_Nino3.4.png ya existe, se omite
CNRM-CM6-1-HR
  CNRM-CM6-1-HR Nino 1+2: M027_serie_CNRM-CM6-1-HR_sst_Nino1+2.png ya existe, se omite
  CNRM-CM6-1-HR Nino 3.4: M027_serie_CNRM-CM6-1-HR_sst_Nino3.4.png ya existe, se omite
CNRM-ESM2-1
  CNRM-ESM2-1 Nino 1+2: M028_serie_CNRM-ESM2-1_sst_Nino1+2.png ya existe, se omite
  CNRM-ESM2-1 Nino 3.4: M028_serie_CNRM-ESM2-1_sst_Nino3.4.png ya existe, se omite
CanESM5
  CanESM5 Nino 1+2: M029_serie_CanESM5_sst_Nino1+2.png ya existe, se omite
  CanESM5 Nino 3.4: M029_serie_CanESM5_sst_Nino3.4.png ya existe, se omite
CanESM5-1
  CanESM5-1 Nino 1+2: M030_serie_CanESM5-1_sst_Nino1+2.png ya existe, se omite
  CanESM5-1 Nino 3.4: M030_serie_CanESM5-1_sst_Nino3.4.png ya existe, se omite
CanESM5-CanOE
  CanESM5-CanOE Nino 1+2: M031_serie_CanESM5-CanOE_sst_Nino1+2.png ya existe, se omite
  CanESM5-CanOE Nino 3.4: M031_serie_CanESM5-CanOE_sst_Nino3.4.png ya existe, se omite
EC-Earth3
EC-Earth3-Veg
EC-Earth3-Veg-LR
  EC-Earth3-Veg-LR Nino 1+2: M044_serie_EC-Earth3-Veg-LR_sst_Nino1+2.png ya existe, se omite
  EC-Earth3-Veg-LR Nino 3.4: M044_serie_EC-Earth3-Veg-LR_sst_Nino3.4.png ya existe, se omite
FGOALS-f3-L
  FGOALS-f3-L Nino 1+2: M051_serie_FGOALS-f3-L_sst_Nino1+2.png ya existe, se omite
  FGOALS-f3-L Nino 3.4: M051_serie_FGOALS-f3-L_sst_Nino3.4.png ya existe, se omite
FGOALS-g3
  FGOALS-g3 Nino 1+2: M052_serie_FGOALS-g3_sst_Nino1+2.png ya existe, se omite
  FGOALS-g3 Nino 3.4: M052_serie_FGOALS-g3_sst_Nino3.4.png ya existe, se omite
GFDL-ESM4
  GFDL-ESM4 Nino 1+2: M056_serie_GFDL-ESM4_sst_Nino1+2.png ya existe, se omite
  GFDL-ESM4 Nino 3.4: M056_serie_GFDL-ESM4_sst_Nino3.4.png ya existe, se omite
GISS-E2-1-G
GISS-E2-1-H
GISS-E2-2-G
  GISS-E2-2-G Nino 1+2: M060_serie_GISS-E2-2-G_sst_Nino1+2.png ya existe, se omite
  GISS-E2-2-G Nino 3.4: M060_serie_GISS-E2-2-G_sst_Nino3.4.png ya existe, se omite
IITM-ESM
  IITM-ESM Nino 1+2: M069_serie_IITM-ESM_sst_Nino1+2.png ya existe, se omite
  IITM-ESM Nino 3.4: M069_serie_IITM-ESM_sst_Nino3.4.png ya existe, se omite
INM-CM4-8
  INM-CM4-8 Nino 1+2: M070_serie_INM-CM4-8_sst_Nino1+2.png ya existe, se omite
  INM-CM4-8 Nino 3.4: M070_serie_INM-CM4-8_sst_Nino3.4.png ya existe, se omite
INM-CM5-0
  INM-CM5-0 Nino 1+2: M071_serie_INM-CM5-0_sst_Nino1+2.png ya existe, se omite
  INM-CM5-0 Nino 3.4: M071_serie_INM-CM5-0_sst_Nino3.4.png ya existe, se omite
IPSL-CM6A-LR
  IPSL-CM6A-LR Nino 1+2: M074_serie_IPSL-CM6A-LR_sst_Nino1+2.png ya existe, se omite
  IPSL-CM6A-LR Nino 3.4: M074_serie_IPSL-CM6A-LR_sst_Nino3.4.png ya existe, se omite
KACE-1-0-G
MCM-UA-1-0
  MCM-UA-1-0 Nino 1+2: M079_serie_MCM-UA-1-0_sst_Nino1+2.png ya existe, se omite
  MCM-UA-1-0 Nino 3.4: M079_serie_MCM-UA-1-0_sst_Nino3.4.png ya existe, se omite
MIROC-ES2L
  MIROC-ES2L Nino 1+2: M081_serie_MIROC-ES2L_sst_Nino1+2.png ya existe, se omite
  MIROC-ES2L Nino 3.4: M081_serie_MIROC-ES2L_sst_Nino3.4.png ya existe, se omite
MIROC6
  MIROC6 Nino 1+2: M082_serie_MIROC6_sst_Nino1+2.png ya existe, se omite
  MIROC6 Nino 3.4: M082_serie_MIROC6_sst_Nino3.4.png ya existe, se omite
MPI-ESM1-2-HR
  MPI-ESM1-2-HR Nino 1+2: M084_serie_MPI-ESM1-2-HR_sst_Nino1+2.png ya existe, se omite
  MPI-ESM1-2-HR Nino 3.4: M084_serie_MPI-ESM1-2-HR_sst_Nino3.4.png ya existe, se omite
MPI-ESM1-2-LR
  MPI-ESM1-2-LR Nino 1+2: M085_serie_MPI-ESM1-2-LR_sst_Nino1+2.png ya existe, se omite
  MPI-ESM1-2-LR Nino 3.4: M085_serie_MPI-ESM1-2-LR_sst_Nino3.4.png ya existe, se omite
MRI-ESM2-0
  MRI-ESM2-0 Nino 1+2: M087_serie_MRI-ESM2-0_sst_Nino1+2.png ya existe, se omite
  MRI-ESM2-0 Nino 3.4: M087_serie_MRI-ESM2-0_sst_Nino3.4.png ya existe, se omite
NorESM2-LM
  NorESM2-LM Nino 1+2: M094_serie_NorESM2-LM_sst_Nino1+2.png ya existe, se omite
  NorESM2-LM Nino 3.4: M094_serie_NorESM2-LM_sst_Nino3.4.png ya existe, se omite
NorESM2-MM
  NorESM2-MM Nino 1+2: M095_serie_NorESM2-MM_sst_Nino1+2.png ya existe, se omite
  NorESM2-MM Nino 3.4: M095_serie_NorESM2-MM_sst_Nino3.4.png ya existe, se omite
TaiESM1
  TaiESM1 Nino 1+2: M097_serie_TaiESM1_sst_Nino1+2.png ya existe, se omite
  TaiESM1 Nino 3.4: M097_serie_TaiESM1_sst_Nino3.4.png ya existe, se omite
UKESM1-0-LL
Listo, 40 modelo(s) graficado(s) (2 figuras cada uno) en /home/jonathan/personal/e1_smn/figures
== Paso 03: bash scripts/03_download_ersstv5.sh ==
Ya existe data/raw/ersstv5/ersstv5_region.nc, se omite.
== Paso 04: bash scripts/04_process_to_common_grid.sh ==
Preparando pesos de regrilla para ACCESS-CM2 ...
Procesando ACCESS-CM2 historical ...
Ya procesado, se omite: tos_ACCESS-CM2_historical.nc
Procesando ACCESS-CM2 ssp245 ...
Ya procesado, se omite: tos_ACCESS-CM2_ssp245.nc
Procesando ACCESS-CM2 ssp370 ...
Ya procesado, se omite: tos_ACCESS-CM2_ssp370.nc
Procesando ACCESS-CM2 ssp585 ...
Ya procesado, se omite: tos_ACCESS-CM2_ssp585.nc
Preparando pesos de regrilla para ACCESS-ESM1-5 ...
Procesando ACCESS-ESM1-5 historical ...
Ya procesado, se omite: tos_ACCESS-ESM1-5_historical.nc
Procesando ACCESS-ESM1-5 ssp245 ...
Ya procesado, se omite: tos_ACCESS-ESM1-5_ssp245.nc
Procesando ACCESS-ESM1-5 ssp370 ...
Ya procesado, se omite: tos_ACCESS-ESM1-5_ssp370.nc
Procesando ACCESS-ESM1-5 ssp585 ...
Ya procesado, se omite: tos_ACCESS-ESM1-5_ssp585.nc
Preparando pesos de regrilla para AWI-CM-1-1-MR ...
Procesando AWI-CM-1-1-MR historical ...
Ya procesado, se omite: tos_AWI-CM-1-1-MR_historical.nc
Procesando AWI-CM-1-1-MR ssp245 ...
Ya procesado, se omite: tos_AWI-CM-1-1-MR_ssp245.nc
Procesando AWI-CM-1-1-MR ssp370 ...
Ya procesado, se omite: tos_AWI-CM-1-1-MR_ssp370.nc
Procesando AWI-CM-1-1-MR ssp585 ...
Ya procesado, se omite: tos_AWI-CM-1-1-MR_ssp585.nc
Preparando pesos de regrilla para BCC-CSM2-MR ...
Procesando BCC-CSM2-MR historical ...
Ya procesado, se omite: tos_BCC-CSM2-MR_historical.nc
Procesando BCC-CSM2-MR ssp245 ...
Ya procesado, se omite: tos_BCC-CSM2-MR_ssp245.nc
Procesando BCC-CSM2-MR ssp370 ...
Ya procesado, se omite: tos_BCC-CSM2-MR_ssp370.nc
Procesando BCC-CSM2-MR ssp585 ...
Ya procesado, se omite: tos_BCC-CSM2-MR_ssp585.nc
Preparando pesos de regrilla para CAMS-CSM1-0 ...
Procesando CAMS-CSM1-0 historical ...
Ya procesado, se omite: tos_CAMS-CSM1-0_historical.nc
Procesando CAMS-CSM1-0 ssp245 ...
Ya procesado, se omite: tos_CAMS-CSM1-0_ssp245.nc
Procesando CAMS-CSM1-0 ssp370 ...
Ya procesado, se omite: tos_CAMS-CSM1-0_ssp370.nc
Procesando CAMS-CSM1-0 ssp585 ...
Ya procesado, se omite: tos_CAMS-CSM1-0_ssp585.nc
Preparando pesos de regrilla para CanESM5 ...
Procesando CanESM5 historical ...
Ya procesado, se omite: tos_CanESM5_historical.nc
Procesando CanESM5 ssp245 ...
Ya procesado, se omite: tos_CanESM5_ssp245.nc
Procesando CanESM5 ssp370 ...
Ya procesado, se omite: tos_CanESM5_ssp370.nc
Procesando CanESM5 ssp585 ...
Ya procesado, se omite: tos_CanESM5_ssp585.nc
Preparando pesos de regrilla para CanESM5-1 ...
Procesando CanESM5-1 historical ...
Ya procesado, se omite: tos_CanESM5-1_historical.nc
Procesando CanESM5-1 ssp245 ...
Ya procesado, se omite: tos_CanESM5-1_ssp245.nc
Procesando CanESM5-1 ssp370 ...
Ya procesado, se omite: tos_CanESM5-1_ssp370.nc
Procesando CanESM5-1 ssp585 ...
Ya procesado, se omite: tos_CanESM5-1_ssp585.nc
Preparando pesos de regrilla para CanESM5-CanOE ...
Procesando CanESM5-CanOE historical ...
Ya procesado, se omite: tos_CanESM5-CanOE_historical.nc
Procesando CanESM5-CanOE ssp245 ...
Ya procesado, se omite: tos_CanESM5-CanOE_ssp245.nc
Procesando CanESM5-CanOE ssp370 ...
Ya procesado, se omite: tos_CanESM5-CanOE_ssp370.nc
Procesando CanESM5-CanOE ssp585 ...
Ya procesado, se omite: tos_CanESM5-CanOE_ssp585.nc
Preparando pesos de regrilla para CAS-ESM2-0 ...
Procesando CAS-ESM2-0 historical ...
Ya procesado, se omite: tos_CAS-ESM2-0_historical.nc
Procesando CAS-ESM2-0 ssp245 ...
Ya procesado, se omite: tos_CAS-ESM2-0_ssp245.nc
Procesando CAS-ESM2-0 ssp370 ...
Ya procesado, se omite: tos_CAS-ESM2-0_ssp370.nc
Procesando CAS-ESM2-0 ssp585 ...
Ya procesado, se omite: tos_CAS-ESM2-0_ssp585.nc
Preparando pesos de regrilla para CESM2 ...
Procesando CESM2 historical ...
Ya procesado, se omite: tos_CESM2_historical.nc
Procesando CESM2 ssp245 ...
Ya procesado, se omite: tos_CESM2_ssp245.nc
Procesando CESM2 ssp370 ...
Ya procesado, se omite: tos_CESM2_ssp370.nc
Procesando CESM2 ssp585 ...
Ya procesado, se omite: tos_CESM2_ssp585.nc
Preparando pesos de regrilla para CESM2-WACCM ...
Procesando CESM2-WACCM historical ...
Ya procesado, se omite: tos_CESM2-WACCM_historical.nc
Procesando CESM2-WACCM ssp245 ...
Ya procesado, se omite: tos_CESM2-WACCM_ssp245.nc
Procesando CESM2-WACCM ssp370 ...
Ya procesado, se omite: tos_CESM2-WACCM_ssp370.nc
Procesando CESM2-WACCM ssp585 ...
Ya procesado, se omite: tos_CESM2-WACCM_ssp585.nc
Preparando pesos de regrilla para CMCC-CM2-SR5 ...
Procesando CMCC-CM2-SR5 historical ...
Ya procesado, se omite: tos_CMCC-CM2-SR5_historical.nc
Procesando CMCC-CM2-SR5 ssp245 ...
Ya procesado, se omite: tos_CMCC-CM2-SR5_ssp245.nc
Procesando CMCC-CM2-SR5 ssp370 ...
Ya procesado, se omite: tos_CMCC-CM2-SR5_ssp370.nc
Procesando CMCC-CM2-SR5 ssp585 ...
Ya procesado, se omite: tos_CMCC-CM2-SR5_ssp585.nc
Preparando pesos de regrilla para CMCC-ESM2 ...
Procesando CMCC-ESM2 historical ...
Ya procesado, se omite: tos_CMCC-ESM2_historical.nc
Procesando CMCC-ESM2 ssp245 ...
Ya procesado, se omite: tos_CMCC-ESM2_ssp245.nc
Procesando CMCC-ESM2 ssp370 ...
Ya procesado, se omite: tos_CMCC-ESM2_ssp370.nc
Procesando CMCC-ESM2 ssp585 ...
Ya procesado, se omite: tos_CMCC-ESM2_ssp585.nc
Preparando pesos de regrilla para CNRM-CM6-1 ...
Procesando CNRM-CM6-1 historical ...
Ya procesado, se omite: tos_CNRM-CM6-1_historical.nc
Procesando CNRM-CM6-1 ssp245 ...
Ya procesado, se omite: tos_CNRM-CM6-1_ssp245.nc
Procesando CNRM-CM6-1 ssp370 ...
Ya procesado, se omite: tos_CNRM-CM6-1_ssp370.nc
Procesando CNRM-CM6-1 ssp585 ...
Ya procesado, se omite: tos_CNRM-CM6-1_ssp585.nc
Preparando pesos de regrilla para CNRM-CM6-1-HR ...
Procesando CNRM-CM6-1-HR historical ...
Ya procesado, se omite: tos_CNRM-CM6-1-HR_historical.nc
Procesando CNRM-CM6-1-HR ssp245 ...
Ya procesado, se omite: tos_CNRM-CM6-1-HR_ssp245.nc
Procesando CNRM-CM6-1-HR ssp370 ...
Ya procesado, se omite: tos_CNRM-CM6-1-HR_ssp370.nc
Procesando CNRM-CM6-1-HR ssp585 ...
Ya procesado, se omite: tos_CNRM-CM6-1-HR_ssp585.nc
Preparando pesos de regrilla para CNRM-ESM2-1 ...
Procesando CNRM-ESM2-1 historical ...
Ya procesado, se omite: tos_CNRM-ESM2-1_historical.nc
Procesando CNRM-ESM2-1 ssp245 ...
Ya procesado, se omite: tos_CNRM-ESM2-1_ssp245.nc
Procesando CNRM-ESM2-1 ssp370 ...
Ya procesado, se omite: tos_CNRM-ESM2-1_ssp370.nc
Procesando CNRM-ESM2-1 ssp585 ...
Ya procesado, se omite: tos_CNRM-ESM2-1_ssp585.nc
Preparando pesos de regrilla para EC-Earth3 ...
Procesando EC-Earth3 historical ...
Ya procesado, se omite: tos_EC-Earth3_historical.nc
Procesando EC-Earth3 ssp245 ...
Ya procesado, se omite: tos_EC-Earth3_ssp245.nc
Procesando EC-Earth3 ssp370 ...
Ya procesado, se omite: tos_EC-Earth3_ssp370.nc
Procesando EC-Earth3 ssp585 ...
Ya procesado, se omite: tos_EC-Earth3_ssp585.nc
Preparando pesos de regrilla para EC-Earth3-Veg ...
Procesando EC-Earth3-Veg historical ...
Ya procesado, se omite: tos_EC-Earth3-Veg_historical.nc
Procesando EC-Earth3-Veg ssp245 ...
Ya procesado, se omite: tos_EC-Earth3-Veg_ssp245.nc
Procesando EC-Earth3-Veg ssp370 ...
Ya procesado, se omite: tos_EC-Earth3-Veg_ssp370.nc
Procesando EC-Earth3-Veg ssp585 ...
Ya procesado, se omite: tos_EC-Earth3-Veg_ssp585.nc
Preparando pesos de regrilla para EC-Earth3-Veg-LR ...
Procesando EC-Earth3-Veg-LR historical ...
Ya procesado, se omite: tos_EC-Earth3-Veg-LR_historical.nc
Procesando EC-Earth3-Veg-LR ssp245 ...
Ya procesado, se omite: tos_EC-Earth3-Veg-LR_ssp245.nc
Procesando EC-Earth3-Veg-LR ssp370 ...
Ya procesado, se omite: tos_EC-Earth3-Veg-LR_ssp370.nc
Procesando EC-Earth3-Veg-LR ssp585 ...
Ya procesado, se omite: tos_EC-Earth3-Veg-LR_ssp585.nc
Preparando pesos de regrilla para FGOALS-f3-L ...
Procesando FGOALS-f3-L historical ...
Ya procesado, se omite: tos_FGOALS-f3-L_historical.nc
Procesando FGOALS-f3-L ssp245 ...
Ya procesado, se omite: tos_FGOALS-f3-L_ssp245.nc
Procesando FGOALS-f3-L ssp370 ...
Ya procesado, se omite: tos_FGOALS-f3-L_ssp370.nc
Procesando FGOALS-f3-L ssp585 ...
Ya procesado, se omite: tos_FGOALS-f3-L_ssp585.nc
Preparando pesos de regrilla para FGOALS-g3 ...
Procesando FGOALS-g3 historical ...
Ya procesado, se omite: tos_FGOALS-g3_historical.nc
Procesando FGOALS-g3 ssp245 ...
Ya procesado, se omite: tos_FGOALS-g3_ssp245.nc
Procesando FGOALS-g3 ssp370 ...
Ya procesado, se omite: tos_FGOALS-g3_ssp370.nc
Procesando FGOALS-g3 ssp585 ...
Ya procesado, se omite: tos_FGOALS-g3_ssp585.nc
Preparando pesos de regrilla para GFDL-ESM4 ...
Procesando GFDL-ESM4 historical ...
Ya procesado, se omite: tos_GFDL-ESM4_historical.nc
Procesando GFDL-ESM4 ssp245 ...
Ya procesado, se omite: tos_GFDL-ESM4_ssp245.nc
Procesando GFDL-ESM4 ssp370 ...
Ya procesado, se omite: tos_GFDL-ESM4_ssp370.nc
Procesando GFDL-ESM4 ssp585 ...
Ya procesado, se omite: tos_GFDL-ESM4_ssp585.nc
Preparando pesos de regrilla para GISS-E2-1-G ...
Procesando GISS-E2-1-G historical ...
Ya procesado, se omite: tos_GISS-E2-1-G_historical.nc
Procesando GISS-E2-1-G ssp245 ...
Ya procesado, se omite: tos_GISS-E2-1-G_ssp245.nc
Procesando GISS-E2-1-G ssp370 ...
Ya procesado, se omite: tos_GISS-E2-1-G_ssp370.nc
Procesando GISS-E2-1-G ssp585 ...
Ya procesado, se omite: tos_GISS-E2-1-G_ssp585.nc
Preparando pesos de regrilla para GISS-E2-1-H ...
Procesando GISS-E2-1-H historical ...
Ya procesado, se omite: tos_GISS-E2-1-H_historical.nc
Procesando GISS-E2-1-H ssp245 ...
Ya procesado, se omite: tos_GISS-E2-1-H_ssp245.nc
Procesando GISS-E2-1-H ssp370 ...
Ya procesado, se omite: tos_GISS-E2-1-H_ssp370.nc
Procesando GISS-E2-1-H ssp585 ...
Ya procesado, se omite: tos_GISS-E2-1-H_ssp585.nc
Preparando pesos de regrilla para GISS-E2-2-G ...
Procesando GISS-E2-2-G historical ...
Ya procesado, se omite: tos_GISS-E2-2-G_historical.nc
Procesando GISS-E2-2-G ssp245 ...
Ya procesado, se omite: tos_GISS-E2-2-G_ssp245.nc
Procesando GISS-E2-2-G ssp370 ...
Ya procesado, se omite: tos_GISS-E2-2-G_ssp370.nc
Procesando GISS-E2-2-G ssp585 ...
Ya procesado, se omite: tos_GISS-E2-2-G_ssp585.nc
Preparando pesos de regrilla para IITM-ESM ...
Procesando IITM-ESM historical ...
Ya procesado, se omite: tos_IITM-ESM_historical.nc
Procesando IITM-ESM ssp245 ...
Ya procesado, se omite: tos_IITM-ESM_ssp245.nc
Procesando IITM-ESM ssp370 ...
Ya procesado, se omite: tos_IITM-ESM_ssp370.nc
Procesando IITM-ESM ssp585 ...
Ya procesado, se omite: tos_IITM-ESM_ssp585.nc
Preparando pesos de regrilla para INM-CM4-8 ...
Procesando INM-CM4-8 historical ...
Ya procesado, se omite: tos_INM-CM4-8_historical.nc
Procesando INM-CM4-8 ssp245 ...
Ya procesado, se omite: tos_INM-CM4-8_ssp245.nc
Procesando INM-CM4-8 ssp370 ...
Ya procesado, se omite: tos_INM-CM4-8_ssp370.nc
Procesando INM-CM4-8 ssp585 ...
Ya procesado, se omite: tos_INM-CM4-8_ssp585.nc
Preparando pesos de regrilla para INM-CM5-0 ...
Procesando INM-CM5-0 historical ...
Ya procesado, se omite: tos_INM-CM5-0_historical.nc
Procesando INM-CM5-0 ssp245 ...
Ya procesado, se omite: tos_INM-CM5-0_ssp245.nc
Procesando INM-CM5-0 ssp370 ...
Ya procesado, se omite: tos_INM-CM5-0_ssp370.nc
Procesando INM-CM5-0 ssp585 ...
Ya procesado, se omite: tos_INM-CM5-0_ssp585.nc
Preparando pesos de regrilla para IPSL-CM6A-LR ...
Procesando IPSL-CM6A-LR historical ...
Ya procesado, se omite: tos_IPSL-CM6A-LR_historical.nc
Procesando IPSL-CM6A-LR ssp245 ...
Ya procesado, se omite: tos_IPSL-CM6A-LR_ssp245.nc
Procesando IPSL-CM6A-LR ssp370 ...
Ya procesado, se omite: tos_IPSL-CM6A-LR_ssp370.nc
Procesando IPSL-CM6A-LR ssp585 ...
Ya procesado, se omite: tos_IPSL-CM6A-LR_ssp585.nc
Preparando pesos de regrilla para KACE-1-0-G ...
Procesando KACE-1-0-G historical ...
Ya procesado, se omite: tos_KACE-1-0-G_historical.nc
Procesando KACE-1-0-G ssp245 ...
Ya procesado, se omite: tos_KACE-1-0-G_ssp245.nc
Procesando KACE-1-0-G ssp370 ...
Ya procesado, se omite: tos_KACE-1-0-G_ssp370.nc
Procesando KACE-1-0-G ssp585 ...
Ya procesado, se omite: tos_KACE-1-0-G_ssp585.nc
Preparando pesos de regrilla para MCM-UA-1-0 ...
Procesando MCM-UA-1-0 historical ...
Ya procesado, se omite: tos_MCM-UA-1-0_historical.nc
Procesando MCM-UA-1-0 ssp245 ...
Ya procesado, se omite: tos_MCM-UA-1-0_ssp245.nc
Procesando MCM-UA-1-0 ssp370 ...
Ya procesado, se omite: tos_MCM-UA-1-0_ssp370.nc
Procesando MCM-UA-1-0 ssp585 ...
Ya procesado, se omite: tos_MCM-UA-1-0_ssp585.nc
Preparando pesos de regrilla para MIROC6 ...
Procesando MIROC6 historical ...
Ya procesado, se omite: tos_MIROC6_historical.nc
Procesando MIROC6 ssp245 ...
Ya procesado, se omite: tos_MIROC6_ssp245.nc
Procesando MIROC6 ssp370 ...
Ya procesado, se omite: tos_MIROC6_ssp370.nc
Procesando MIROC6 ssp585 ...
Ya procesado, se omite: tos_MIROC6_ssp585.nc
Preparando pesos de regrilla para MIROC-ES2L ...
Procesando MIROC-ES2L historical ...
Ya procesado, se omite: tos_MIROC-ES2L_historical.nc
Procesando MIROC-ES2L ssp245 ...
Ya procesado, se omite: tos_MIROC-ES2L_ssp245.nc
Procesando MIROC-ES2L ssp370 ...
Ya procesado, se omite: tos_MIROC-ES2L_ssp370.nc
Procesando MIROC-ES2L ssp585 ...
Ya procesado, se omite: tos_MIROC-ES2L_ssp585.nc
Preparando pesos de regrilla para MPI-ESM1-2-HR ...
Procesando MPI-ESM1-2-HR historical ...
Ya procesado, se omite: tos_MPI-ESM1-2-HR_historical.nc
Procesando MPI-ESM1-2-HR ssp245 ...
Ya procesado, se omite: tos_MPI-ESM1-2-HR_ssp245.nc
Procesando MPI-ESM1-2-HR ssp370 ...
Ya procesado, se omite: tos_MPI-ESM1-2-HR_ssp370.nc
Procesando MPI-ESM1-2-HR ssp585 ...
Ya procesado, se omite: tos_MPI-ESM1-2-HR_ssp585.nc
Preparando pesos de regrilla para MPI-ESM1-2-LR ...
Procesando MPI-ESM1-2-LR historical ...
Ya procesado, se omite: tos_MPI-ESM1-2-LR_historical.nc
Procesando MPI-ESM1-2-LR ssp245 ...
Ya procesado, se omite: tos_MPI-ESM1-2-LR_ssp245.nc
Procesando MPI-ESM1-2-LR ssp370 ...
Ya procesado, se omite: tos_MPI-ESM1-2-LR_ssp370.nc
Procesando MPI-ESM1-2-LR ssp585 ...
Ya procesado, se omite: tos_MPI-ESM1-2-LR_ssp585.nc
Preparando pesos de regrilla para MRI-ESM2-0 ...
Procesando MRI-ESM2-0 historical ...
Ya procesado, se omite: tos_MRI-ESM2-0_historical.nc
Procesando MRI-ESM2-0 ssp245 ...
Ya procesado, se omite: tos_MRI-ESM2-0_ssp245.nc
Procesando MRI-ESM2-0 ssp370 ...
Ya procesado, se omite: tos_MRI-ESM2-0_ssp370.nc
Procesando MRI-ESM2-0 ssp585 ...
Ya procesado, se omite: tos_MRI-ESM2-0_ssp585.nc
Preparando pesos de regrilla para NorESM2-LM ...
Procesando NorESM2-LM historical ...
Ya procesado, se omite: tos_NorESM2-LM_historical.nc
Procesando NorESM2-LM ssp245 ...
Ya procesado, se omite: tos_NorESM2-LM_ssp245.nc
Procesando NorESM2-LM ssp370 ...
Ya procesado, se omite: tos_NorESM2-LM_ssp370.nc
Procesando NorESM2-LM ssp585 ...
Ya procesado, se omite: tos_NorESM2-LM_ssp585.nc
Preparando pesos de regrilla para NorESM2-MM ...
Procesando NorESM2-MM historical ...
Ya procesado, se omite: tos_NorESM2-MM_historical.nc
Procesando NorESM2-MM ssp245 ...
Ya procesado, se omite: tos_NorESM2-MM_ssp245.nc
Procesando NorESM2-MM ssp370 ...
Ya procesado, se omite: tos_NorESM2-MM_ssp370.nc
Procesando NorESM2-MM ssp585 ...
Ya procesado, se omite: tos_NorESM2-MM_ssp585.nc
Preparando pesos de regrilla para TaiESM1 ...
Procesando TaiESM1 historical ...
Ya procesado, se omite: tos_TaiESM1_historical.nc
Procesando TaiESM1 ssp245 ...
Ya procesado, se omite: tos_TaiESM1_ssp245.nc
Procesando TaiESM1 ssp370 ...
Ya procesado, se omite: tos_TaiESM1_ssp370.nc
Procesando TaiESM1 ssp585 ...
Ya procesado, se omite: tos_TaiESM1_ssp585.nc
Preparando pesos de regrilla para UKESM1-0-LL ...
Procesando UKESM1-0-LL historical ...
Ya procesado, se omite: tos_UKESM1-0-LL_historical.nc
Procesando UKESM1-0-LL ssp245 ...
Ya procesado, se omite: tos_UKESM1-0-LL_ssp245.nc
Procesando UKESM1-0-LL ssp370 ...
Ya procesado, se omite: tos_UKESM1-0-LL_ssp370.nc
Procesando UKESM1-0-LL ssp585 ...
Ya procesado, se omite: tos_UKESM1-0-LL_ssp585.nc
== Paso 05: python3 scripts/05_apply_ocean_mask.py ==
Ya procesado, se omite: tos_ACCESS-CM2_historical.nc
Ya procesado, se omite: tos_ACCESS-CM2_ssp245.nc
Ya procesado, se omite: tos_ACCESS-CM2_ssp370.nc
Ya procesado, se omite: tos_ACCESS-CM2_ssp585.nc
Ya procesado, se omite: tos_ACCESS-ESM1-5_historical.nc
Ya procesado, se omite: tos_ACCESS-ESM1-5_ssp245.nc
Ya procesado, se omite: tos_ACCESS-ESM1-5_ssp370.nc
Ya procesado, se omite: tos_ACCESS-ESM1-5_ssp585.nc
Ya procesado, se omite: tos_AWI-CM-1-1-MR_historical.nc
Ya procesado, se omite: tos_AWI-CM-1-1-MR_ssp245.nc
Ya procesado, se omite: tos_AWI-CM-1-1-MR_ssp370.nc
Ya procesado, se omite: tos_AWI-CM-1-1-MR_ssp585.nc
Ya procesado, se omite: tos_BCC-CSM2-MR_historical.nc
Ya procesado, se omite: tos_BCC-CSM2-MR_ssp245.nc
Ya procesado, se omite: tos_BCC-CSM2-MR_ssp370.nc
Ya procesado, se omite: tos_BCC-CSM2-MR_ssp585.nc
Ya procesado, se omite: tos_CAMS-CSM1-0_historical.nc
Ya procesado, se omite: tos_CAMS-CSM1-0_ssp245.nc
Ya procesado, se omite: tos_CAMS-CSM1-0_ssp370.nc
Ya procesado, se omite: tos_CAMS-CSM1-0_ssp585.nc
Ya procesado, se omite: tos_CAS-ESM2-0_historical.nc
Ya procesado, se omite: tos_CAS-ESM2-0_ssp245.nc
Ya procesado, se omite: tos_CAS-ESM2-0_ssp370.nc
Ya procesado, se omite: tos_CAS-ESM2-0_ssp585.nc
Ya procesado, se omite: tos_CESM2-WACCM_historical.nc
Ya procesado, se omite: tos_CESM2-WACCM_ssp245.nc
Ya procesado, se omite: tos_CESM2-WACCM_ssp370.nc
Ya procesado, se omite: tos_CESM2-WACCM_ssp585.nc
Ya procesado, se omite: tos_CESM2_historical.nc
Ya procesado, se omite: tos_CESM2_ssp245.nc
Ya procesado, se omite: tos_CESM2_ssp370.nc
Ya procesado, se omite: tos_CESM2_ssp585.nc
Ya procesado, se omite: tos_CMCC-CM2-SR5_historical.nc
Ya procesado, se omite: tos_CMCC-CM2-SR5_ssp245.nc
Ya procesado, se omite: tos_CMCC-CM2-SR5_ssp370.nc
Ya procesado, se omite: tos_CMCC-CM2-SR5_ssp585.nc
Ya procesado, se omite: tos_CMCC-ESM2_historical.nc
Ya procesado, se omite: tos_CMCC-ESM2_ssp245.nc
Ya procesado, se omite: tos_CMCC-ESM2_ssp370.nc
Ya procesado, se omite: tos_CMCC-ESM2_ssp585.nc
Ya procesado, se omite: tos_CNRM-CM6-1-HR_historical.nc
Ya procesado, se omite: tos_CNRM-CM6-1-HR_ssp245.nc
Ya procesado, se omite: tos_CNRM-CM6-1-HR_ssp370.nc
Ya procesado, se omite: tos_CNRM-CM6-1-HR_ssp585.nc
Ya procesado, se omite: tos_CNRM-CM6-1_historical.nc
Ya procesado, se omite: tos_CNRM-CM6-1_ssp245.nc
Ya procesado, se omite: tos_CNRM-CM6-1_ssp370.nc
Ya procesado, se omite: tos_CNRM-CM6-1_ssp585.nc
Ya procesado, se omite: tos_CNRM-ESM2-1_historical.nc
Ya procesado, se omite: tos_CNRM-ESM2-1_ssp245.nc
Ya procesado, se omite: tos_CNRM-ESM2-1_ssp370.nc
Ya procesado, se omite: tos_CNRM-ESM2-1_ssp585.nc
Ya procesado, se omite: tos_CanESM5-1_historical.nc
Ya procesado, se omite: tos_CanESM5-1_ssp245.nc
Ya procesado, se omite: tos_CanESM5-1_ssp370.nc
Ya procesado, se omite: tos_CanESM5-1_ssp585.nc
Ya procesado, se omite: tos_CanESM5-CanOE_historical.nc
Ya procesado, se omite: tos_CanESM5-CanOE_ssp245.nc
Ya procesado, se omite: tos_CanESM5-CanOE_ssp370.nc
Ya procesado, se omite: tos_CanESM5-CanOE_ssp585.nc
Ya procesado, se omite: tos_CanESM5_historical.nc
Ya procesado, se omite: tos_CanESM5_ssp245.nc
Ya procesado, se omite: tos_CanESM5_ssp370.nc
Ya procesado, se omite: tos_CanESM5_ssp585.nc
Ya procesado, se omite: tos_EC-Earth3-Veg-LR_historical.nc
Ya procesado, se omite: tos_EC-Earth3-Veg-LR_ssp245.nc
Ya procesado, se omite: tos_EC-Earth3-Veg-LR_ssp370.nc
Ya procesado, se omite: tos_EC-Earth3-Veg-LR_ssp585.nc
Ya procesado, se omite: tos_EC-Earth3-Veg_historical.nc
Ya procesado, se omite: tos_EC-Earth3-Veg_ssp245.nc
Ya procesado, se omite: tos_EC-Earth3-Veg_ssp370.nc
Ya procesado, se omite: tos_EC-Earth3-Veg_ssp585.nc
Ya procesado, se omite: tos_EC-Earth3_historical.nc
Ya procesado, se omite: tos_EC-Earth3_ssp245.nc
Ya procesado, se omite: tos_EC-Earth3_ssp370.nc
Ya procesado, se omite: tos_EC-Earth3_ssp585.nc
Ya procesado, se omite: tos_FGOALS-f3-L_historical.nc
Ya procesado, se omite: tos_FGOALS-f3-L_ssp245.nc
Ya procesado, se omite: tos_FGOALS-f3-L_ssp370.nc
Ya procesado, se omite: tos_FGOALS-f3-L_ssp585.nc
Ya procesado, se omite: tos_FGOALS-g3_historical.nc
Ya procesado, se omite: tos_FGOALS-g3_ssp245.nc
Ya procesado, se omite: tos_FGOALS-g3_ssp370.nc
Ya procesado, se omite: tos_FGOALS-g3_ssp585.nc
Ya procesado, se omite: tos_GFDL-ESM4_historical.nc
Ya procesado, se omite: tos_GFDL-ESM4_ssp245.nc
Ya procesado, se omite: tos_GFDL-ESM4_ssp370.nc
Ya procesado, se omite: tos_GFDL-ESM4_ssp585.nc
Ya procesado, se omite: tos_GISS-E2-1-G_historical.nc
Ya procesado, se omite: tos_GISS-E2-1-G_ssp245.nc
Ya procesado, se omite: tos_GISS-E2-1-G_ssp370.nc
Ya procesado, se omite: tos_GISS-E2-1-G_ssp585.nc
Ya procesado, se omite: tos_GISS-E2-1-H_historical.nc
Ya procesado, se omite: tos_GISS-E2-1-H_ssp245.nc
Ya procesado, se omite: tos_GISS-E2-1-H_ssp370.nc
Ya procesado, se omite: tos_GISS-E2-1-H_ssp585.nc
Ya procesado, se omite: tos_GISS-E2-2-G_historical.nc
Ya procesado, se omite: tos_GISS-E2-2-G_ssp245.nc
Ya procesado, se omite: tos_GISS-E2-2-G_ssp370.nc
Ya procesado, se omite: tos_GISS-E2-2-G_ssp585.nc
Ya procesado, se omite: tos_IITM-ESM_historical.nc
Ya procesado, se omite: tos_IITM-ESM_ssp245.nc
Ya procesado, se omite: tos_IITM-ESM_ssp370.nc
Ya procesado, se omite: tos_IITM-ESM_ssp585.nc
Ya procesado, se omite: tos_INM-CM4-8_historical.nc
Ya procesado, se omite: tos_INM-CM4-8_ssp245.nc
Ya procesado, se omite: tos_INM-CM4-8_ssp370.nc
Ya procesado, se omite: tos_INM-CM4-8_ssp585.nc
Ya procesado, se omite: tos_INM-CM5-0_historical.nc
Ya procesado, se omite: tos_INM-CM5-0_ssp245.nc
Ya procesado, se omite: tos_INM-CM5-0_ssp370.nc
Ya procesado, se omite: tos_INM-CM5-0_ssp585.nc
Ya procesado, se omite: tos_IPSL-CM6A-LR_historical.nc
Ya procesado, se omite: tos_IPSL-CM6A-LR_ssp245.nc
Ya procesado, se omite: tos_IPSL-CM6A-LR_ssp370.nc
Ya procesado, se omite: tos_IPSL-CM6A-LR_ssp585.nc
Ya procesado, se omite: tos_KACE-1-0-G_historical.nc
Ya procesado, se omite: tos_KACE-1-0-G_ssp245.nc
Ya procesado, se omite: tos_KACE-1-0-G_ssp370.nc
Ya procesado, se omite: tos_KACE-1-0-G_ssp585.nc
Ya procesado, se omite: tos_MCM-UA-1-0_historical.nc
Ya procesado, se omite: tos_MCM-UA-1-0_ssp245.nc
Ya procesado, se omite: tos_MCM-UA-1-0_ssp370.nc
Ya procesado, se omite: tos_MCM-UA-1-0_ssp585.nc
Ya procesado, se omite: tos_MIROC-ES2L_historical.nc
Ya procesado, se omite: tos_MIROC-ES2L_ssp245.nc
Ya procesado, se omite: tos_MIROC-ES2L_ssp370.nc
Ya procesado, se omite: tos_MIROC-ES2L_ssp585.nc
Ya procesado, se omite: tos_MIROC6_historical.nc
Ya procesado, se omite: tos_MIROC6_ssp245.nc
Ya procesado, se omite: tos_MIROC6_ssp370.nc
Ya procesado, se omite: tos_MIROC6_ssp585.nc
Ya procesado, se omite: tos_MPI-ESM1-2-HR_historical.nc
Ya procesado, se omite: tos_MPI-ESM1-2-HR_ssp245.nc
Ya procesado, se omite: tos_MPI-ESM1-2-HR_ssp370.nc
Ya procesado, se omite: tos_MPI-ESM1-2-HR_ssp585.nc
Ya procesado, se omite: tos_MPI-ESM1-2-LR_historical.nc
Ya procesado, se omite: tos_MPI-ESM1-2-LR_ssp245.nc
Ya procesado, se omite: tos_MPI-ESM1-2-LR_ssp370.nc
Ya procesado, se omite: tos_MPI-ESM1-2-LR_ssp585.nc
Ya procesado, se omite: tos_MRI-ESM2-0_historical.nc
Ya procesado, se omite: tos_MRI-ESM2-0_ssp245.nc
Ya procesado, se omite: tos_MRI-ESM2-0_ssp370.nc
Ya procesado, se omite: tos_MRI-ESM2-0_ssp585.nc
Ya procesado, se omite: tos_NorESM2-LM_historical.nc
Ya procesado, se omite: tos_NorESM2-LM_ssp245.nc
Ya procesado, se omite: tos_NorESM2-LM_ssp370.nc
Ya procesado, se omite: tos_NorESM2-LM_ssp585.nc
Ya procesado, se omite: tos_NorESM2-MM_historical.nc
Ya procesado, se omite: tos_NorESM2-MM_ssp245.nc
Ya procesado, se omite: tos_NorESM2-MM_ssp370.nc
Ya procesado, se omite: tos_NorESM2-MM_ssp585.nc
Ya procesado, se omite: tos_TaiESM1_historical.nc
Ya procesado, se omite: tos_TaiESM1_ssp245.nc
Ya procesado, se omite: tos_TaiESM1_ssp370.nc
Ya procesado, se omite: tos_TaiESM1_ssp585.nc
Ya procesado, se omite: tos_UKESM1-0-LL_historical.nc
Ya procesado, se omite: tos_UKESM1-0-LL_ssp245.nc
Ya procesado, se omite: tos_UKESM1-0-LL_ssp370.nc
Ya procesado, se omite: tos_UKESM1-0-LL_ssp585.nc
== Paso 06: python3 scripts/06_qc_checks.py data/processed/masked data/processed/qc_report.csv ==
QC escrito en data/processed/qc_report.csv (160 archivos, 0 con fallas)
== Paso 07: python3 scripts/07_build_inventory_report.py data/processed/qc_report.csv data/processed/masked data/processed/models_inventory_final.csv ==
Inventario final escrito en data/processed/models_inventory_final.csv (40/40 modelos seleccionados)
Pipeline completo.
== Registro de modelos ==
/home/jonathan/personal/e1_smn/informe/model_registry.csv: 102 modelos (41 con institucion/grilla, los que llegaron a ser seed -- ver config/models_seed_cmip6.csv)
== Graficos: plot_qc_summary.py ==
1 figura(s) ya existen. Regenerar TODAS? [s/N, 15s, por defecto N] 
(sin respuesta en 15s, se mantienen las existentes)
== Graficos: plot_boxplot_comparison.py ==
2 boxplot(s) comparativo(s) ya existen. Regenerar TODAS? [s/N, 15s, por defecto N] 
(sin respuesta en 15s, se mantienen las existentes)
Graficando boxplots comparativos ...
  Nino 3.4: boxplot_Nino3.4.png ya existe, se omite
  Nino 1+2: boxplot_Nino1+2.png ya existe, se omite
Listo.
== Graficos: plot_region_nino_orthographic.py ==
region_nino_proj.png ya existe. Regenerar? [s/N, 15s, por defecto N] 
(sin respuesta en 15s, se mantiene la figura existente)
== Graficos: plot_maps.py ==
41 mapa(s) 2D ya existen. Regenerar TODAS? [s/N, 15s, por defecto N] 
(sin respuesta en 15s, se mantienen las existentes)
Graficando mapas: 40 modelo(s) + ERSSTv5 ...
  ACCESS-CM2
  ACCESS-CM2: M001_sst_2d_ACCESS-CM2.png ya existe, se omite
  ACCESS-ESM1-5
  ACCESS-ESM1-5: M002_sst_2d_ACCESS-ESM1-5.png ya existe, se omite
  AWI-CM-1-1-MR
  AWI-CM-1-1-MR: M007_sst_2d_AWI-CM-1-1-MR.png ya existe, se omite
  BCC-CSM2-MR
  BCC-CSM2-MR: M010_sst_2d_BCC-CSM2-MR.png ya existe, se omite
  CAMS-CSM1-0
  CAMS-CSM1-0: M012_sst_2d_CAMS-CSM1-0.png ya existe, se omite
  CAS-ESM2-0
  CAS-ESM2-0: M013_sst_2d_CAS-ESM2-0.png ya existe, se omite
  CESM2
  CESM2: M017_sst_2d_CESM2.png ya existe, se omite
  CESM2-WACCM
  CESM2-WACCM: M019_sst_2d_CESM2-WACCM.png ya existe, se omite
  CMCC-CM2-SR5
  CMCC-CM2-SR5: M023_sst_2d_CMCC-CM2-SR5.png ya existe, se omite
  CMCC-ESM2
  CMCC-ESM2: M025_sst_2d_CMCC-ESM2.png ya existe, se omite
  CNRM-CM6-1
  CNRM-CM6-1: M026_sst_2d_CNRM-CM6-1.png ya existe, se omite
  CNRM-CM6-1-HR
  CNRM-CM6-1-HR: M027_sst_2d_CNRM-CM6-1-HR.png ya existe, se omite
  CNRM-ESM2-1
  CNRM-ESM2-1: M028_sst_2d_CNRM-ESM2-1.png ya existe, se omite
  CanESM5
  CanESM5: M029_sst_2d_CanESM5.png ya existe, se omite
  CanESM5-1
  CanESM5-1: M030_sst_2d_CanESM5-1.png ya existe, se omite
  CanESM5-CanOE
  CanESM5-CanOE: M031_sst_2d_CanESM5-CanOE.png ya existe, se omite
  EC-Earth3
  EC-Earth3: M038_sst_2d_EC-Earth3.png ya existe, se omite
  EC-Earth3-Veg
  EC-Earth3-Veg: M043_sst_2d_EC-Earth3-Veg.png ya existe, se omite
  EC-Earth3-Veg-LR
  EC-Earth3-Veg-LR: M044_sst_2d_EC-Earth3-Veg-LR.png ya existe, se omite
  FGOALS-f3-L
  FGOALS-f3-L: M051_sst_2d_FGOALS-f3-L.png ya existe, se omite
  FGOALS-g3
  FGOALS-g3: M052_sst_2d_FGOALS-g3.png ya existe, se omite
  GFDL-ESM4
  GFDL-ESM4: M056_sst_2d_GFDL-ESM4.png ya existe, se omite
  GISS-E2-1-G
  GISS-E2-1-G: M057_sst_2d_GISS-E2-1-G.png ya existe, se omite
  GISS-E2-1-H
  GISS-E2-1-H: M059_sst_2d_GISS-E2-1-H.png ya existe, se omite
  GISS-E2-2-G
  GISS-E2-2-G: M060_sst_2d_GISS-E2-2-G.png ya existe, se omite
  IITM-ESM
  IITM-ESM: M069_sst_2d_IITM-ESM.png ya existe, se omite
  INM-CM4-8
  INM-CM4-8: M070_sst_2d_INM-CM4-8.png ya existe, se omite
  INM-CM5-0
  INM-CM5-0: M071_sst_2d_INM-CM5-0.png ya existe, se omite
  IPSL-CM6A-LR
  IPSL-CM6A-LR: M074_sst_2d_IPSL-CM6A-LR.png ya existe, se omite
  KACE-1-0-G
  KACE-1-0-G: M077_sst_2d_KACE-1-0-G.png ya existe, se omite
  MCM-UA-1-0
  MCM-UA-1-0: M079_sst_2d_MCM-UA-1-0.png ya existe, se omite
  MIROC-ES2L
  MIROC-ES2L: M081_sst_2d_MIROC-ES2L.png ya existe, se omite
  MIROC6
  MIROC6: M082_sst_2d_MIROC6.png ya existe, se omite
  MPI-ESM1-2-HR
  MPI-ESM1-2-HR: M084_sst_2d_MPI-ESM1-2-HR.png ya existe, se omite
  MPI-ESM1-2-LR
  MPI-ESM1-2-LR: M085_sst_2d_MPI-ESM1-2-LR.png ya existe, se omite
  MRI-ESM2-0
  MRI-ESM2-0: M087_sst_2d_MRI-ESM2-0.png ya existe, se omite
  NorESM2-LM
  NorESM2-LM: M094_sst_2d_NorESM2-LM.png ya existe, se omite
  NorESM2-MM
  NorESM2-MM: M095_sst_2d_NorESM2-MM.png ya existe, se omite
  TaiESM1
  TaiESM1: M097_sst_2d_TaiESM1.png ya existe, se omite
  UKESM1-0-LL
  UKESM1-0-LL: M100_sst_2d_UKESM1-0-LL.png ya existe, se omite
  ERSSTv5
  ERSSTv5: sst_2d_ERSSTv5.png ya existe, se omite
Listo, 41 figura(s) en /home/jonathan/personal/e1_smn/figures
== Graficos: plot_box_series.py ==
80 serie(s) de caja ya existen. Regenerar TODAS? [s/N, 15s, por defecto N] ACCESS-CM2
ACCESS-ESM1-5
AWI-CM-1-1-MR
BCC-CSM2-MR
CAMS-CSM1-0
CAS-ESM2-0
CESM2
CESM2-WACCM
CMCC-CM2-SR5
CMCC-ESM2
CNRM-CM6-1
CNRM-CM6-1-HR
CNRM-ESM2-1
CanESM5
CanESM5-1
CanESM5-CanOE
EC-Earth3
EC-Earth3-Veg
EC-Earth3-Veg-LR
FGOALS-f3-L
FGOALS-g3
GFDL-ESM4
GISS-E2-1-G
GISS-E2-1-H
GISS-E2-2-G
IITM-ESM
INM-CM4-8
INM-CM5-0
IPSL-CM6A-LR
KACE-1-0-G
MCM-UA-1-0
MIROC-ES2L
MIROC6
MPI-ESM1-2-HR
MPI-ESM1-2-LR
MRI-ESM2-0
NorESM2-LM
NorESM2-MM
TaiESM1
UKESM1-0-LL
Listo, 40 modelo(s) graficado(s) (2 figuras cada uno) en /home/jonathan/personal/e1_smn/figures
